{
  "question": "how have virtual training methods and technology impacted hr’s role in employee development?",
  "key_points": {
    "clueweb22-en0014-63-12758": [
      {
        "point_number": 1,
        "point_content": "Emerging digital technologies such as social networks and virtual platforms serve modern HRM training and development strategies.",
        "spans": [
          "How emerging digital technologies, such as social networks and virtual platforms, can serve your modern human resource management (HRM) training and development strategy."
        ]
      },
      {
        "point_number": 2,
        "point_content": "Modern technology enables virtual classrooms that allow training across multiple remote sites without loss in quality.",
        "spans": [
          "New advances in training and development programs allow large companies to implement virtual classrooms that allow such training across multiple remote sites without loss in quality."
        ]
      },
      {
        "point_number": 3,
        "point_content": "Simulation training through virtual interfaces provides employees with hands-on experience remotely or on site.",
        "spans": [
          "Another effective training and development strategy is simulation training, where employees work on seemingly real-life problems through virtual interfaces.",
          "With advancements in technology, training processes in HRM can incorporate simulation training remotely, sometimes on site (for example, through a computer at a point of sale in a retail environment) to give employees concrete, hands-on experience."
        ]
      },
      {
        "point_number": 4,
        "point_content": "Virtual training and new technologies offer a variety of learning methods that match different employee learning styles, making job education more engaging and relevant.",
        "spans": [
          "One big change to HR training and development in the workplace is that job education becomes more engaging and relevant for employees.",
          "With virtual training, access to classroom teaching, and more options for simulation or role-playing, employees can take advantage of a variety of learning methods that potentially match their learning styles."
        ]
      },
      {
        "point_number": 5,
        "point_content": "Advances in e-learning include gamification and virtual/augmented reality, providing new ways to present training materials.",
        "spans": [
          "For example, new advances in e-learning have emphasized “gamification,” or using gameplay concepts to encourage learning.",
          "And new advances in virtual and augmented reality are providing HRM specialists with new ways to present information and training materials to users, including classroom lectures and tests."
        ]
      },
      {
        "point_number": 6,
        "point_content": "New technologies provide a larger variety of training options that engage especially young employees by matching their learning styles.",
        "spans": [
          "New technologies provide a positive impact on employment and development by providing a larger variety of options to reach employees.",
          "Young employees especially expect training that engages them in ways that help them learn more, and new technologies provide the training development environment that can match their learning style perfectly."
        ]
      },
      {
        "point_number": 7,
        "point_content": "Modern technology facilitates employee engagement by providing mixed learning styles, flexible feedback channels, and collaborative training methods.",
        "spans": [
          "Modern technology can facilitate engagement in multiple ways.",
          "First, it provides the mix of approaches and learning styles that can keep an employee engaged and interested.",
          "Second, it improves the potential types of engagement you have with your employees by providing multiple, flexible feedback channels.",
          "Third, new technologies provide multiple ways to incorporate training into a group or workgroup style of organization."
        ]
      },
      {
        "point_number": 8,
        "point_content": "Emerging social media technologies, VR, augmented reality, and responsive online interfaces improve employee engagement and training effectiveness.",
        "spans": [
          "With emerging social media technologies, VR and augmented reality platforms, and new responsive online interfaces, you can better engage your employees through cutting-edge training methods.",
          "This kind of training can improve employee engagement upon hiring or on an everyday basis."
        ]
      }
    ],
    "null": [],
    "clueweb22-en0011-60-09525": [
      {
        "point_number": 1,
        "point_content": "Technology in business represents several opportunities—some of them cultural, and others satisfyingly measurable and profitable. The right technology in the right place can reduce human effort, but it also can sharpen your employees’ sense of emotional engagement.",
        "spans": [
          "Technology in business represents several opportunities—some of them cultural, and others satisfyingly measurable and profitable.",
          "The right technology in the right place can reduce human effort, but it also can sharpen your employees’ sense of emotional engagement."
        ]
      },
      {
        "point_number": 2,
        "point_content": "Technology helps bring efficiency and engagement to HR's role in training and employee development, especially when scaling across multiple locations.",
        "spans": [
          "Your HR department, and your team leads, are always going to play a vital role in training new employees and developing existing ones.",
          "It’s about bringing efficiency to that human touch—and, as we said above, engagement, too."
        ]
      },
      {
        "point_number": 3,
        "point_content": "Learning technology solves challenges by sharpening employee development processes, making training delivery more efficient and less wasteful, and providing engaging, memorable, and gamified training experiences.",
        "spans": [
          "So learning technology effectively solves three challenges.",
          "It can help you sharpen and refine your employee development processes, and it can make your delivery of training and certification study and testing materials more efficient and less wasteful.",
          "Maybe most importantly, it helps you provide an engaging, memorable, and possibly even “gamified” training experience for team members."
        ]
      },
      {
        "point_number": 4,
        "point_content": "Technology enables training of employees across diverse geographical locations through distance learning techniques such as live teleconferencing and social dashboards, maintaining training quality and company culture.",
        "spans": [
          "Some of these opportunities are especially attractive for companies with many employees who telecommute, or who have a diverse geographical presence.",
          "Distance learning techniques such as live teleconferencing and social dashboards mean employers can train even in several locations at once without losing anything in translation."
        ]
      },
      {
        "point_number": 5,
        "point_content": "Simulation-based training using technology provides realistic, no-risk environments for employees to learn new skills, enhancing engagement and safety in various fields.",
        "spans": [
          "Consider the appeal of simulation-based training in three very different work environments:",
          "Modern technology affords the opportunity to train employees in a realistic, no-risk environment.",
          "In the world of banking and high finance, even seasoned traders can benefit from convincing simulations that test one’s reflexes for buying and selling on a dime.",
          "In medicine, technologies such as augmented reality are making increasingly realistic medical simulations possible."
        ]
      },
      {
        "point_number": 6,
        "point_content": "Technology caters to diverse learning styles and makes workplace learning more pleasant, engaging, and likely to be retained, increasing employees' emotional investment in the company.",
        "spans": [
          "Technology is making high-value learning in the workplace not just possible, but also pleasant and more likely to be retained, for a wider variety of employees and types of learners.",
          "With your company taking engaging learning opportunities seriously, don’t be surprised when your teams have better emotional investments in your company."
        ]
      }
    ],
    "clueweb22-en0014-01-00721": [
      {
        "point_number": 1,
        "point_content": "Technology based delivery methods for employee training have increased significantly since the 1980s, rising from 5% at IBM in the 1980s to an expected 75% by the end of the 1990s.",
        "spans": [
          "Beginning in the 1980’s organizations increasingly began utilizing technology based delivery methods for employee training and development.",
          "At IBM during the 1980’s, technology was used to deliver no more than five percent of the company’s training.",
          "By 1990 that figure stood at thirty percent, and by the end of the decade, was expected to rise to seventy five percent of all training development delivered."
        ]
      },
      {
        "point_number": 2,
        "point_content": "Technology enabled learning allows employees to complete training anytime and anywhere with internet access, and can monitor employee performance through learning management systems.",
        "spans": [
          "Additionally, online training is not restricted to a specific time or location.",
          "Employees can complete training materials anytime and anywhere they have an Internet connection.",
          "Many online employee training programs require registration and have the capability to monitor employee performance through the use of a learning management system."
        ]
      },
      {
        "point_number": 3,
        "point_content": "Technology based training offers scalability and cost-effectiveness for training multiple employees.",
        "spans": [
          "A primary benefit of technology based training is leveraging the scale and scope of employee training programs.",
          "If an organization is required to train multiple employees technology offers unlimited options based on relatively low-cost and employee accessibility."
        ]
      },
      {
        "point_number": 4,
        "point_content": "The effectiveness of technology based training depends on the quality of instructional design, not just the technology itself.",
        "spans": [
          "The most powerful influence on learning from instructional technologies is not the technology itself, but what is delivered with that technology.",
          "Poorly designed and implemented employee training programs will not stimulate and support learning outcomes regardless of how interactive or cutting edge the technology used to deliver the training."
        ]
      },
      {
        "point_number": 5,
        "point_content": "Technology based training methods include web-based training, mobile technology, simulations, and virtual reality, which can customize learning and measure performance.",
        "spans": [
          "Increasingly organizations are leveraging technology enabled instructional methods that utilize technology such as electronic learning via web based training, mobile technology such as I-pads, and simulations in the delivery of instruction.",
          "Web-based training is conducted via the Internet or through an internal organizational intranet.",
          "Web-based courses allow organizations to customize learning for individual needs and preferences, and provide the ability to measure performance.",
          "Virtual reality offers simulated training that mimics employee job duties, while virtual campuses connect training components by interactive systems."
        ]
      },
      {
        "point_number": 6,
        "point_content": "Technology based training can reduce costs, increase learning effectiveness, and help training contribute to business goals.",
        "spans": [
          "An inherent advantage of online learning is the ability to reduce the costs associated to delivering training to employees, increase the effectiveness of the learning environment, and help training contribute to business goals."
        ]
      },
      {
        "point_number": 7,
        "point_content": "Challenges of technology based training include lack of learner engagement, absence of face-to-face interaction, and limited instructor support.",
        "spans": [
          "The most significant challenge reported in a 2013 survey was that of “getting learners to take online courses”.",
          "The most frequently reported reason for the failure of online learning programs was the paradigm itself.",
          "There is no classroom or group of people assembled in a location for training.",
          "There are no face-to-face social interactions through which to transfer learning.",
          "Many employees consider Internet learning slow, boring, and of limited value.",
          "Technology based employee training does have inherent limitations, such as insufficient bandwidth, a lack of high-speed Web connections, or a preference of the trainees for face-to-face contact with instructors and the frustration of employees to find free time during their workday to devote to desktop learning.",
          "A secondary concern associated with technology based training is lack of instructor interaction.",
          "If employees have questions there is no on the spot correction or instructor to assist the employee.",
          "Additionally, some employees may not flourish in the technology based impersonal training environment.",
          "Technology based training offers limited opportunities to receive expert advice or receive a timely response to employee questions."
        ]
      },
      {
        "point_number": 8,
        "point_content": "Instructor-led training remains vital for generating enthusiasm, providing expert knowledge, answering questions, and teaching people-related skills.",
        "spans": [
          "The instructor-led employee training program will always occupy a vital position within the training environment.",
          "Instructors have the ability to generate enthusiasm for the subject, provide expert knowledge and experience in the work center context.",
          "Instructors can answer questions while influencing the flavor and direction of training based on employee responses.",
          "Instructor led-training can ensure training concepts are reinforced and is particularly effective at teaching people related skills such as customer service and sales."
        ]
      },
      {
        "point_number": 9,
        "point_content": "Emerging educational technologies enable hybrid learning environments combining online tools with workplace interactions and simulations.",
        "spans": [
          "Emerging educational training technologies such as iPads Kindles, Nooks, and laptops can deliver a hybrid technology based employee learning environment.",
          "Employees can interact in the workplace environment while using online and computer-based tools and learning activities in the virtual work center environment.",
          "Employees may participate in work center simulations and then engage in follow-on work center based role-playing or an employee centered virtual discussion."
        ]
      },
      {
        "point_number": 10,
        "point_content": "Technology based training facilitates measurement of employee participation and training outcomes.",
        "spans": [
          "A significant benefit of technology based training is the ability to effectively measure employee participation and gather training metrics and evaluations."
        ]
      },
      {
        "point_number": 11,
        "point_content": "Technology based training provides self-paced, employee-directed learning accessible via online catalogs and training websites.",
        "spans": [
          "Technology based employee e-training programs provide self-paced employee directed learning that is delivered with a click of the mouse.",
          "Employees review a catalog of online classes and select training courses that are applicable to the work center.",
          "Employers can create a training web site that provides access to databases and links to relevant web sites and search engines."
        ]
      },
      {
        "point_number": 12,
        "point_content": "Technology based training is an addition to, not a replacement for, traditional employee training and development processes.",
        "spans": [
          "While technology provides the building blocks for employee training and development, it is an addition to, not a replacement for, employee training and development processes.",
          "Building a 21st century world class employee training and development program requires the integration of instructor-led training, technology based training, employee assessments, employee coaching, work center simulations and measurable training outcomes."
        ]
      }
    ],
    "clueweb22-en0009-19-18335": [
      {
        "point_number": 1,
        "point_content": "Technology allows training to be developed and administered completely online, enabling employees to take training at any time.",
        "spans": [
          "Training can be developed and administered completely online—sometimes even without the assistance of an instructor. This can allow employees to take the training at any time."
        ]
      },
      {
        "point_number": 2,
        "point_content": "Learning Management Systems (LMS) help track training progress and compliance and provide a repository for optional training materials, facilitating self-service for employees.",
        "spans": [
          "Learning Management Systems (LMS) can assist organizations in tracking training progress and compliance. They can also serve as a repository for optional training materials—allowing employees to “self-serve” and get or request additional training as needed."
        ]
      },
      {
        "point_number": 3,
        "point_content": "Online training can be interactive, including quizzes to assess understanding, enhancing employee engagement and learning.",
        "spans": [
          "Online training can be made interactive, including quizzes to assess understanding."
        ]
      },
      {
        "point_number": 4,
        "point_content": "Mobile applications enable employees to complete training on the go, increasing flexibility and accessibility.",
        "spans": [
          "Training can be administered by way of mobile applications, allowing individuals to complete training truly on the go."
        ]
      },
      {
        "point_number": 5,
        "point_content": "Video conferencing allows live training sessions without the need for physical presence, making training more accessible and flexible.",
        "spans": [
          "Individuals can even attend live training sessions without having to be in the same location, thanks to video conferencing options."
        ]
      },
      {
        "point_number": 6,
        "point_content": "Online collaborative tools and social media facilitate knowledge sharing and transfer among employees and teams.",
        "spans": [
          "Online collaborative tools allow employees and teams to share knowledge. Even things like instant messaging and social media can allow employees more types of interaction, which can better facilitate knowledge transfer between individuals."
        ]
      },
      {
        "point_number": 7,
        "point_content": "There are more online sources of information available for employees to gain topic-specific knowledge, such as blogs, videos, databases, and forums.",
        "spans": [
          "There are more online sources of information than before, including blogs, online videos, electronic databases, electronic versions of books (which may have been previously unavailable in electronic form), user forums, and user-populated online data repositories. Employees have the opportunity to make use of any of these to gain topic-specific knowledge."
        ]
      },
      {
        "point_number": 8,
        "point_content": "Training materials can be gamified or use task simulations to increase engagement and practical learning.",
        "spans": [
          "Training materials can also be presented in a video game format to increase employee engagement with the materials. There are also forms of task simulations that can be utilized as training before starting work or while learning a new procedure."
        ]
      },
      {
        "point_number": 9,
        "point_content": "Tablets and smartphones are increasingly used to access training materials and information in educational and work contexts.",
        "spans": [
          "Tablets and smartphones are increasingly used both in educational and work contexts as a means to access information, including electronic versions of textbooks or manuals."
        ]
      },
      {
        "point_number": 10,
        "point_content": "Technology enables more efficient training by allowing on-demand access, reducing travel costs, and breaking training into smaller pieces to increase retention.",
        "spans": [
          "Many of these advances allow employers and employees to complete training programs much more efficiently because they allow employees to take training on demand rather than to wait for a live session to occur. They can also reduce costs because no one has to travel for such a program.",
          "Technology will continue to change and enhance how we work, including how we gain access to information that assists with our jobs and professional development. It can also allow training to be broken into much smaller, more digestible pieces, which can increase retention—which is beneficial for both the employee and employer."
        ]
      }
    ],
    "clueweb22-en0035-77-04775": [
      {
        "point_number": 1,
        "point_content": "Virtual training capabilities are giving businesses the advantage in swift training for HR departments.",
        "spans": [
          "virtual training capabilities are giving businesses the advantage"
        ]
      },
      {
        "point_number": 2,
        "point_content": "Virtual training eliminates the logistical challenges and costs associated with traditional in-person training.",
        "spans": [
          "Skip the logistics of finding a place to host a workshop, a move that also saves the company in rental fees or transportation expenses.",
          "Employees no longer have to leave the office to conduct training — thanks to virtual training portals."
        ]
      },
      {
        "point_number": 3,
        "point_content": "Virtual training allows HR to update training programs efficiently without reprinting materials or retraining instructors.",
        "spans": [
          "Training programs can be updated efficiently, and training material costs of printing and distribution are slim to none."
        ]
      },
      {
        "point_number": 4,
        "point_content": "Employees can complete training at their convenience without disrupting their workweek, improving efficiency.",
        "spans": [
          "Employees can tackle training sessions at their convenience. This frees them to effectively organize the tasks they are hired to handle without disrupting their workweek with out-of-the-office training programs."
        ]
      },
      {
        "point_number": 5,
        "point_content": "Virtual training increases learner engagement by offering tools for different learning styles and allowing learners to learn at their own pace.",
        "spans": [
          "virtual training programs offer a bevy of tools targeted at a variety of learning styles.",
          "Given that every individual learns at his/her own pace, having virtual training allows employees to return to fuzzy topics for a refresher or pause for self-imposed breaks."
        ]
      },
      {
        "point_number": 6,
        "point_content": "Virtual training platforms provide real-time instructor-led classrooms with advanced audio and visual technology, supported by tech support and cloud infrastructure, reducing IT demands.",
        "spans": [
          "Start by looking for technology that provides an instructor-led classroom, which allows you to create real-time training sessions via distance learning.",
          "By way of technology, the training platform needs to provide power for both audio and visual needs.",
          "Also, search for a virtual training program that requires low levels of training for the students and the facilitators.",
          "In terms of infrastructure, the cloud is the optimal method for transmitting and storing training materials."
        ]
      }
    ]
  }
}