{
  "question": "why we should not have stricter gun laws",
  "key_points": [
    {
      "point_number": 1,
      "point_content": "Stricter gun laws do not guarantee less gun violence, as gun-free zones and states with tough gun laws still experience high rates of gun violence, and stricter laws may punish law-abiding citizens rather than criminals.",
      "original_point_number": [
        1,
        3,
        28,
        38
      ]
    },
    {
      "point_number": 2,
      "point_content": "Bans on substances like alcohol and drugs have failed, so a ban on guns would also fail.",
      "original_point_number": [
        2
      ]
    },
    {
      "point_number": 3,
      "point_content": "Law-abiding citizens with concealed carry licenses can save lives in mass shootings and self-defense situations, and gun ownership deters crime and is necessary for self-defense.",
      "original_point_number": [
        4,
        8
      ]
    },
    {
      "point_number": 4,
      "point_content": "Guns are used more often to stop crime than to kill, preventing an estimated 2.5 million crimes annually; many women use guns to defend themselves against sexual abuse; and criminals are more likely to leave you alone if they believe you are armed.",
      "original_point_number": [
        5,
        6,
        15
      ]
    },
    {
      "point_number": 5,
      "point_content": "The Second Amendment protects an individual's right to own guns and is a fundamental liberty, guaranteeing an individual right to keep and bear arms, not just for organized militias, and is rooted in the idea of self-rule and equality protecting against arbitrary rule.",
      "original_point_number": [
        7,
        25,
        27
      ]
    },
    {
      "point_number": 6,
      "point_content": "Gun control laws infringe upon the right to self-defense and deny people a sense of safety, and it is a fundamental right to be able to protect yourself.",
      "original_point_number": [
        9,
        12
      ]
    },
    {
      "point_number": 7,
      "point_content": "Gun control laws will not prevent criminals from obtaining guns or breaking laws; most new laws won’t prevent criminals from gaining access to firearms if they want to commit crimes.",
      "original_point_number": [
        10,
        36,
        37
      ]
    },
    {
      "point_number": 8,
      "point_content": "Gun control laws give too much power to the government and may result in government tyranny and the government taking away all guns from citizens; history shows governments using weapons confiscation and mass disarmament as a precursor to tyranny, which Americans want to avoid.",
      "original_point_number": [
        11,
        21
      ]
    },
    {
      "point_number": 9,
      "point_content": "National statistics have proven that violent crime rates drop when there are more people who carry legally; rape was down a national average by nearly 5 percent, while break ins and street theft were down by 7 percent in states that allow concealed carry.",
      "original_point_number": [
        13,
        14
      ]
    },
    {
      "point_number": 10,
      "point_content": "Many Americans oppose gun control laws because they see them as unlikely to stop violence and a curtailment of their own means to personal safety; Americans fear that gun control laws will ultimately be used to undermine liberty; and in a time of increasing violence, law-abiding Americans are less likely to want to give up their means of self-defense.",
      "original_point_number": [
        17,
        18,
        19
      ]
    },
    {
      "point_number": 11,
      "point_content": "The belief that liberty and the rights of the people can only remain secure as long as the right to bear arms remains secure is baked into the ethos of the United States; the American Revolution began with failed British attempts to disarm the American colonies, illustrating the importance of gun rights to liberty.",
      "original_point_number": [
        20,
        22
      ]
    },
    {
      "point_number": 12,
      "point_content": "The example of Toyotomi Hideyoshi’s disarmament edict in Japan shows how disarmament can be used to suppress opposition and enforce tyranny; under the Tokugawa Shogunate, following disarmament, religious liberty was curtailed and Christianity was outlawed, showing further repression after disarmament.",
      "original_point_number": [
        23,
        24
      ]
    },
    {
      "point_number": 13,
      "point_content": "Protection of the right to bear arms makes it unlikely the government will suppress liberty as authoritarian regimes have done historically.",
      "original_point_number": [
        26
      ]
    },
    {
      "point_number": 14,
      "point_content": "Enforcing existing federal gun laws strictly, such as Project Exile, effectively reduces gun homicides.",
      "original_point_number": [
        29
      ]
    },
    {
      "point_number": 15,
      "point_content": "Stricter gun control laws do not necessarily reduce crime rates, as shown by examples from other countries; gun ownership is linked to cultural and social factors, not just laws.",
      "original_point_number": [
        30,
        31
      ]
    },
    {
      "point_number": 16,
      "point_content": "Stricter gun laws can infringe on constitutional rights and individual freedoms; some gun control laws, such as bans on certain types of guns or waiting periods, are ineffective or unnecessary.",
      "original_point_number": [
        32,
        33
      ]
    },
    {
      "point_number": 17,
      "point_content": "Law-abiding citizens should be able to legally buy and sell firearms across state lines with proper background checks.",
      "original_point_number": [
        34
      ]
    },
    {
      "point_number": 18,
      "point_content": "The Second Amendment to the Constitution entitles citizens to bear arms.",
      "original_point_number": [
        35
      ]
    },
    {
      "point_number": 19,
      "point_content": "States with the toughest gun laws have some of the highest murder rates, showing that more laws do not equal safety.",
      "original_point_number": [
        38
      ]
    },
    {
      "point_number": 20,
      "point_content": "Opponents argue that limits on gun ownership violate the Second Amendment, but even conservative courts have allowed some gun control measures.",
      "original_point_number": [
        39
      ]
    },
    {
      "point_number": 21,
      "point_content": "Gun control can reduce gun deaths as shown by examples like Australia, but opponents cite places like Chicago to argue otherwise; overall, more guns correlate with more gun deaths.",
      "original_point_number": [
        40
      ]
    },
    {
      "point_number": 22,
      "point_content": "Guns make it easier to kill than knives or cars, so reducing access to guns can reduce violence even if it doesn't eliminate it.",
      "original_point_number": [
        41
      ]
    },
    {
      "point_number": 23,
      "point_content": "Gun control means limits, not abolition, and evidence suggests limits on assault weapons and number of guns do not prevent self-defense but reduce harm.",
      "original_point_number": [
        42
      ]
    },
    {
      "point_number": 24,
      "point_content": "The argument that guns protect against government tyranny is flawed because civilians cannot match the military's power.",
      "original_point_number": [
        43
      ]
    },
    {
      "point_number": 25,
      "point_content": "Guns are used more often to commit crimes than to stop crimes, and carrying guns increases the risk of being shot.",
      "original_point_number": [
        44
      ]
    }
  ]
}