{
  "question": "do the american population wish more autonomy in their work?",
  "key_points": {
    "clueweb22-en0022-83-16878": [
      {
        "point_number": 1,
        "point_content": "Undocumented workers often work the unpleasant, back-breaking jobs that native-born workers are not willing to do.",
        "spans": [
          "undocumented workers often work the unpleasant, back-breaking jobs that native-born workers are not willing to do"
        ]
      },
      {
        "point_number": 2,
        "point_content": "Fixing immigration is about creating a legal visa system for jobs Americans do not want and providing better education opportunities, skills-development and retooling, and safety nets for American workers.",
        "spans": [
          "fixing immigration is not about mass deportations of people but about creating a legal visa system for jobs Americans do not want. And it is about providing better education opportunities, skills-development and retooling, and safety nets for American workers"
        ]
      }
    ],
    "null": [],
    "clueweb22-en0032-46-11899": [],
    "clueweb22-en0035-56-10974": [
      {
        "point_number": 1,
        "point_content": "Private practice setting rewards capacity for independent judgment and effective collaboration, and is a strong option for those looking to be their own boss.",
        "spans": [
          "The private practice setting—that is, a practice wholly-owned by physicians rather than by a hospital, health system or other entity—also rewards those traits and remains a strong option if you are looking to be your own boss and work with like-minded colleagues to serve your community’s medical needs."
        ]
      },
      {
        "point_number": 2,
        "point_content": "Ownership of practices is declining overall, especially among younger physicians.",
        "spans": [
          "At last count by the AMA’s Physician Practice Benchmark Surveys in 2016, 55.8 percent of physicians are working in practices wholly-owned by physicians, a figure that has fallen from 60.1 percent in 2012.",
          "Ownership ranged from 27.9 percent among physicians under the age of 40 to 54.9 percent among physicians age 55 and older, according to an AMA analysis of the data."
        ]
      },
      {
        "point_number": 3,
        "point_content": "Private practice offers professional autonomy, allowing physicians to make decisions quickly without bureaucratic delays.",
        "spans": [
          "Private practice, and the professional autonomy it brings, has been the career-long choice for oncologist-hematologist and AMA President Barbara L. McAneny, MD.",
          "When she and her partners at the two locations of the New Mexico Cancer Center want to provide new services to patients, they own the process.",
          "“We didn't have to go through 27 hospital committees and ask permission from a bunch of vice presidents for various things,” she said. “We just sat in a room. The group said, ‘Figure out how to do it. Let’s do it.’ And we did it. It is incredibly rewarding.”"
        ]
      },
      {
        "point_number": 4,
        "point_content": "Physician partners in private practice have voting rights on services, projects, and adding physicians, which is important for trust and collaboration.",
        "spans": [
          "Some practices have a one- to two-year partnership pathway. Once you reach the level of physician partner, you will typically have a “vote on what services you want to offer, new projects, adding more physicians,” among other things, Dr. McAneny said.",
          "“That last thing is incredibly important. We spend more time with our partners than our spouses, and we trust our partners with the care of our patients when we are not available,” she said. “Practices go through a significant process to make sure everyone works well together.”"
        ]
      },
      {
        "point_number": 5,
        "point_content": "Many young physicians are discouraged from private practice, but it remains a viable option.",
        "spans": [
          "They are often told by professors and mentors that independent practice is dead and you shouldn’t consider going into that,” said Dr. McAneny. “I think they do a disservice to their students when they say that.”"
        ]
      },
      {
        "point_number": 6,
        "point_content": "Private practice ownership builds equity that can fund retirement, offering financial security beyond annual compensation.",
        "spans": [
          "Beyond the compensation physicians see on an annual basis lies the value of the doctor’s practice ownership stake.",
          "“When you leave a practice, you have built up equity as an owner and your buyout helps fund your retirement,” Dr. McAneny said."
        ]
      },
      {
        "point_number": 7,
        "point_content": "Employment contracts with short out clauses offer less security compared to partnership in private practice.",
        "spans": [
          "“I'm starting to see a lot of people who have a contract for employment with a 90-day out clause. That means you don't have a year, or two-year or three-year contract. You have a 90-day contract,” said Dr. McAneny.",
          "“In my practice, it would take 80 percent of the vote of the partnership to remove me. So that's security.”"
        ]
      },
      {
        "point_number": 8,
        "point_content": "Employed physicians often face long hours doing administrative tasks, which may affect work-life balance.",
        "spans": [
          "Assumptions about work-life balance are another potential landmine, with physicians believing that an employer’s business sense will surely extend to efficiency and support.",
          "But what Dr. McAneny said she hears from employed physicians “all across the country is that they're spending their evenings till 10 o'clock clicking in their electronic medical records.”"
        ]
      }
    ],
    "clueweb22-en0028-94-03120": [
      {
        "point_number": 1,
        "point_content": "Generation Xers are more independent than the prior generations and created the work/life balance concept.",
        "spans": [
          "Generation Xers are often considered the “slacker” generation. They naturally question authority figures and are responsible for creating the work/life balance concept.",
          "this generation of workers possesses strong technical skills and is more independent than the prior generations."
        ]
      },
      {
        "point_number": 2,
        "point_content": "Younger people may value more flexibility in their careers, like assignments that foster new skill sets they can apply later in their careers.",
        "spans": [
          "Younger people may value more flexibility in their careers, like assignments that foster new skill sets they can apply later in their careers."
        ]
      }
    ],
    "clueweb22-en0003-49-07449": [
      {
        "point_number": 1,
        "point_content": "The American Medical Association’s Code of Medical Ethics reflects this position when it states that, “The patient has the right to make decisions regarding the health care that is recommended by his or her physician. Accordingly, patients may accept or refuse any recommended medical treatment”",
        "spans": [
          "The American Medical Association’s Code of Medical Ethics reflects this position when it states that, “The patient has the right to make decisions regarding the health care that is recommended by his or her physician. Accordingly, patients may accept or refuse any recommended medical treatment”"
        ]
      },
      {
        "point_number": 2,
        "point_content": "Patients regularly refuse proven therapies in favor of alternative or natural therapies, even after being fully informed of the risks of doing so",
        "spans": [
          "Patients regularly refuse proven therapies in favor of alternative or natural therapies, even after being fully informed of the risks of doing so"
        ]
      },
      {
        "point_number": 3,
        "point_content": "Under the basic principle of autonomy, it is everyone's right to ignore his or her own health, for better or worse",
        "spans": [
          "Under the basic principle of autonomy, it is everyone's right to ignore his or her own health, for better or worse"
        ]
      },
      {
        "point_number": 4,
        "point_content": "except in extraordinary circumstances such as quarantine, physicians must respect the patient’s right to autonomy and self-determination in making decisions regarding health care, no matter how difficult, and even when it can affect public health",
        "spans": [
          "except in extraordinary circumstances such as quarantine, physicians must respect the patient’s right to autonomy and self-determination in making decisions regarding health care, no matter how difficult, and even when it can affect public health"
        ]
      },
      {
        "point_number": 5,
        "point_content": "patients may accept or refuse any recommended medical treatment",
        "spans": [
          "patients may accept or refuse any recommended medical treatment"
        ]
      }
    ],
    "clueweb22-en0012-70-15314": [
      {
        "point_number": 1,
        "point_content": "The United States and Canada actually have the highest engagement rate in the world, with 29 percent of workers reporting they are invested in their work.",
        "spans": [
          "the United States and Canada actually have the highest engagement rate in the world, with 29 percent of workers reporting they are invested in their work"
        ]
      }
    ]
  }
}