{
  "question": "why are birth rates falling",
  "key_points": {
    "clueweb22-en0040-12-06521": [
      {
        "point_number": 1,
        "point_content": "The most common factors of declining birth rates are an increase in the unmarried population and a decrease in the number of children in families.",
        "spans": [
          "The most common factors of declining birth rates are an increase in the unmarried population and a decrease in the number of children in families."
        ]
      },
      {
        "point_number": 2,
        "point_content": "The increase in the unmarried population is caused by employment instability among men, including an increase in non-regular employment and low salaries, which discourages marriage for economic reasons.",
        "spans": [
          "The increase in the unmarried population is caused by employment instability among men, that is, an increase in non-regular employment (factor (3)). In addition, some point out that the salaries of regular workers have not increased, but rather decreased for some since the 1990's. The survey data reveals that male workers in their late 20s whose annual salary is less than three million yen tend to stay single their whole life, which indicates that there are many people who do not marry due to economic reasons including employment instability."
        ]
      },
      {
        "point_number": 3,
        "point_content": "Mismatch in the marriage market also contributes to the increase in the unmarried population, as some young people cannot find the right partner.",
        "spans": [
          "In addition, although there are young people who still adhere to the traditional family values in which the husband works, and the wife stays at home, they cannot find the right partner. This mismatch is another factor that increases the number of unmarried people (factor (2))."
        ]
      },
      {
        "point_number": 4,
        "point_content": "The high financial burden of childcare and education is the most common reason for married couples not having the ideal number of children.",
        "spans": [
          "The most common reason for not having the ideal number of children is \"the high cost of childcare and education,\" which accounted for more than 60% of the responses (factor (6), Figure 4)."
        ]
      },
      {
        "point_number": 5,
        "point_content": "Conventional government measures have been insufficient due to absence of specific target figures for birth rate recovery, extended policy targets, financial burden reduction measures, and campaigns encouraging marriage and childbirth.",
        "spans": [
          "Based on the above facts, the measures are insufficient due to the absence of the following: (1) specific target figures for a birth rate recovery; (2) extended targets of government policies; (3) measures to reduce financial burden in typical families (meaning a traditional family structure consisting of a working husband, a housewife and children) and improve youth employment for those outside the scope of the incentives; and (4) campaigns to encourage people to consider marriage, childbirth and child-rearing."
        ]
      }
    ],
    "clueweb22-en0005-55-12166": [
      {
        "point_number": 1,
        "point_content": "Britain’s birthrate is plummeting, with a steeper decline during the pandemic as people stop having babies when times are hard.",
        "spans": [
          "Britain’s birthrate is plummeting. The already fast-falling rate has sunk into yet steeper decline during the pandemic, as people stop having babies when times are hard"
        ]
      },
      {
        "point_number": 2,
        "point_content": "Birthrates were already dropping to historically low levels pre-Covid, lower than in the 1930s depression.",
        "spans": [
          "Birthrates were already dropping to “historically low levels” pre-Covid, lower than in the 1930s depression"
        ]
      },
      {
        "point_number": 3,
        "point_content": "The birthrate had fallen to 1.6 last year in England and Wales and is predicted to collapse to 1.45 by 2023.",
        "spans": [
          "That had already fallen to 1.6 last year in England and Wales – but now it’s predicted that it could collapse to 1.45 by 2023"
        ]
      },
      {
        "point_number": 4,
        "point_content": "Reasons for falling birthrate include hardship, insecurity, anxiety, and the heavy burden on women of bringing up children with obstacles to earning while parenting.",
        "spans": [
          "All the reasons for this are depressing, signifying hardship, insecurity and anxiety. It tells of a society where bringing up children is too heavy a burden on women, with too many obstacles to earning while parenting"
        ]
      },
      {
        "point_number": 5,
        "point_content": "Austerity cuts targeted at children since 2012 have coincided with the birthrate plunge.",
        "spans": [
          "How significant that 2012 marked the year when the birthrate began to plunge again, the year the Conservative-Lib Dem coalition’s draconian austerity cuts kicked in, targeted at children"
        ]
      },
      {
        "point_number": 6,
        "point_content": "Covid pandemic caused extreme stress, home schooling, fear of catching Covid while pregnant, postponed weddings, and economic insecurity, all discouraging having babies.",
        "spans": [
          "Some expected a Covid baby boom, but the Centre for Population Change is sceptical: parents have been under extreme stress, home schooling while holding down jobs and without other family support – plus there has been fear of catching Covid while pregnant and 200,000 postponed weddings"
        ]
      },
      {
        "point_number": 7,
        "point_content": "Rising rents and house prices make it difficult for young people to afford housing, discouraging having children.",
        "spans": [
          "Rents have shot up 10% in the past year, according to analysis by Halifax, with house prices soaring under inflationary policies that benefit existing homeowners most"
        ]
      },
      {
        "point_number": 8,
        "point_content": "Parental wealth and inheritance disparities affect young people's ability to buy homes and start families.",
        "spans": [
          "As the Resolution Foundation’s chief executive, Torsten Bell, points out, parental wealth matters now more than ever, with the value of inheritances having doubled in 20 years"
        ]
      }
    ],
    "null": [],
    "clueweb22-en0015-08-10820": [
      {
        "point_number": 1,
        "point_content": "Global average fertility rates have dropped by half over the last fifty years, from five children per woman in 1968 to just 2.5 in 2017.",
        "spans": [
          "global average fertility rates have dropped by half over the last fifty years, from five children per woman in 1968 to just 2.5 in 2017"
        ]
      },
      {
        "point_number": 2,
        "point_content": "Modernization and cultural shifts changing the lives of women and children around the world are the root cause of both the historical rise in populations and the fall in birth rates.",
        "spans": [
          "Interestingly, both the historical rise in populations and the fall in birth rates have the same root cause: modernization and cultural shifts changing the lives of women and children around the world."
        ]
      },
      {
        "point_number": 3,
        "point_content": "The level of education in a society – of women in particular – is one of the most important predictors for the number of children families have.",
        "spans": [
          "The level of education in a society – of women in particular – is one of the most important predictors for the number of children families have"
        ]
      },
      {
        "point_number": 4,
        "point_content": "Educating women leads to awareness and use of contraception and more control over reproductive choices.",
        "spans": [
          "Educating women creates a series of compounding effects: women who begin school are likely to want to continue their education, tend to be more aware of contraception and how to use it, and are more likely to understand and seek out medical care for their children."
        ]
      },
      {
        "point_number": 5,
        "point_content": "As women enter the workforce, the difficulty of combining work and childbearing tends to push birth rates down.",
        "spans": [
          "As women enter the workforce, Hartnett says, the question of children becomes a question of opportunity cost.",
          "In places where it’s difficult for mothers to do both, that tends to push birth rates down."
        ]
      },
      {
        "point_number": 6,
        "point_content": "Better, easily available contraception is a major technological factor in the reduction of global fertility.",
        "spans": [
          "One of the most important technological factors in the reduction of global fertility, writes Roser, is the availability of birth control."
        ]
      },
      {
        "point_number": 7,
        "point_content": "Children are healthier now, so parents have fewer children as insurance against child mortality.",
        "spans": [
          "As more children survive illnesses that would previously have proven life-threatening, women are less likely to have many children."
        ]
      },
      {
        "point_number": 8,
        "point_content": "Raising children is expensive and has economic costs, which leads to fewer children being born in wealthy countries.",
        "spans": [
          "Raising children is expensive.",
          "In most wealthy countries, and especially in urban areas, says Hartnett, economics are the main reason women are having fewer children."
        ]
      }
    ],
    "clueweb22-en0042-26-12349": [
      {
        "point_number": 1,
        "point_content": "The sizeable drop in the U.S. birth rate has probably occurred because of the struggling economy.",
        "spans": [
          "The sizeable drop in the U.S. birth rate, reported recently by the Pew Research Center, has probably occurred because of the struggling economy."
        ]
      },
      {
        "point_number": 2,
        "point_content": "Birth rates tend to rise and fall based on how optimistic or pessimistic people feel.",
        "spans": [
          "birth rates tend to rise and fall based on how optimistic or pessimistic people feel."
        ]
      },
      {
        "point_number": 3,
        "point_content": "Since 2008, younger Americans have been waiting longer to get married, often because of economic difficulties, and married couples may be waiting longer to have kids or having fewer kids for the same reason.",
        "spans": [
          "Since then, younger Americans have been waiting longer to get married, often because of economic difficulties. Married couples may be waiting longer to have kids, or having fewer kids, for the same reason."
        ]
      }
    ],
    "clueweb22-en0005-32-00668": [
      {
        "point_number": 1,
        "point_content": "Economic growth leads to falling birth rates because children shift from being economic assets to economic burdens as societies develop education and pension systems.",
        "spans": [
          "At low levels of income and limited economic development, children can be an economic asset to their parents.",
          "However, once, society provides education and pensions, this changes.",
          "Far from being an economic asset, a child who attends several years of school becomes an economic burden.",
          "Also, when a society is able to provide pensions, there is no longer the need to have several children to act as informal pension."
        ]
      },
      {
        "point_number": 2,
        "point_content": "Improved education, especially for women, leads to delayed childbirth and fewer children.",
        "spans": [
          "There is a strong link between education and birth rates.",
          "As education improves, women have more opportunities and are keener to pursue a career, which usually involves delaying having children.",
          "Max Rose, an Oxford economists states. “The level of education in a society – of women in particular – is one of the most important predictors for the number of children families have,”"
        ]
      },
      {
        "point_number": 3,
        "point_content": "Better access to contraception significantly reduces birth rates.",
        "spans": [
          "In particular, better education usually leads to better access and understanding of contraception.",
          "Access to reproductive health services is a big driver of falling birth rates.",
          "A 2010 study, found the contraceptive pill was responsible for 40% of the fall in fertility rates in US since the 1960s."
        ]
      },
      {
        "point_number": 4,
        "point_content": "Changing social norms such as decline in marriage, more people remaining single, and prioritizing work over parenting contribute to falling birth rates.",
        "spans": [
          "These changing social norms include decline in marriage, more people remaining single and young people prioritising work over parenting.",
          "There has been a decline in religious attendance which has often placed great value on ‘family life’",
          "Instead young people feel their sense of self can be complete without children.",
          "Even the nature of relationships has changed, with big falls in marriage and more people remaining single.",
          "Lesthaeghe and van de Kaa (1986) and Lesthaeghe (2014) have proposed a “second demographic transition” This emphasises not education and income but a shift of individual autonomy and de-emphasis of marriage and parenthood.",
          "Zaidi and Morgan (2017) have stated “tastes and preferences have irreversibly changed” In other words, having children is just not seen as desirable as it used to be – regardless of economic factors."
        ]
      },
      {
        "point_number": 5,
        "point_content": "High cost of living and child-rearing expenses discourage having more children.",
        "spans": [
          "In the west, having children has become increasingly expensive, especially in cities where the cost of living has grown rapidly.",
          "With very high costs of living, an extra child (and the need to buy or rent a bigger house) becomes very expensive.",
          "One 2015 estimate of the cost of raising a child to the age of 17 is $233,610",
          "Just as important as the actual cost of children is the expected loss of earnings to women who take time off from work.",
          "In a 2018 survey conducted for the New York Times, the leading self-reported reasons for why US adults had fewer children than they planned included concerns about the expense of childcare costs, the costs of raising a child, and worries about the economy or their own financial instability"
        ]
      },
      {
        "point_number": 6,
        "point_content": "Uncertainty about the future, including economic uncertainty and concerns about global issues like climate change and Covid, reduces birth rates.",
        "spans": [
          "In research, “uncertainty” is often given as a major factor in not having children.",
          "This can be economic uncertainty (unemployment, temporary contracts, difficulty getting housing) but also wider uncertainty such as the impact of global warming and the impact of Covid.",
          "Evidence suggests that in rich countries, Covid lockdowns have led to further falls in the birth rate.",
          "However, more importantly, it appears that more free time was overshadowed by general anxiety which is a major disincentive to bring children into the world.",
          "Covid, combined with environmental concerns is making people question whether it is good to bring children into the world."
        ]
      },
      {
        "point_number": 7,
        "point_content": "Social expectations and norms about family size influence birth rates, with smaller families becoming the norm.",
        "spans": [
          "A key determinant of birth rates is social expectations of the average family size.",
          "When the average number of children in a society is high, then this is a strong factor in encouraging parents to have a similar number of children.",
          "In recent years, large families have become increasingly rare, and so more parents have often decided to have a small family like everyone else.",
          "It is also increasingly accepted for people to remain single and couples to remain childless."
        ]
      },
      {
        "point_number": 8,
        "point_content": "Parenting is perceived as more time-intensive and demanding, which discourages having more children.",
        "spans": [
          "There has also been a change in perceptions of parenting, with parenting viewed as more time-intensive than previously",
          "for example in the past children would walk to school, now there is an expectation parents drive them and take them to more after school activities.",
          "This time cost of parenting is also influenced by the difficulty of getting child care and babysitters."
        ]
      }
    ]
  }
}