{
  "question": "why are birth rates falling",
  "key_points": [
    {
      "point_number": 1,
      "point_content": "Declining birth rates are commonly caused by an increase in the unmarried population and a decrease in the number of children in families.",
      "original_point_number": [
        1
      ]
    },
    {
      "point_number": 2,
      "point_content": "The increase in the unmarried population is caused by employment instability among men, including an increase in non-regular employment and low salaries, which discourages marriage for economic reasons, and also by mismatch in the marriage market where some young people cannot find the right partner.",
      "original_point_number": [
        2,
        3
      ]
    },
    {
      "point_number": 3,
      "point_content": "The high financial burden of childcare and education is the most common reason for married couples not having the ideal number of children, with high cost of living and child-rearing expenses discouraging having more children.",
      "original_point_number": [
        4,
        29
      ]
    },
    {
      "point_number": 4,
      "point_content": "Conventional government measures have been insufficient due to absence of specific target figures for birth rate recovery, extended policy targets, financial burden reduction measures, and campaigns encouraging marriage and childbirth.",
      "original_point_number": [
        5
      ]
    },
    {
      "point_number": 5,
      "point_content": "Britain’s birthrate is plummeting, with a steeper decline during the pandemic as people stop having babies when times are hard; birthrates were already dropping to historically low levels pre-Covid, lower than in the 1930s depression, with the birthrate falling to 1.6 last year in England and Wales and predicted to collapse to 1.45 by 2023.",
      "original_point_number": [
        6,
        7,
        8
      ]
    },
    {
      "point_number": 6,
      "point_content": "Reasons for falling birthrate include hardship, insecurity, anxiety, the heavy burden on women of bringing up children with obstacles to earning while parenting, austerity cuts targeted at children since 2012 coinciding with the birthrate plunge, and the Covid pandemic causing extreme stress, home schooling, fear of catching Covid while pregnant, postponed weddings, and economic insecurity, all discouraging having babies.",
      "original_point_number": [
        9,
        10,
        11
      ]
    },
    {
      "point_number": 7,
      "point_content": "Rising rents and house prices make it difficult for young people to afford housing, discouraging having children; parental wealth and inheritance disparities affect young people's ability to buy homes and start families.",
      "original_point_number": [
        12,
        13
      ]
    },
    {
      "point_number": 8,
      "point_content": "Global average fertility rates have dropped by half over the last fifty years, from five children per woman in 1968 to just 2.5 in 2017, due to modernization and cultural shifts changing the lives of women and children around the world, which are the root cause of both the historical rise in populations and the fall in birth rates.",
      "original_point_number": [
        14,
        15
      ]
    },
    {
      "point_number": 9,
      "point_content": "The level of education in a society, especially of women, is one of the most important predictors for the number of children families have; educating women leads to awareness and use of contraception and more control over reproductive choices, and as women enter the workforce, the difficulty of combining work and childbearing tends to push birth rates down.",
      "original_point_number": [
        16,
        17,
        18
      ]
    },
    {
      "point_number": 10,
      "point_content": "Better, easily available contraception is a major technological factor in the reduction of global fertility and significantly reduces birth rates.",
      "original_point_number": [
        19,
        27
      ]
    },
    {
      "point_number": 11,
      "point_content": "Children are healthier now, so parents have fewer children as insurance against child mortality.",
      "original_point_number": [
        20
      ]
    },
    {
      "point_number": 12,
      "point_content": "Raising children is expensive and has economic costs, which leads to fewer children being born in wealthy countries.",
      "original_point_number": [
        21
      ]
    },
    {
      "point_number": 13,
      "point_content": "The sizeable drop in the U.S. birth rate has probably occurred because of the struggling economy; birth rates tend to rise and fall based on how optimistic or pessimistic people feel.",
      "original_point_number": [
        22,
        23
      ]
    },
    {
      "point_number": 14,
      "point_content": "Since 2008, younger Americans have been waiting longer to get married, often because of economic difficulties, and married couples may be waiting longer to have kids or having fewer kids for the same reason.",
      "original_point_number": [
        24
      ]
    },
    {
      "point_number": 15,
      "point_content": "Economic growth leads to falling birth rates because children shift from being economic assets to economic burdens as societies develop education and pension systems.",
      "original_point_number": [
        25
      ]
    },
    {
      "point_number": 16,
      "point_content": "Improved education, especially for women, leads to delayed childbirth and fewer children.",
      "original_point_number": [
        26
      ]
    },
    {
      "point_number": 17,
      "point_content": "Changing social norms such as decline in marriage, more people remaining single, and prioritizing work over parenting contribute to falling birth rates.",
      "original_point_number": [
        28
      ]
    },
    {
      "point_number": 18,
      "point_content": "Uncertainty about the future, including economic uncertainty and concerns about global issues like climate change and Covid, reduces birth rates.",
      "original_point_number": [
        30
      ]
    },
    {
      "point_number": 19,
      "point_content": "Social expectations and norms about family size influence birth rates, with smaller families becoming the norm.",
      "original_point_number": [
        31
      ]
    },
    {
      "point_number": 20,
      "point_content": "Parenting is perceived as more time-intensive and demanding, which discourages having more children.",
      "original_point_number": [
        32
      ]
    }
  ]
}