{
  "question": "is neglect a form of abuse",
  "key_points": [
    {
      "point_number": 1,
      "point_content": "Neglect is the ongoing failure to meet a child's basic needs and is generally considered a form of child maltreatment, though some sources list it as a form of abuse while others argue it should not be categorized as abuse due to different antecedents, characteristics, effects, and managements.",
      "original_point_number": [
        1,
        2,
        7,
        14
      ]
    },
    {
      "point_number": 2,
      "point_content": "Neglect can take various forms, broadly categorized into four types: Physical neglect, Educational neglect, Emotional neglect, and Medical neglect.",
      "original_point_number": [
        3
      ]
    },
    {
      "point_number": 3,
      "point_content": "Neglect is defined as the neglectful failure to supply the needs of the child, including emotional needs, and is typically a non-deliberate failure by the responsible person, often related to lack of education, awareness, and socioeconomic deprivation, and is often unintentional.",
      "original_point_number": [
        4,
        8,
        12,
        13,
        15
      ]
    },
    {
      "point_number": 4,
      "point_content": "Deliberate and malicious withholding of needs, such as food, love, or necessities as punishment or to induce illness, is termed deprivational abuse, which is distinct from neglect; neglect is passive, usually sustained, and the carer is without motive and unaware of the damage being caused, unlike abuse which is an act of commission with motive.",
      "original_point_number": [
        5,
        6,
        8,
        9
      ]
    },
    {
      "point_number": 5,
      "point_content": "Examples of neglect include not providing food, shelter, or proper clothing; not providing adequate health care or medication; failing to prevent physical harm; any other omission that results in a risk of serious harm; and leaving an injured or sick person on their own for too long when that person is injured or unwell.",
      "original_point_number": [
        15,
        16
      ]
    },
    {
      "point_number": 6,
      "point_content": "Child abuse is defined as a parent or caregiver harming a child or putting a child at risk of harm, whereas child neglect differs in that it is typically caused by a lack of action on the part of the caregiver; both child abuse and child neglect threaten the health, safety, and development of a child and can result in a child welfare case.",
      "original_point_number": [
        10,
        11,
        12
      ]
    }
  ]
}