{
  "question": "is neglect a form of abuse",
  "key_points": {
    "null": [],
    "clueweb22-en0032-71-18306": [
      {
        "point_number": 1,
        "point_content": "Neglect is listed as a form of abuse.",
        "spans": [
          "Neglect includes not being provided with enough food or with the right kind of food, or not being taken proper care of.",
          "Leaving you without help to wash or change dirty or wet clothes, not getting you to a doctor when you need one or not making sure you have the right medicines all count as neglect."
        ]
      }
    ],
    "clueweb22-en0017-72-11612": [
      {
        "point_number": 1,
        "point_content": "Neglect is the ongoing failure to meet a child's basic needs and the most common form of child abuse.",
        "spans": [
          "Neglect is the ongoing failure to meet a child's basic needs and the most common form of child abuse"
        ]
      },
      {
        "point_number": 2,
        "point_content": "Neglect can be a lot of different things, which can make it hard to spot. But broadly speaking, there are 4 types of neglect: Physical neglect, Educational neglect, Emotional neglect, Medical neglect.",
        "spans": [
          "Neglect can be a lot of different things, which can make it hard to spot. But broadly speaking, there are 4 types of neglect.",
          "Physical neglect",
          "Educational neglect",
          "Emotional neglect",
          "Medical neglect"
        ]
      }
    ],
    "clueweb22-en0040-04-02925": [
      {
        "point_number": 1,
        "point_content": "Neglect is defined as the neglectful failure to supply the needs of the child, including emotional needs, and it is a non-deliberate failure by the responsible person.",
        "spans": [
          "“Neglect” is defined here, as the “neglectful” failure to supply the needs of the child, including emotional needs.",
          "We define “neglect” as the “neglectful failure to supply the needs of the child”. As such, it is a non-deliberate failure to provide the child’s needs by the responsible person."
        ]
      },
      {
        "point_number": 2,
        "point_content": "Deliberate and malicious withholding of needs is a form of abuse, termed deprivational abuse, and is distinct from neglect.",
        "spans": [
          "It does not include the deliberate and malicious withholding of needs, which is a form of abuse.",
          "The deliberate or malicious failure to supply the needs of a child we term “deprivational abuse”."
        ]
      },
      {
        "point_number": 3,
        "point_content": "Neglect is passive, usually sustained, and the carer is without motive and unaware of the damage being caused, unlike abuse which is an act of commission with motive.",
        "spans": [
          "Neglect has its roots in ignorance of a child’s needs and competing priorities; it is passive and usually sustained.",
          "The carer is without motive and unaware of the damage being caused.",
          "This definition explicitly excludes abuse, which is always an act of commission."
        ]
      },
      {
        "point_number": 4,
        "point_content": "Neglect and abuse are different entities with different antecedents, characteristics, effects, and managements; neglect should not be categorized as a form of abuse.",
        "spans": [
          "In this discussion paper we reject this view and consider neglect to be a separate entity with its own antecedents, characteristics, effects, and therefore managements.",
          "To fuse all forms of failure to act under the rubric of neglect, whether they are willful, forgetful, or from ignorance is to use the term in a way that creates an overlap between abuse and neglect to the detriment of both abused and neglected children."
        ]
      },
      {
        "point_number": 5,
        "point_content": "Neglect is related to lack of education, awareness, and socioeconomic deprivation, and is often unintentional, whereas abuse involves deliberate harm.",
        "spans": [
          "Neglect has a connotation of forgetfulness or failure because of stress, competing priorities, lack of education, or socioeconomic deprivation that are not the case with abuse.",
          "Neglect is thus much more common than abuse and directly related to the education and awareness of the caretaker."
        ]
      },
      {
        "point_number": 6,
        "point_content": "Deliberate withholding of food, love, or necessities as punishment or to induce illness is deprivational abuse, not neglect.",
        "spans": [
          "The behaviour of those that deliberately withhold food or other necessities of life from a child (including love) could never be described as neglectful.",
          "If forced isolation, food deprivation, or the withholding of love are used deliberately as punishments, sadistically, or to induce illness they should be termed “imprisonment”, “starvation”, or “emotional abuse”. It is “deprivational abuse” and should not be graced with the ameliorating nuance embodied in the much milder term neglect."
        ]
      }
    ],
    "clueweb22-en0032-60-10366": [
      {
        "point_number": 1,
        "point_content": "Child abuse and child neglect both threaten the health, safety, and development of a child, and both can result in a child welfare case.",
        "spans": [
          "Child abuse and child neglect both threaten the health, safety, and development of a child, and both can result in a child welfare case."
        ]
      },
      {
        "point_number": 2,
        "point_content": "Child abuse is defined as a parent or caregiver harming a child or putting a child at risk of harm.",
        "spans": [
          "Child abuse is defined as a parent or caregiver harming a child or putting a child at risk of harm."
        ]
      },
      {
        "point_number": 3,
        "point_content": "Child neglect differs from child abuse in that it is typically caused by a lack of action on the part of the caregiver.",
        "spans": [
          "Child neglect, while equally harmful to a child, differs from child abuse in that it is typically caused by a lack of action on the part of the caregiver."
        ]
      },
      {
        "point_number": 4,
        "point_content": "Neglect is the failure of a parent or caregiver to provide proper care for a child.",
        "spans": [
          "Neglect is the failure of a parent or caregiver to provide proper care for a child."
        ]
      }
    ],
    "clueweb22-en0004-58-13072": [
      {
        "point_number": 1,
        "point_content": "Neglect is included as a form of abuse.",
        "spans": [
          "Abuse includes the following forms:",
          "neglect, consisting of the failure to provide the necessities of life, which can cause serious harm"
        ]
      },
      {
        "point_number": 2,
        "point_content": "Neglect generally consists of when a family member who has a duty to care for a person fails to provide that person with basic needs.",
        "spans": [
          "Neglect",
          "Generally consists of when a family member who has a duty to care for a person fails to provide that person with basic needs"
        ]
      },
      {
        "point_number": 3,
        "point_content": "Examples of neglect include not providing food, shelter or proper clothing, not providing adequate health care or medication, failing to prevent physical harm, any other omission that results in a risk of serious harm, leaving an injured or sick person on their own for too long when that person is injured or unwell.",
        "spans": [
          "not providing food, shelter or proper clothing",
          "not providing adequate health care or medication",
          "failing to prevent physical harm",
          "any other omission that results in a risk of serious harm",
          "leaving an injured or sick person on their own for too long when that person is injured or unwell"
        ]
      }
    ]
  }
}