{
  "question": "how changing your mindset can help you embrace change",
  "key_points": [
    {
      "point_number": 1,
      "point_content": "Individuals with a growth mindset believe talent comes through effort and that abilities can be developed through dedication, perseverance, and the right strategy. This belief fosters a desire to learn, enabling them to embrace challenges and persevere through setbacks. They view effort as essential on the path to mastery and embrace it rather than shy away.",
      "original_point_number": [
        1,
        2,
        3
      ]
    },
    {
      "point_number": 2,
      "point_content": "Learning about the growth mindset can cause major shifts in how people view themselves and their lives.",
      "original_point_number": [
        4
      ]
    },
    {
      "point_number": 3,
      "point_content": "The brain is like a muscle that gets denser with exercise through the stages of learning. Neuroplasticity explains how neural pathways change due to experiences, allowing the brain to learn, improve capabilities, and develop new skills throughout life as long as it functions properly.",
      "original_point_number": [
        5,
        6
      ]
    },
    {
      "point_number": 4,
      "point_content": "Mindsets are powerful beliefs in the mind that can be changed.",
      "original_point_number": [
        7
      ]
    },
    {
      "point_number": 5,
      "point_content": "Changing your mindset requires self-awareness to identify situations that trigger a fixed mindset and observe when you fall into it.",
      "original_point_number": [
        8
      ]
    },
    {
      "point_number": 6,
      "point_content": "The process to change mindset involves: Step 1: Hear your fixed mindset voice. Step 2: Recognize you have a choice. Step 3: Respond with a growth mindset voice. Step 4: Take growth mindset action.",
      "original_point_number": [
        9
      ]
    },
    {
      "point_number": 7,
      "point_content": "After challenging the fixed mindset voice with a growth mindset, asking the right questions helps determine the appropriate action, as questions influence focus and reality.",
      "original_point_number": [
        10
      ]
    },
    {
      "point_number": 8,
      "point_content": "A fixed mindset is governed by fear; when the joy of growth exceeds the anxiety of safety, growth is chosen, but when anxiety dominates, one freezes.",
      "original_point_number": [
        11
      ]
    },
    {
      "point_number": 9,
      "point_content": "Mindset is part of identity, and shifting identity toward growth requires small, repeated actions to build a new and better self-concept.",
      "original_point_number": [
        12
      ]
    },
    {
      "point_number": 10,
      "point_content": "After identifying and refuting the fixed mindset voice, repeatedly taking growth-oriented actions through deliberate practice is key to changing mindset and developing new skills over time.",
      "original_point_number": [
        13
      ]
    }
  ]
}