{
  "question": "what are the challenges faced by the united nations in maintaining global security?",
  "key_points": [
    {
      "point_number": 1,
      "point_content": "The United Nations Security Council consists of 5 permanent members (China, France, Russia, United Kingdom, United States) with veto power, and 2 non-permanent members elected for 2-year terms; criticisms include abuse of veto power, lack of representation for rural countries and regions like Africa and Latin America, and lack of transparency and capacity in its dynamic cycle.",
      "original_point_number": [
        1,
        6,
        7,
        8
      ]
    },
    {
      "point_number": 2,
      "point_content": "The United Nations faces challenges from member states prioritizing national interests over international peace and security, including unwillingness to give up sovereign rights on security matters, complicating threat assessment, resource allocation, and peacekeeping efforts among 193 member states.",
      "original_point_number": [
        2,
        3,
        5
      ]
    },
    {
      "point_number": 3,
      "point_content": "The United Nations confronts threats including invasion by major powers or rogue states, civil wars, conflicts, genocide, and other contemporary challenges to international peace and security.",
      "original_point_number": [
        4,
        9
      ]
    },
    {
      "point_number": 4,
      "point_content": "Despite some achievements, the United Nations has failed to ensure equitable peace, security, and sustainable development globally, facing a strong need for total reform to regain member trust and overcome obstacles highlighted since its founding after World War II.",
      "original_point_number": [
        10,
        11,
        12,
        13,
        14
      ]
    },
    {
      "point_number": 5,
      "point_content": "UN peace efforts today face five major challenges: geopolitical aggression and intransigence causing protracted conflicts via proxy wars; relabelling conflicts as counter-terror struggles which neglects root causes and escalates violence; failed military interventions and regime changes causing distrust; forced displacement impacting neighboring countries with inadequate responses; and humanitarian challenges including resource shortages and attacks on aid workers.",
      "original_point_number": [
        15,
        16,
        17,
        18,
        19,
        20
      ]
    },
    {
      "point_number": 6,
      "point_content": "The United Nations faces the challenge of supporting all member states to realize the 17 Sustainable Development Goals (SDGs) by 2030, promoting social and economic prosperity, while governance challenges such as coordinating stakeholders, making trade-offs, and building accountability mechanisms are crucial to SDG implementation.",
      "original_point_number": [
        21,
        29,
        30,
        31,
        32
      ]
    },
    {
      "point_number": 7,
      "point_content": "The United Nations faces the challenge of effectively maintaining peace, a major objective of its Charter, with peacekeeping facing increasingly difficult challenges including attacks on peacekeepers, complex mandates, uneven political support, and the need for stronger partnerships, better training, equipment, and accountability.",
      "original_point_number": [
        22,
        23,
        24,
        25,
        26,
        27,
        28
      ]
    },
    {
      "point_number": 8,
      "point_content": "The global governance system has structural weaknesses exposed by the pandemic, with nationalist and inward-looking policies risking millions of lives and economic disaster; multilateral reform efforts face political polarization and geopolitical competition, including U.S.-China tensions undermining pandemic responses in major multilateral forums.",
      "original_point_number": [
        33,
        34,
        35,
        36
      ]
    },
    {
      "point_number": 9,
      "point_content": "Vaccine rollout faces major challenges including export controls disrupting supply, difficulties distributing vaccines especially in poorer countries, insufficient funding, vaccine hoarding by richer countries, and vaccine hesitancy driven by misinformation.",
      "original_point_number": [
        37,
        38,
        39,
        40,
        41
      ]
    },
    {
      "point_number": 10,
      "point_content": "The United Nations has set ending hunger, achieving food security and improved nutrition, and promoting sustainable agriculture as the second of its 17 Sustainable Development Goals for 2030; failure to address food security risks malnutrition, hunger, and conflict.",
      "original_point_number": [
        42,
        43
      ]
    },
    {
      "point_number": 11,
      "point_content": "Climate change is a major global challenge with risks of catastrophic outcomes if warming exceeds 2°C, requiring global cooperation and implementation of climate action plans.",
      "original_point_number": [
        44
      ]
    },
    {
      "point_number": 12,
      "point_content": "The global financial system faces challenges including slow growth, lack of trust, and limited access to financial services for many people and small businesses.",
      "original_point_number": [
        45
      ]
    },
    {
      "point_number": 13,
      "point_content": "Global trade and investment face challenges including the need to reform the global trade framework and address unease over globalization and adequacy of regulation.",
      "original_point_number": [
        46
      ]
    }
  ]
}