{
  "question": "what are the challenges faced by the united nations in maintaining global security?",
  "key_points": {
    "null": [],
    "clueweb22-en0026-49-04596": [
      {
        "point_number": 1,
        "point_content": "The United Nations Security Council is comprised of 5 permanent members (China, France, Russia, United Kingdom and the United States), with 2 non-permanent members elected for 2 year terms. All decisions on the UN peacekeeping agenda are subject to a veto by any of the 5 permanent members.",
        "spans": [
          "The United Nations Security Council is comprised of 5 permanent members (China, France, Russia, United Kingdom and the United States), with 2 non-permanent members elected for 2 year terms.",
          "All decisions on the UN peacekeeping agenda are subject to a veto by any of the 5 permanent members."
        ]
      },
      {
        "point_number": 2,
        "point_content": "Some states desire to put their own national interests above international peace and security, posing challenges to the UN.",
        "spans": [
          "despite these challenges posed by some states' desire to put their own national interests above international peace and security"
        ]
      },
      {
        "point_number": 3,
        "point_content": "One of the greatest challenges facing the United Nations is that some nations are unwilling to give up their sovereign rights over matters of security.",
        "spans": [
          "One of the greatest challenge facing the United Nations, is that some nations are unwilling to give up their sovereign rights over matters of security."
        ]
      },
      {
        "point_number": 4,
        "point_content": "The UN faces threats including invasion by major powers or rogue states, as well as civil wars or conflicts within states which threaten international peace and security.",
        "spans": [
          "This includes the threat of invasion by major powers or rogue states, as well as civil wars or conflicts within states which threaten international peace and security."
        ]
      },
      {
        "point_number": 5,
        "point_content": "The United Nations struggles with juggling the interests of 193 member states, managing threat assessment priorities and resource allocation.",
        "spans": [
          "The United Nations strives to maintain global security, but faces challenges in juggling the interests of 193 member states.",
          "Specifically, the UN grapples with managing threat assessment priorities and resource allocation."
        ]
      },
      {
        "point_number": 6,
        "point_content": "Criticism of the Security Council includes that its determination doesn't reflect the current world, rural countries are underrepresented, and there are no permanent members from Africa or Latin America.",
        "spans": [
          "Criticism of the Security Council revolves around the going with three issues: (1) Security Council determination doesn't reflect the current world; rural countries are under tended to, and there are no solid people from either Africa or Latin America;"
        ]
      },
      {
        "point_number": 7,
        "point_content": "The five permanent members have veto power and are accused of abusing their privileges.",
        "spans": [
          "(2) five astoundingly outrageous people like revoke power and dependably abuse their benefits;"
        ]
      },
      {
        "point_number": 8,
        "point_content": "There is a lack of transparency and capacity in the Security Council's dynamic cycle.",
        "spans": [
          "(3) there is a lack of straightforwardness and capacity in the Security Council's dynamic cycle."
        ]
      }
    ],
    "clueweb22-en0007-06-03315": [
      {
        "point_number": 1,
        "point_content": "The United Nations faces contemporary challenges of war, conflicts, genocide etc. in the world.",
        "spans": [
          "the contemporary challenges of war, conflicts, genocide etc. in the world"
        ]
      },
      {
        "point_number": 2,
        "point_content": "Despite some achievements, the UN failed to provide the necessary peace and security to ensure a leveled playing field in world politics and sustainable development among nations.",
        "spans": [
          "despite some of its achievements, the UN failed to provide the necessary peace and security that will ensure leveled playing field in world politics and sustainable development among nations"
        ]
      },
      {
        "point_number": 3,
        "point_content": "There is a strong need for total reform of the UN to gain the trust of its member nations.",
        "spans": [
          "The study among other recommendations suggests the strong need for total reform of the UN in order to gain the trust of its member nations"
        ]
      }
    ],
    "clueweb22-en0038-78-03830": [
      {
        "point_number": 1,
        "point_content": "The UN faced numerous challenges in performing its role as indicated in the Charter after World War II.",
        "spans": [
          "it faced Numerous challenges"
        ]
      },
      {
        "point_number": 2,
        "point_content": "Efforts such as Secretary Generals, Security Council and General Assembly resolutions, and reports like An Agenda for Peace did little to remove the obstacles.",
        "spans": [
          "Efforts of the Secretary Generals, SC and the GA resolutions, even comprehensive reports such as An Agenda for Peace, which aimed to adopt the UN's mechanism to the changing circumstances,did little to remove the obstacles"
        ]
      },
      {
        "point_number": 3,
        "point_content": "The UN confronts enormous challenges in adjusting to newly perceived relations, power and influence.",
        "spans": [
          "the UN confronts enormous challenges in adjusting to newly perceived relations, power and influence"
        ]
      }
    ],
    "clueweb22-en0002-95-17614": [
      {
        "point_number": 1,
        "point_content": "UN peace efforts face five big challenges today: Geopolitical aggression and intransigence, the practice of relabelling conflicts as counter-terror struggles, legacies of military intervention and regime change, panic over forced displacement, and struggling humanitarianism.",
        "spans": [
          "UN peace efforts face five big challenges today:",
          "Geopolitical aggression and intransigence: Conflicts are becoming protracted by intense rivalries between global powers and regional powers as they support proxies to wage war overseas.",
          "The practice of relabelling conflicts as counter-terror struggles: This tendency leads to the neglect of the factors and actors driving conflict and the erosion of space needed to build peace.",
          "Legacies of military intervention and regime change: Framed as interventions to counter terror, save civilians or remove rogue regimes, in case after case military intervention and regime change have failed to bring lasting stability or to defeat fundamentalist groups.",
          "Panic over forced displacement: As desperate people flee conflict zones, the impact of forced displacement is hitting neighbouring countries hardest and they are coping as best they can.",
          "Struggling humanitarianism: Undoubtedly humanitarians have a tough job."
        ]
      },
      {
        "point_number": 2,
        "point_content": "Geopolitical aggression and intransigence cause conflicts to become protracted due to rivalries between global and regional powers supporting proxies in wars like Syria and Yemen.",
        "spans": [
          "Geopolitical aggression and intransigence: Conflicts are becoming protracted by intense rivalries between global powers and regional powers as they support proxies to wage war overseas. The wars in Syria and Yemen are prime examples."
        ]
      },
      {
        "point_number": 3,
        "point_content": "Relabelling conflicts as counter-terror struggles leads to neglect of conflict factors and actors and erodes space needed to build peace, escalating violent conflict.",
        "spans": [
          "The practice of relabelling conflicts as counter-terror struggles: This tendency leads to the neglect of the factors and actors driving conflict and the erosion of space needed to build peace. We’ve seen this occur in high-profile cases like Syria, but also in Egypt, Turkey and elsewhere. When leaders use the pretext of counter-terror to crush dissent and political opposition, it escalates violent conflict rather than reducing it."
        ]
      },
      {
        "point_number": 4,
        "point_content": "Military intervention and regime change have failed to bring lasting stability or defeat fundamentalist groups, causing distrust of interventionism but risks in giving up on peaceful change.",
        "spans": [
          "Legacies of military intervention and regime change: Framed as interventions to counter terror, save civilians or remove rogue regimes, in case after case military intervention and regime change have failed to bring lasting stability or to defeat fundamentalist groups. On the one hand this has brought deep distrust of interventionism – but at the same time there are huge risks in simply giving up on supporting constructive, peaceful change in the face of repression."
        ]
      },
      {
        "point_number": 5,
        "point_content": "Forced displacement impacts neighbouring countries hardest, while Western governments make hasty deals to close borders, failing to address root causes.",
        "spans": [
          "Panic over forced displacement: As desperate people flee conflict zones, the impact of forced displacement is hitting neighbouring countries hardest and they are coping as best they can. Meanwhile, Western governments are making hasty deals to support border and security forces in transit countries to close their borders and shut the problem out. But this train, equip and ignore approach – as in the EU’s Khartoum Process – fails to address the root causes of the problem."
        ]
      },
      {
        "point_number": 6,
        "point_content": "Humanitarians face challenges with inadequate resources and difficulty defending humanitarian values, especially when UN Security Council members attack hospitals or convoys.",
        "spans": [
          "Struggling humanitarianism: Undoubtedly humanitarians have a tough job. The UN and others are making enormous efforts, with inadequate resources, to assist the victims of conflict. But they are not yet good enough at defending humanitarian values, working for prevention during crisis or empowering those affected by humanitarian crises to take the initiative. And if UN Security Council members – either directly or through allies they support – continue to bomb hospitals or attack humanitarian convoys, we are unlikely to see this change."
        ]
      }
    ],
    "clueweb22-en0026-57-07584": [
      {
        "point_number": 1,
        "point_content": "The United Nations faces the challenge of supporting and working with all member states to realize the 17 Sustainable Development Goals by 2030 to promote social and economic prosperity.",
        "spans": [
          "You have a new target date, which is 2030 for the new global development agenda and the realization of the Sustainable Development Goals.",
          "Can the United Nations support and work with all member states so that the 17 Sustainable Development Goals can be realized and thereby social and economic prosperity be promoted in the countries?"
        ]
      },
      {
        "point_number": 2,
        "point_content": "The United Nations faces the challenge of being effective in maintaining peace, which is a major objective of its Charter.",
        "spans": [
          "The second challenge is how effective can the United Nations be in maintaining peace, which is one of the major objectives of the Charter of the United Nations."
        ]
      }
    ],
    "clueweb22-en0036-04-05330": [
      {
        "point_number": 1,
        "point_content": "UN peacekeeping faces increasingly difficult challenges, including attacks against our peacekeepers, complex mandates, and uneven political support.",
        "spans": [
          "UN peacekeeping faces increasingly difficult challenges, including attacks against our peacekeepers, complex mandates, and uneven political support."
        ]
      },
      {
        "point_number": 2,
        "point_content": "Peacekeeping is essentially a collective endeavour: a partnership that requires all partners to step up and carry their share, including the Security Council, troop and police contributors, the UN Secretariat, regional organizations and host countries.",
        "spans": [
          "Peacekeeping is essentially a collective endeavour: a partnership.",
          "It only works if all partners step up and carry their share, including the Security Council, troop and police contributors, the UN Secretariat, regional organizations and host countries."
        ]
      },
      {
        "point_number": 3,
        "point_content": "Seventeen peacekeepers have lost their life due to acts of violence so far this year, compared to 26 in the same period last year, indicating ongoing threats to peacekeepers.",
        "spans": [
          "Seventeen peacekeepers have lost their life due to acts of violence so far this year, compared to 26 in the same period last year."
        ]
      },
      {
        "point_number": 4,
        "point_content": "Peacekeepers face significant threats in mission areas, requiring better protection and preparedness, such as improved camp protection and more patrols.",
        "spans": [
          "Many of our camps are better protected thanks to the use of more advanced systems that detect threats.",
          "Our peacekeepers in places such as Aguelhok and Tessalit are conducting more patrols to protect populations despite significant threats."
        ]
      },
      {
        "point_number": 5,
        "point_content": "There is a need for stronger support for political efforts, improved training, equipment and performance, and stronger partnerships to improve peacekeeping effectiveness.",
        "spans": [
          "This Declaration lays out a number of mutual commitments that aims to concretely improve the impact and effectiveness of our operations: stronger support for political efforts, stronger commitment to improve training, equipment and performance and stronger partnerships."
        ]
      },
      {
        "point_number": 6,
        "point_content": "Ensuring that all United Nations personnel maintain the highest standards of conduct and accountability is a challenge that requires continued work with Member States.",
        "spans": [
          "Ensuring that all United Nations personnel maintain the highest standards of conduct must be at the heart of our collective efforts.",
          "we must continue to work harder and closely with Member States who possess the authority to hold all categories of personnel accountable for criminal conduct."
        ]
      }
    ],
    "clueweb22-en0023-26-13474": [
      {
        "point_number": 1,
        "point_content": "Governance challenges are crucial to the implementation of the Sustainable Development Goals (SDGs) and their failure is linked to failures in governance.",
        "spans": [
          "governance challenges crucial to their implementation",
          "there numerous failures in governance everywhere"
        ]
      },
      {
        "point_number": 2,
        "point_content": "A key challenge is coordinating the right stakeholders at the right time and place to solve complex problems related to sustainable development.",
        "spans": [
          "how can we bring together the right stakeholders at the right time in the right place?",
          "It can be tough to get the relevant stakeholders working together at the right time and place to solve complex poverty and sustainability problems."
        ]
      },
      {
        "point_number": 3,
        "point_content": "Making difficult trade-offs among competing interests is a major governance challenge for achieving the SDGs.",
        "spans": [
          "how do we make difficult trade-offs?",
          "Making difficult trade-offs can be a major governance weakness"
        ]
      },
      {
        "point_number": 4,
        "point_content": "Building accountability mechanisms that link local, national, and international scales is essential for progress towards the SDGs.",
        "spans": [
          "how do we build in accountability for action?",
          "A final key challenge is ensuring responsibility and accountability for progress towards meeting the SDGs."
        ]
      }
    ],
    "clueweb22-en0000-30-04742": [
      {
        "point_number": 1,
        "point_content": "The outbreak has laid bare divergent national approaches to managing global epidemiological interdependence and exposed broader structural weaknesses in the global governance system.",
        "spans": [
          "the outbreak has laid bare divergent national approaches to managing global epidemiological interdependence and exposed broader structural weaknesses in the global governance system"
        ]
      },
      {
        "point_number": 2,
        "point_content": "Nationalist and inward-looking policies could lead to the loss of millions of lives and global economic disaster.",
        "spans": [
          "Nationalist and inward-looking policies could lead to the loss of millions of lives and global economic disaster"
        ]
      },
      {
        "point_number": 3,
        "point_content": "Any multilateral reform efforts will encounter strong headwinds in a climate of political polarization and geopolitical competition.",
        "spans": [
          "any multilateral reform efforts will encounter strong headwinds in a climate of political polarization and geopolitical competition"
        ]
      },
      {
        "point_number": 4,
        "point_content": "Growing U.S.-China tensions and lack of global leadership have undercut pandemic response efforts within the World Health Organization, the Group of Twenty, the United Nations, and other major multilateral forums.",
        "spans": [
          "Growing U.S.-China tensions and lack of global leadership have undercut pandemic response efforts within the World Health Organization, the Group of Twenty, the United Nations, and other major multilateral forums"
        ]
      }
    ],
    "clueweb22-en0010-46-04562": [
      {
        "point_number": 1,
        "point_content": "Export controls on vaccines and related supplies cause major disruptions to vaccine rollouts and prolong the pandemic.",
        "spans": [
          "Several countries also placed export controls on vaccines, prompting WHO to warn against “vaccine nationalism”, which encourages hoarding, and has the effect of pushing prices up and ultimately prolonging the pandemic, the restrictions needed to contain it, and human and economic suffering.",
          "Getting doses into people’s arms requires a complex global supply chain. From the ingredients needed to produce the vaccine, to the glass and plastic stoppers and tubes, to the syringes. Because of this, export bans or controls on any of these products can cause major disruptions to vaccine rollouts."
        ]
      },
      {
        "point_number": 2,
        "point_content": "Difficulties in distributing vaccines within countries, especially in poorer countries, limit access to vaccines beyond urban centers.",
        "spans": [
          "Whilst all of the countries that are part of COVAX have the infrastructure needed to get pallets of vaccines off cargo planes and into refrigerated warehouses, the next steps can be more complicated.",
          "other countries, such as those in Francophone West Africa, have found it difficult to muster the resources needed to divide up doses and distribute them throughout their territory to the towns and villages where they’re needed. This means that, in many poorer countries, most doses are being distributed in large urban centres"
        ]
      },
      {
        "point_number": 3,
        "point_content": "Insufficient funding hampers vaccine rollout and delivery in the poorest countries.",
        "spans": [
          "Funding is a perennial concern, even in pandemic response",
          "To continue providing vaccines to its 190 members, COVAX needs at least $3.2 billion in 2021.",
          "UNICEF estimates that an additional $2 billion is needed to help the poorest 92 countries to pay for essentials such as fridges, health worker training, expenses for vaccinators, and fuel for the refrigerated delivery trucks"
        ]
      },
      {
        "point_number": 4,
        "point_content": "Richer countries hoarding vaccines and not sharing excess doses delays global vaccination efforts.",
        "spans": [
          "COVAX is finding itself in competition with individual countries doing direct deals with pharmaceutical companies, putting extra pressure on the available supply of COVID-19 vaccines.",
          "We’re calling on these countries to share their excess doses, and engage with COVAX and UNICEF as soon as possible",
          "Unfortunately, we’re not currently seeing too many high-income countries willing to share.",
          "The current ‘me first’ approach favours those who can pay most and will ultimately cost more financially, and in terms of lives"
        ]
      },
      {
        "point_number": 5,
        "point_content": "Vaccine hesitancy driven by misinformation remains a challenge to achieving global vaccination.",
        "spans": [
          "Despite the overwhelming evidence that vaccination saves lives, vaccine hesitancy, which exists in every country, is still a problem that needs to be constantly addressed.",
          "This phenomenon is partly driven by misinformation surrounding all aspects of COVID-19",
          "WHO is working hard to combat it, as well as building trust in vaccines, and engaging different communities"
        ]
      }
    ],
    "clueweb22-en0010-56-13555": [
      {
        "point_number": 1,
        "point_content": "The United Nations has set ending hunger, achieving food security and improved nutrition, and promoting sustainable agriculture as the second of its 17 Sustainable Development Goals (SDGs) for the year 2030.",
        "spans": [
          "The United Nations has set ending hunger, achieving food security and improved nutrition, and promoting sustainable agriculture as the second of its 17 Sustainable Development Goals (SDGs) for the year 2030."
        ]
      },
      {
        "point_number": 2,
        "point_content": "The risks if we fail to address food security include malnutrition, hunger and even conflict.",
        "spans": [
          "The risks if we fail? Malnutrition, hunger and even conflict."
        ]
      },
      {
        "point_number": 3,
        "point_content": "The challenge of climate change is a major global issue with risks of catastrophic climate change if warming is not limited to 2°C, requiring global cooperation and implementation of climate action plans.",
        "spans": [
          "Policy-makers have been advised by the Intergovernmental Panel on Climate Change that there is a high risk of catastrophic climate change if warming is not limited to 2°C.",
          "The historic agreement reached in Paris in December 2015 outlines a global commitment to keep warming to 2°C and to strive to limit global temperature rise to 1.5°C.",
          "Under the agreement, every country will implement its own climate action plan that will be reviewed in 2018 and then every five years to ratchet up ambition levels."
        ]
      },
      {
        "point_number": 4,
        "point_content": "The global financial system faces challenges including slow growth, lack of trust, and lack of access to financial services for many people and small businesses.",
        "spans": [
          "Several years after the crisis, the world economy is still struggling with slow growth, unconventional monetary policy in major economies, and constrained government budgets.",
          "The crisis also caused a significant drop in levels of public trust and confidence in financial institutions.",
          "Providing access to credit and savings is a major challenge in the battle against global poverty – yet 2 billion people do not have access to high-quality, affordable financial services. Additionally, there are 200 million small and medium-sized enterprises worldwide that have no access to formal financial services."
        ]
      },
      {
        "point_number": 5,
        "point_content": "The challenge of global trade and investment includes the need to reform the global trade framework and address unease over globalization and regulation adequacy.",
        "spans": [
          "Despite fundamental changes in the way business is done across borders, international regulations and agreements have not evolved at the same speed.",
          "In addition, negotiations to reach a new global trade agreement have stalled.",
          "There is a pressing need to reform the global trade framework. We also need to address the growing unease over globalization, which is evident from the number of questions being asked about the power of corporations and the adequacy of the regulations governing employment, environmental issues and taxation."
        ]
      }
    ]
  }
}