{
  "question": "what steps have legislatures taken to deal with the problem of court delay?",
  "key_points": [
    {
      "point_number": 1,
      "point_content": "Judges may grant continuances in criminal cases only when a party shows good cause for needing the delay; motions to continue are disfavored and denied unless the ends of justice require a continuance.",
      "original_point_number": [
        1,
        3
      ]
    },
    {
      "point_number": 2,
      "point_content": "A criminal defendant has a constitutional right to a speedy trial under the Sixth Amendment, which limits delays.",
      "original_point_number": [
        2
      ]
    },
    {
      "point_number": 3,
      "point_content": "The party's motion for continuance must explain why the delay is necessary, what amount of time is needed, and what good cause exists for making the request.",
      "original_point_number": [
        4
      ]
    },
    {
      "point_number": 4,
      "point_content": "Good cause for a continuance can include scheduling changes for convenience, ensuring a fair trial with adequate preparation time, and factors beyond a party’s control increase likelihood of granting the motion.",
      "original_point_number": [
        5,
        6
      ]
    },
    {
      "point_number": 5,
      "point_content": "Repeated requests for continuances without good cause will be denied and may result in reprimand of the lawyer.",
      "original_point_number": [
        7
      ]
    },
    {
      "point_number": 6,
      "point_content": "Some states limit the number of continuances a prosecutor can get to protect victims and uphold speedy trial rights; prosecutors have more restrictions and must bring a case to trial within the speedy trial window unless the defendant waives time.",
      "original_point_number": [
        8,
        11
      ]
    },
    {
      "point_number": 7,
      "point_content": "A party may make a motion for continuance on the day of the hearing or trial, but last-minute requests due to procrastination are likely to be denied.",
      "original_point_number": [
        9
      ]
    },
    {
      "point_number": 8,
      "point_content": "Defendants often ask for continuances to find an attorney, prepare for trial, find or secure witnesses, due to illness or accident, or to hire a new attorney.",
      "original_point_number": [
        10
      ]
    },
    {
      "point_number": 9,
      "point_content": "If a judge denies a continuance, parties may challenge the denial by filing an appeal or a writ in a higher court.",
      "original_point_number": [
        12
      ]
    },
    {
      "point_number": 10,
      "point_content": "Legislators can attempt to force negotiation on a bill by slowing down the legislative process using chubbing, filibuster, and objecting to a local and consent bill.",
      "original_point_number": [
        13
      ]
    },
    {
      "point_number": 11,
      "point_content": "Statutes and court rules have tried to control judicial delays; judges may be subject to oversight and discipline for persistent failures to decide matters timely or accurately report their backlog.",
      "original_point_number": [
        14,
        19
      ]
    },
    {
      "point_number": 12,
      "point_content": "Passed in 1990, United States Code, Title 28, §476(a)(3) requires making public the names of judges who let cases go too long without decisions or judgment.",
      "original_point_number": [
        15
      ]
    },
    {
      "point_number": 13,
      "point_content": "Reports must be filed if motions and trials have been pending more than six months without decision, and cases not ended within three years of filing.",
      "original_point_number": [
        16
      ]
    },
    {
      "point_number": 14,
      "point_content": "Some states have statutory or court rule time limits for decisions: Quebec mandates six months for ordinary civil actions; Louisiana requires decisions within 30 days of submission.",
      "original_point_number": [
        17,
        18
      ]
    },
    {
      "point_number": 15,
      "point_content": "Delays exceeding time limits require filing reports; untimely decisions or failure to document cases may subject judges to discipline.",
      "original_point_number": [
        19,
        20
      ]
    },
    {
      "point_number": 16,
      "point_content": "In Michigan, the '910 Report' must be filed after a matter is under advisement for more than 90 days, specifying case details, reasons for delay, and estimated time to resolve.",
      "original_point_number": [
        21,
        22
      ]
    },
    {
      "point_number": 17,
      "point_content": "In Indiana, Trial Rules 53.1 and 53.2 ('lazy judge' rules) require trial courts to render decisions within 90 days, extendable only by Indiana Supreme Court order.",
      "original_point_number": [
        23
      ]
    },
    {
      "point_number": 18,
      "point_content": "Legislature has enacted the Arbitration and Conciliation Act, 1996 and amended the Civil Procedure Code to address court delays.",
      "original_point_number": [
        24
      ]
    },
    {
      "point_number": 19,
      "point_content": "Section 89 of the Civil Procedure Code encourages settlement of disputes outside court to reduce delays.",
      "original_point_number": [
        25
      ]
    },
    {
      "point_number": 20,
      "point_content": "The concept of online Alternative Dispute Resolution (ADR) is gaining recognition as a measure to reduce court delays.",
      "original_point_number": [
        26
      ]
    },
    {
      "point_number": 21,
      "point_content": "The Supreme Court has taken steps to implement the right to speedy trial under Article 21 of the Constitution, emphasizing trial without undue delay.",
      "original_point_number": [
        27
      ]
    },
    {
      "point_number": 22,
      "point_content": "The judiciary has the responsibility to dispose of cases within a reasonable time and limit adjournments to exceptional circumstances.",
      "original_point_number": [
        28
      ]
    },
    {
      "point_number": 23,
      "point_content": "Legislatures have considered reforms such as increasing the judge to population ratio and establishing special tribunals to expedite case disposal.",
      "original_point_number": [
        29
      ]
    },
    {
      "point_number": 24,
      "point_content": "Legislatures have promoted arbitration and Lok Adalats for speedy disposal of small and petty cases.",
      "original_point_number": [
        30
      ]
    },
    {
      "point_number": 25,
      "point_content": "Amendments are required to prevent procedural delays and ensure adequate courts and timely appointment of judges.",
      "original_point_number": [
        31
      ]
    }
  ]
}