{
  "question": "how did the civil war begin",
  "key_points": [
    {
      "point_number": 1,
      "point_content": "The Civil War began in April 1861 when Confederate forces under General P.G.T. Beauregard fired on Union-held Fort Sumter in Charleston Harbor, South Carolina, after Lincoln ordered a fleet to resupply the fort, leading to its surrender on April 13.",
      "original_point_number": [
        1,
        2,
        3,
        17,
        34,
        37,
        46,
        47,
        49,
        50,
        56,
        57,
        58
      ]
    },
    {
      "point_number": 2,
      "point_content": "Following the attack on Fort Sumter, President Abraham Lincoln issued a proclamation calling for 75,000 volunteer soldiers to suppress the Southern insurrection, which prompted additional Southern states to secede and join the Confederacy.",
      "original_point_number": [
        4,
        39,
        45,
        54,
        60
      ]
    },
    {
      "point_number": 3,
      "point_content": "By 1860, the majority of slave states threatened secession if the anti-slavery Republican Party won the presidency; after Abraham Lincoln's victory in November 1860, South Carolina initiated secession proceedings, followed by six more Southern states, forming the Confederate States of America with Jefferson Davis as president.",
      "original_point_number": [
        5,
        6,
        7,
        9,
        11,
        12,
        14,
        16,
        19,
        20,
        24,
        25,
        26,
        27,
        29,
        31,
        51,
        52,
        55
      ]
    },
    {
      "point_number": 4,
      "point_content": "The Southern states seized federal forts, arsenals, and other strategic locations within their boundaries with little resistance from outgoing President James Buchanan, asserting their right to secede and control federal property, which the U.S. government refused to recognize.",
      "original_point_number": [
        8,
        21,
        28,
        30,
        59
      ]
    },
    {
      "point_number": 5,
      "point_content": "The central cause of the Civil War was the status of slavery, especially its expansion into new territories, with Southern states seceding primarily to defend slavery and the society built upon it, despite other factors like states’ rights, economic differences, and fear of Federal coercion.",
      "original_point_number": [
        13,
        15,
        18,
        41,
        42,
        43,
        48,
        53,
        61,
        62
      ]
    },
    {
      "point_number": 6,
      "point_content": "The last-minute Crittenden Compromise attempted to avert conflict but failed; both sides then prepared for war, leading to the outbreak of fighting in April 1861.",
      "original_point_number": [
        22,
        23
      ]
    },
    {
      "point_number": 7,
      "point_content": "When Abraham Lincoln was inaugurated on March 4, 1861, seven states had seceded, and in his inaugural address, he declared secession legally void, stating he had no intent to invade Southern states or end slavery where it existed, but would use force to maintain possession of federal property.",
      "original_point_number": [
        12,
        31,
        32,
        33
      ]
    }
  ]
}