{
  "question": "should nasa be privatized",
  "key_points": [
    {
      "point_number": 1,
      "point_content": "NASA is opening the International Space Station to private astronauts and allowing companies to bid for new activities, enabling commercial manufacturing and production in space, and is replicating the satellite industry's shift from government-owned to commercial to drive innovation and reduce costs.",
      "original_point_number": [
        1,
        3
      ]
    },
    {
      "point_number": 2,
      "point_content": "NASA's partnerships with private companies lower the cost and risk of doing business in space, drive innovation, and include programs like the 'Tipping Point' awards and the Commercial Crew program to develop important space technologies, save money, and end reliance on Russian spacecraft.",
      "original_point_number": [
        2,
        4,
        5
      ]
    },
    {
      "point_number": 3,
      "point_content": "The private sector has the edge on the government in space technology and capabilities, and NASA and NRO have advanced private-sector capabilities through lucrative contracts.",
      "original_point_number": [
        6,
        7
      ]
    },
    {
      "point_number": 4,
      "point_content": "The Space Act of 2015 gave corporations and individuals ownership over the resources they extract from space.",
      "original_point_number": [
        8
      ]
    },
    {
      "point_number": 5,
      "point_content": "Proponents argue that private companies can reach farther, faster and cheaper than the government, and divvying up the mission is essential for maximizing American interests.",
      "original_point_number": [
        9
      ]
    },
    {
      "point_number": 6,
      "point_content": "The risk for privatization of national security is greatest in space and it already has begun; the private sector could be an equally dangerous threat to space assets as foreign adversaries, with risks including monopolies, loss of democratic voice, environmental catastrophes, lack of accountability, and reduced information sharing.",
      "original_point_number": [
        10,
        14,
        15
      ]
    },
    {
      "point_number": 7,
      "point_content": "A majority of Americans want the government to remain in control of launching military satellites, but this majority is smaller among younger people.",
      "original_point_number": [
        11
      ]
    },
    {
      "point_number": 8,
      "point_content": "The federal government’s neglect of the space program and laws that aren’t sophisticated enough have assured a private-sector monopoly.",
      "original_point_number": [
        12
      ]
    },
    {
      "point_number": 9,
      "point_content": "The intelligence community has not considered what space with a strong private-sector presence would look like, which is a problem.",
      "original_point_number": [
        13
      ]
    },
    {
      "point_number": 10,
      "point_content": "Space will be dominated by billionaires advancing their interests rather than America's interests, making it virtually out of government reach.",
      "original_point_number": [
        16
      ]
    },
    {
      "point_number": 11,
      "point_content": "NRO has a long history of providing space-based intelligence and supporting military and disaster relief operations, but has done little to publicly demonstrate its presence and worth, which is necessary to counter the privatization trend; NRO needs to lead the discussion on space privatization and make its findings public to inform the American public.",
      "original_point_number": [
        17,
        18,
        19
      ]
    },
    {
      "point_number": 12,
      "point_content": "James Cameron supports privatized space exploration, suggesting that the president's anemic NASA budget will clear the way for competitive market forces to jump-start the industry.",
      "original_point_number": [
        20
      ]
    },
    {
      "point_number": 13,
      "point_content": "Some praise Obama's plan to divert national funding to private aeronautics companies, but not everyone supports deprioritizing NASA; Charles Krauthammer worries that the U.S. will fall behind other nations in space if NASA is deprioritized and privatization takes a long time to develop.",
      "original_point_number": [
        21,
        22
      ]
    },
    {
      "point_number": 14,
      "point_content": "John Logsdon argues that NASA's human spaceflight missions provide intangible but substantial benefits like international prestige and national pride, best produced by federal initiatives.",
      "original_point_number": [
        23
      ]
    },
    {
      "point_number": 15,
      "point_content": "Esther Dyson supports a combination of public funds and private development, citing the Internet's development as an example where private investment made technology a vibrant public resource.",
      "original_point_number": [
        24
      ]
    },
    {
      "point_number": 16,
      "point_content": "James Bacchus notes that the president's vision for a private space industry aligns with free private enterprise, not socialism.",
      "original_point_number": [
        25
      ]
    }
  ]
}