{
  "question": "what training and education should police officers have to improve police – juvenile interactions?",
  "key_points": [
    {
      "point_number": 1,
      "point_content": "Police officers receive training about the teen brain, including its short-term thinking, irrational nature, ongoing development until age 25, poor decision-making capabilities, impulsive behavior, and the impact of arresting a child in front of a parent.",
      "original_point_number": [
        1,
        2,
        5
      ]
    },
    {
      "point_number": 2,
      "point_content": "Police officers receive training on how witnessing violence, mental health issues, or substance abuse can disadvantage teens.",
      "original_point_number": [
        3
      ]
    },
    {
      "point_number": 3,
      "point_content": "Most police officers receive little to no training on how to deal with young people and understand how kids differ from adults.",
      "original_point_number": [
        4
      ]
    },
    {
      "point_number": 4,
      "point_content": "Training includes educating parents on how to limit trauma and exposure to violence for their children.",
      "original_point_number": [
        6
      ]
    },
    {
      "point_number": 5,
      "point_content": "Role playing scenarios with teens and officers help both groups understand each other's perceptions and feelings during encounters.",
      "original_point_number": [
        7
      ]
    },
    {
      "point_number": 6,
      "point_content": "Cleveland Police Chief has committed to teen brain and trauma training for all officers and is formulating new policies for youth interactions.",
      "original_point_number": [
        8
      ]
    },
    {
      "point_number": 7,
      "point_content": "Training goals include building relationships with youth, making community connections, identifying alternatives to arrest, and socializing youth to community rules and police roles.",
      "original_point_number": [
        9
      ]
    },
    {
      "point_number": 8,
      "point_content": "The patrol officer training curriculum 'Effective Police Interactions with Youth' is a one-day training class that teaches patrol officers about adolescent development and how to interact better with youth.",
      "original_point_number": [
        10
      ]
    },
    {
      "point_number": 9,
      "point_content": "The goal of the training program is to reduce the likelihood that interactions between police and youth will result in police action or negative outcomes for youth, particularly minority youth.",
      "original_point_number": [
        11
      ]
    },
    {
      "point_number": 10,
      "point_content": "Greater police training emphasizes de-escalation and other nonlethal tactics when confronting suspects, including cultural sensitivity, implicit bias and discrimination recognition, peaceful conflict resolution, chronic and mental illness recognition, and problem-oriented policing.",
      "original_point_number": [
        12,
        14
      ]
    },
    {
      "point_number": 11,
      "point_content": "The police officers of the City of Sacramento will receive training that is nationally recognized as the best practices in community policing strategies.",
      "original_point_number": [
        13,
        15
      ]
    }
  ]
}