{
  "question": "does internet need to be controlled by the government?",
  "key_points": {
    "null": [],
    "clueweb22-en0016-17-13420": [
      {
        "point_number": 1,
        "point_content": "The importance of Internet censorship has risen due to the growing number of internet users worldwide, supporting the belief that the Internet should be regulated by Governments.",
        "spans": [
          "Because of the internet popularizing trend, the importance of Internet censorship has also risen.",
          "I believe that the Internet should be regulated by the Governments."
        ]
      },
      {
        "point_number": 2,
        "point_content": "Internet regulation is important to protect children from easily accessible harmful content such as pornography.",
        "spans": [
          "Public health is one reason supporting regulation on the Internet.",
          "Nowadays, many pornography sites can be accessed easily by just clicking “I’m above 18.”.",
          "Thus, Internet control has become important to protect children."
        ]
      },
      {
        "point_number": 3,
        "point_content": "Different countries have laws or systems to regulate offensive and obscene content on the Internet.",
        "spans": [
          "In United States, Communications Decency Act (CDA), established in 1996, regulates on offensive and obscenity content [23].",
          "For Hong Kong, there is also law for obscene and violence control. It is called “Control of Obscene and Indecent Articles Ordinance” (Chapter 390) [14].",
          "internet censorship in China is mainly held by filtering systems, or firewall.",
          "A common blocking system in China would be Green Dam Youth Escort (Green Dam) [20].",
          "It is designed to filter illegal contents."
        ]
      },
      {
        "point_number": 4,
        "point_content": "Cyber-bullying causes psychological harm and governments have enacted laws to prevent it, showing the need for regulation.",
        "spans": [
          "Problem of cyber-bullying is also one factor affecting public health.",
          "To prevent cyber-bullying, American has established the “Megan Meier Cyber-bullying Prevention Act”, this is one of the first cyber-bullying laws that protects children and adults from disturbs."
        ]
      },
      {
        "point_number": 5,
        "point_content": "Regulating the Internet helps protect copyrights and supports economic interests by providing a fair competition environment.",
        "spans": [
          "Protecting copyright would help providing a fair competition environment.",
          "As a result, Governments establish laws to accuse infringing on Copyrights currently, including film industry, music industry, etc., mainly related to creativity."
        ]
      },
      {
        "point_number": 6,
        "point_content": "Governments regulate sensitive political content on the Internet to protect national security and prevent illegal activities.",
        "spans": [
          "Sensitive contents, mainly related to religion and politics, are usually filtered.",
          "In United States, Foreign Intelligence Surveillance Act (FISA) was introduced on May 18, 1977. [22].",
          "It limits foreign governments, groups, or individuals (e.g. spies), that would cause international terrorism, and attacks.",
          "In China, filtering is required for protecting citizen from misconduct contents."
        ]
      },
      {
        "point_number": 7,
        "point_content": "Internet filtering and blocking can limit information transmission but is beneficial to governments for controlling negative information.",
        "spans": [
          "Based on BBC News, search engine Google was blocked by China [1][3].",
          "This shows that, when filtering or blocking is carried out, information transmission is limited.",
          "This would be beneficial to the Government."
        ]
      },
      {
        "point_number": 8,
        "point_content": "Internet regulation is necessary despite its imperfections, as it helps protect social, economic, and political interests.",
        "spans": [
          "Internet censorship would be beneficial on social, economical and political areas, protecting privacy and intelligence property, keeping social order and public health.",
          "It is clear that Internet-censorship is necessary as Governments in different countries are already taking actions to control the Internet.",
          "Though there is such disadvantage, I believe internet should still be regulated by the government."
        ]
      },
      {
        "point_number": 9,
        "point_content": "Effective internet regulation should include laws and consequences for violations, balancing discipline and freedom of speech.",
        "spans": [
          "To me, an effective regulation should extend to set up laws only.",
          "Citizens would know that he/she need to take consequence even on virtual world.",
          "Person violating laws would be arrested, where there is room for the freedom of speech on the Internet."
        ]
      }
    ],
    "clueweb22-en0023-97-12749": [
      {
        "point_number": 1,
        "point_content": "The proposed change to ICANN bylaws would enhance the power of governments within ICANN, many of which are hostile to an open and free Internet, posing a threat to Internet security, stability, and openness.",
        "spans": [
          "the proposed change would enhance the power of governments, many of which are hostile to an open and free Internet, within ICANN",
          "Therefore, it poses a threat to Internet security, stability, and openness."
        ]
      },
      {
        "point_number": 2,
        "point_content": "GAC advice is hierarchical and top-down from governments alone, lacking the legitimacy of multi-stakeholder recommendations, and the proposal to give it more power runs counter to ICANN's multi-stakeholder decision-making process.",
        "spans": [
          "Advice from the GNSO Council is the product of bottom-up development from multiple stakeholders.",
          "By contrast, GAC advice is the product of hierarchical, top-down direction from governments alone",
          "Essentially an effort to have a last-word veto, the GAC proposal runs counter to ICANN's commitment to a multi-stakeholder decision-making process."
        ]
      },
      {
        "point_number": 3,
        "point_content": "Raising the threshold for rejecting GAC advice would increase government power in Internet policy, risking domination by authoritarian governments and undermining the multi-stakeholder model.",
        "spans": [
          "By raising the threshold for rejecting GAC advice, the proposal would increase the power of governments in determining Internet policy.",
          "Raising the bar for rejecting GAC advice, as the proposed change would do, could allow authoritarian governments to dominate ICANN as they dominate other international organizations, such as the U.N. General Assembly."
        ]
      },
      {
        "point_number": 4,
        "point_content": "The U.S. government opposes replacing its supervisory role with a government-led or inter-governmental organization solution, as it would threaten Internet security, stability, and openness.",
        "spans": [
          "the U.S. will \"not accept a proposal that replaces the NTIA role with a government-led or an inter-governmental organization solution.\"",
          "Enhancing the power of governments, many of which are hostile to an open and free Internet, would threaten the security, stability, and openness of the Internet."
        ]
      },
      {
        "point_number": 5,
        "point_content": "The ICANN board should oppose any bylaw changes that increase governmental influence and erode its independence to maintain Internet openness and security.",
        "spans": [
          "The ICANN board should oppose any change to its bylaws that would erode its independence and increase governmental influence in its operations."
        ]
      }
    ],
    "clueweb22-en0010-47-14932": [
      {
        "point_number": 1,
        "point_content": "Government control has lowered the crime rate significantly by monitoring suspicious terrorists online.",
        "spans": [
          "with the development of government control (such as the online monitor of suspicious terrorists)   in past decades has lowered the crime rate significantly"
        ]
      },
      {
        "point_number": 2,
        "point_content": "Government should block specific websites in schools to protect children from inappropriate content and cyberbullying.",
        "spans": [
          "Government should block the specific website. Government should advice the school authorities to block the specific website such as Facebook, Instagram and etc in their school computers so that the students cannot access to the website or pages are not related to studies because the internet can damage the mind of children by watching inappropriate advertisements and poops up while they are watching videos. Besides, It can also easily access to cyber bullying such as getting messages and spam from strangers."
        ]
      },
      {
        "point_number": 3,
        "point_content": "Government control could help block harmful content and keep children safe online.",
        "spans": [
          "The government could be able to block content from which are children could get to easily but if they took control then we could know that even if are children are on the internet there safe and not looking at wrong content from which some of even US are uploading on the internet"
        ]
      },
      {
        "point_number": 4,
        "point_content": "Government control could prevent children from talking to predators online.",
        "spans": [
          "It could be stoped   but you are too into the fact you'd loose privacy but get this if you aren't doing illegal shit no body would give a fuck so choose to do what's right don't be a dumbass and the government will not need to watch you and btw they already do"
        ]
      },
      {
        "point_number": 5,
        "point_content": "Government control is needed to protect people from dangers on the internet.",
        "spans": [
          "The Internet is so dangerous at some points and the government need to protect people's daily life."
        ]
      },
      {
        "point_number": 6,
        "point_content": "Government control of the internet would be censorship and violate free speech.",
        "spans": [
          "Government control of the internet would allow  the government to determine what content users may access. Any blocking or prohibiting of accessing sites is arguably censorship."
        ]
      },
      {
        "point_number": 7,
        "point_content": "The internet should be self-regulated by individuals, not controlled by the government.",
        "spans": [
          "The Internet should be self regulated by the individual, not the government."
        ]
      },
      {
        "point_number": 8,
        "point_content": "Government control of the internet is a monumental task, often oppressive, and ineffective.",
        "spans": [
          "Trying to control the Internet would be a monumental task and cost a fortune to implement. There are countries that have tried to control what their citizens have access to and it is considered to be oppressive and hostile. It is also ineffective because the only people they are able to truly control are the ones that already follow the government doctrines."
        ]
      },
      {
        "point_number": 9,
        "point_content": "Government control infringes on privacy and should only be allowed if a person is a threat to the nation.",
        "spans": [
          "The government should not be controlling what I do on the internet.   I think they should only control a persons internet data if the reason to believe that that person is a threat to our nation."
        ]
      },
      {
        "point_number": 10,
        "point_content": "Government control of the internet would violate people's privacy and is unnecessary as law violators are already penalized.",
        "spans": [
          "The government should not control the internet at all. The internet is fine as it is right now. Those who do violate the law already get penalized, so I see no concrete reason as to why the government should take control of the world wide web. This would also result in the violation of people's privacy."
        ]
      }
    ],
    "clueweb22-en0036-16-04768": [
      {
        "point_number": 1,
        "point_content": "Net neutrality policies were officially implemented by the Federal Communications Commission (FCC) in 2015, classifying the internet as a regulated utility under the 1934 Telecommunications Act.",
        "spans": [
          "Net neutrality policies were officially imple... under the 1934 Telecommunications Act."
        ]
      },
      {
        "point_number": 2,
        "point_content": "Advocates of net neutrality argue that ISP’s would throttle the speed at which users could access certain websites and charge fees to websites for unencumbered user access without net neutrality.",
        "spans": [
          "Advocates of net neutrality argued that ISP’s would throttle (diminish) the speed at which users could access certain websites, unless net neutrality was implemented.",
          "Advocates also claimed that ISP’s would eventually charge fees to websites in return for unencumbered user access to those sites."
        ]
      },
      {
        "point_number": 3,
        "point_content": "Skeptics of net neutrality argue that the government is poorly suited to regulate the internet and that net neutrality harms economic prosperity and the free flow of information.",
        "spans": [
          "Skeptics of net neutrality argue that the government is poorly suited to regulate such a vast and changing communications tool.",
          "Net neutrality, in their view, harms economic prosperity and the free flow of information."
        ]
      },
      {
        "point_number": 4,
        "point_content": "Pro-net neutrality arguments include that ISP’s may create fast and slow-speed lanes, charge websites for regular-speed access, and that net neutrality has led to innovation and growth.",
        "spans": [
          "In the pro-net neutrality piece, the author argues that ISP’s may begin to funnel internet users into fast and slow-speed lanes, depending on how they use the internet and which websites they access.",
          "Furthermore, there is a fear that ISP’s will charge websites for regular-speed user access.",
          "Next, the pro-neutrality author writes that net neutrality has been the de facto management policy of ISP’s since the beginning.",
          "The implementation of the principles of net neutrality have led to vast innovation and growth."
        ]
      },
      {
        "point_number": 5,
        "point_content": "Anti-net neutrality arguments include that government regulation would remove financial incentives for ISP’s, hinder innovation, and that regulating under the 1934 Telecommunications Act is outdated.",
        "spans": [
          "The anti-net neutrality author argues that the government should not become internet traffic cops, picking and choosing how ISP’s run their businesses.",
          "They argue that ISP’s will lose financial incentives and have no reason to expand coverage to underserved areas.",
          "If ISP’s cannot afford to innovate, then many people will be out of jobs.",
          "Moreover, regulating the internet under the 1934 Telecommunications Act, a law conceived about sixty years before the internet was widely available, is a foolish idea that burdens modern technology with antiquated law."
        ]
      },
      {
        "point_number": 6,
        "point_content": "The FCC was created by Congress through the Communications Act of 1934 to regulate telephone and radio communications and has expanded to regulate television, cable, and satellite communications.",
        "spans": [
          "It was created by Congress through the Communications Act of 1934 and signed into law by President Franklin Roosevelt.",
          "When it was created, what was the mission of the FCC?",
          "It was created to regulate telephone and radio communications.",
          "As new methods of communication were pioneered by entrepreneurs, scientists, and engineers, the FCC expanded its regulatory responsibilities to include television, cable, and satellite communications."
        ]
      }
    ],
    "clueweb22-en0031-46-13214": [
      {
        "point_number": 1,
        "point_content": "Some people believe that the internet should be regulated and censored.",
        "spans": [
          "Some people believe that the internet should be regulated and censored."
        ]
      },
      {
        "point_number": 2,
        "point_content": "Supporters of internet censorship argue that the internet has content that might be inappropriate for certain people, such as children.",
        "spans": [
          "Supporters of internet censorship argue that the internet has content that might be inappropriate for certain people. For example, they don’t want children to be exposed to the online terrorist propaganda or pornographic materials."
        ]
      },
      {
        "point_number": 3,
        "point_content": "Opponents argue that there are other ways to block inappropriate content, such as parental control software and parental supervision.",
        "spans": [
          "In their opinion there are several ways to block inappropriate content. Parental control software is one of them. It is quite effective and allows parents to control the content their children access online. In fact, parents can exercise the best form of control by simply moving the computer to the living room. This way they can keep a tab on their children’s online activities."
        ]
      },
      {
        "point_number": 4,
        "point_content": "Some governments misuse internet censorship to suppress opposition, which is not acceptable.",
        "spans": [
          "Some totalitarian governments use the inappropriate content argument for their benefit. They censor the internet to suppress their opposition."
        ]
      },
      {
        "point_number": 5,
        "point_content": "Governments that control the internet are demonstrating their inability to manage their affairs and fear of their people.",
        "spans": [
          "Governments that control the internet are merely demonstrating their inability to manage their affairs. They are afraid of their people and don’t want their opinions to be heard."
        ]
      },
      {
        "point_number": 6,
        "point_content": "National security is important but should not come at the expense of freedom.",
        "spans": [
          "National security is important but it cannot be at the expense of freedom."
        ]
      },
      {
        "point_number": 7,
        "point_content": "The author believes there are no valid grounds for internet censorship and hopes governments will stop censoring the internet.",
        "spans": [
          "To conclude, I firmly believe that there are no valid grounds for internet censorship. I sincerely hope that governments around the world will understand this and stop censoring the internet."
        ]
      }
    ]
  }
}