{
  "question": "how did christianity grow so powerful",
  "key_points": {
    "null": [],
    "clueweb22-en0015-89-08769": [
      {
        "point_number": 1,
        "point_content": "Christianity created a new community that offered spiritual gifts, immortality, and liberation from suffering, which attracted people.",
        "spans": [
          "only because at least certain parts of the early Christian mission were intent in creating new community",
          "the message that was preached here promised gifts, spiritual gifts, to people that went beyond the everyday life experience and promised also immortality, a future life which would be liberation from sickness and from disease and from poverty, and individual isolation"
        ]
      },
      {
        "point_number": 2,
        "point_content": "Christianity offered social equality and dignity to all members regardless of social status, which was unique in the hierarchical Roman society.",
        "spans": [
          "in Christ there is neither Jew nor Greek, neither male nor female, neither slave nor free",
          "it gives even the lowliest slave personal dignity and status"
        ]
      },
      {
        "point_number": 3,
        "point_content": "Christian communities provided social welfare such as hospitals, soup kitchens, and support for widows, creating a mutual social support system.",
        "spans": [
          "the establishment of hospitals, of some kind of health service",
          "we have a clear establishment of social service - everything from soup kitchens to money for the poor if they need it",
          "the institution of widows, because a widow in the Roman society who had lost her husband and did not have money of her own was at the very bottom of the social ladder"
        ]
      },
      {
        "point_number": 4,
        "point_content": "Christianity's institutions were well-organized and served community needs, which contributed to its success and appeal to the Roman Empire.",
        "spans": [
          "one has to see it also in the consistent and very well thought out establishment of institutions to serve the needs of the community"
        ]
      },
      {
        "point_number": 5,
        "point_content": "Christianity offered a strong sense of belonging and community, which was important for new immigrants and people seeking social integration in Roman cities.",
        "spans": [
          "belonging is one of the key issues",
          "what I think the Christians offer probably as well or better than anybody else in the Roman world is a sense of belonging",
          "to be part of the Christian community... to be part of the church, is to belong to a society of closely knit friends, brothers and sisters and Christ"
        ]
      },
      {
        "point_number": 6,
        "point_content": "Christianity grew during times of demographic change, plagues, and famine, which increased its relative population due to higher survival rates and social support.",
        "spans": [
          "the Roman Empire itself was going through some massive demographic changes",
          "if you've got a survival rate of only one tenth more among one part of the population than another segment of population when you have a massive die off... the result will be that at the end of this process [there will be] far more members of that one group relative to the total population"
        ]
      },
      {
        "point_number": 7,
        "point_content": "Christianity's message of love, sacrifice, and the example of Jesus' crucifixion had a powerful emotional appeal to people.",
        "spans": [
          "One of the oddest things about Christianity, of course, is that it begins with having to explain a paradox",
          "the Son of God comes not to conquer the Romans, not to establish a political state in Israel, but he comes to demonstrate the love that the Creator of the universe has for all people",
          "love is in some sense being re-defined as this other-regarding sacrificial act, [choosing] to put oneself on the line for the sake of the good of the other"
        ]
      },
      {
        "point_number": 8,
        "point_content": "Christianity was adaptable to different social classes and levels of devotion, allowing a wide range of people to join and participate.",
        "spans": [
          "As the church developed, it allowed for different degrees of Christian devotion",
          "Christianity could adjust itself to different types of people, just as it could adjust itself to the highest class of intellectuals but also adjust itself to common people"
        ]
      },
      {
        "point_number": 9,
        "point_content": "Christianity spread through Diaspora Jewish communities and synagogues, using Greek language and Jewish religious ideas as a foundation.",
        "spans": [
          "If it weren't for the translation of the Jewish Bible into Greek, and if it weren't for Diaspora Jewish communities living in synagogues, rimming the edge of the Mediterranean, Christianity could not have spread",
          "The language of the movement, as soon as we have actual evidence from [it], is Greek",
          "the communities that serve as the matrix for the message are synagogue communities"
        ]
      },
      {
        "point_number": 10,
        "point_content": "Christianity offered a message of human worth and dignity, claiming all people are made in the image of God, which was a powerful and novel idea.",
        "spans": [
          "this religion is saying that every person, man, woman, child, slave, barbarian, no matter who, is made in the image of God and is therefore of enormous value in the eyes of God",
          "The Christian movement seemed to convey a sense of human worth in two ways"
        ]
      }
    ],
    "clueweb22-en0015-61-17746": [
      {
        "point_number": 1,
        "point_content": "Christianity was persecuted throughout the Roman Empire for centuries, but this persecution couldn't stop the spread of Christianity.",
        "spans": [
          "Christians were persecuted throughout the Roman Empire for centuries.",
          "However, this persecution couldn't stop the spread of Christianity!"
        ]
      },
      {
        "point_number": 2,
        "point_content": "Many people were attracted to Christianity because of its ideas of social equality, justice, and the promise of an afterlife.",
        "spans": [
          "Many people were tired of Roman state rituals that seemed empty and were attracted to the idea of social equality, justice, and the promise of an afterlife that Christianity offered."
        ]
      },
      {
        "point_number": 3,
        "point_content": "Christianity spread through merchants, missionaries, and soldiers throughout Europe.",
        "spans": [
          "Beginning in the Middle East, Christianity began its spread north and west into Europe, carried by merchants, missionaries, and soldiers."
        ]
      },
      {
        "point_number": 4,
        "point_content": "The Edict of Milan in 313 guaranteed freedom of religion throughout the Roman Empire, ending the persecution of Christians and helping Christianity grow stronger.",
        "spans": [
          "in 313, the Edict of Milan was passed, which guaranteed freedom of religion throughout the Roman Empire, ending the persecution of Christians."
        ]
      },
      {
        "point_number": 5,
        "point_content": "The position of the pope grew in power, and successive popes became more efficient at influencing kings of Western Europe to do what the Church wanted.",
        "spans": [
          "As the position of pope grew in power, each successive pope became more efficient at getting the kings of Western Europe to do what the Church wanted."
        ]
      }
    ],
    "clueweb22-en0035-05-18915": [
      {
        "point_number": 1,
        "point_content": "The power of the Catholic Church stemmed from widespread belief and the Church's status grew as Christianity became the accepted norm.",
        "spans": [
          "The power of the Catholic Church stemmed from widespread belief. As the doctrine of Christianity became widespread and the accepted norm, the Medieval Church's status grew."
        ]
      },
      {
        "point_number": 2,
        "point_content": "After the fall of the Roman empire, the Medieval Church rose in status and power, seen as an intermediary between God and people, and clergy as gatekeepers to heaven.",
        "spans": [
          "After the fall of the Roman empire in the fifth century, the Medieval Church saw a rise in status and power. With Roman Catholic ideals, the Church in the Medieval ages was seen as an intermediary between God and the people, as well as the idea that clergy were the so-called ‘gatekeepers to heaven’"
        ]
      },
      {
        "point_number": 3,
        "point_content": "The Church filled the power vacuum in Europe after the fall of the Roman empire, becoming the dominant power in Europe with the Pope as its leader.",
        "spans": [
          "there being a power vacuum in Europe: no monarchy rose to fill the space left. Instead, the Medieval Church, began to grow in power and influence, eventually becoming the dominant power in Europe",
          "Like the Romans they had their capital in Rome and they had their own emperor – the Pope."
        ]
      },
      {
        "point_number": 4,
        "point_content": "The Catholic Church was extremely wealthy, receiving monetary donations like tithes from many levels of society, and valued art and beauty for the glory of God.",
        "spans": [
          "The Catholic Church in Medieval times was extremely wealthy. Monetary donations were given by many levels of society, most commonly in the form of a tithe, a tax which normally saw people give roughly 10% of their earnings to the Church.",
          "The Church placed value on beautiful material possessions, believing art and beauty was for the glory of God."
        ]
      },
      {
        "point_number": 5,
        "point_content": "The Church was a main distributor of charity, giving alms, running hospitals, housing travellers, and providing shelter and sanctity.",
        "spans": [
          "the Church also was one of the main distributors of charity at the time, giving alms to those in need and running basic hospitals, as well as temporarily housing travellers and providing places of shelter and sanctity."
        ]
      },
      {
        "point_number": 6,
        "point_content": "Many clergy were educated, and the Church produced much literature; monasteries had schools and libraries, offering education and social mobility.",
        "spans": [
          "Many clergy had some level of education: much of the literature produced at the time came from the Church, and those who entered the clergy were offered the chance to learn to read and write",
          "Monasteries in particular often had schools attached, and monastic libraries were widely regarded as some of the best."
        ]
      },
      {
        "point_number": 7,
        "point_content": "By around 1000AD, society was increasingly oriented around the church, with parishes as village communities and churchgoing as a social focal point.",
        "spans": [
          "By the turn of the millennia (c. 1000AD), society was increasingly orientated around the church. Parishes were made up of village communities, and the Church was a focal point in peoples’ lives."
        ]
      },
      {
        "point_number": 8,
        "point_content": "The Church demanded acceptance of its authority, with monarchs expected to respect the Pope, and excommunication was a serious threat.",
        "spans": [
          "The Church demanded that all accept its authority.",
          "Monarchs were no exception to papal authority, and they were expected to communicate with and respect the Pope including monarchs of the day.",
          "Excommunication remained a sincere and worrying threat to monarchs of the time: as God’s representative on earth, the Pope could prevent souls from entering Heaven by casting them out of the Christian community."
        ]
      },
      {
        "point_number": 9,
        "point_content": "The Church could mobilize Europe's wealthy to fight for it, as in the Crusades where Pope Urban II promised salvation to fighters.",
        "spans": [
          "The Church could even mobilise Europe’s most wealthy people to fight on their behalf. During the crusades, Pope Urban II promised eternal salvation to those who fought in the name of the Church in the Holy Land."
        ]
      }
    ],
    "clueweb22-en0017-59-09594": [
      {
        "point_number": 1,
        "point_content": "Christianity became very popular in the ancient world for a number of reasons.",
        "spans": [
          "Christianity became very popular in the ancient world for a number of reasons."
        ]
      },
      {
        "point_number": 2,
        "point_content": "The expansion of Christianity was because to god everyone was made equally, Christians handled everything in a nonviolent way, and because of how Christianity was spread.",
        "spans": [
          "The expansion of Christianity was because to god everyone was made equally, Christians handled everything in a nonviolent way, and because of how Christianity was spread."
        ]
      },
      {
        "point_number": 3,
        "point_content": "Jesus made everyone equally; It didn’t matter whether you were a man, or a woman, slave, rich or poor.",
        "spans": [
          "Jesus made everyone equally; It didn’t matter whether you were a man, or a woman, slave, rich or poor."
        ]
      },
      {
        "point_number": 4,
        "point_content": "In the letters of Paul in document D, it says, '... in Christ there is neither Jew nor Greek, neither male nor female, neither slave nor free… Here is a community that invites you, which makes you an equal with all other members of that community.'",
        "spans": [
          "... in Christ there is neither Jew nor Greek, neither male nor female, neither slave nor free… Here is a community that invites you, which makes you an equal with all other members of that community."
        ]
      },
      {
        "point_number": 5,
        "point_content": "Jesus doesn’t care what your status is. Every single person was made under God’s image. You were made the way you are for a reason. Which people really liked hearing because it gave them hope.",
        "spans": [
          "Jesus doesn’t care what your status is. Every single person was made under God’s image. You were made the way you are for a reason. Which people really liked hearing because it gave them hope."
        ]
      },
      {
        "point_number": 6,
        "point_content": "In document C, it says, 'But this religion is saying that every person, man,woman, child, slave, barbarian, no matter Who, is made in the image of God and is therefore of enormous value in the eyes of God.'",
        "spans": [
          "But this religion is saying that every person, man,woman, child, slave, barbarian, no matter Who, is made in the image of God and is therefore of enormous value in the eyes of God."
        ]
      },
      {
        "point_number": 7,
        "point_content": "Everyone was made equally under God’s image. The Romans had immortality, and the Christians did too. The only thing that is different between those two is that the Romans believed that when they died, they either went to a world for heroes, or a world for commoners. Since Jesus treated everyone equally, the afterlife for the Christians was the same for everyone.",
        "spans": [
          "everyone was made equally under God’s image. The Romans had immortality, and the Christians did too. The only thing that is different between those two is that the Romans believed that when they died, they either went to a world for heroes, or a world for commoners. Since Jesus treated everyone equally, the afterlife for the Christians was the same for everyone."
        ]
      },
      {
        "point_number": 8,
        "point_content": "Since Jesus would say about how everyone is equally and was made differently for a reason, it gave people hope.",
        "spans": [
          "Since Jesus would say about how everyone is equally and was made differently for a reason, it gave people hope."
        ]
      }
    ],
    "clueweb22-en0037-58-08024": [
      {
        "point_number": 1,
        "point_content": "The Catholic Church’s power in the Middle Ages was primarily derived from a combination of belief, money and illiteracy.",
        "spans": [
          "The Catholic Church’s power in the Middle Ages was primarily derived from a combination of belief, money and illiteracy."
        ]
      },
      {
        "point_number": 2,
        "point_content": "Most people in that age strongly believed in God, heaven and hell, and the Catholic Church was the center of that belief.",
        "spans": [
          "most people in that age strongly believed in God, heaven and hell, and the Catholic Church was the center of that belief."
        ]
      },
      {
        "point_number": 3,
        "point_content": "The Catholic Church put forth the belief that people could only get to heaven through the Church.",
        "spans": [
          "The Catholic Church put forth the belief that people could only get to heaven through the Church."
        ]
      },
      {
        "point_number": 4,
        "point_content": "Most people in the time period donated 10 percent of their income to the Church, giving it incredible wealth, and the Church did not pay taxes.",
        "spans": [
          "Most people in the time period donated 10 percent of their income to the Church, giving it incredible wealth, and the Church did not pay taxes."
        ]
      },
      {
        "point_number": 5,
        "point_content": "Parishioners often had to pay for ceremonies, such as baptisms, and they paid penances also.",
        "spans": [
          "On top of regular tithing, parishioners often had to pay for ceremonies, such as baptisms, and they paid penances also."
        ]
      },
      {
        "point_number": 6,
        "point_content": "Others gave land to the Church, meaning it held about 30 percent of Western Europe in land.",
        "spans": [
          "Others gave land to the Church, meaning it held about 30 percent of Western Europe in land."
        ]
      },
      {
        "point_number": 7,
        "point_content": "Most parishioners were illiterate, which meant they had to rely on the Church to interpret the biblical texts.",
        "spans": [
          "most parishioners were illiterate, which meant they had to rely on the Church to interpret the biblical texts."
        ]
      }
    ]
  }
}