{
  "question": "how does climate change work",
  "key_points": [
    {
      "point_number": 1,
      "point_content": "Climate change is a long-term change or shift in average weather or climate conditions, such as temperature and precipitation patterns, in a region or globally, occurring over decades or longer, unlike daily weather changes.",
      "original_point_number": [
        1,
        5,
        6,
        10,
        12,
        50,
        68
      ]
    },
    {
      "point_number": 2,
      "point_content": "Earth's climate is warming, with global average temperatures rising about one degree Fahrenheit (approximately 1.1°C) over the last 100 to 150 years, with the world now about 1.2°C warmer than in the 19th century.",
      "original_point_number": [
        2,
        7,
        18,
        28,
        41,
        72
      ]
    },
    {
      "point_number": 3,
      "point_content": "Burning fossil fuels such as coal, oil, and natural gas releases greenhouse gases into Earth's atmosphere, which trap heat and cause the planet's average temperature to rise, driving current climate change.",
      "original_point_number": [
        3,
        9,
        13,
        14,
        19,
        24,
        36,
        39,
        43,
        44,
        53,
        54,
        70
      ]
    },
    {
      "point_number": 4,
      "point_content": "The greenhouse effect is a natural process where certain gases in Earth's atmosphere, including water vapor, carbon dioxide, methane, nitrous oxide, and chlorofluorocarbons (CFCs), trap heat and warm the planet; human activities have enhanced this effect by increasing greenhouse gas concentrations, leading to additional warming.",
      "original_point_number": [
        8,
        16,
        21,
        22,
        23,
        24,
        46,
        71
      ]
    },
    {
      "point_number": 5,
      "point_content": "Human activities since the Industrial Revolution, primarily burning fossil fuels and land use changes, have significantly increased greenhouse gas concentrations, enhancing the natural greenhouse effect and causing global warming and climate change.",
      "original_point_number": [
        19,
        43,
        51
      ]
    },
    {
      "point_number": 6,
      "point_content": "Climate change can be caused by natural factors such as volcanic eruptions and changes in solar energy, but the observed global warming trend since the mid-20th century is primarily attributed to human activities increasing greenhouse gases; the Sun's energy output has not increased since the 1950s and cannot explain the warming.",
      "original_point_number": [
        17,
        18,
        20,
        26,
        47
      ]
    },
    {
      "point_number": 7,
      "point_content": "Global warming refers specifically to the rise in Earth's average temperature, which is a major aspect of climate change but climate change includes broader long-term shifts in climate patterns beyond just warming.",
      "original_point_number": [
        15,
        69
      ]
    },
    {
      "point_number": 8,
      "point_content": "Climate change causes a wide range of impacts including melting snow and ice, rising sea levels due to melting ice and thermal expansion, changes in plant growth timing, droughts, water scarcity, fires, flooding, storms, ocean acidification, biodiversity loss, and impacts on agriculture, human health, ecosystems, and infrastructure.",
      "original_point_number": [
        4,
        42,
        59,
        61,
        64,
        65,
        66,
        67,
        74
      ]
    },
    {
      "point_number": 9,
      "point_content": "Climate change impacts are unevenly distributed, with vulnerable and underserved communities facing greater risks due to socioeconomic inequities.",
      "original_point_number": [
        62
      ]
    },
    {
      "point_number": 10,
      "point_content": "Reducing greenhouse gas emissions quickly by replacing fossil fuels with carbon-free alternatives, capturing CO2, and removing CO2 through reforestation or direct air capture can help limit the worst effects of climate change and provide co-benefits like job growth and improved public health, but removal alone is not fast enough to offset current emissions.",
      "original_point_number": [
        55,
        56,
        57,
        63
      ]
    },
    {
      "point_number": 11,
      "point_content": "Future emissions of greenhouse gases, particularly carbon dioxide, will determine the extent of further climate warming; global warming can only be stopped by reducing global emissions of carbon dioxide from fossil fuel combustion and industrial processes to zero.",
      "original_point_number": [
        48,
        49
      ]
    },
    {
      "point_number": 12,
      "point_content": "Earth's climate system is complex and relies on interactions among components such as the cryosphere, atmosphere, lithosphere, biosphere, and hydrosphere; energy from the Sun drives climate by heating Earth's surface unevenly, with processes like ice reflecting sunlight and atmospheric and oceanic heat movement distributing energy around the planet.",
      "original_point_number": [
        30,
        31,
        32,
        33,
        34,
        35,
        37
      ]
    },
    {
      "point_number": 13,
      "point_content": "Greenhouse gases like carbon dioxide and methane continue to rise despite economic slowdowns, driving ongoing climate change.",
      "original_point_number": [
        60
      ]
    }
  ]
}