{
  "question": "why do people get abortion",
  "key_points": {
    "clueweb22-en0030-89-00621": [
      {
        "point_number": 1,
        "point_content": "People cite multiple reasons for having an abortion, including financial unpreparedness, bad timing, partner-related reasons, interference with education or job plans, and health-related reasons.",
        "spans": [
          "Not financially prepared",
          "Bad timing, not ready, or unplanned",
          "Partner-related reasons",
          "Interferes with educational or job plans",
          "Health-related reasons"
        ]
      },
      {
        "point_number": 2,
        "point_content": "Most people cite two to four reasons for abortion, not just one.",
        "spans": [
          "Most people cite two to four reasons for abortion, not just one."
        ]
      },
      {
        "point_number": 3,
        "point_content": "Younger people often say they're not ready for parenthood; older people frequently say they're already responsible for children or are past the childbearing stage.",
        "spans": [
          "Younger people often say they're not ready for parenthood. Older people frequently say they're already responsible for children or are past the childbearing stage."
        ]
      },
      {
        "point_number": 4,
        "point_content": "Abortion is often based on family obligations and concerns about future children, not simply as birth control or a convenience.",
        "spans": [
          "In truth, it's very often because of family obligations and concerns about future children."
        ]
      },
      {
        "point_number": 5,
        "point_content": "People base their decision mainly on their ability to stay financially stable and care for their current children.",
        "spans": [
          "They base their decision mainly on their ability to stay financially stable and care for their current children."
        ]
      },
      {
        "point_number": 6,
        "point_content": "The decision to have an abortion is complex and usually heart-wrenching, involving moral, personal, family, social, and economic factors.",
        "spans": [
          "The decision to seek one is multifaceted and usually heart-wrenching for the people involved.",
          "Personal, family, social, moral, and economic factors all factor into it."
        ]
      },
      {
        "point_number": 7,
        "point_content": "Common reasons for abortion include being too young, having an abusive partner, not wanting more children, and not being able to afford it.",
        "spans": [
          "Common reasons for abortion include: Being too young Having an abusive partner Not wanting more children Not being able to afford it"
        ]
      }
    ],
    "clueweb22-en0013-36-07438": [
      {
        "point_number": 1,
        "point_content": "Most respondents to a survey of abortion patients in 1987 said that more than one factor had contributed to their decision to have an abortion; the mean number of reasons was nearly four.",
        "spans": [
          "Most respondents to a survey of abortion patients in 1987 said that more than one factor had contributed to their decision to have an abortion; the mean number of reasons was nearly four."
        ]
      },
      {
        "point_number": 2,
        "point_content": "Three-quarters said that having a baby would interfere with work, school or other responsibilities.",
        "spans": [
          "Three-quarters said that having a baby would interfere with work, school or other responsibilities"
        ]
      },
      {
        "point_number": 3,
        "point_content": "About two-thirds said they could not afford to have a child.",
        "spans": [
          "about two-thirds said they could not afford to have a child"
        ]
      },
      {
        "point_number": 4,
        "point_content": "Half said they did not want to be a single parent or had relationship problems.",
        "spans": [
          "half said they did not want to be a single parent or had relationship problems"
        ]
      },
      {
        "point_number": 5,
        "point_content": "Young teenagers were more likely than women 18 or over to say they were not mature enough to raise a child and that their parents wanted them to have an abortion.",
        "spans": [
          "young teenagers to be 32 percent more likely than women 18 or over to say they were not mature enough to raise a child",
          "19 percent more likely to say their parents wanted them to have an abortion"
        ]
      },
      {
        "point_number": 6,
        "point_content": "Unmarried women were more likely than currently married women to choose abortion to prevent others from knowing they had had sex or became pregnant.",
        "spans": [
          "Unmarried women were 17 percent more likely than currently married women to choose abortion to prevent others from knowing they had had sex or became pregnant"
        ]
      },
      {
        "point_number": 7,
        "point_content": "Women who had an abortion at 16 or more weeks' gestation often delayed because they did not realize they were pregnant or did not know the gestation of their pregnancy.",
        "spans": [
          "Of women who had an abortion at 16 or more weeks' gestation, 71 percent attributed their delay to not having realized they were pregnant or not having known soon enough the actual gestation of their pregnancy"
        ]
      },
      {
        "point_number": 8,
        "point_content": "Almost half were delayed because of trouble in arranging the abortion, usually because they needed time to raise money.",
        "spans": [
          "Almost half were delayed because of trouble in arranging the abortion, usually because they needed time to raise money"
        ]
      },
      {
        "point_number": 9,
        "point_content": "One-third did not have an abortion earlier because they were afraid to tell their partner or parents that they were pregnant.",
        "spans": [
          "One-third did not have an abortion earlier because they were afraid to tell their partner or parents that they were pregnant"
        ]
      },
      {
        "point_number": 10,
        "point_content": "Respondents under age 18 were more likely than older women to have delayed abortion because they were afraid to tell their parents or partner.",
        "spans": [
          "respondents under age 18 were 39 percent more likely than older women to have delayed because they were afraid to tell their parents or partner"
        ]
      }
    ],
    "clueweb22-en0003-78-06325": [
      {
        "point_number": 1,
        "point_content": "3.50% of all abortions are for the 'hard cases' such as saving the life or physical health of the mother, mental health, rape or incest, or fetal birth defects.",
        "spans": [
          "3.5% of Abortions Are for the “Hard Cases”",
          "1.14% are done to save the life or physical health of the mother.",
          "1.28% to preserve the mental health of the mother.",
          "0.39% in cases of rape or incest.",
          "0.69% for fetal birth defects, or eugenics.",
          "3.50% for all the hard cases combined."
        ]
      },
      {
        "point_number": 2,
        "point_content": "96.50% of all abortions are performed for social or economic reasons.",
        "spans": [
          "96.50% of all abortions are therefore performed for social or economic reasons."
        ]
      },
      {
        "point_number": 3,
        "point_content": "The Guttmacher Institute's studies show that only about 5.8% of abortions worldwide are for the 'hard cases', with the vast majority for lifestyle reasons.",
        "spans": [
          "Since rape and incest are included under “other reasons,” a maximum of 5.8% of all abortions performed in other countries are done for the hard cases, and a minimum of 94.2% are performed to preserve the mother’s lifestyle or to please those close to her.",
          "The Guttmacher Institute duplicated their survey twenty years later in different nations and arrived at identical results. Its 2017 study of 39,622 women obtaining abortions in twelve nations also revealed that only 5.8% of all abortions are done for the “hard cases.”"
        ]
      }
    ],
    "clueweb22-en0003-49-04631": [
      {
        "point_number": 1,
        "point_content": "Women get abortions for social reasons such as unplanned pregnancy, impact on current life, relationship problems, and not being ready for a child.",
        "spans": [
          "Almost always, women choose abortion in response to an unplanned or unwanted pregnancy.",
          "A baby would have a drastic impact on their current life.",
          "They are having relationship problems with the baby’s father.",
          "They are not ready to have a baby at their age or maturity level."
        ]
      },
      {
        "point_number": 2,
        "point_content": "Financial reasons are a common factor for abortion, including inability to afford a baby and concerns about costs while being unmarried, a student, or unemployed.",
        "spans": [
          "financial concerns often play a role in a woman’s decision for abortion.",
          "nearly three-quarters of women (73 percent) chose abortion in part because they felt they could not afford a baby at that particular time in their lives.",
          "They are unmarried and concerned about affording a baby on one income.",
          "They are pursuing higher education (or planning to pursue higher education) and can’t afford the costs of raising a baby while being a full-time student.",
          "They are unemployed."
        ]
      },
      {
        "point_number": 3,
        "point_content": "Medical reasons for abortion include health concerns for the mother or fetus, though these are less common.",
        "spans": [
          "a doctor may recommend a medically necessary abortion due to severe health conditions of the mother or developing baby.",
          "13 percent of the women surveyed cited possible problems affecting the health of the fetus as one of their reasons for abortion.",
          "12 percent of women listed concerns about their own health as a reason for choosing abortion."
        ]
      },
      {
        "point_number": 4,
        "point_content": "Other reasons for abortion include pressure from others and conception from non-consensual sex, though these are uncommon.",
        "spans": [
          "Pressure from others.",
          "Non-consensual sex."
        ]
      }
    ],
    "null": [],
    "clueweb22-en0040-94-07533": [
      {
        "point_number": 1,
        "point_content": "Abortion is described as a grave offense against God and His creation, considered murder with no exceptions.",
        "spans": [
          "Procured abortion is never a mere personal choice but a grave offense against God and His creation.",
          "The anti-abortion struggle has always been a religious battle and foremost in its ranks have been Catholics across the country.",
          "This is because Church teaching on abortion is clear and unequivocal: Procured abortion is murder. There are no exceptions allowed, no compromises possible."
        ]
      },
      {
        "point_number": 2,
        "point_content": "Abortion is characterized as a deadly war within the country, destroying the family bond between mother and child and affecting all society.",
        "spans": [
          "The most horrible war of all continues unabated.",
          "This is a war going on within our borders, and it has claimed 60 million American lives in the last 47 years.",
          "By destroying the most basic human bond of all—that between mother and child—abortion dissolves the precious glue that binds our nation together.",
          "While mother and child are the first victims, there is not a single element of society that is not affected by abortion."
        ]
      },
      {
        "point_number": 3,
        "point_content": "Life starts at conception, with the unborn baby having a unique genetic code from that moment.",
        "spans": [
          "A living human person begins to exist at the moment of conception, even though only as a cell.",
          "The unborn baby has a distinct, unchanging and unrepeatable genetic code, unique in all of history, from the moment of conception till death."
        ]
      },
      {
        "point_number": 4,
        "point_content": "Humans have a natural instinct to protect innocent life, and abortion contradicts this by stopping the beating heart of an innocent human being.",
        "spans": [
          "The first and foremost instinct of humans is preservation of life.",
          "\"Pregnancy termination\" stops the beating heart of an innocent human being and is in direct contradiction to this most basic premise of human nature."
        ]
      },
      {
        "point_number": 5,
        "point_content": "Abortion is unsafe and linked to health risks including death and increased breast cancer risk.",
        "spans": [
          "LifeDynamics.com compiled a list of 249 women killed by legal abortions.",
          "The National Cancer Institute commissioned a study ... which found a link between abortion and cancer: \"among women who had been pregnant at least once, the risk of breast cancer in those who had experienced an induced abortion was 50% higher than among other women.\""
        ]
      },
      {
        "point_number": 6,
        "point_content": "The culture of death extends to embryonic stem-cell and human cloning research, destroying human life at its inception.",
        "spans": [
          "The culture of death is now bent on engendering human life so as to destroy it.",
          "Its new frontier is embryonic stem-cell and human cloning research.",
          "In the name of science and health, human life is destroyed at its very inception and \"limited\" cloning is used to produce usable cells that can be manipulated and harvested to aid the living."
        ]
      },
      {
        "point_number": 7,
        "point_content": "Abortion perpetuates evil by destroying the family and moral values necessary to oppose abortion.",
        "spans": [
          "Abortion is a sin that perpetuates evil.",
          "The abortion mentality destroys the family by making it more difficult for new Americans who survive beyond the womb to find the family welded together by the indissoluble bond of marriage solely between a man and a woman.",
          "As long as the traditional family remains in crisis, we will never sever the power lines that supply the abortion mills."
        ]
      },
      {
        "point_number": 8,
        "point_content": "The Roe v. Wade decision legalized abortion-on-demand, leading to over 60 million abortions in the US.",
        "spans": [
          "The 47th anniversary of the Supreme Court’s infamous Roe v. Wade decision legalizing abortion-on-demand calls to mind the biggest pack of lies ever set in motion -- lies that have cost the lives of more than 60 million innocent babies cruelly torn from their mothers' wombs."
        ]
      },
      {
        "point_number": 9,
        "point_content": "The unborn baby's heart starts beating at 24 days, brainwaves after 43 days, and babies can survive outside the womb at 22 weeks.",
        "spans": [
          "The unborn baby's heart starts beating at 24 days and brainwaves can be recorded after 43 days.",
          "Babies can survive outside the womb at 22 weeks."
        ]
      },
      {
        "point_number": 10,
        "point_content": "Acceptance of abortion may lead to acceptance of other forms of killing and moral decline.",
        "spans": [
          "Yesterday it was contraception. Today it's abortion and same-sex \"marriage.\" Will it be widespread euthanasia of the sick and elderly tomorrow?",
          "Once abortion is universally accepted, what logical arguments will stop euthanasia and other forms of murder and tyranny?"
        ]
      }
    ],
    "clueweb22-en0038-63-01228": [
      {
        "point_number": 1,
        "point_content": "Abortion is common, and people have abortions for many different reasons.",
        "spans": [
          "Abortion is common, and people have abortions for many different reasons."
        ]
      },
      {
        "point_number": 2,
        "point_content": "Some people with planned pregnancies also get abortions because of health or safety reasons.",
        "spans": [
          "Some people with planned pregnancies also get abortions because of health or safety reasons."
        ]
      },
      {
        "point_number": 3,
        "point_content": "Some of the many different reasons people decide to end a pregnancy include: They want to be the best parent possible to the kids they already have; They’re not ready to be a parent yet; It’s not a good time in their life to have a baby; They want to finish school, focus on work, or achieve other goals before having a baby; They’re not in a relationship with someone they want to have a baby with; They’re in an abusive relationship or were sexually assaulted; The pregnancy is dangerous or bad for their health; The fetus won’t survive the pregnancy or will suffer after birth; They just don’t want to be a parent.",
        "spans": [
          "Some of the many different reasons people decide to end a pregnancy include: They want to be the best parent possible to the kids they already have.",
          "They’re not ready to be a parent yet.",
          "It’s not a good time in their life to have a baby.",
          "They want to finish school, focus on work, or achieve other goals before having a baby.",
          "They’re not in a relationship with someone they want to have a baby with.",
          "They’re in an abusive relationship or were sexually assaulted.",
          "The pregnancy is dangerous or bad for their health.",
          "The fetus won’t survive the pregnancy or will suffer after birth.",
          "They just don’t want to be a parent."
        ]
      },
      {
        "point_number": 4,
        "point_content": "Deciding to have an abortion doesn’t mean you don’t want or love children; many people who get abortions already have kids and decide to end pregnancies to focus on existing children.",
        "spans": [
          "Deciding to have an abortion doesn’t mean you don’t want or love children.",
          "In fact, 6 out of 10 people who get abortions already have kids — and many of them decide to end their pregnancies so they can focus on the children they already have."
        ]
      }
    ]
  }
}