{
  "question": "why do people get abortion",
  "key_points": [
    {
      "point_number": 1,
      "point_content": "People have multiple reasons for abortion, including financial unpreparedness, bad timing, partner-related reasons, interference with education or job plans, health-related reasons, being too young, abusive relationships, not wanting more children, and concerns about current children or future family obligations.",
      "original_point_number": [
        1,
        7,
        21,
        22,
        37
      ]
    },
    {
      "point_number": 2,
      "point_content": "Most people cite two to four reasons for abortion, not just one, with the mean number of reasons being nearly four according to a 1987 survey.",
      "original_point_number": [
        2,
        8
      ]
    },
    {
      "point_number": 3,
      "point_content": "Younger people often say they're not ready for parenthood or not mature enough to raise a child, while older people frequently say they're already responsible for children or are past the childbearing stage.",
      "original_point_number": [
        3,
        12
      ]
    },
    {
      "point_number": 4,
      "point_content": "Abortion decisions are often based on family obligations and concerns about future children, not simply as birth control or convenience, with financial stability and ability to care for current children being main factors.",
      "original_point_number": [
        4,
        5,
        38
      ]
    },
    {
      "point_number": 5,
      "point_content": "The decision to have an abortion is complex and usually heart-wrenching, involving moral, personal, family, social, and economic factors.",
      "original_point_number": [
        6
      ]
    },
    {
      "point_number": 6,
      "point_content": "Most respondents said having a baby would interfere with work, school, or other responsibilities; about two-thirds said they could not afford a child; and half said they did not want to be a single parent or had relationship problems.",
      "original_point_number": [
        9,
        10,
        11
      ]
    },
    {
      "point_number": 7,
      "point_content": "Unmarried women are more likely than married women to choose abortion to prevent others from knowing they had sex or became pregnant.",
      "original_point_number": [
        13
      ]
    },
    {
      "point_number": 8,
      "point_content": "Women who had an abortion at 16 or more weeks' gestation often delayed because they did not realize they were pregnant or did not know the gestation; almost half were delayed due to trouble arranging the abortion, usually needing time to raise money; one-third delayed due to fear of telling partner or parents, with respondents under 18 more likely to delay for this reason.",
      "original_point_number": [
        14,
        15,
        16,
        17
      ]
    },
    {
      "point_number": 9,
      "point_content": "About 3.5% to 5.8% of abortions are for 'hard cases' such as saving the life or physical health of the mother, mental health, rape or incest, or fetal birth defects, while the vast majority (over 90%) are for social or economic reasons.",
      "original_point_number": [
        18,
        19,
        20
      ]
    },
    {
      "point_number": 10,
      "point_content": "Medical reasons for abortion include health concerns for the mother or fetus, though these are less common; other less common reasons include pressure from others and conception from non-consensual sex.",
      "original_point_number": [
        23,
        24
      ]
    },
    {
      "point_number": 11,
      "point_content": "Abortion is described as a grave offense against God and His creation, considered murder with no exceptions, and characterized as a deadly war within the country destroying the family bond and affecting society.",
      "original_point_number": [
        25,
        26
      ]
    },
    {
      "point_number": 12,
      "point_content": "Life starts at conception, with the unborn baby having a unique genetic code; humans have a natural instinct to protect innocent life, and abortion contradicts this by stopping the beating heart of an innocent human being.",
      "original_point_number": [
        27,
        28
      ]
    },
    {
      "point_number": 13,
      "point_content": "Abortion is unsafe and linked to health risks including death and increased breast cancer risk.",
      "original_point_number": [
        29
      ]
    },
    {
      "point_number": 14,
      "point_content": "The culture of death extends to embryonic stem-cell and human cloning research, destroying human life at its inception.",
      "original_point_number": [
        30
      ]
    },
    {
      "point_number": 15,
      "point_content": "Abortion perpetuates evil by destroying the family and moral values necessary to oppose abortion.",
      "original_point_number": [
        31
      ]
    },
    {
      "point_number": 16,
      "point_content": "The Roe v. Wade decision legalized abortion-on-demand, leading to over 60 million abortions in the US.",
      "original_point_number": [
        32
      ]
    },
    {
      "point_number": 17,
      "point_content": "The unborn baby's heart starts beating at 24 days, brainwaves after 43 days, and babies can survive outside the womb at 22 weeks.",
      "original_point_number": [
        33
      ]
    },
    {
      "point_number": 18,
      "point_content": "Acceptance of abortion may lead to acceptance of other forms of killing and moral decline.",
      "original_point_number": [
        34
      ]
    },
    {
      "point_number": 19,
      "point_content": "Abortion is common, and people have abortions for many different reasons, including health or safety reasons even in planned pregnancies.",
      "original_point_number": [
        35,
        36
      ]
    }
  ]
}