{
  "question": "what are the barriers to our collective learning in the age of information?",
  "key_points": [
    {
      "point_number": 1,
      "point_content": "Misinformation, fake news, disinformation, and post-truth phenomena have led to concerns about the credibility, veracity, and reliability of information on the Internet, causing misleading or false news spread worldwide, forming opinions based on false or inaccurate information, and resulting in problems including riots, criminal and public safety issues.",
      "original_point_number": [
        1,
        2,
        3,
        9
      ]
    },
    {
      "point_number": 2,
      "point_content": "Use of fast information vehicles and data collection about users raises privacy issues and may violate fundamental rights such as privacy and intimacy.",
      "original_point_number": [
        4
      ]
    },
    {
      "point_number": 3,
      "point_content": "Barriers to collective learning in the age of information include slow connection, expensive internet prices, filtered information, and proliferation of fake news, which hinder access to and validity of information.",
      "original_point_number": [
        5,
        6,
        7,
        8,
        9
      ]
    },
    {
      "point_number": 4,
      "point_content": "Mental and physical state of an employee, including internal and external environmental conditions, low confidence, bad previous training experiences, fear to fail, lack of innovation in learning content and approach, no motivation, fear to embrace change, and unwillingness to unlearn old habits and knowledge, act as significant barriers to learning and growth.",
      "original_point_number": [
        10,
        11,
        12,
        13,
        14,
        15,
        16,
        17,
        18
      ]
    }
  ]
}