{
  "question": "what are the barriers to our collective learning in the age of information?",
  "key_points": {
    "clueweb22-en0043-46-02841": [
      {
        "point_number": 1,
        "point_content": "Not all sources are credible and nowadays information is accurate and that creates misleading and even false news spread all over the world which gave riots.",
        "spans": [
          "not all sources are credible",
          "information is accurate and that creates misleading and even false news spread all over the world which gave riots"
        ]
      },
      {
        "point_number": 2,
        "point_content": "Fake news, post-truth and misinformation have brought concern about the veracity and reliability of information on the Internet, forming opinions based on false or inaccurate information.",
        "spans": [
          "fake news, post-truth and misinformation",
          "concern about the veracity and reliability of the information disseminated on the Internet",
          "forming pretentious opinions and knowledge based on false or inaccurate information"
        ]
      },
      {
        "point_number": 3,
        "point_content": "Disinformation and informational chaos enable consumption and sharing of false, distorted, manipulated information serving various personal and institutional purposes, causing problems including criminal and public safety issues.",
        "spans": [
          "disinformation and informational chaos have enabled the consumption and sharing of false, distorted, manipulated information",
          "serving the most diverse personal and institutional purposes",
          "problems of various kinds arise, even of criminal and public safety relevance, such as fraud and violent conflicts"
        ]
      },
      {
        "point_number": 4,
        "point_content": "Use of fast information vehicles and data collection about users raises privacy issues and may violate fundamental rights such as privacy and intimacy.",
        "spans": [
          "use of ever-faster information vehicles and the inherent collection of data about users has raised several privacy issues",
          "may even constitute a violation of fundamental rights and guarantees, such as privacy and intimacy"
        ]
      }
    ],
    "null": [],
    "clueweb22-en0017-26-06299": [
      {
        "point_number": 1,
        "point_content": "The barriers to our collective learning in the age of information include slow connection, expensive internet price, filtered information, and proliferation of fake news.",
        "spans": [
          "Moreover, the barriers to our collective learning in the age of information would be the following: (1) slow connection, (2) expensive internet price, (3) filtered information and (4) proliferation of fake news."
        ]
      },
      {
        "point_number": 2,
        "point_content": "Slow connection hinders collective learning as information loads slower, cutting the time to learn.",
        "spans": [
          "First, slow connection is one of the main barriers to collective learning as the information loads slower which cut the time to learn something."
        ]
      },
      {
        "point_number": 3,
        "point_content": "Expensive internet prices prevent individuals, especially in third world countries, from affording internet connection, hindering collective learning.",
        "spans": [
          "Second, expensive internet prices, particularly in a third world country not every individual could afford an internet connection which hinders their collective learning."
        ]
      },
      {
        "point_number": 4,
        "point_content": "Filtered information limits the availability of information on the internet, especially if the government forbids it.",
        "spans": [
          "Third, filtered information, not every information is available on the internet especially if the government forbids to do so."
        ]
      },
      {
        "point_number": 5,
        "point_content": "Proliferation of fake news creates confusion and invalidates the information acquired, acting as a barrier to collective learning.",
        "spans": [
          "Lastly, proliferation of fake news, it also barriers to our collective learnings as the information we acquire are not valid and could create confusion."
        ]
      }
    ],
    "clueweb22-en0008-05-12845": [
      {
        "point_number": 1,
        "point_content": "Mental and physical state of an employee can be one of the biggest barriers to learning if not in correct order and condition.",
        "spans": [
          "The mental state of mind and physical health of an employee can be one of the biggest Barriers to Learning if he is not in the correct order and condition."
        ]
      },
      {
        "point_number": 2,
        "point_content": "Internal and external environmental conditions can act as barriers to learning by making the ambience cumbersome and unhealthy.",
        "spans": [
          "Internal and External environmental conditions can act as the Barriers to Learning as it makes the ambience for the trainees and employees of the organization quite cumbersome and unhealthy."
        ]
      },
      {
        "point_number": 3,
        "point_content": "Low levels of confidence during learning and training affect the ability to engage and perform well.",
        "spans": [
          "When the employee has low levels of confidence during the learning and training procedures, it affects his ability to be agile and take on the learning tasks and exercises in a poised manner."
        ]
      },
      {
        "point_number": 4,
        "point_content": "Bad experience of previous training sessions acts as a barrier to learning.",
        "spans": [
          "If the previous learning and training sessions were not worthwhile, productive, and effective for the employee, this feeling and perspective would act as the Barriers to Learning"
        ]
      },
      {
        "point_number": 5,
        "point_content": "Fear to fail is a major reason for barriers to learning, causing demotivation and difficulty in retaining information.",
        "spans": [
          "Fear to fail can also be termed as one of the major reasons for the Barriers to Learning.",
          "Fear of failure grips the mind of the trainee and shapes it in a bad and negative fashion, making him look and feel demotivated and low on energy. Plus it makes it quite hard for the employee to retain and process the information shared during the learning procedure."
        ]
      },
      {
        "point_number": 6,
        "point_content": "Lack of innovation in learning content and approach makes learning boring for experienced employees.",
        "spans": [
          "if the content of the learning literature and the overall approach is not novel and high on innovation, it will make a boring affair for them."
        ]
      },
      {
        "point_number": 7,
        "point_content": "No motivation acts as a big barrier to learning due to lack of zeal and enthusiasm.",
        "spans": [
          "When an employee feels demotivated, it acts as one of the biggest Barriers to Learning as there is a lack of zeal and motivation to learn new things for his growth and development."
        ]
      },
      {
        "point_number": 8,
        "point_content": "Fear to embrace change acts as a barrier to learning and growth.",
        "spans": [
          "if the employee fears to embrace the change with open arms, it acts as Barriers to Learning."
        ]
      },
      {
        "point_number": 9,
        "point_content": "Unwillingness to unlearn old habits and knowledge acts as a barrier to learning and hampers growth.",
        "spans": [
          "many of the employees resist change and to unlearn the things that are going to be quite irrelevant in the future as they are confined to their comfort zones. It not only acts as the Barriers to Learning but also hampers their growth and development."
        ]
      }
    ]
  }
}