{
  "question": "how are schools addressing society's problems",
  "key_points": [
    {
      "point_number": 1,
      "point_content": "Teachers provide supports and interventions that teach students with social and behavioral needs how to solve problems with other people by explicitly teaching the five-step cognitive-behavioral social problem-solving process, reviewing it often (sometimes using acronyms like Take CHARGE!), having students apply it to real problems, using activities, games, and role-plays to practice, incorporating instruction in other subjects like literacy and writing, reinforcing appropriate use and good behavioral choices, and using curricula such as Tools for Getting Along and Take CHARGE!.",
      "original_point_number": [
        1,
        2,
        3,
        4,
        5,
        6,
        7
      ]
    },
    {
      "point_number": 2,
      "point_content": "Schools can address poverty through teaching social justice, offering equal academic opportunities, discreetly providing school supplies, snacks, clothes, and other basic necessities, providing resources for costly assignments, making parent involvement affordable, developing relevant curricula, advocating for gifted programs, reaching out to parents, challenging stigmatization, educating about poverty and classism, and educators should become knowledgeable about poverty issues, advocate for social reforms, and tackle classism in their own schools and classrooms.",
      "original_point_number": [
        8,
        10,
        11
      ]
    },
    {
      "point_number": 3,
      "point_content": "Schools can have only a limited influence on closing the achievement gap unless combined with broader social and economic reforms, but they still make a significant difference; improvements in public education are an important part of the solution to poverty and can improve academic outcomes and other measures of success for children who live in poverty.",
      "original_point_number": [
        9,
        12
      ]
    }
  ]
}