{
  "question": "why are staff leaving higher education",
  "key_points": {
    "clueweb22-en0007-44-02544": [
      {
        "point_number": 1,
        "point_content": "Multiple Black academics have resigned, citing concerns about institutional racism.",
        "spans": [
          "Multiple Black academics have resigned, citing concerns about institutional racism"
        ]
      },
      {
        "point_number": 2,
        "point_content": "Alena Allen is leaving the University of Memphis due to ongoing concerns about racism on campus.",
        "spans": [
          "Alena Allen earned promotion to full professor this academic year at the University of Memphis's Cecil C. Humphreys School of Law -- the first woman of color to do so within the program. But she’s leaving the institution before the promotion takes effect in July over ongoing concerns about racism on campus."
        ]
      },
      {
        "point_number": 3,
        "point_content": "Allen described a disturbing pattern of racism including comments by Provost Thomas Nenon and hiring practices that excluded highly qualified Black candidates.",
        "spans": [
          "Referencing alleged comments by Provost Thomas Nenon at a recent law faculty meeting on raising tenure and promotion standards, Allen said Nenon claimed he'd done applicants this year -- meaning her and another professor -- a \"favor.\" Allen also said that Nenon declined to hire highly qualified Black candidates as law deans during the past two searches, describing his comments and actions as part of a “disturbing pattern.”"
        ]
      },
      {
        "point_number": 4,
        "point_content": "Allen raised concerns about racial profiling by a white security officer and lack of action by the university.",
        "spans": [
          "Allen also raised concerns about a white security officer posted at the law school, whom both she and Black students had accused of racially profiling them. Even after a filing a complaint with the campus office for institutional equity, Allen wrote, the university “has taken no action. I don’t feel seen or heard.”"
        ]
      },
      {
        "point_number": 5,
        "point_content": "Other Black faculty members have left their positions this academic year over concerns about racism, including Lesley Lokko and Dena Simmons.",
        "spans": [
          "Other Black faculty members have left their positions this academic year over concerns about racism.",
          "Lesley Lokko, former dean of the Bernard and Anne Spitzer School of Architecture at City College of New York, a part of the City University of New York, resigned in October after just 10 months.",
          "In January, Dena Simmons resigned as assistant director of Yale University’s Center for Emotional Intelligence, part of Yale Medical School, saying she’d been “tokenized, undermined and bullied.”"
        ]
      },
      {
        "point_number": 6,
        "point_content": "Tommy J. Curry left Texas A&M University due to lack of support and anti-Black racism, and moved to the University of Edinburgh where racism is more openly acknowledged.",
        "spans": [
          "Tommy J. Curry, a philosopher of Black manhood, left a tenured position at Texas A&M University in 2019 for the University of Edinburgh in Scotland, where he holds the Personal Chair in Africana Philosophy and Black Male Studies.",
          "Curry didn’t think Texas A&M, which initially called his comments “disturbing,” had his back.",
          "At his institution and in his new country, where there are so few Black people, Curry said, the premise that racism exists is accepted. Academic freedom is highly valued in Europe, as well, he added, and both factors make it easier to pursue his research agenda instead of fighting other kinds of battles."
        ]
      },
      {
        "point_number": 7,
        "point_content": "Black academics face systemic racism and lack of institutional support, leading to resignations and career changes.",
        "spans": [
          "Multiple Black academics have resigned, citing concerns about institutional racism",
          "Allen said in her letter that Nenon’s apology fell short.",
          "Lokko, who is Ghanaian and Scottish, said race was a factor, as it’s “never far from the surface of any situation in the U.S.”",
          "Simmons later told EdSurge, “I left primarily because Yale could not keep me safe.”",
          "Curry said that “given my record, given the years that I worked for a Ph.D., I deserve better respect. I deserve the kinds of benefits that people in my field with my credentials get. And there's a kind of respect that I think that white professors are afforded in practically every institution, but Black people are still denied.”"
        ]
      }
    ],
    "clueweb22-en0000-43-03887": [
      {
        "point_number": 1,
        "point_content": "The author left higher education because the career became more about gratification, praise, and seeking affirmation rather than what she needed at that point in her life and career development.",
        "spans": [
          "My career in Higher Ed became more about gratification, praise, seeking affirmation and asserting my value based on how much students liked me or needed me (which isn’t necessarily bad if you need this from it – just not what I was looking for anymore)."
        ]
      },
      {
        "point_number": 2,
        "point_content": "The lifestyle of working in higher education was demanding and draining, affecting personal life and outside interests.",
        "spans": [
          "My 9/10pm curtain calls became draining. My weekend event attendance became painstaking. My interactions with students mostly became just a job. The things I wanted to be doing outside of work were compromised because I usually had a work commitment."
        ]
      },
      {
        "point_number": 3,
        "point_content": "The work environment in higher education shifted to being more about requirements, legalities, and student-demanding rather than student-driven, making it a tough space to thrive in.",
        "spans": [
          "The landscape was/is shifting. Requirements, legalities, student-demanding rather than student-driven made it a tough space to thrive in."
        ]
      },
      {
        "point_number": 4,
        "point_content": "The author developed new interests and passions in learning and development, which aligned more with her professional identity and interests than her previous higher education role.",
        "spans": [
          "Additionally, new interests and passions sparked a refresh of my professional identity. The opportunity to create, build relationships, and empower people to take ownership of their own professional identity and experience was much more interesting."
        ]
      },
      {
        "point_number": 5,
        "point_content": "Financial reasons also contribute to leaving higher education, as higher education jobs often pay less than corporate jobs, especially in expensive areas like the Bay Area.",
        "spans": [
          "1 part you need to make more f****** money to live in the bay area than higher ed will allow for"
        ]
      }
    ],
    "null": [],
    "clueweb22-en0004-17-04417": [
      {
        "point_number": 1,
        "point_content": "Higher education is experiencing a wave of departures due to a crisis of faith in the value and purpose of college, exacerbated by the pandemic and declining enrollment.",
        "spans": [
          "The Great Resignation sweeping the nation has people leaving unsatisfying jobs at unprecedented rates. Higher education is, by many anecdotal accounts, being hit hard by this trend.",
          "Today, in the market, there is a crisis of faith; in our lifetime, there has never been less confidence in college.",
          "And that crisis in confidence I think is not just external, it’s internal, as well."
        ]
      },
      {
        "point_number": 2,
        "point_content": "Staff are leaving higher education for agencies, higher-ed adjacent companies, or leaving the industry altogether, often seeking more growth, learning, and challenge opportunities.",
        "spans": [
          "Some are leaving for agencies or higher-ed adjacent companies, others are leaving the industry altogether.",
          "For me, it was an opportunity to continue to grow and learn and become more in my career.",
          "I want to continue to learn. I want to learn new frameworks and strategies, and I want to work alongside individuals who can challenge me and push back."
        ]
      },
      {
        "point_number": 3,
        "point_content": "A lack of empathy from higher education leadership towards staff is a key factor in staff departures.",
        "spans": [
          "I think it’s almost a lack of empathy from higher ed leadership.",
          "And I think that’s because the individuals in those positions today are used to the ‘I’m employing you, you’re welcome,’ kind of take on employees.’ Where we are flipping that."
        ]
      },
      {
        "point_number": 4,
        "point_content": "The shift in power dynamics due to remote work options has empowered staff to seek better opportunities and leverage their talents.",
        "spans": [
          "There is a total shift now that I totally agree that I think the people that are being interviewed are interviewing just as much, and there’s been a real shift now.",
          "The reason I think, in part, it has been that remote work transition, which is that if you’re a top talent, you’re no longer stuck with jobs in your city.",
          "So if you’re a top talent, last year your job prospects were only local.",
          "But now suddenly, every education institution in the country as well as their service providers, their agencies, the outside companies, suddenly if they’re hiring remote, they may be interested in you.",
          "It’s just a total game changer for folks that have the talent, and it’s been interesting seeing people come to life in that opportunity of realizing like, oh wow, I have leverage in this situation and I can now apply that leverage to either culturally help my employer adapt, which is happening in only a few places, but it is in some."
        ]
      },
      {
        "point_number": 5,
        "point_content": "Structural and cultural issues such as work-life balance, compensation, and treatment by leadership contribute to staff leaving higher education.",
        "spans": [
          "There are these structural or operational parts of the higher education experience as an employee, the work-life balance, the compensation, the way staff might be treated by other folks in your department or institution, but there’s also some cultural parts, right?"
        ]
      },
      {
        "point_number": 6,
        "point_content": "Higher education institutions often fail to individualize employment approaches and understand individual staff motivations, leading to dissatisfaction.",
        "spans": [
          "I think there’s this need of conversation of actually individualizing how we approach employment in higher ed and understanding individual motivations and really teaching management and leadership these empathy skills and how to approach and how to understand the individual motivations of their team."
        ]
      },
      {
        "point_number": 7,
        "point_content": "There is a perceived lack of recognition and appropriate compensation for skilled marketing and communications staff compared to long-tenured employees.",
        "spans": [
          "I think there’s a lack of adjustment on the salaries based on those skillsets.",
          "Being a performance marketer in higher ed, you are literally bringing students in to the university, and so it feels like sometimes that marketing is not actually given its praise it needs and the affirmation that it is an important part of the culture in the university and it’s achieving those business goals that are necessary."
        ]
      },
      {
        "point_number": 8,
        "point_content": "The brand and reputation of higher education institutions affect staff recruitment and retention, with recent controversies and politicization impacting confidence.",
        "spans": [
          "I feel like that has to play a role in people either not entertaining offers or positions that are open at universities.",
          "I feel like that might be an opportunity is for schools to figure out how they can sell themselves not just to students but to the people that they need to work there too.",
          "The most powerful brands attract not just your target audiences but also faculty, staff, leadership as well.",
          "Generally speaking, when you take these articles that have just come out recently with the Florida issue with the three professors and academic freedom, South Carolina with this not being as forthcoming or forthright about the renaming of buildings, et cetera, these are all things that chip away at the brand of higher end."
        ]
      },
      {
        "point_number": 9,
        "point_content": "The politicization of higher education and underfunding of public institutions contribute to challenges in staff retention and recruitment.",
        "spans": [
          "The politicization of higher ed and its impact on the industry",
          "There is an anti-intellectualism component that’s happening politically, and I do think that we’re seeing this dramatic underfunding of institutions that historically relied on the majority of their funding coming from state, as an example, and suddenly it’s much, much less."
        ]
      },
      {
        "point_number": 10,
        "point_content": "The pandemic has led to increased self-reflection among staff, causing many to reconsider their career paths and leave higher education for better alignment with their values and needs.",
        "spans": [
          "I think people had a chance to stop and ask themselves what they’re doing and why and what they want out of life.",
          "Many of us dealt with dramatic challenges all the way from losing loved ones to health scares to job loss."
        ]
      },
      {
        "point_number": 11,
        "point_content": "Institutions that offer better benefits, flexibility, and listen to their staff are more likely to retain talent.",
        "spans": [
          "The worst thing you can do is nothing.",
          "We post jobs and we’re getting 100-plus applicants of high quality, but it’s not just that we’re remote.",
          "We’re fully remote, unlimited PTO. We’re asynchronous, so we don’t have client meetings. We work whenever you want, no set hours. 100% healthcare insurance premiums for employees, dependents, staff. 401(k) that vests day one, and we pay off student loans with an education benefit on behalf of our team."
        ]
      }
    ],
    "clueweb22-en0031-37-02018": [
      {
        "point_number": 1,
        "point_content": "The majority of reasons why employees quit their job are under the control of the employer.",
        "spans": [
          "But, the majority of reasons why employees quit their job are under the control of the employer."
        ]
      },
      {
        "point_number": 2,
        "point_content": "Employees quit their job due to factors related to workplace culture, environment, job perception, and opportunities, all influenced by the employer.",
        "spans": [
          "any element of your current workplace, your culture, and environment, the employee’s perception of his or her job, and opportunities are all factors that the employer affects."
        ]
      },
      {
        "point_number": 3,
        "point_content": "A bad relationship with the boss is the number one reason why employees quit their job.",
        "spans": [
          "According to many sources, a bad boss is also the number one reason why employees quit their job."
        ]
      },
      {
        "point_number": 4,
        "point_content": "Employees leave when they are bored and unchallenged by their work.",
        "spans": [
          "No one wants to be bored and unchallenged by their work."
        ]
      },
      {
        "point_number": 5,
        "point_content": "Relationships with coworkers are critical components of an employee’s work environment and help retain employees.",
        "spans": [
          "Relationships with coworkers retain employees."
        ]
      },
      {
        "point_number": 6,
        "point_content": "Employees want opportunities to use and develop their skills and abilities; lack of growth opportunities leads them to leave.",
        "spans": [
          "Employees want to develop and grow their skills. If they’re not able to do this in your jobs, they’ll find one where they can."
        ]
      },
      {
        "point_number": 7,
        "point_content": "Employees need to feel their work contributes to the organization’s business goals; lack of connection to the bigger picture can cause them to leave.",
        "spans": [
          "Employees need to feel connected and that they are part of an effort that is larger than just their job."
        ]
      },
      {
        "point_number": 8,
        "point_content": "Employees want autonomy and independence on the job; lack of empowerment can lead to turnover.",
        "spans": [
          "Organizations talk about empowerment, autonomy, and independence, but they are not something that you can do to people or give them."
        ]
      },
      {
        "point_number": 9,
        "point_content": "Employees want meaningful work that makes a difference; lack of meaningfulness can cause them to leave.",
        "spans": [
          "Every employee wants to do something that makes a difference, that isn’t busywork or transactional work, and that contributes to something bigger than themselves."
        ]
      },
      {
        "point_number": 10,
        "point_content": "Financial instability and lack of trust in management cause employees to leave higher education or any organization.",
        "spans": [
          "Financial instability: a lack of sales, layoffs or reduced work hours, salary freezes, hiring freezes, successful competitors highlighted in the news, bad press, employee turnover, mergers, and acquiring companies, all lead to an employee’s feeling of instability and a lack of trust ."
        ]
      }
    ],
    "clueweb22-en0027-32-00065": [
      {
        "point_number": 1,
        "point_content": "Higher education is experiencing a new round of 'quit lit' from tenured professors.",
        "spans": [
          "Is higher education in for a new round of  “quit lit” — this time from tenured professors?"
        ]
      },
      {
        "point_number": 2,
        "point_content": "Tenured professors are leaving because they no longer find creative fulfillment in their roles.",
        "spans": [
          "How do you know when it’s time to leave a tenured position and find something else to do?",
          "Steve Martin writes about no longer finding creative fulfillment in his comedy act and sensing that it was already on the downward slope"
        ]
      }
    ],
    "clueweb22-en0004-15-04854": [
      {
        "point_number": 1,
        "point_content": "Employers often complain that even when graduates come with stellar academic credentials they will probably not have learned what they need to learn to be able to do their job.",
        "spans": [
          "employers expressing reservations about graduates’ job-readiness and potential to add immediate value to the workplace",
          "employers often complain that even when graduates come with stellar academic credentials they will probably not have learned what they need to learn to be able to do their job"
        ]
      },
      {
        "point_number": 2,
        "point_content": "Many elite universities prioritize research, often at the expense of teaching, which may affect the quality of education and preparation for the real world.",
        "spans": [
          "Many elite universities prioritize research, often at the expense of teaching",
          "In many top institutions, teaching can be seen as a distraction from publishing and getting research grants",
          "Top faculty are attracted not just with higher salaries, but also with more freedom and a lower teaching load",
          "they will publish research prolifically and bring in grant income while leveraging graduate students to do their teaching instead",
          "until the entire higher educational system prioritizes the classroom over the research lab, it will be a challenge for this dynamic to change",
          "it should not be an excuse to neglect the actual education offered to students, including the critical issue of preparing them for the real world"
        ]
      },
      {
        "point_number": 3,
        "point_content": "Students have unrealistic expectations about college, which can lead to dissatisfaction and low employee engagement.",
        "spans": [
          "Students have unrealistic expectations (understandably) about college",
          "If our career aspirations surpass the available opportunities, and our self-perceived talents exceed our actual talents, we are surely destined to be miserable at work, and perhaps this explains the prevalence of low employee engagement ratings"
        ]
      },
      {
        "point_number": 4,
        "point_content": "The value-add of a university degree is inversely related to a student’s socio-economic status, and universities tend to increase rather than decrease inequality.",
        "spans": [
          "Instead of boosting meritocracy, universities reinforce inequality",
          "The value-add of a university degree is inversely related to a student’s socio-economic status",
          "universities tend to increase rather than decrease inequality"
        ]
      }
    ]
  }
}