{
  "question": "why centers of excellence fail",
  "key_points": [
    {
      "point_number": 1,
      "point_content": "Leadership’s mental bandwidth is occupied with Globalization transition management and they spend time and energy on logistics and other tactical operations instead of technology and product development.",
      "original_point_number": [
        1,
        2
      ]
    },
    {
      "point_number": 2,
      "point_content": "There is a lack of on-ground support in the selection and management of vendors including legal, entity incorporation, hiring, real estate, and technology experts.",
      "original_point_number": [
        3
      ]
    },
    {
      "point_number": 3,
      "point_content": "Challenges exist around selecting the right location due to lack of knowledge and insights on the local ecosystems and capabilities.",
      "original_point_number": [
        4
      ]
    },
    {
      "point_number": 4,
      "point_content": "There is difficulty in identifying the right project or product to transition.",
      "original_point_number": [
        5
      ]
    },
    {
      "point_number": 5,
      "point_content": "There is a long waiting time before the center is set up, resulting in a delay in starting actual technology development.",
      "original_point_number": [
        6
      ]
    },
    {
      "point_number": 6,
      "point_content": "There is a lack of infrastructure to get started with the hiring process, leading to a substandard hiring experience for candidates.",
      "original_point_number": [
        7
      ]
    },
    {
      "point_number": 7,
      "point_content": "New centers lack maturity.",
      "original_point_number": [
        8
      ]
    },
    {
      "point_number": 8,
      "point_content": "There is a lack of flexibility in scaling operations, including ramping up beyond the initially estimated office space capacity or dealing with the sunk cost of unused real estate or other infrastructure as you ramp up.",
      "original_point_number": [
        9
      ]
    },
    {
      "point_number": 9,
      "point_content": "Complex regulatory and compliance mandates in some geographies and lack of local support to manage the regulatory expectations can hinder the center setup process.",
      "original_point_number": [
        10
      ]
    },
    {
      "point_number": 10,
      "point_content": "Centers of Excellence (CoEs) are typically established to develop expertise and standards in an area or component used by multiple products and solutions in the organization, or when there is a need for a new skill that must be developed organically through an incubation CoE.",
      "original_point_number": [
        11,
        12
      ]
    },
    {
      "point_number": 11,
      "point_content": "CoEs are not impacted by the day-to-day business of an organization and do not have to deal with immediate revenue pressures, allowing them to focus on a single business activity, process, or capability.",
      "original_point_number": [
        13
      ]
    },
    {
      "point_number": 12,
      "point_content": "CoEs have the flexibility to innovate fast and fail fast, as they are not limited by the process overheads that typical product teams may have to deal with.",
      "original_point_number": [
        14
      ]
    },
    {
      "point_number": 13,
      "point_content": "To stand out, organizations must ensure they have the right ingredients to establish an effective and successful CoE.",
      "original_point_number": [
        15
      ]
    },
    {
      "point_number": 14,
      "point_content": "The text does not provide information on why centers of excellence fail.",
      "original_point_number": [
        16
      ]
    }
  ]
}