{
  "question": "why do you think many people might be skeptical about psychology being a science?",
  "key_points": [
    {
      "point_number": 1,
      "point_content": "Many people are skeptical about psychology being a science because the mind cannot be seen directly, psychology studies complex phenomena like thoughts, behaviors, and social factors, and the mind is not a form of matter or energy, making it seem less concrete than other sciences.",
      "original_point_number": [
        1,
        2,
        4,
        9
      ]
    },
    {
      "point_number": 2,
      "point_content": "Psychology uses the empirical method based on observation and experimentation rather than just logical argument or previous authorities, expanding the scientific study to include mind and behavior despite the mind not being directly observable.",
      "original_point_number": [
        3,
        5
      ]
    },
    {
      "point_number": 3,
      "point_content": "Science deals only with matter and energy and cannot arrive at knowledge about values and morality, which limits scientific understanding of the mind.",
      "original_point_number": [
        6
      ]
    },
    {
      "point_number": 4,
      "point_content": "The scientific method requires explanations to be testable, but some psychological phenomena like happiness are not directly measurable.",
      "original_point_number": [
        7
      ]
    },
    {
      "point_number": 5,
      "point_content": "Psychology was not accepted as its own academic discipline until the late 1800s, previously considered under philosophy.",
      "original_point_number": [
        8
      ]
    },
    {
      "point_number": 6,
      "point_content": "Many people perceive the study of human behavior as unscientific, leading to public skepticism of psychology.",
      "original_point_number": [
        10,
        11
      ]
    },
    {
      "point_number": 7,
      "point_content": "Skepticism forces analysis, strategizing, and ultimately seeking the truth; it protects against harm and unsupported claims, indicates critical thinking, counters bias, and is necessary to avoid assumptions and naivety.",
      "original_point_number": [
        12,
        13,
        14,
        16,
        17
      ]
    },
    {
      "point_number": 8,
      "point_content": "Being skeptical helps avoid being deceived by false beliefs or charlatans and means never taking anything for granted, utilizing scientific methods to analyze claims and find the truth.",
      "original_point_number": [
        15,
        18
      ]
    },
    {
      "point_number": 9,
      "point_content": "Skepticism without cynicism is good; one should be willing to update beliefs when presented with new evidence, and skepticism is important in scientific theory development where propositions must be critically studied and tested before acceptance.",
      "original_point_number": [
        19,
        20
      ]
    },
    {
      "point_number": 10,
      "point_content": "Negative and skeptical attitudes often stem from past disappointments, hurts, and limiting beliefs, serving as a defense mechanism to avoid further pain and disappointment, sometimes leading to a 'learned helplessness' mindset where nothing is believed to work.",
      "original_point_number": [
        21,
        22,
        23,
        24,
        25
      ]
    },
    {
      "point_number": 11,
      "point_content": "Psychology teaches critical thinking skills and helps analyze different scenarios and types of psychology to understand why something might be happening.",
      "original_point_number": [
        26
      ]
    },
    {
      "point_number": 12,
      "point_content": "Psychology helps understand human behavior basics, which is important in fields like nursing to understand patients' fears or demographic differences, and is valued in various careers for managing people's behavior in different contexts.",
      "original_point_number": [
        27,
        28,
        29
      ]
    },
    {
      "point_number": 13,
      "point_content": "Psychology studies the mind and behavior of individuals to understand differences in personality, attitude, and responses towards situations, revealing differences in thought processes towards similar situations.",
      "original_point_number": [
        30,
        31
      ]
    }
  ]
}