{
  "question": "why are they pushing medicare advantage plans",
  "key_points": {
    "clueweb22-en0018-53-03656": [
      {
        "point_number": 1,
        "point_content": "Medicare Advantage plans are heavily promoted because the federal government subsidizes them, allowing private companies to offer extra benefits and $0 premium plans.",
        "spans": [
          "MA plans are able to offer extra benefits and even $0 premium plans because the federal government subsidizes it."
        ]
      },
      {
        "point_number": 2,
        "point_content": "CMS pushes Medicare Advantage plans to shift financial risk from the government to private insurance companies, potentially saving money for CMS.",
        "spans": [
          "Shifting the Risk from CMS to Private Insurance Companies",
          "CMS, the Centers for Medicare & Medicaid Services, believes they are saving money by getting you off of Original Medicare and moving you over to a Medicare Advantage plan."
        ]
      },
      {
        "point_number": 3,
        "point_content": "Medicare Advantage is managed care, which helps control costs by requiring pre-approval and sometimes denying more expensive treatments.",
        "spans": [
          "Medicare Advantage Is Managed Care",
          "With MA plans, you’ll often see procedures or treatments being declined in favor of less-expensive treatment alternatives.",
          "Medicare Advantage plans often require a pre-approval process that’s difficult and time-consuming."
        ]
      },
      {
        "point_number": 4,
        "point_content": "CMS has shown bias towards Medicare Advantage plans through materials like the Medicare & You Handbook and the Medicare website, which encourage enrollment in MA plans.",
        "spans": [
          "CMS, the governing body over Medicare, has been biased on many occasions towards Medicare Advantage plans.",
          "From the Medicare & You Handbook, which is distributed to all seniors, to their website making overly broad suggestions about Medicare Advantage, you need to be on the lookout!",
          "The Medicare Rights Center and the Center for Medicare Advocacy have explained that many of the tools available on Medicare’s website encourage Medicare Advantage enrollment over traditional Medicare."
        ]
      },
      {
        "point_number": 5,
        "point_content": "Medicare’s Plan Finder tool and email campaigns favor Medicare Advantage plans by highlighting $0 premium options and benefits, often without full context.",
        "spans": [
          "The Medicare Plan Finder tool is a prime example of the push towards MA plans.",
          "Many MA plans have $0 premium, while Medicare Supplements routinely cost $100-$125 per month in premium.",
          "Medicare email campaigns have also been criticized by advocacy groups for drawing more attention to MA plans."
        ]
      }
    ],
    "clueweb22-en0039-82-01316": [
      {
        "point_number": 1,
        "point_content": "Enrollment in Medicare Advantage has grown over three times since 2005, with currently around 20 million beneficiaries.",
        "spans": [
          "Enrollment in Medicare Advantage has grown over three times since 2005, with currently around 20 million beneficiaries."
        ]
      },
      {
        "point_number": 2,
        "point_content": "It is unclear the motives and whether it actually saves Medicare money, but it does benefit private insurance companies like United Healthcare who offer Medicare Advantage plans.",
        "spans": [
          "It is unclear the motives and whether it actually saves Medicare money, but it does benefit private insurance companies like United Healthcare who offer Medicare Advantage plans."
        ]
      },
      {
        "point_number": 3,
        "point_content": "The Medicare Rights Center and the Center for Medicare Advocacy wrote the Centers for Medicare and Medicaid Services (CMS) a letter last month criticizing several online and email tools that are biased toward Medicare Advantage over traditional fee-for-service Medicare.",
        "spans": [
          "The Medicare Rights Center and the Center for Medicare Advocacy wrote the Centers for Medicare and Medicaid Services (CMS) a letter last month criticizing several online and email tools that are biased toward Medicare Advantage over traditional fee-for-service Medicare."
        ]
      },
      {
        "point_number": 4,
        "point_content": "The past two years the Medicare & You handbook had a bent toward Medicare Advantage plans, and CMS had to make changes to it after the first draft appeared.",
        "spans": [
          "The past two years the Medicare & You handbook had a bent toward Medicare Advantage plans, and CMS had to make changes to it after the first draft appeared."
        ]
      },
      {
        "point_number": 5,
        "point_content": "The past three administrations have been enthusiastic about pushing Medicare Advantage.",
        "spans": [
          "The past three administrations have been enthusiastic about pushing Medicare Advantage."
        ]
      },
      {
        "point_number": 6,
        "point_content": "The Bush, Obama, and Trump administrations have helped allow Medicare Advantage to add benefits like vision, fitness memberships, and to have a cap on out-of-pocket costs.",
        "spans": [
          "The Bush, Obama, and Trump administrations have helped allow Medicare Advantage to add benefits like vision, fitness memberships, and to have a cap on out-of-pocket costs."
        ]
      },
      {
        "point_number": 7,
        "point_content": "The Trump administration seems to be promoting it even more than others.",
        "spans": [
          "But the Trump administration seems to be promoting it even more than others."
        ]
      }
    ],
    "clueweb22-en0008-05-13014": [
      {
        "point_number": 1,
        "point_content": "Medicare Advantage plans have a mandatory out-of-pocket maximum, which protects beneficiaries from very high spending in case of serious illness.",
        "spans": [
          "Another advantage of a Medicare Advantage plan is a mandatory out-of-pocket maximum.",
          "All Medicare Advantage plans have out-of-pocket maximums, which prevent you from very high spending when a serious illness happens."
        ]
      },
      {
        "point_number": 2,
        "point_content": "Medicare Advantage plans often include extra benefits such as prescription drug coverage, dental, hearing, and vision coverage, which Original Medicare does not cover.",
        "spans": [
          "Medicare Advantage plans can be full of extra benefits like prescription drug coverage, dental, hearing, and vision coverage.",
          "Medicare Advantage plans may offer extra benefits beyond what Original Medicare covers.",
          "Most Medicare Advantage plans have prescription drug coverage.",
          "Many Medicare Advantage plans offer routine vision and hearing coverage.",
          "Some Medicare Advantage plans may cover preventative dental services including oral exams, cleanings, fluoride treatment, and x-rays."
        ]
      },
      {
        "point_number": 3,
        "point_content": "Medicare Advantage plans may have lower out-of-pocket costs due to negotiated rates with providers and lower deductibles and copayments compared to Original Medicare.",
        "spans": [
          "Under Medicare Advantage, each plan negotiates its own rates with providers.",
          "You may pay lower deductibles and copayments/coinsurance than you would pay with Original Medicare."
        ]
      },
      {
        "point_number": 4,
        "point_content": "Medicare Advantage plans are offered by private insurance companies but are regulated by Medicare, and some plans have premiums as low as $0.",
        "spans": [
          "For starters, Medicare Advantage plans are offered by private insurance companies but are regulated by Medicare.",
          "Some Medicare Advantage plans have premiums as low as $0."
        ]
      }
    ],
    "clueweb22-en0012-75-16861": [
      {
        "point_number": 1,
        "point_content": "Medicare Advantage plans are heavily advertised because of how they are funded.",
        "spans": [
          "Advertisements for Medicare Advantage plans are pervasive during the Annual Enrollment Period.",
          "Advantage plans are heavily advertised because of how they are funded."
        ]
      },
      {
        "point_number": 2,
        "point_content": "The Centers for Medicare & Medicaid Services (CMS) pays insurance companies for each beneficiary's expected healthcare costs, so the more people who enroll in Advantage plans, the more funds Medicare gives insurance companies offering these plans.",
        "spans": [
          "The Centers for Medicare & Medicaid Services (CMS) is the principal source of funding for Advantage plans, paying insurance companies for each beneficiary's expected healthcare costs.",
          "Thus, the more people who enroll in Advantage plans, the more funds Medicare gives insurance companies offering these plans."
        ]
      },
      {
        "point_number": 3,
        "point_content": "It benefits insurance companies to encourage enrollment in Advantage plans because of the money they receive from Medicare.",
        "spans": [
          "It benefits insurance companies to encourage enrollment in Advantage plans because of the money they receive from Medicare."
        ]
      }
    ],
    "clueweb22-en0027-34-07293": [
      {
        "point_number": 1,
        "point_content": "Medicare Advantage is a massive, trillion-dollar rip-off, of the federal government and of taxpayers, and of many of the people buying the so-called Advantage plans.",
        "spans": [
          "Medicare Advantage is a massive, trillion-dollar rip-off, of the federal government and of taxpayers, and of many of the people buying the so-called Advantage plans."
        ]
      },
      {
        "point_number": 2,
        "point_content": "Medicare Advantage plans are private health insurance most often offered by the big for-profit insurance companies, and the rules they must live by are considerably looser than those for Medicare.",
        "spans": [
          "Medicare Advantage plans are not Medicare. They're private health insurance most often offered by the big for-profit insurance companies (although some nonprofits participate, particularly the larger HMOs), and the rules they must live by are considerably looser than those for Medicare."
        ]
      },
      {
        "point_number": 3,
        "point_content": "Medicare Advantage providers are paid in a massive lump sum based on the aggregate risk score of all their customers, incentivizing them to increase risk scores to get larger payments.",
        "spans": [
          "Even more consequential, they don't get reimbursed directly on a person-by-person, procedure-by-procedure basis. Instead, every year, Advantage providers submit a summary to the federal government of the aggregate risk score of all their customers and, practically speaking, are paid in a massive lump sum.",
          "The higher their risk score, the larger the payment."
        ]
      },
      {
        "point_number": 4,
        "point_content": "Insurance companies use strategies like upcoding during annual home visits to make customers seem sicker and increase Medicare reimbursement risk scores.",
        "spans": [
          "For example, many Medicare Advantage plans promote an annual home visit by a nurse or physician's assistant as a \"benefit\" of the plan. What the companies are doing, though, is trying to upcode their customers to make them seem sicker than they are to increase their overall Medicare reimbursement risk score."
        ]
      },
      {
        "point_number": 5,
        "point_content": "Medicare Advantage plans cost taxpayers billions more than standard Medicare due to inflated risk scores and overpayments.",
        "spans": [
          "Risk scores of Medicare Advantage patients rose sharply in plans in at least 1,000 counties nationwide between 2007 and 2011, boosting taxpayer costs by more than $36 billion over estimated costs for caring for patients in standard Medicare.",
          "In more than 200 of these counties, the cost of some Medicare Advantage plans was at least 25 percent higher than the cost of providing standard Medicare coverage.",
          "CMS has estimated that faulty risk scores triggered nearly $70 billion in what officials deemed \"improper\" payments to Medicare Advantage plans from 2008 through 2013.",
          "The recent HHS Payment Accuracy Report exposes that taxpayers have overpaid Medicare Advantage plans more than $30 billion dollars over the last three years."
        ]
      },
      {
        "point_number": 6,
        "point_content": "CMS audits of Medicare Advantage plans are infrequent and result in minimal repayments for overcharges, allowing companies to keep most of the overpaid funds.",
        "spans": [
          "When the Office of Inspector General, Health and Human Services (which oversees Medicare), audited six out of the hundreds of plans on the market in 2007, they found that just those six companies \"had been overpaid by an estimated $650 million\" for that one year.",
          "CMS settled five of the six audits for a total repayment of just over $1.3 million.",
          "The Centers for Medicare and Medicaid Services also, in 2012, decided to audit only 30 plans a year going forward."
        ]
      },
      {
        "point_number": 7,
        "point_content": "During the Trump administration, CMS promoted Medicare Advantage plans despite their higher cost to Medicare compared to original Medicare.",
        "spans": [
          "During the four years of the Trump administration, CMS went out of their way to illegally promote Medicare Advantage plans (which typically cost CMS far more than a regular Medicare plan).",
          "Under President Trump, some critics contend, the Centers for Medicare and Medicaid Services, which administers Medicare, has become a cheerleader for Advantage plans at the expense of original Medicare."
        ]
      },
      {
        "point_number": 8,
        "point_content": "Medicare Advantage plans are highly profitable for insurers but often provide fewer services to enrollees compared to traditional Medicare.",
        "spans": [
          "The National Bureau of Economic Research (NBER) compared Medicare Advantage with traditional Medicare and found the Advantage programs to be mind-bogglingly profitable: \"MA insurer revenues are 30 percent higher than their healthcare spending.",
          "People with Medicare Advantage got 15 percent fewer colon cancer screening tests, 24 percent fewer diagnostic tests, and 38 percent fewer flu shots."
        ]
      },
      {
        "point_number": 9,
        "point_content": "Speculation on why CMS promotes costly Medicare Advantage plans includes regulatory capture and political influence from insurance companies.",
        "spans": [
          "One possibility is regulatory capture—people working in CMS know that if they go along and get along, very well-paid jobs are waiting for them at for-profit insurance companies after a few years of government service.",
          "The Obama administration had other priorities, as they were trying to push through the Affordable Care Act and didn't want to upset the apple cart.",
          "And when Trump came into power, his folks saw anything that drained resources out of Medicare and into the pockets of multimillionaire health insurance executives ... as a plus."
        ]
      },
      {
        "point_number": 10,
        "point_content": "Medicare Advantage plans lock in enrollees, making it difficult or impossible to switch back to traditional Medicare without losing coverage or facing high costs.",
        "spans": [
          "The decision is effectively irrevocable.",
          "Medigap plans can't refuse you because of preexisting conditions when you first sign up when you turn 65, if you shift from Medicare Advantage back to traditional Medicare after that first enrollment, particularly if you're older or sick, they can simply refuse to cover you."
        ]
      },
      {
        "point_number": 11,
        "point_content": "Medicare Advantage plans spend billions on advertising funded by taxpayer dollars, which ultimately come from overpayments and denied claims.",
        "spans": [
          "Meanwhile, every fall, Americans are inundated with hundreds of millions of dollars' worth of TV, direct mail, and internet advertising for Medicare Advantage plans.",
          "And where does the money come from to pay for that advertising? It comes from the same place that provided over $1 billion in wealth to the former CEO of United Healthcare, and over $100 million a month in compensation to senior executives in the largest health insurance companies: denying claims while collecting risk adjustment claims from your tax dollars and mine."
        ]
      }
    ],
    "clueweb22-en0031-37-02627": [
      {
        "point_number": 1,
        "point_content": "Agents push Medicare Advantage plans because they are profitable and agents make twice as much commission as with Medicare supplement plans.",
        "spans": [
          "They are profitable.",
          "An agent that sells you an Advantage plan makes twice as much commission as they would by offering you a Medicare supplement plan."
        ]
      },
      {
        "point_number": 2,
        "point_content": "Agents receive their full year's commission shortly after the coverage starts, providing a strong financial incentive to push Advantage plans.",
        "spans": [
          "they are paid their full years commission the month after your coverage goes into effect."
        ]
      },
      {
        "point_number": 3,
        "point_content": "Agents may sell additional plans like hospital or cancer plans to cover out-of-pocket costs, earning high commissions from these sales as well.",
        "spans": [
          "Then they will tell you that you need a plan to cover that contingency and will proceed to sell you an extra plan for only $38 per month.",
          "The agent pockets 60% of your monthly premium as their compensation.",
          "The agent pockets 60% of that premium as well."
        ]
      },
      {
        "point_number": 4,
        "point_content": "Medicare Advantage plans are not truly free; you still pay Medicare Part B premiums and out-of-pocket costs, and must use plan-approved providers to minimize costs.",
        "spans": [
          "$0 premium Medicare plans are not free.",
          "You still have to pay your Medicare Part B premium.",
          "If you want to keep your out of pocket costs to a minimum you must use THEIR doctors and hospitals."
        ]
      },
      {
        "point_number": 5,
        "point_content": "Medicare allows dis-enrollment from Advantage plans, indicating they may not be ideal for everyone.",
        "spans": [
          "And if these plans are so great, why does Medicare allow you to dis-enroll?",
          "If your Medicare Advantage plan is so great, why does Medicare give you an escape provision?"
        ]
      }
    ],
    "clueweb22-en0022-11-17058": [
      {
        "point_number": 1,
        "point_content": "Medicare Advantage Plans are offered by private companies approved by Medicare and combine Medicare Part A, Part B, and usually Part D into one plan.",
        "spans": [
          "A Medicare Advantage Plan, also called a Part C or an MA Plan, may sound enticing. It combines Medicare Part A (hospital insurance), Medicare Part B (medical insurance), and usually Medicare Part D (prescription drug coverage) into one plan.",
          "They are offered by private companies approved by Medicare."
        ]
      },
      {
        "point_number": 2,
        "point_content": "Private insurers receive a fixed amount each month for Medicare Advantage plan care and can charge out-of-pocket costs and establish their own rules for service.",
        "spans": [
          "The private insurers receive a fixed amount each month for Medicare Advantage plan care. In turn, these companies can charge out-of-pocket costs to policyholders and are able to establish their own rules for service such as the need for referrals or provider networks for both non-urgent care and emergency services."
        ]
      },
      {
        "point_number": 3,
        "point_content": "Medicare Advantage Plans must accept any Medicare-eligible participant but discourage sick people by structuring copays and deductibles to be costly.",
        "spans": [
          "Since Medicare Advantage Plans can’t pick their customers (they must accept any Medicare-eligible participant), they discourage people who are sick by the way they structure their copays and deductibles."
        ]
      },
      {
        "point_number": 4,
        "point_content": "Many enrollees have been hit with unexpected costs and denial of benefits for care deemed 'not medically necessary'.",
        "spans": [
          "Many enrollees have been hit with unexpected costs and denial of benefits for various types of care deemed \"not medically necessary\"."
        ]
      },
      {
        "point_number": 5,
        "point_content": "Medicare Advantage Plans often have low or $0 premiums but can have high out-of-pocket costs through copays and deductibles, especially if the enrollee gets sick.",
        "spans": [
          "Still, while many offer low premiums—sometimes as low as $0 per month—the devil is in the details. You will find that many plans unexpectedly won't cover certain expenses when you get sick—resulting in unforeseen out-of-pocket costs for you",
          "As this non-exhaustive list of copays demonstrates, out-of-pocket costs will quickly build up over the year if you get sick. The Medicare Advantage Plan may offer a $0 premium, but the out-of-pocket surprises may not be worth those initial savings if you get sick."
        ]
      },
      {
        "point_number": 6,
        "point_content": "Medicare Advantage plans have a maximum out-of-pocket limit, but it varies by plan and year, and there is often an inverse relationship between premium and out-of-pocket limit.",
        "spans": [
          "Medicare Advantage Plans do have a yearly limit on your out-of-pocket costs for medical services, called the maximum out-of-pocket (MOOP). Once you reach this limit, you’ll pay nothing for covered services. Each plan can have a different limit, and the limit can change each year, so that's a factor to consider when purchasing one. Not surprisingly, there's often an inverse relationship between the amount of a plan's deductible and premium, and the size of its MOOP."
        ]
      },
      {
        "point_number": 7,
        "point_content": "Medicare Advantage plans offer some benefits not covered by Original Medicare, such as vision, hearing, and dental coverage.",
        "spans": [
          "Most plans cover benefits that Original Medicare doesn't offer, such as vision, hearing, and dental."
        ]
      },
      {
        "point_number": 8,
        "point_content": "Medicare Advantage plans are pushed because they offer a $0 premium and cover some gaps of Original Medicare, making them affordable for healthy patients.",
        "spans": [
          "Why Should I Choose Medicare Advantage?",
          "Medicare Advantage covers some of the gaps of Original Medicare (Part A and Part B) and usually offers a $0 premium through a private company. It can be an affordable option for patients who are not currently sick or in need of intense medical care."
        ]
      }
    ],
    "clueweb22-en0040-17-17479": [
      {
        "point_number": 1,
        "point_content": "Medicare Advantage plans are paid by Medicare itself, and insurance companies set low or $0 premiums to attract members so they can get paid by Medicare for membership.",
        "spans": [
          "Medicare Advantage plans are paid by Medicare itself.",
          "Many Medicare Advantage plans will set very low premiums or even a $0 premium for the plan itself.",
          "They do this, of course, to attract you to the plan so that they can get paid by Medicare for your membership in the plan."
        ]
      },
      {
        "point_number": 2,
        "point_content": "Medicare Advantage plans have lower premiums but require copays and coinsurance, which can make them seem cheaper upfront but potentially more costly as you use services.",
        "spans": [
          "When you enroll in a Medicare Advantage plan, on the other hand, you pay a much lower premium for the plan. Instead, you will pay copays and coinsurance for services as you go along."
        ]
      },
      {
        "point_number": 3,
        "point_content": "Medicare Advantage plans have smaller provider networks and often require referrals, which can be inconvenient and limit access to preferred doctors.",
        "spans": [
          "Most Medicare Advantage plans have local or regional networks, so the plan’s entire network might only have a few thousand providers.",
          "If you enroll in a Medicare Advantage plan with an HMO network, then you will usually have to choose a primary care provider. That doctor will need to issue you a referral before you can see a specialist."
        ]
      },
      {
        "point_number": 4,
        "point_content": "Medicare Advantage plans can change benefits, premiums, and networks annually, requiring beneficiaries to review changes each year to avoid surprises.",
        "spans": [
          "Medicare Advantage plans change their benefits every year.",
          "They can also change the medications that appear on the plan’s formulary.",
          "These benefits can also change from year to year."
        ]
      },
      {
        "point_number": 5,
        "point_content": "Insurance companies managing Medicare Advantage plans require prior authorizations for services, which can delay care and frustrate beneficiaries.",
        "spans": [
          "These plans typically involve a greater requirement for your provider to get pre-authorizations before approving services.",
          "Sometimes that authorization request might get denied."
        ]
      },
      {
        "point_number": 6,
        "point_content": "Medicare Advantage plans have out-of-pocket maximums that can be high, leading to significant expenses for people with serious health conditions.",
        "spans": [
          "The downside is that plans can set that OOP as high as $7,550 in 2022.",
          "Many plans charge a 20% coinsurance for chemotherapy, radiation, and dialysis."
        ]
      }
    ]
  }
}