{
  "question": "how coaches impact players",
  "key_points": [
    {
      "point_number": 1,
      "point_content": "Coaches play a vital role in promoting leadership, influence, and impact at work and in sport, helping athletes reach their potential and engage in physical activity, contributing to physical and psychosocial development.",
      "original_point_number": [
        1,
        2,
        3,
        4,
        45,
        57
      ]
    },
    {
      "point_number": 2,
      "point_content": "Coaches develop the four C’s in athletes: Competence, Confidence, Connection, and Character and caring, fostering accomplishment, motivation, resilience, positive self-view, positive bonds, moral development, integrity, respect, and tolerance.",
      "original_point_number": [
        5,
        6,
        7,
        8,
        9,
        10
      ]
    },
    {
      "point_number": 3,
      "point_content": "Creating positive learning environments and coaching philosophies based on ethical decisions are key for athlete development, with coaches responsible for their own learning, reflection, and maintaining work-life balance to improve coaching quality and longevity.",
      "original_point_number": [
        11,
        13,
        14,
        15
      ]
    },
    {
      "point_number": 4,
      "point_content": "Effective coaching involves not only delivering technical instructions but also providing learning through methods such as feedback, showing, reflecting, giving guidelines, and designing tasks, with feedback helping players associate behavior with consequences and reinforcing successful actions.",
      "original_point_number": [
        16,
        17,
        18
      ]
    },
    {
      "point_number": 5,
      "point_content": "Highlighting players' performance helps them understand match requirements and find solutions, but players retain only about 34.5% of feedback, with retention decreasing as instructions increase; higher level players retain feedback better than lower level players.",
      "original_point_number": [
        19,
        20,
        21,
        22
      ]
    },
    {
      "point_number": 6,
      "point_content": "Coaches should avoid providing too many messages during tasks, prepare feedback in advance, keep messages short and understandable, and use images or examples to reinforce session objectives and improve player understanding.",
      "original_point_number": [
        23,
        24,
        25,
        26,
        27
      ]
    },
    {
      "point_number": 7,
      "point_content": "Coaches impact players by teaching life skills, establishing positive athlete-coach relationships critical for effective communication, and motivating athletes mentally and physically to improve performance and training.",
      "original_point_number": [
        28,
        29,
        30,
        34
      ]
    },
    {
      "point_number": 8,
      "point_content": "Players need to feel their coach cares about them as individuals, not just as tools to win games; positive relationships developed through listening and instructing increase team success and effective one-to-one communication is essential for victory.",
      "original_point_number": [
        30,
        35,
        36
      ]
    },
    {
      "point_number": 9,
      "point_content": "Coaches have a large psychological impact on players, teaching athletic, life, self-esteem, communication skills, handling failure and adversity, and emphasizing academics, with many athletes admiring coaches as role models.",
      "original_point_number": [
        37,
        38,
        39,
        31,
        48
      ]
    },
    {
      "point_number": 10,
      "point_content": "Some coaches care more about winning and less about the emotional impact on players, which can severely harm players' mental health and well-being; many players feel their coaches only care about winning and not about them personally.",
      "original_point_number": [
        40,
        43,
        44
      ]
    },
    {
      "point_number": 11,
      "point_content": "Coaches influence players' academic eligibility and future opportunities, with a positive perception of the coach correlating with academic and athletic success.",
      "original_point_number": [
        41,
        46
      ]
    },
    {
      "point_number": 12,
      "point_content": "Coaches have a major impact on athletes’ psyche, both positive and negative, and the relationship between players and coaches extends beyond sports, with coaches respected and admired as role models who mentor, guide, and support youth to help them grow and succeed.",
      "original_point_number": [
        47,
        48,
        50
      ]
    },
    {
      "point_number": 13,
      "point_content": "Behind every successful player is a magnificent coach who helps push student athletes forward, acting as dream-makers or dream-breakers impacting players' self-confidence and self-esteem, sometimes having more impact than an average person in a lifetime.",
      "original_point_number": [
        51,
        52,
        53
      ]
    },
    {
      "point_number": 14,
      "point_content": "For some players, their coach may be the one constant adult in their life, especially if they have difficult home situations, with the impact of a coach often measured not by wins or scores but by personal investment and influence on players' lives.",
      "original_point_number": [
        54,
        55
      ]
    },
    {
      "point_number": 15,
      "point_content": "Coaches invest a lot of time, effort, and energy into their programs and players, often at the expense of their own family time.",
      "original_point_number": [
        56
      ]
    }
  ]
}