{
  "question": "how coaches impact players",
  "key_points": {
    "null": [],
    "clueweb22-en0045-66-05757": [
      {
        "point_number": 1,
        "point_content": "The text is about increasing leadership, influence, and impact at work, which relates to how coaches can impact players by enhancing their leadership and influence.",
        "spans": [
          "Increase Your Leadership, Influence, and Impact at Work"
        ]
      }
    ],
    "clueweb22-en0042-28-17585": [
      {
        "point_number": 1,
        "point_content": "Sport coaches are well placed to help athletes reach their potentials and play a key part in getting children and teenagers to engage in sport and physical activity.",
        "spans": [
          "Sport coaches are well placed to help athletes reach their potentials.",
          "They also play a key part in getting children and teenagers to engage in sport and physical activity."
        ]
      },
      {
        "point_number": 2,
        "point_content": "Coaches promote active lifestyles, inclusion and engagement in physical activity, and should be equipped to unlock athletes’ potential.",
        "spans": [
          "Sport coaches are in a great position to promote the active lifestyles, inclusion and engagement in physical activity.",
          "Coaches should be equipped to deliver on these expectations and unlock athletes’ potential."
        ]
      },
      {
        "point_number": 3,
        "point_content": "Coaches play a vital role in the contribution of sport to physical and psychosocial development and are important role models influencing outcomes of participation.",
        "spans": [
          "Coaches are important role models for children and youths and along with parents, are significant adult influences.",
          "How coaches interact with players determines the outcomes of participation.",
          "Therefore, coaches play a vital role in the contribution of sport to physical and psychosocial development."
        ]
      },
      {
        "point_number": 4,
        "point_content": "Coaches help develop the four C’s in athletes: Competence, Confidence, Connection, and Character and caring.",
        "spans": [
          "These positive outcomes can be broken down into the four C’s: Competence Confidence Connection Character and caring"
        ]
      },
      {
        "point_number": 5,
        "point_content": "Coaches promote a sense of competence by fostering accomplishment and motivation in athletes.",
        "spans": [
          "Obviously, the role of coaches is central to promoting a sense of competence."
        ]
      },
      {
        "point_number": 6,
        "point_content": "Coaches help youth players develop confidence by focusing on self-reference improvement, promoting internal motivation, resilience, and positive self-view.",
        "spans": [
          "Coaches are well placed to help youngsters show more initiative and be more independent.",
          "Coaches that focus on self-reference improvement promote internal motivation, a willingness to work hard and resilience.",
          "Furthermore, they create athletes who view themselves positively."
        ]
      },
      {
        "point_number": 7,
        "point_content": "Coaches foster connection by creating positive bonds and providing constructive and encouraging feedback, promoting enjoyment and effort.",
        "spans": [
          "Additionally, positive connections with coaches through constructive and encouraging feedback promotes enjoyment and other positive outcomes, such as increased effort."
        ]
      },
      {
        "point_number": 8,
        "point_content": "Coaches contribute to the development of character and caring, including moral development, integrity, respect, and tolerance.",
        "spans": [
          "Respecting others and demonstrating appropriate behaviours on and off the pitch is central to the development of good moral characters.",
          "Also, sportspeople with good moral character are sensitive to issues such as access for all and tolerance of differences."
        ]
      },
      {
        "point_number": 9,
        "point_content": "Coaches need to be mindful of their behavior and how they contribute to athlete development through the four C’s, encouraging continued engagement in sport.",
        "spans": [
          "Developing these four C’s in athletes should be important to all sport coaches.",
          "Therefore, coaches need to be mindful of how they behave and how they go about contributing to the development of their athletes.",
          "Consideration of these four C’s in coaching practice strengthens positive sporting experiences for all.",
          "A focus on development encourages athletes’ continued engagement in sport, which is necessary for them to improve their sporting abilities."
        ]
      },
      {
        "point_number": 10,
        "point_content": "Creating positive learning environments is key for sport coaches to contribute towards athlete development.",
        "spans": [
          "Creating positive learning environments can contribute towards athlete development.",
          "The ability to do this is key for sport coaches."
        ]
      },
      {
        "point_number": 11,
        "point_content": "Athletes who feel valued and are progressing are more likely to remain in sport, highlighting the importance of coaches' work.",
        "spans": [
          "Athletes that feel valued and are progressing in their development are more likely to remain in sport and benefit from sustained engagement.",
          "Therefore the work of sport coaches in all contexts should be recognised and valued."
        ]
      },
      {
        "point_number": 12,
        "point_content": "Coaches should develop their coaching philosophies and make ethically based decisions about their interactions and behavior in sport.",
        "spans": [
          "Coaches at all levels need to develop their coaching philosophies.",
          "These philosophies should be considered in conjunction with ethically based decisions about how to interact and behave in sporting environments."
        ]
      },
      {
        "point_number": 13,
        "point_content": "Coaches are responsible for their own learning and development, including reflection and seeking guidance.",
        "spans": [
          "Coaches are solely responsible for their own learning and development.",
          "This includes reflecting on their work internally and with the guidance of others."
        ]
      },
      {
        "point_number": 14,
        "point_content": "Maintaining a good work-life balance improves coaching quality and fosters longevity in the coaching role.",
        "spans": [
          "Finally, ongoing engagement in sport requires coaches to find the right balance between work and play.",
          "Also, having a good work-life balance can improve the quality of coaching and fosters longevity in the role."
        ]
      }
    ],
    "clueweb22-en0024-25-02848": [
      {
        "point_number": 1,
        "point_content": "A good coach not only delivers technical instructions, but they must also know how to provide learning for the people they work with.",
        "spans": [
          "A good coach not only delivers technical instructions, but they must also know how to provide learning for the people they work with."
        ]
      },
      {
        "point_number": 2,
        "point_content": "There are 5 different teaching methods a coach can use: giving feedback, showing, stepping back and reflecting, giving guidelines, and designing tasks.",
        "spans": [
          "We know there are 5 different teaching methods a coach can use in his or her intervention 1: giving feedback (providing extra information to the player during and after the task), showing (making a demonstration of how an exercise is to be done), stepping back and reflecting (helping players to find out by themselves the action alternatives and to foresee their possible consequences), giving guidelines (pointing out to the athlete on how to perform a movement or action to be successful), and knowing how to design tasks for the players to work them out (adjusting space, time, number of players, the rules…)."
        ]
      },
      {
        "point_number": 3,
        "point_content": "Feedback helps players associate their behavior with consequences and reinforces successful actions.",
        "spans": [
          "A feedback can congratulate the athlete, inform them about what they are and are not doing correctly, pointing them out the achieved distance, time, speed, the percentage of times they achieve it, etc. What the coach wants is that the player associates the proposed behaviour to its consequence. It is about reinforcing the action chosen by a player to solve the situation in which they have been successful."
        ]
      },
      {
        "point_number": 4,
        "point_content": "Highlighting how well players have done helps them understand what they must do in the match and find solutions.",
        "spans": [
          "When highlighting how well they have done it, we help the athlete understand what they must do in the match. We are helping them to find out the solution."
        ]
      },
      {
        "point_number": 5,
        "point_content": "Players retain only about 34.5% of the feedback given by coaches during training sessions.",
        "spans": [
          "In 65.5% of the feedbacks, the players had difficulties to reproduce completely the coaches’ instructions. That is to say, only 34.5% of the feedbacks were completely retained;"
        ]
      },
      {
        "point_number": 6,
        "point_content": "The more instructions a coach provides, the lower the feedback retention by players.",
        "spans": [
          "The more the coach provided different instructions, the lower the feedback retention."
        ]
      },
      {
        "point_number": 7,
        "point_content": "Higher level players retain feedback better than lower level players.",
        "spans": [
          "The higher the level of the players, the higher the feedback retention."
        ]
      },
      {
        "point_number": 8,
        "point_content": "Coaches should avoid providing too many messages during tasks as attention is limited and much information is forgotten.",
        "spans": [
          "It is very dangerous to provide too many messages (feedbacks) to the athletes during the tasks. Attention is limited and providing much information usually produces that a good part of the instructions received is forgotten."
        ]
      },
      {
        "point_number": 9,
        "point_content": "Training sessions should have few objectives, especially for younger or lower level athletes.",
        "spans": [
          "The design of the sessions should include a few objectives to reach. The lower the age or level of the athletes, it is recommendable to include only 1 or 2 objectives in each session; when the level is higher, some more can be added."
        ]
      },
      {
        "point_number": 10,
        "point_content": "Coaches should prepare feedback in advance to reinforce session objectives.",
        "spans": [
          "Coaches should have previously prepared the feedbacks they are going to provide to reinforce the achievement of the objectives planned in the session."
        ]
      },
      {
        "point_number": 11,
        "point_content": "Short, concise messages with understandable language reach players more effectively.",
        "spans": [
          "Short, concise messages with an understandable language usually reach players more effectively."
        ]
      },
      {
        "point_number": 12,
        "point_content": "Using images or examples helps reinforce what the coach wants to obtain in execution.",
        "spans": [
          "It is recommendable to use an image or an example to reinforce what the coach wants to obtain in the execution."
        ]
      }
    ],
    "clueweb22-en0036-06-02863": [
      {
        "point_number": 1,
        "point_content": "Coaches impact their players by teaching life skills in hopes of developing positive relationships.",
        "spans": [
          "Coaches impact their players by teaching life skills in hopes of developing positive relationships."
        ]
      },
      {
        "point_number": 2,
        "point_content": "Establishing a positive athlete-coach relationship is critical to achieving effective communication.",
        "spans": [
          "Establishing a positive athlete-coach relationship is critical to achieving effective communication."
        ]
      },
      {
        "point_number": 3,
        "point_content": "Players need to feel that their coach cares about them as a person; not just as a tool to win games.",
        "spans": [
          "Players need to feel that their coach cares about them as a person; not just as a tool to win games."
        ]
      },
      {
        "point_number": 4,
        "point_content": "Many athletes begin considering their coaches as role models as a positive athlete-coach relationship develops.",
        "spans": [
          "And as a positive athlete-coach relationship develops, many athletes begin considering their coaches as role models."
        ]
      },
      {
        "point_number": 5,
        "point_content": "Coaches have a large influence on the athletes, impacting their success by building character and growth.",
        "spans": [
          "Coaches have a large influence on the athletes, who transition through their programs.  They make a difference and have an impact on their success.",
          "it is not just about playing sports, but assisting with building character and growth in order for them to succeed in life."
        ]
      },
      {
        "point_number": 6,
        "point_content": "Coaches build a player’s confidence level, thought process, skill set, and integrity tailored to each athlete.",
        "spans": [
          "My overall goal is to build a player’s confidence level, thought process, skill set, and integrity.",
          "There are varying ways for me to accomplish these tasks and they are built around each athlete and how they process information."
        ]
      },
      {
        "point_number": 7,
        "point_content": "Coaches motivate athletes by motivating mind as well as muscle to improve performance and train effectively.",
        "spans": [
          "Coaches motivate the athletes they work with by motivating mind as well as muscle to improve performance and train effectively."
        ]
      },
      {
        "point_number": 8,
        "point_content": "Positive relationships developed through listening and instructing increase chances of team success.",
        "spans": [
          "By listening as well as instructing, positive relationships are developed with their players, increasing the chances of team success."
        ]
      },
      {
        "point_number": 9,
        "point_content": "Effective one-to-one communication between coach and players is essential for team victory.",
        "spans": [
          "And that one-to-one communication must be infectious so that team members communicate effectively with each other during the game.",
          "While coaches may have the ideal game plan drawn up, if they can’t communicate with their team, the potential for victory is reduced."
        ]
      }
    ],
    "clueweb22-en0012-24-12907": [
      {
        "point_number": 1,
        "point_content": "Coaches have psychological impact on players.",
        "spans": [
          "Coaches have psychological impact on players"
        ]
      },
      {
        "point_number": 2,
        "point_content": "Coaches teach athletic skills, life skills, self-esteem skills, communication, handling failure and adversity, and emphasize academics.",
        "spans": [
          "their job is composed of a plethora of duties including teaching kids about athletic skills, life skills, self-esteem skills, communicating effectively among teammates, learning ways to handle failure and adversity, and most importantly understanding that academics is first as evidenced by the term “Student Athletes”"
        ]
      },
      {
        "point_number": 3,
        "point_content": "Many kids look up to and admire their coaches, sometimes more than their parents.",
        "spans": [
          "because of the intimate and personal relationships coaches often develop with their athletes, it should come as no surprise that many kids look up to and admire their coaches – sometimes even more than their parents"
        ]
      },
      {
        "point_number": 4,
        "point_content": "Some coaches care more about winning and less about the emotional impact on players.",
        "spans": [
          "some coaches care more about winning and could care less about the toes they step on and the hearts they break"
        ]
      },
      {
        "point_number": 5,
        "point_content": "Coaches influence players' academic eligibility and future opportunities.",
        "spans": [
          "Little Johnny can be eligible for 4 years of high school but when it is time to graduate he is not able to graduate and he is not eligible for anybody’s college team",
          "It’s a common reality that falls back on the parents, the school and the coaches"
        ]
      },
      {
        "point_number": 6,
        "point_content": "Players hang onto their coach's every word and positive reinforcement from coaches can boost players' confidence and motivation.",
        "spans": [
          "the players look up to them and hang onto their every word",
          "when the coach said to me “Shedrick that was a great run-kid you are special”. I felt like I was worth a million dollars and could accomplish any goal I set out to achieve academically or athletically"
        ]
      },
      {
        "point_number": 7,
        "point_content": "Negative treatment by coaches can severely harm players' mental health and well-being.",
        "spans": [
          "His coach is of a different opinion. He belittled Thomas in front of his teammates, called him out of his name (derogatory profanity) and never played him in the games-with no explanations",
          "Thomas was severely depressed and decided that life without football was not worth living-Thomas is no longer with us today"
        ]
      },
      {
        "point_number": 8,
        "point_content": "Many players feel their coaches only care about winning and not about them personally.",
        "spans": [
          "my coach only cares about winning and he does not care about us"
        ]
      },
      {
        "point_number": 9,
        "point_content": "Coaches often enter coaching to positively impact student-athletes, help them reach their potential, and be role models.",
        "spans": [
          "Most coaches go into coaching for many of the following reason: to have a positive impact on the student-athletes lives, develop the student-athletes in order to reach their full potential, for the love of the game, for the love we have for the youth, to make a difference, to be a role model and to share our knowledge and experiences with our youth to help them grow and mature as student athletes"
        ]
      },
      {
        "point_number": 10,
        "point_content": "There is a correlation between academic/athletic success and a positive perception of the coach.",
        "spans": [
          "there appears to be a correlation between academic/athletic success and a positive perception of your coach"
        ]
      },
      {
        "point_number": 11,
        "point_content": "Coaches have a major impact on athletes’ psyche, both positive and negative.",
        "spans": [
          "Coaches must recognize that they do have a major impact on the athletes’ psyche (positive and negative)"
        ]
      },
      {
        "point_number": 12,
        "point_content": "The relationship between players and coaches extends beyond sports and coaches are respected and admired role models.",
        "spans": [
          "The relationship between players and coaches go far beyond the athletic fields, gyms, and courts. A coach is someone we respect, admire and strive to be like"
        ]
      },
      {
        "point_number": 13,
        "point_content": "Coaches should develop student athletes and prepare them for life beyond sports, including college education.",
        "spans": [
          "we must understand that we must develop student athletes and prepare them with a college education so that too can be professionals-even if they do not become professional athletes"
        ]
      },
      {
        "point_number": 14,
        "point_content": "Coaches should mentor, guide, and support youth to help them grow and succeed.",
        "spans": [
          "I challenge every coach, whether it is a little league coach, high school coach, college coach or professional coach, to select a youth and mentor, guide and supervise this child"
        ]
      },
      {
        "point_number": 15,
        "point_content": "Behind every successful player is a magnificent coach who helps push student athletes forward.",
        "spans": [
          "behind every successful player is a magnificent coach. Coaches stand up, continue to reach back, give back and help push our student athletes forward"
        ]
      },
      {
        "point_number": 16,
        "point_content": "Coaches can be dream-makers or dream-breakers, impacting players' self-confidence and self-esteem.",
        "spans": [
          "Choose to be a dream-maker and not a dream-breaker.  Let’s develop student athletes with great self-confidence, self-esteem, self-concepts and self-efficacy"
        ]
      }
    ],
    "clueweb22-en0023-79-17366": [
      {
        "point_number": 1,
        "point_content": "A coach can have a significant impact on a player, sometimes more than an average person does in a lifetime.",
        "spans": [
          "One coach will impact more young people in a year than the average person does in a lifetime."
        ]
      },
      {
        "point_number": 2,
        "point_content": "For some players, their coach may be the one constant adult in their life, especially if they have difficult home situations.",
        "spans": [
          "Maybe it's a broken home life, or long hours of working to make ends meet. Their coach may be the one constant adult that they have in their life."
        ]
      },
      {
        "point_number": 3,
        "point_content": "The impact of a coach is often measured not by wins or scores, but by the personal investment and influence on players' lives.",
        "spans": [
          "it's not about how many runs you put up on the scoreboard, or how many wins were recorded in the book, rather it's about the people you touched, and the investment you made into your players lives."
        ]
      },
      {
        "point_number": 4,
        "point_content": "Coaches invest a lot of time, effort, and energy into their programs and players, often at the expense of their own family time.",
        "spans": [
          "coaches do not get enough credit for the time, effort, and energy that they put into the programs that they lead",
          "a lot of the time their efforts go unnoticed",
          "the dedication that it takes to be a good coach, and the investment of yourself that it demands",
          "all the coaches who spend late nights and countless hours of preparation and stress in order to give their athletes all that they could ever want or need"
        ]
      },
      {
        "point_number": 5,
        "point_content": "Coaches impact players not only in sports but also in life, helping them grow as individuals.",
        "spans": [
          "When I was learning the game from you, I was also learning about life with you, and subsequently, I was learning about my future career."
        ]
      }
    ]
  }
}