{
  "question": "what rights should prisoners have",
  "key_points": {
    "null": [],
    "clueweb22-en0042-46-18100": [
      {
        "point_number": 1,
        "point_content": "The National Prison Project is dedicated to ensuring that our nation’s prisons, jails, and detention centers comply with the Constitution, domestic law, and human rights principles.",
        "spans": [
          "The National Prison Project is dedicated to ensuring that our nation’s prisons, jails, and detention centers comply with the Constitution, domestic law, and human rights principles."
        ]
      },
      {
        "point_number": 2,
        "point_content": "Prisoners’ rights to read, write, speak, practice their religion, and communicate with the outside world are often curtailed far beyond what is necessary for institutional security.",
        "spans": [
          "Prisoners’ rights to read, write, speak, practice their religion, and communicate with the outside world are often curtailed far beyond what is necessary for institutional security."
        ]
      },
      {
        "point_number": 3,
        "point_content": "Prisoners are a population with significant medical and mental health needs, but prisoner health care services are often abysmal, in many cases leading to needless suffering, disability, and death.",
        "spans": [
          "Prisoners are a population with significant medical and mental health needs, but prisoner health care services are often abysmal, in many cases leading to needless suffering, disability, and death"
        ]
      },
      {
        "point_number": 4,
        "point_content": "Tens of thousands of prisoners are held in long-term isolated confinement in “supermax” prisons and similar facilities, which has devastating effects, particularly on people with mental illness.",
        "spans": [
          "Tens of thousands of prisoners are held in long-term isolated confinement in “supermax” prisons and similar facilities. The devastating effects of such treatment, particularly on people with mental illness, are well known."
        ]
      }
    ],
    "clueweb22-en0041-79-12406": [
      {
        "point_number": 1,
        "point_content": "Prisoners in the U.S. still retain several fundamental civil liberties and rights while under arrest or in prison.",
        "spans": [
          "prisoners in the U.S. still retain several fundamental civil liberties and rights while under arrest or in prison"
        ]
      },
      {
        "point_number": 2,
        "point_content": "The Eighth Amendment protects inmates from cruel and unusual punishment, including assault by staff or other inmates and inhumane facilities.",
        "spans": [
          "The Eighth Amendment",
          "Excessive bail shall not be required, nor excessive fines imposed, nor cruel and unusual punishments inflicted",
          "Prison staff assaulting inmates or even knowing about an assault between inmates but not reporting it (among other things) are often in violation of the Eighth Amendment’s cruel and unusual punishment",
          "Cruel and unusual punishment extends to the facilities in which pre-trial prisoners are kept, as well. Prisoners must be provided “humane facilities.” For instance, a vermin-infested, decrepit old prison would not be considered “humane,” thus potentially qualifying as cruel and unusual punishment."
        ]
      },
      {
        "point_number": 3,
        "point_content": "The Fifth and 14th Amendments provide due process and equal protection under the law to prisoners, protecting them from discrimination.",
        "spans": [
          "The Fifth Amendment provides pre-trial prisoners with due process",
          "The 14th Amendment reiterates that this applies to all people born or naturalized in the U.S. and states that no one will be denied equal protection under the law",
          "That Equal Protection clause protects prisoners from any form of discrimination, such as based on race, sex, or religion — unless doing so would clearly violate their safety"
        ]
      },
      {
        "point_number": 4,
        "point_content": "Female inmates’ facilities, programs, and privileges must be substantially equivalent to male inmates.",
        "spans": [
          "courts have ruled that female inmates’ facilities, programs, and privileges must be substantially equivalent to male inmates"
        ]
      },
      {
        "point_number": 5,
        "point_content": "Inmates with disabilities are protected under the Americans With Disabilities Act (ADA) and should be provided adequate facilities.",
        "spans": [
          "an inmate with a disability is still protected under the Americans With Disabilities Act (ADA) and thus should be provided adequate facilities"
        ]
      },
      {
        "point_number": 6,
        "point_content": "Inmates retain freedom of religion and prisons must provide accommodations for religious practice, but have restricted freedom of speech to maintain order and security.",
        "spans": [
          "Inmates keep some (but not all) First Amendment rights",
          "their freedom of religion remains intact",
          "prisons must provide adequate accommodations for prisoners to practice their religion",
          "prisoners lose a lot of freedom of speech",
          "they lose free speech rights to the degree that such speech could otherwise prevent order and security in the prison"
        ]
      },
      {
        "point_number": 7,
        "point_content": "Prison officials can open incoming mail to check for contraband but cannot read the contents, related to Fourth Amendment rights.",
        "spans": [
          "Prison officials are allowed to open incoming mail to check for contraband — as long as they do it in front of the inmate",
          "they can’t read the email’s contents. They can only check for contraband within the package or envelope"
        ]
      },
      {
        "point_number": 8,
        "point_content": "Prisoners do not have the right to bear arms while in prison and may be barred from owning firearms after release depending on the crime and state laws.",
        "spans": [
          "Prisoners do not have the right to bear arms while in prison for obvious reasons",
          "some misdemeanors and all felonies typically bar the inmate from purchasing or owning firearms upon release",
          "There are some cases where these rights may be restored federally once the inmate is released. However, individual states may have their own laws"
        ]
      },
      {
        "point_number": 9,
        "point_content": "Inmates have virtually no Fourth Amendment rights regarding searches and seizures in prison due to lack of reasonable expectation of privacy.",
        "spans": [
          "the Supreme Court ruled in 1984’s Hudson v. Palmer that inmates have virtually no Fourth Amendment rights",
          "prisoners have no reasonable expectation of privacy in prisons and that prison authorities need to access and search prison cells for security reasons"
        ]
      }
    ],
    "clueweb22-en0003-75-09453": [
      {
        "point_number": 1,
        "point_content": "Prisoners should have rights because they are still people and citizens who deserve to be treated as such.",
        "spans": [
          "Prisoners are still people of the united states and they deserve to be treated as a citizen."
        ]
      },
      {
        "point_number": 2,
        "point_content": "Prisoners should have rights to prove their innocence, especially since many are wrongfully convicted.",
        "spans": [
          "Prisoners should be given more rights to prove their innocence because many of them are wrongfully convicted individuals."
        ]
      },
      {
        "point_number": 3,
        "point_content": "Prisoners should have basic rights such as food, sleep, attorney, and medical treatment.",
        "spans": [
          "The only ligit rights a locked up criminal should get is that of food, sleep, attorny and metical treatment if needed.",
          "No, I don't think prisoners should have more rights. ... they need only basic rights: to be fed, clothed, medical attention, and the right to an attorney."
        ]
      },
      {
        "point_number": 4,
        "point_content": "Prisoners should have more rights to create a better environment and help them learn from their mistakes.",
        "spans": [
          "If we give more rights to prisoners they won't have such a negative view of prison and learning from their mistakes."
        ]
      },
      {
        "point_number": 5,
        "point_content": "Prisoners should not have more rights because they committed crimes and lost some rights as punishment.",
        "spans": [
          "No, prisoners should not have more rights. ... Therefore, it is not necessary to give prisoners more rights."
        ]
      }
    ],
    "clueweb22-en0042-16-07228": [
      {
        "point_number": 1,
        "point_content": "Inmates in the United States have basic rights protected by the U.S. Constitution even while incarcerated.",
        "spans": [
          "Even the most hardened criminal has basic rights protected by the U.S. Constitution."
        ]
      },
      {
        "point_number": 2,
        "point_content": "Pre-trial inmates have the right to be housed in humane facilities and cannot be punished before trial.",
        "spans": [
          "Inmates at the pre-trial stage (i.e., those who are in jail awaiting trial) have the right to be housed in humane facilities and cannot be \"punished\" or treated as guilty while they await trial."
        ]
      },
      {
        "point_number": 3,
        "point_content": "Inmates have the right to be free from cruel and unusual punishment under the Eighth Amendment.",
        "spans": [
          "Every inmate has the right to be free under the Eighth Amendment from inhumane treatment or anything that could be considered “cruel and unusual” punishment."
        ]
      },
      {
        "point_number": 4,
        "point_content": "Inmates have the right to be free from sexual harassment or sex crimes from other inmates or prison personnel.",
        "spans": [
          "Inmates have a right to be free from sex crimes or sexual harassment. This applies to crimes or harassment from either other inmates or prison personnel."
        ]
      },
      {
        "point_number": 5,
        "point_content": "Inmates have the right to complain about prison conditions and access the courts.",
        "spans": [
          "Inmates have the right both to complain about prison conditions and to voice their concerns to both prison officials and the courts."
        ]
      },
      {
        "point_number": 6,
        "point_content": "Disabled inmates are entitled to reasonable accommodations under the Americans with Disabilities Act.",
        "spans": [
          "Inmates with disabilities are entitled to certain reasonable accommodations under the American with Disabilities Act."
        ]
      },
      {
        "point_number": 7,
        "point_content": "Prisoners are entitled to receive reasonable medical care and mental health treatment.",
        "spans": [
          "Prisoners are entitled to receive medical care and mental health treatment. As with accommodations for the disabled, these treatments need only be reasonable or \"adequate.\""
        ]
      },
      {
        "point_number": 8,
        "point_content": "Inmates retain basic First Amendment rights to free speech and religion, limited by prison security and order needs.",
        "spans": [
          "Inmates retain basic First Amendment rights (i.e., free speech and religion) only to the extent that the exercise of those rights do not interfere with their status as inmates."
        ]
      },
      {
        "point_number": 9,
        "point_content": "Inmates have the right to be free from discrimination based on race, ethnicity, religion, or age.",
        "spans": [
          "Just as on the outside, inmates have the right to be free from discrimination while imprisoned."
        ]
      }
    ],
    "clueweb22-en0041-39-06862": [
      {
        "point_number": 1,
        "point_content": "Prisoners give up fundamental rights involving liberty and certain freedoms as payment for their crime, but still possess certain rights because they are human beings.",
        "spans": [
          "Generally, when one enters the prison system they are giving up fundamental rights involving liberty as well as certain freedoms as payment for their crime against society.",
          "all prisoners possess certain rights simply because they are human beings."
        ]
      },
      {
        "point_number": 2,
        "point_content": "Prisoners should not be allowed to live with the same rights as free individuals, but a balance must be struck between fundamental human rights and the rights lost due to incarceration.",
        "spans": [
          "this is not suggesting that should be allowed to live like the rest of society with the same rights.",
          "the central issue lies in striking the fine balance between fundamental human rights versus the more “petty” prisoner rights the non-incarcerated individual would enjoy."
        ]
      },
      {
        "point_number": 3,
        "point_content": "There is debate over which rights prisoners forfeit and which they retain, but certain basic rights like access to food, medical care, and the ability to voice grievances are considered fundamental.",
        "spans": [
          "One of the main sticking points in the area of prisoner rights is determining, “whether offenders forfeit all of some of their moral rights, whether their retained rights are less stringent, whether the state has any obligation to facilitate exercise of their retained rights, and what specific rights prisoners retain or acquire” (Lippke 2002).",
          "we seem to just consider just a few to be of the utmost importance such as the right to have access to food, medical care, and to voice their opinion if they feel wrong has been done to them within the prison system."
        ]
      },
      {
        "point_number": 4,
        "point_content": "Prisoners must be guaranteed several basic rights because they cannot fend for themselves, including liberty of action of certain kinds, avoidance of injuries of certain kinds, and minimal provision of certain goods.",
        "spans": [
          "prisoners must be guaranteed several basic rights since they are not able to fend for themselves while behind bars.",
          "they have rights to liberty of action of certain kinds, to the avoidance of injuries of certain kinds, and to the minimal provision of certain goods."
        ]
      },
      {
        "point_number": 5,
        "point_content": "The right to remain free from cruel and unusual punishment is constitutionally guaranteed to prisoners.",
        "spans": [
          "One of the most important rights that is constitutionally guaranteed is the right to remain free from cruel and unusual punishment.",
          "The 8 th Amendment recognizes the first legal precedent for prisoners, declaring ‘cruel and unusual punishment unconstitutional."
        ]
      },
      {
        "point_number": 6,
        "point_content": "Prisoners should not be exposed to cruel and unusual punishment, and the law should be enforced if this amendment is breached.",
        "spans": [
          "A prisoner, even if it is one that is sentenced to die, should not be exposed to cruel and unusual punishment and the full extend of the law should be implemented if a breach of this amendment occurs."
        ]
      }
    ]
  }
}