{
  "question": "how has your family background affected the way you see the world?",
  "key_points": [
    {
      "point_number": 1,
      "point_content": "Family background, including siblings, parents, grandparents, and extended family members, shapes one's worldview and perception of reality through subtle factors, upbringing, and cultural context.",
      "original_point_number": [
        1,
        12,
        13,
        14
      ]
    },
    {
      "point_number": 2,
      "point_content": "My future plans include pursuing admission to the United States Military Academy at West Point and a career as a U.S. Army officer, influenced by my military family background where my father served 23 years and my grandfather 38 years in the Army.",
      "original_point_number": [
        2,
        3
      ]
    },
    {
      "point_number": 3,
      "point_content": "My mother is a naturalized Japanese American from Tokyo who studied linguistics at Georgetown University, and my parents exposed my siblings and me to both American and Japanese cultures, including language, cuisine, and customs.",
      "original_point_number": [
        4,
        5
      ]
    },
    {
      "point_number": 4,
      "point_content": "My siblings and I attended Japanese schools every Saturday from 9 a.m. to 4 p.m. to learn Japanese language, math, and social studies, with all classes conducted entirely in Japanese.",
      "original_point_number": [
        6
      ]
    },
    {
      "point_number": 5,
      "point_content": "Family background significantly impacts children's academic achievement during compulsory education through factors such as family socioeconomic status, parental educational participation, and access to quality educational opportunities and services.",
      "original_point_number": [
        7,
        8,
        9,
        10
      ]
    },
    {
      "point_number": 6,
      "point_content": "There are urban-rural differences in the impact of family background on academic achievement; family socioeconomic status has a greater effect on urban students' academic performance than on rural students'.",
      "original_point_number": [
        11
      ]
    },
    {
      "point_number": 7,
      "point_content": "Family background and early experiences deeply influence beliefs, values, attitudes, parenting practices, and behaviors such as tolerance for crying, treatment of children by gender, reactions to sibling rivalry, and disciplinary approaches, often unconsciously.",
      "original_point_number": [
        18,
        19,
        20,
        21,
        22
      ]
    },
    {
      "point_number": 8,
      "point_content": "Mental health, outlook on life, moral decisions, and attitudes can be influenced by habits and exposures such as coffee consumption and media like TV, which are shaped by family habits, values, and cultural background.",
      "original_point_number": [
        15,
        16,
        17
      ]
    }
  ]
}