{
  "question": "how does gender inequality affect children",
  "key_points": {
    "clueweb22-en0017-36-14489": [
      {
        "point_number": 1,
        "point_content": "Girls and boys learn gendered attitudes and expectations during their first years from parents, caregivers, family members, and teachers about how they should behave, their social worth, and their role in society.",
        "spans": [
          "It is during their first years that girls and boys learn gendered attitudes and expectations – from parents, caregivers, other family members, and teachers – about how girls and boys/women and men should behave, their social worth and what their role is in society."
        ]
      },
      {
        "point_number": 2,
        "point_content": "Gender bias in children leads young kids to feel that they cannot express themselves, accomplish their goals, or disprove stereotypes.",
        "spans": [
          "Gender bias in children is an issue because it leads young kids to feel that they cannot express themselves, accomplish their goals, or disprove stereotypes."
        ]
      },
      {
        "point_number": 3,
        "point_content": "Children are taught gender stereotypes such as “dolls are for girls, trucks are for boys,” implying restrictions on what they should like, do, or say based on gender.",
        "spans": [
          "When we are young, often times we are taught the “dolls are for girls, trucks are for boys” mentality. It implies that we shouldn’t like, do, or say certain things just because of our gender."
        ]
      },
      {
        "point_number": 4,
        "point_content": "Gender inequality is a crucial cause of children’s early childhood development issues, including poor development due to refusal of rights to health care and corporeal integrity.",
        "spans": [
          "Gender inequality is a crucial cause of children’s early childhood development.",
          "Gender discrimination is to blame for the finite sovereignty and the refusal of rights to health care and corporeal integrity: when infants and kids endure deficient cognitive and somatic health, it negatively influences children’s survival, growth, and development."
        ]
      },
      {
        "point_number": 5,
        "point_content": "Children as young as a few months old are exposed to sexism and discrimination, which severely impacts their views on life.",
        "spans": [
          "Studies show that children as young as a few months old are exposed to sexism and discrimination.",
          "If babies are in an environment with immense inequality, it will severely impact their views on life."
        ]
      },
      {
        "point_number": 6,
        "point_content": "Children in middle school perceive unfair treatment related to gender discrimination at school, with both males and females feeling the other gender is treated unfairly.",
        "spans": [
          "As part of an analysis of opinion on schooling, children in their first year of middle school were given thorough interviews about their exposure to discrimination at school.",
          "Both males and females felt that the others were treated unfairly."
        ]
      }
    ],
    "clueweb22-en0001-28-07383": [
      {
        "point_number": 1,
        "point_content": "Children from poorer families or from less advantageous social positions have lower successful school outcomes and have higher dropout rates.",
        "spans": [
          "Children from poorer families or from less advantageous social positions have lower successful school outcomes and have higher dropout rates"
        ]
      },
      {
        "point_number": 2,
        "point_content": "Children in poverty face health problems related to malnutrition and psychological traumas, and inequality influences brain development.",
        "spans": [
          "unprivileged children — those from disadvantaged backgrounds — face a much greater amount of unfavorable factors to their education, and consequently to their lives, such as health problems related to malnutrition and psychological traumas",
          "inequality has the power to influence even on a child’s brain development"
        ]
      },
      {
        "point_number": 3,
        "point_content": "Poverty and its toxic stress affect cortisol levels, brain growth, brain waves, and gray matter, leading to difficulties in concentration, learning, and behavior in children.",
        "spans": [
          "poverty and its toxic stress can affect cortisol levels, brain growth, brain waves, and even gray matter; for that reason, children in these situations have trouble concentrating, learning, and following directions in school, having smaller vocabularies and simpler syntax"
        ]
      },
      {
        "point_number": 4,
        "point_content": "Children in poverty do worse on standardized tests, get lower grades, leave school earlier, have sex earlier, and have trouble regulating feelings, being impulsive or withdrawn.",
        "spans": [
          "they do worse on standardized tests, get lower grades, leave school earlier, and have sex earlier. These children have trouble regulating their feelings and can be impulsive or withdrawn"
        ]
      },
      {
        "point_number": 5,
        "point_content": "Poor families are more likely to be exposed to stressful and fearful situations, leading to fewer parenting skills, fewer resources, more family friction, poorer school performance, and more behavior problems in children.",
        "spans": [
          "Poor families are fragile, for they are more likely to be exposed to stressful and fearful situations as a result of factors such as violence and economic insecurity, to housing and food insecurity",
          "children born within this atmosphere are more likely to be raised by single parents of younger ages, with more children unplanned or conceived with multiple partners, and with more children growing up without the presence of one of their biological parents",
          "These circumstances often lead to fewer parenting skills, fewer resources and supports, more family friction and weaker attachments, poorer school performance, and more behavior problems"
        ]
      }
    ],
    "clueweb22-en0033-76-10541": [
      {
        "point_number": 1,
        "point_content": "Gender stereotyping constrains children's career choices and harms their personal relationships.",
        "spans": [
          "More than half (51%) of people affected saying it constrained their career choices and 44% saying it harmed their personal relationships."
        ]
      },
      {
        "point_number": 2,
        "point_content": "Gender stereotyping negatively impacts who does the caring in families, especially affecting older women.",
        "spans": [
          "Half of all women affected (53%) said gender stereotyping had a negative impact on who does the caring in their own family. Older women were particularly affected by this."
        ]
      },
      {
        "point_number": 3,
        "point_content": "Parents and teachers reinforce gender stereotypes through toys, play, language, environment, and behavior rewards.",
        "spans": [
          "Parents with new babies and young children inadvertently reinforce gender stereotypes creating a ‘gendered world’ through toys, play, language and environment.",
          "Teachers differently reward boys’ and girls’ behaviour, and representations in children’s stories are often stereotyped."
        ]
      },
      {
        "point_number": 4,
        "point_content": "Children become aware of gender early and associate intelligence with males and niceness with females by age six.",
        "spans": [
          "By age two children are aware of gender and, as early as six years old, children associate intelligence with being male, and ‘niceness’ with being female."
        ]
      },
      {
        "point_number": 5,
        "point_content": "Children in friendship groups emphasizing traditional gender stereotypes have lower wellbeing.",
        "spans": [
          "Children whose friendship groups emphasise traditional gender stereotypes have lower wellbeing."
        ]
      }
    ],
    "null": [],
    "clueweb22-en0031-69-16809": [
      {
        "point_number": 1,
        "point_content": "The effects of having children on the careers of women relative to men are large and have not fallen over time, contributing to persistent gender inequality.",
        "spans": [
          "the effects of having children on the careers of women relative to men are large and have not fallen over time"
        ]
      },
      {
        "point_number": 2,
        "point_content": "Women and men have similar labour market outcomes until the birth of their first child, after which women's earnings drop sharply and do not recover.",
        "spans": [
          "women and men evolve in parallel until the birth of their first child, diverge sharply immediately after childbirth, and do not converge again"
        ]
      },
      {
        "point_number": 3,
        "point_content": "Women's earnings drop by on average 30% after the birth of their first child and remain depressed by almost 20% even after ten years.",
        "spans": [
          "in the years just after the birth, the earnings of women drop by on average 30%",
          "the earnings of women are still depressed by almost 20% even after ten years"
        ]
      },
      {
        "point_number": 4,
        "point_content": "Women adjust many aspects of their labour market behavior after having children, such as occupation and career track, while men do not, affecting wage rates.",
        "spans": [
          "women adjust many margins of their behaviours in the labour market (occupation, family friendliness of the working environment, career track, etc.) after the arrival of children, while men do not"
        ]
      },
      {
        "point_number": 5,
        "point_content": "The fraction of the total earnings gap caused by children has doubled over time, from about 40% in 1980 to around 80% in 2013.",
        "spans": [
          "the fraction of the total earnings gap caused by children has doubled over time, from about 40% in 1980 to around 80% in 2013"
        ]
      },
      {
        "point_number": 6,
        "point_content": "Child-related gender inequality in earnings has increased slightly, while total gender inequality in earnings has fallen, making child-related inequality a larger share of the total gap.",
        "spans": [
          "child-related gender inequality in earnings has increased from about 18% to 20",
          "total gender inequality in earnings has fallen from about 46% to 24%"
        ]
      },
      {
        "point_number": 7,
        "point_content": "Gender norms and identity, influenced by family history, may explain why the arrival of children disproportionately affects women despite policies for gender equality.",
        "spans": [
          "One possible explanation is that the effects that we are observing are driven by gender norms and that these norms only change slowly over time",
          "the effect is strongly related to the labour supply history of the maternal grandparents but not the paternal grandparents",
          "female gender identity is formed during a girl’s childhood based on the gender roles of her parents"
        ]
      }
    ],
    "clueweb22-en0045-87-03456": [
      {
        "point_number": 1,
        "point_content": "Children who assert a gender-diverse identity know their gender as clearly and consistently as their developmentally matched peers and benefit from the same level of support, love, and social acceptance.",
        "spans": [
          "children who assert a gender-diverse identity know their gender as clearly and consistently as their developmentally matched peers and benefit from the same level of support, love, and social acceptance"
        ]
      },
      {
        "point_number": 2,
        "point_content": "When a child's interests and abilities are different from what society expects, they may be subjected to discrimination and bullying.",
        "spans": [
          "when a child's interests and abilities are different from what society expects, they may be subjected to discrimination and bullying"
        ]
      },
      {
        "point_number": 3,
        "point_content": "Parents can play an important role in advocating for safe spaces where their children can feel comfortable and good about themselves instead of pushing children to conform to societal pressures.",
        "spans": [
          "parents can play an important role in advocating for safe spaces where their children can feel comfortable and good about themselves"
        ]
      },
      {
        "point_number": 4,
        "point_content": "All children need support, love, and care from family, school, and society, which fosters growth into happy and healthy adults.",
        "spans": [
          "all children need support, love, and care from family, school, and society, which fosters growth into happy and healthy adults"
        ]
      }
    ],
    "clueweb22-en0038-98-18149": [
      {
        "point_number": 1,
        "point_content": "Dividing children’s toys based on gender can have lasting developmental implications.",
        "spans": [
          "Research has found that dividing children’s toys based on gender can have lasting developmental implications"
        ]
      },
      {
        "point_number": 2,
        "point_content": "Toys help children to learn new skills and develop intellectually, and limiting toys by gender restricts this development.",
        "spans": [
          "toys help children to learn new skills and develop intellectually",
          "Both genders lose out if we put kids on one track and they can’t explore"
        ]
      },
      {
        "point_number": 3,
        "point_content": "Dolls teach kids empathy and how to take care of another person.",
        "spans": [
          "Dolls also teach kids empathy and how to take care of another person"
        ]
      },
      {
        "point_number": 4,
        "point_content": "Gender preferences for toys only show up after children learn about their gender; babies show no preference.",
        "spans": [
          "Gender preferences for toys only show up after children learn about their gender. Babies show no preference"
        ]
      },
      {
        "point_number": 5,
        "point_content": "Children pay careful attention to gender cues in toys and tend to conform to gender-typical play, limiting their exploration.",
        "spans": [
          "Between ages three to five, gender is very important to children",
          "when children see clearly divided aisles with reinforced gender cues like pink or blue toys, they pay careful attention",
          "Little kids also tend to think in a “black and white way” and try to be “very typical for their gender”"
        ]
      },
      {
        "point_number": 6,
        "point_content": "There is a social cost for children who cross gender boundaries in toy choices, making it hard for parents to broaden their children’s toy exposure.",
        "spans": [
          "there is often a social cost to the child for crossing gender boundaries",
          "So it is hard for parents to throw out the rules"
        ]
      }
    ]
  }
}