{
  "question": "why do cities grow",
  "key_points": {
    "null": [],
    "clueweb22-en0030-14-11691": [
      {
        "point_number": 1,
        "point_content": "Cities exist as a result of natural selection where humans chose optimal places to live after nomadic lifestyle was no longer necessary.",
        "spans": [
          "The video describes cities as a result of \"natural selection,\" in which humans chose the optimal place to live after a nomadic lifestyle was no longer necessary"
        ]
      },
      {
        "point_number": 2,
        "point_content": "People crowd into cities because dense populations are efficient at generating trade and income, creating a cyclic situation of business and employment concentration.",
        "spans": [
          "the existence of cities follows the Principle of Least Effort, where people crowded into cities because dense populations are efficient at generating trade and income",
          "If businesses are geographically close to one another, people will flock there in search of employment, which will then lead to businesses moving to these cities in order to be able to hire the best employees",
          "This cyclic situation creates a common labor pool and more efficient trading and collaboration between companies"
        ]
      },
      {
        "point_number": 3,
        "point_content": "Cities exist because they make wealth possible by creating efficiency, which in turn creates wealth.",
        "spans": [
          "cities exist because they make wealth possible",
          "Cities create efficiency, which in turn creates wealth"
        ]
      }
    ],
    "clueweb22-en0020-00-05521": [
      {
        "point_number": 1,
        "point_content": "High spending and taxes lead to urban decay and shrinking cities.",
        "spans": [
          "Now there's statistical evidence that high spending and taxes do indeed lead to urban decay."
        ]
      },
      {
        "point_number": 2,
        "point_content": "Fast-growing cities have lower per-capita expenditures compared to shrinking cities.",
        "spans": [
          "For every $1 of per-capita expenditures in high-growth cities, the shrinking cities spent $1.71. High-growth cities spent an average of $673 per person per year, versus $1,152 in the shrinking cities."
        ]
      },
      {
        "point_number": 3,
        "point_content": "Shrinking cities have larger bureaucracies and higher city taxes than growing cities.",
        "spans": [
          "Shrinking cities had more than twice as large a bureaucracy as growth cities: the high-growth ten had 99 city employees per 10,000 residents; the shrinking cities, 215. City taxes averaged $304 per capita in the high-growth cities, compared with $588 in the shrinking ones."
        ]
      },
      {
        "point_number": 4,
        "point_content": "None of the highest-growth cities have an income tax, while many of the lowest-growth cities do.",
        "spans": [
          "And whereas none of the 15 highest-growth cities have an income tax, ten of the 15 lowest-growth ones do."
        ]
      },
      {
        "point_number": 5,
        "point_content": "Reducing spending and government employment is key for urban revival and city growth.",
        "spans": [
          "A key for urban revival, it's clear, is to reduce spending and government employment so that existing and prospective businesses and residents don't bear such a high tax burden."
        ]
      }
    ],
    "clueweb22-en0039-65-07184": [
      {
        "point_number": 1,
        "point_content": "For the first time in human history, most of us live in urban settlements – from megacities of 10-20 million, of which there were 28 in 2014, to medium-sized cities of 1-5 million (417 in 2014), and smaller settlements (525 of between 500,000 and one million people in 2014 ). Looking ahead, the biggest growth will occur not in megacities but these small- and medium-sized cities.",
        "spans": [
          "For the first time in human history, most of us live in urban settlements – from megacities of 10-20 million, of which there were 28 in 2014, to medium-sized cities of 1-5 million (417 in 2014), and smaller settlements (525 of between 500,000 and one million people in 2014 ). Looking ahead, the biggest growth will occur not in megacities but these small- and medium-sized cities."
        ]
      },
      {
        "point_number": 2,
        "point_content": "Overall, however, our current urban population of around 3.9 billion is expected to grow to around 6.34 billion by 2050, out of a total global population of at least 9.5 billion.",
        "spans": [
          "Overall, however, our current urban population of around 3.9 billion is expected to grow to around 6.34 billion by 2050, out of a total global population of at least 9.5 billion."
        ]
      },
      {
        "point_number": 3,
        "point_content": "A key determinant of rampant urban sprawl – especially in North America, where it is a particularly serious problem – has been the existence of cheap oil.",
        "spans": [
          "A key determinant of rampant urban sprawl – especially in North America, where it is a particularly serious problem – has been the existence of cheap oil."
        ]
      },
      {
        "point_number": 4,
        "point_content": "Indeed, most of the extra 2.5 billion people who will be living in urban areas by 2050 will be in cities of the global south, in particular in Asia and Africa; 37% of all future urban growth is expected to take place in only three countries: China, India and Nigeria.",
        "spans": [
          "Indeed, most of the extra 2.5 billion people who will be living in urban areas by 2050 will be in cities of the global south, in particular in Asia and Africa; 37% of all future urban growth is expected to take place in only three countries: China, India and Nigeria."
        ]
      },
      {
        "point_number": 5,
        "point_content": "From the 1960s onwards, the city built more and more ring roads to suburbanise the middle and upper classes into the surrounding countryside – and in the process bankrupted Detroit’s urban core, leaving it unable to manage the economic impact of the closure of its once-giant car factories.",
        "spans": [
          "From the 1960s onwards, the city built more and more ring roads to suburbanise the middle and upper classes into the surrounding countryside – and in the process bankrupted Detroit’s urban core, leaving it unable to manage the economic impact of the closure of its once-giant car factories."
        ]
      }
    ],
    "clueweb22-en0042-71-14453": [
      {
        "point_number": 1,
        "point_content": "Megacities are growing in size and number due to natural increase in population.",
        "spans": [
          "There are two main reasons why megacities are growing in size and number: Natural Increase: A natural increase in the population occurs when there is a high proportion of young adults aged 18-35. Therefore, more children will be born because they are at the age where they would start a family. The smaller proportion of older people means that the death rate is lower. Improvements to healthcare, particular in urban areas of poorer countries, can also result in lower death rate. Natural Increase therefore tends to be higher in LICs (e.g. Cambodia) and in some NEEs (e.g. India)"
        ]
      },
      {
        "point_number": 2,
        "point_content": "Megacities grow due to rural to urban migration driven by push and pull factors.",
        "spans": [
          "2. Rural to Urban migration The movement of people from the countryside to the city can be due to many push and pull factors. Most of the reasons are the same as the reasons for urbanisation."
        ]
      }
    ]
  }
}