{
  "question": "why do cities grow",
  "key_points": [
    {
      "point_number": 1,
      "point_content": "Cities exist as a result of natural selection where humans chose optimal places to live after nomadic lifestyle was no longer necessary.",
      "original_point_number": [
        1
      ]
    },
    {
      "point_number": 2,
      "point_content": "People crowd into cities because dense populations are efficient at generating trade and income, creating a cyclic situation of business and employment concentration.",
      "original_point_number": [
        2
      ]
    },
    {
      "point_number": 3,
      "point_content": "Cities exist because they make wealth possible by creating efficiency, which in turn creates wealth.",
      "original_point_number": [
        3
      ]
    },
    {
      "point_number": 4,
      "point_content": "High spending and taxes lead to urban decay and shrinking cities.",
      "original_point_number": [
        4
      ]
    },
    {
      "point_number": 5,
      "point_content": "Fast-growing cities have lower per-capita expenditures compared to shrinking cities.",
      "original_point_number": [
        5
      ]
    },
    {
      "point_number": 6,
      "point_content": "Shrinking cities have larger bureaucracies and higher city taxes than growing cities.",
      "original_point_number": [
        6
      ]
    },
    {
      "point_number": 7,
      "point_content": "None of the highest-growth cities have an income tax, while many of the lowest-growth cities do.",
      "original_point_number": [
        7
      ]
    },
    {
      "point_number": 8,
      "point_content": "Reducing spending and government employment is key for urban revival and city growth.",
      "original_point_number": [
        8
      ]
    },
    {
      "point_number": 9,
      "point_content": "For the first time in human history, most of us live in urban settlements – from megacities of 10-20 million, of which there were 28 in 2014, to medium-sized cities of 1-5 million (417 in 2014), and smaller settlements (525 of between 500,000 and one million people in 2014). The biggest growth will occur not in megacities but these small- and medium-sized cities.",
      "original_point_number": [
        9
      ]
    },
    {
      "point_number": 10,
      "point_content": "Our current urban population of around 3.9 billion is expected to grow to around 6.34 billion by 2050, out of a total global population of at least 9.5 billion.",
      "original_point_number": [
        10
      ]
    },
    {
      "point_number": 11,
      "point_content": "A key determinant of rampant urban sprawl – especially in North America, where it is a particularly serious problem – has been the existence of cheap oil.",
      "original_point_number": [
        11
      ]
    },
    {
      "point_number": 12,
      "point_content": "Most of the extra 2.5 billion people who will be living in urban areas by 2050 will be in cities of the global south, particularly in Asia and Africa; 37% of all future urban growth is expected to take place in only three countries: China, India and Nigeria.",
      "original_point_number": [
        12
      ]
    },
    {
      "point_number": 13,
      "point_content": "From the 1960s onwards, the city built more and more ring roads to suburbanise the middle and upper classes into the surrounding countryside, which bankrupted Detroit’s urban core and left it unable to manage the economic impact of the closure of its once-giant car factories.",
      "original_point_number": [
        13
      ]
    },
    {
      "point_number": 14,
      "point_content": "Megacities are growing in size and number due to natural increase in population and rural to urban migration driven by push and pull factors.",
      "original_point_number": [
        14,
        15
      ]
    }
  ]
}