{
  "question": "what actions can social institutions present to promote cultural relativism and mitigate ethnocentrism",
  "key_points": {
    "null": [],
    "clueweb22-en0042-97-01466": [
      {
        "point_number": 1,
        "point_content": "Cultural relativism is a device used to investigate different cultures without making judgments about those cultures.",
        "spans": [
          "it is a device used to investigate different cultures without making judgments about those cultures"
        ]
      },
      {
        "point_number": 2,
        "point_content": "Cultural relativism involves understanding an individual's behavior within the context of that individual's culture, instead of comparing it to another culture.",
        "spans": [
          "it is a decision to understand an individual's behavior within the context of that individual's culture, instead of comparing it to another culture"
        ]
      },
      {
        "point_number": 3,
        "point_content": "Christian missionaries have responded to cultural relativism through the 'insider movement' which mixes Bible-based truths and cultural standards.",
        "spans": [
          "One way Christian missionaries have responded to cultural relativism is through the \"insider movement.\" Instead of forcing a distinctly European-style worship of Jesus, churches in predominantly non-Christian countries have a graduated mixture of Bible-based truths and cultural standards."
        ]
      },
      {
        "point_number": 4,
        "point_content": "A Christian can use cultural relativism in the work of Christ by being aware of local customs and not flagrantly ignoring others' standards of propriety, as long as local custom does not violate biblical standards.",
        "spans": [
          "A Christian can use cultural relativism in the work of Christ. It is good to be aware of local customs and to not flagrantly ignore others' standards of propriety.",
          "As long as local custom does not violate biblical standards, cultural respect can be an effective tool."
        ]
      }
    ],
    "clueweb22-en0003-61-03198": [
      {
        "point_number": 1,
        "point_content": "Social scientists are recommended to practice or show cultural relativism by learning and recognizing the cultural significance of people's actions and speech in their own context.",
        "spans": [
          "In conducting their sociological studies, social scientists are recommended to practice or show cultural relativism. There should be no reservations and blind opinions while they are immersed in the community of their subjects. One may also practice this concept by learning and recognizing that there are reasons or cultural significance of why people of a certain community act and talk the way they do."
        ]
      },
      {
        "point_number": 2,
        "point_content": "Ethnocentric behavior may be mitigated through the recognition and application of cultural relativism, which involves understanding that cultural norms and values are context-dependent and should not be used to judge other cultures.",
        "spans": [
          "It is widely believed in the field of sociology that ethnocentric behavior may be mitigated through the recognition and application of cultural relativism. A person can practice cultural relativism by recognizing that culture shapes what is considered to be beautiful, ugly, appealing, disgusting, virtuous, funny, and abhorrent, and that these should not be the basis for evaluating other cultures."
        ]
      },
      {
        "point_number": 3,
        "point_content": "Promoting cultural relativism requires an open heart, an unbiased and critical mind, exposure, education, and involvement in activities and programs that support and recognize the uniqueness and beauty of every culture.",
        "spans": [
          "What we need is an open heart and an unbiased and critical mind, exposure, education, and involvement in activities, and programs supporting and recognizing the uniqueness and beauty of every culture for us to truly grasp what cultural relativism means."
        ]
      }
    ],
    "clueweb22-en0005-66-08886": [
      {
        "point_number": 1,
        "point_content": "Exposure to different cultures can help fight the negative attitude as well as stereotyping.",
        "spans": [
          "Exposure to different cultures can help fight the negative attitude as well as stereotyping."
        ]
      },
      {
        "point_number": 2,
        "point_content": "Ensuring maximum interaction between members of different cultural groups can reduce ethnocentrism.",
        "spans": [
          "This can be countered by ensuring maximum interaction between members of different cultural groups."
        ]
      },
      {
        "point_number": 3,
        "point_content": "Creating a heterogeneous society through encouraging interactions in institutions such as schools and workplaces can reduce ethnocentrism.",
        "spans": [
          "This can achieve by the creation of a heterogonous society this can be achieved through encouraging interactions in institutions such as schools and work places."
        ]
      },
      {
        "point_number": 4,
        "point_content": "Encouraging healthy competition for limited resources in society can counter economic ethnocentrism.",
        "spans": [
          "Economic ethnocentrism can be countered by encouraging healthy competition for the limited resources in society."
        ]
      },
      {
        "point_number": 5,
        "point_content": "Educating people about other cultures and increasing their literacy can help reduce ethnocentrism and promote cultural relativism.",
        "spans": [
          "Research has shown that individuals with high level of education are more accommodative of other cultures other than their own.",
          "This indicates that educating people about other cultures and increasing their literacy can help reduce ethnocentrism as well as promote culture relativism."
        ]
      }
    ]
  }
}