{
  "question": "why has it taken so long for these gender barriers to come down?",
  "key_points": [
    {
      "point_number": 1,
      "point_content": "The World Economic Forum estimates gender parity globally may now be over 170 years away, with progress slowing down.",
      "original_point_number": [
        1
      ]
    },
    {
      "point_number": 2,
      "point_content": "Unconscious bias is a major headwind lengthening the time required for systemic change towards gender equality, manifesting as a culture unfriendly or unhelpful to women due to lack of awareness about others' capabilities.",
      "original_point_number": [
        2,
        3
      ]
    },
    {
      "point_number": 3,
      "point_content": "Resistance to change is driven by unconscious grievance and fear of loss of male privilege and power, with men feeling a loss of entitlement and privileged place in society when gender equality efforts encroach on their societal position, resisting changing their definitions of themselves and feeling critical of those forcing change upon them, and feeling a loss when equality is achieved because they have normalized overbalance in gender representation and attention; objection to changing gender roles is often about gender and power, not just gender.",
      "original_point_number": [
        4,
        5,
        6,
        7,
        8
      ]
    },
    {
      "point_number": 4,
      "point_content": "Women and girls in crisis zones face discrimination, violence, and a lack of equal opportunities that threaten their lives and rob them of their potential at a rate greater than men.",
      "original_point_number": [
        9
      ]
    },
    {
      "point_number": 5,
      "point_content": "The IRC is working to ensure gender equality is a cornerstone of all of its programs, aiming for real improvements to women's safety, health, education, economic wellbeing, and their ability to influence decisions affecting their lives.",
      "original_point_number": [
        10
      ]
    },
    {
      "point_number": 6,
      "point_content": "There are simple solutions to the barriers women and girls face, such as designing camps with women’s needs in mind, keeping health centers open later, sending girls to school, and allowing them freedom to choose their path in life.",
      "original_point_number": [
        11
      ]
    },
    {
      "point_number": 7,
      "point_content": "The IRC was the first humanitarian aid group to develop an international aid team dedicated to preventing violence against women and girls in 1996, indicating that progress has been slow and requires dedicated efforts.",
      "original_point_number": [
        12
      ]
    },
    {
      "point_number": 8,
      "point_content": "The IRC is leading a mission to end gender inequality in the world’s most dangerous places by improving access to health care, supporting girls' education, economic empowerment, involving women and girls, and changing harmful gender norms.",
      "original_point_number": [
        13
      ]
    },
    {
      "point_number": 9,
      "point_content": "The IRC is addressing inequalities within its own organization, such as changing hiring practices that bias male recruitment and pledging equal treatment and promotion of female staff.",
      "original_point_number": [
        14
      ]
    }
  ]
}