{
  "question": "why has it taken so long for these gender barriers to come down?",
  "key_points": {
    "clueweb22-en0043-36-03306": [
      {
        "point_number": 1,
        "point_content": "The World Economic Forum estimates gender parity globally may now be over 170 years away, with progress slowing down.",
        "spans": [
          "The World Economic Forum estimates gender parity globally may now be over 170 years away. Previously they estimated an 80-year time, then it was 120 years. It keeps slowing down."
        ]
      },
      {
        "point_number": 2,
        "point_content": "Unconscious bias is a major headwind lengthening the time required for systemic change towards gender equality.",
        "spans": [
          "There are many headwinds that can lengthen the time required for desired systemic change, but there is one I’d like to address here, head on, and it’s this: unconscious bias."
        ]
      },
      {
        "point_number": 3,
        "point_content": "Unconscious bias manifests as a culture unfriendly or unhelpful to women, due to lack of awareness about others' capabilities.",
        "spans": [
          "In general, there is a lack of awareness about who others are and what their capabilities and inherent qualities may be. In corporations, this often manifests as a culture that is unfriendly or unhelpful to women."
        ]
      },
      {
        "point_number": 4,
        "point_content": "Resistance to change is driven by unconscious grievance and fear of loss of male privilege and power.",
        "spans": [
          "A large part of it may be down to unconscious grievance and loss.",
          "He is unlikely to have been subject to systematic interruptions and the repeated questioning of his credentials or capabilities.",
          "He is unaware of the subtle advantages and perceived abilities “naturally” attributed to him.",
          "If it is made truly level, he will lose that subtle advantage he doesn’t even see.",
          "The presence of capable women threatens the norms he has become used to."
        ]
      },
      {
        "point_number": 5,
        "point_content": "Men feel a loss of entitlement and privileged place in society when gender equality efforts encroach on their societal position.",
        "spans": [
          "I believe there is a need to look closely at the loss and grievance that the dominant group feels when those from the non-dominant groups start to encroach on their societal position.",
          "In her book Why So Slow, Virginia Valerian found that while men can embrace the need for efforts that lead to fairness, such as equal pay, they have a much harder time with their own loss of centrality.",
          "This is about entitlement and holding a privileged place in the home, at work and in society. The loss of that privilege is a severe grievance."
        ]
      },
      {
        "point_number": 6,
        "point_content": "Objection to changing gender roles is often about gender and power, not just gender.",
        "spans": [
          "Much of the objection to change in gender roles is really about gender and power, not just about gender."
        ]
      },
      {
        "point_number": 7,
        "point_content": "Men resist changing their definitions of themselves and feel critical of those forcing change upon them.",
        "spans": [
          "If we ask men to change their definitions of themselves it is not surprising that many will resist and find reasons to be critical of those they perceive as forcing this change upon them."
        ]
      },
      {
        "point_number": 8,
        "point_content": "Men feel a loss when equality is achieved because they have normalized overbalance in gender representation and attention.",
        "spans": [
          "Geena Davis, at her eponymous media institute, has found that when a room's population is 20% women, men see 50%. When it is 30%, men feel it as 60%.",
          "The American Council on Education did a study asking teachers to call on boys and girls as best they could 50/50. After the experiment, the boys were asked how it felt. Their common response was: “The girls were getting all the attention.” The boys (and men) feel a loss when equality is achieved. They have normalised overbalance."
        ]
      }
    ],
    "null": [],
    "clueweb22-en0024-51-03138": [
      {
        "point_number": 1,
        "point_content": "Women and girls in crisis zones face discrimination, violence, and a lack of equal opportunities that threaten their lives and rob them of their potential at a rate greater than men.",
        "spans": [
          "Women and girls in crisis zones face discrimination, violence, and a lack of equal opportunities that threaten their lives and rob them of their potential at a rate greater than men."
        ]
      },
      {
        "point_number": 2,
        "point_content": "The IRC is working to ensure gender equality is a cornerstone of all of our programs, so that women see real improvements to their safety, health, education, economic wellbeing, and their ability to influence decisions that affect their lives.",
        "spans": [
          "The IRC is working to ensure gender equality is a cornerstone of all of our programs, so that women see real improvements to their safety, health, education, economic wellbeing, and their ability to influence decisions that affect their lives."
        ]
      },
      {
        "point_number": 3,
        "point_content": "There are simple solutions to the barriers women and girls face, such as designing camps with women’s needs in mind, keeping health centers open later, sending girls to school, and allowing them freedom to choose their path in life.",
        "spans": [
          "There are simple solutions.",
          "Imagine if the camp Mariama lives in was designed with women’s and girls’ needs in mind, so she could enjoy the basic right to bathe without fear.",
          "Imagine if the aid organization running the health center knew they should stay open later to help women and girls like her, so she could get the lifesaving medicine she needs.",
          "Imagine if she could be sent to school, so she could grow in confidence and knowledge.",
          "Imagine if, instead of being forced to marry and have a baby before the age of 16, she was free to continue her studies.",
          "Imagine if she had the freedom to choose her path in life, to become a doctor, to support and inspire her own family and to help rebuild her country."
        ]
      },
      {
        "point_number": 4,
        "point_content": "The IRC was the first humanitarian aid group to develop an international aid team dedicated to preventing violence against women and girls in 1996, showing that progress has been slow and requires dedicated efforts.",
        "spans": [
          "in 1996, we were the first humanitarian aid group to develop an international aid team dedicated to preventing violence against women and girls."
        ]
      },
      {
        "point_number": 5,
        "point_content": "The IRC is leading a mission to end gender inequality in the world’s most dangerous places by improving access to health care, supporting girls' education, economic empowerment, involving women and girls, and changing harmful gender norms.",
        "spans": [
          "Now, we are leading a mission to end gender inequality in the world’s most dangerous places. We are: Improving access to health centers and giving more women and girls the care they desperately need Developing new projects that support adolescent girls to stay in school and realize their potential Supporting more women with economic empowerment and cash assistance in emergencies Finding new ways to involve and empower women and girls Changing harmful gender norms to create more equal communities"
        ]
      },
      {
        "point_number": 6,
        "point_content": "The IRC is addressing inequalities within its own organization, such as changing hiring practices that bias male recruitment and pledging equal treatment and promotion of female staff.",
        "spans": [
          "we are: Emphasizing skills and competencies, rather than higher education and management experience (which bias male recruitment), when we post jobs Pledging to ensure the equal treatment, promotion and support of female staff worldwide"
        ]
      }
    ]
  }
}