{
  "question": "how successful has the us military been at learning from history since 1945?",
  "key_points": [
    {
      "point_number": 1,
      "point_content": "The United States learns that you come to war as you are which creates a sense of train as you fight, because you fight as you train.",
      "original_point_number": [
        1
      ]
    },
    {
      "point_number": 2,
      "point_content": "Since 1945, the U.S. military has evolved significantly, including ending conscription to become an all-volunteer force, changes in technology, policies, diversity, and the role of the National Guard shifting from a draft-dodging safe haven to a key active component in military operations.",
      "original_point_number": [
        2,
        3,
        4
      ]
    },
    {
      "point_number": 3,
      "point_content": "Eligibility for military service has decreased compared to the Vietnam era due to factors like obesity, criminal records, and lack of education.",
      "original_point_number": [
        5
      ]
    },
    {
      "point_number": 4,
      "point_content": "The military has become more diverse and inclusive, allowing women and LGBTQ individuals to serve openly and in combat roles.",
      "original_point_number": [
        6
      ]
    },
    {
      "point_number": 5,
      "point_content": "The military has adopted advanced technology such as GPS, drones, and improved combat optics, significantly changing warfare and training.",
      "original_point_number": [
        7,
        34
      ]
    },
    {
      "point_number": 6,
      "point_content": "Military training remains intense but has been adjusted to ensure soldier safety and adapt to new physical fitness standards.",
      "original_point_number": [
        8
      ]
    },
    {
      "point_number": 7,
      "point_content": "The military has improved medical care and survival rates for wounded soldiers significantly since Vietnam.",
      "original_point_number": [
        9
      ]
    },
    {
      "point_number": 8,
      "point_content": "The military has developed new doctrines and strategies such as active defense, AirLand Battle, Information Operations, and counterinsurgency reflecting lessons learned from past conflicts.",
      "original_point_number": [
        10
      ]
    },
    {
      "point_number": 9,
      "point_content": "The military has increased discipline and morale since the low points after Vietnam through reforms and resources.",
      "original_point_number": [
        11
      ]
    },
    {
      "point_number": 10,
      "point_content": "The U.S. has engaged in multiple military operations since 1945 with varying outcomes including successes and failures, such as the Korean War, Bay of Pigs invasion, Vietnam War, Gulf War, interventions in the Dominican Republic, Lebanon, Grenada, Panama, peacekeeping in Somalia, Haiti, Bosnia, Kosovo, and conflicts in Afghanistan, Iraq, Libya, and against ISIL.",
      "original_point_number": [
        38,
        39,
        40,
        41,
        42,
        43,
        44,
        45,
        46,
        47
      ]
    },
    {
      "point_number": 11,
      "point_content": "U.S. political objectives in military interventions were often successfully achieved about 63% of the time, with clear failure relatively rare at about 8%, but objectives have become more ambitious over time, decreasing the likelihood of success.",
      "original_point_number": [
        12,
        13
      ]
    },
    {
      "point_number": 12,
      "point_content": "The United States has generally been able to achieve its objectives in combat and counterinsurgency interventions when applying substantial numbers of forces, particularly ground forces.",
      "original_point_number": [
        14
      ]
    },
    {
      "point_number": 13,
      "point_content": "Pre-intervention planning and nonmilitary resources are key factors influencing the ability of the United States to achieve its objectives, especially in stability operations.",
      "original_point_number": [
        15,
        17
      ]
    },
    {
      "point_number": 14,
      "point_content": "The ability of the United States to focus on and achieve its political objectives in stability operations appears to diminish as the intensity of conflict increases.",
      "original_point_number": [
        16
      ]
    },
    {
      "point_number": 15,
      "point_content": "The initial quality of host-nation political institutions and support of the host-nation government substantially affect the success of stability operations.",
      "original_point_number": [
        18
      ]
    },
    {
      "point_number": 16,
      "point_content": "Third-party interference can substantially affect the likelihood of success in stability and deterrence operations.",
      "original_point_number": [
        19
      ]
    },
    {
      "point_number": 17,
      "point_content": "The United States has been more successful in deterrence interventions when its military capabilities relative to the rest of the world were higher, as immediately after World War II.",
      "original_point_number": [
        20
      ]
    },
    {
      "point_number": 18,
      "point_content": "American military personnel study history as an essential component of their professional education, but current military history education has failed to prepare the military for post-combat stabilization and governance realities, leading to repeated failures in achieving enduring political outcomes.",
      "original_point_number": [
        21,
        32
      ]
    },
    {
      "point_number": 19,
      "point_content": "The American way of war is based on a strategy of annihilation aiming to destroy the enemy’s capacity to continue the war, including defeating enemy armed forces and destroying the enemy’s economy, at which point the mission is considered accomplished.",
      "original_point_number": [
        22,
        23
      ]
    },
    {
      "point_number": 20,
      "point_content": "Major combat operations are critical but not decisive; post-combat consolidation, stabilization, and reconciliation are decisive for enduring strategic outcomes, with the civil population's legitimacy and influence being as strategically important as military force and possibly more decisive.",
      "original_point_number": [
        26,
        27
      ]
    },
    {
      "point_number": 21,
      "point_content": "The fall of Baghdad ended major combat operations in Iraq, but the poorly planned and executed consolidation and stabilization effort resulted in an eight-year insurgency ending in a unilateral US withdrawal, not a peace treaty or a stable and enduring political outcome.",
      "original_point_number": [
        24
      ]
    },
    {
      "point_number": 22,
      "point_content": "The US armed forces are legally and morally responsible for military governance of occupied territories until relieved by a legitimate civil authority, requiring planning for a five-year stabilization campaign including interim military governance and structuring a mix of active and reserve forces adequate for protracted post-combat consolidation and stabilization campaigns.",
      "original_point_number": [
        28,
        29,
        30
      ]
    },
    {
      "point_number": 23,
      "point_content": "Professional military education must emphasize the human aspects of military operations, including civil-military operations and military governance, and outcomes-based strategies and a more accurate understanding of American military history are critical to reversing the trend of winning battles but losing wars since 1955.",
      "original_point_number": [
        31,
        33
      ]
    },
    {
      "point_number": 24,
      "point_content": "Post-World War II advancements in science and technology include the explosion in popularity of television technology in the 1950s, allowing real-time viewing of important events, rapid expansion of telephone use leading to smartphones, and transformations in transportation such as electric and hybrid cars and the advent of the jet engine in air travel.",
      "original_point_number": [
        34,
        35,
        36,
        37
      ]
    }
  ]
}