{
  "question": "how successful has the us military been at learning from history since 1945?",
  "key_points": {
    "null": [],
    "clueweb22-en0034-96-01072": [
      {
        "point_number": 1,
        "point_content": "The United States learns that you come to war as you are which creates a sense of train as you fight, because you fight as you train.",
        "spans": [
          "The United States learns that you come to war as you are which creates a sense of train as you fight, because you fight as you train."
        ]
      }
    ],
    "clueweb22-en0016-15-12736": [
      {
        "point_number": 1,
        "point_content": "The U.S. military has evolved significantly since 1945, including changes in conscription, technology, policies, and diversity.",
        "spans": [
          "A lot has changed since then. The Armed Forces have pulled out of Vietnam and engaged in several conflicts since, from the invasion of Panama and the Gulf War to the war in Afghanistan and the American-led intervention in Syria. Over the years we've also seen huge advances in military technology, and seismic shifts in an array of long-held policies. In many ways, the United States military looks entirely different than it once did."
        ]
      },
      {
        "point_number": 2,
        "point_content": "The military ended conscription and moved to an all-volunteer force, reflecting a major change in recruitment and military composition.",
        "spans": [
          "Perhaps the biggest way the military has changed over the last 50 years is conscription, or the draft. In the ‘60s and ‘70s, primarily during the Vietnam War, the draft was a hugely controversial fact of everyday life. Young men between the ages of 18 and 25 could be called for service at any time. These days, participation in the military is entirely voluntary—although all men between 18 and 25 years old are still required to register in the Selective Service System should a draft be reinstated."
        ]
      },
      {
        "point_number": 3,
        "point_content": "The role of the National Guard has shifted from a draft-dodging safe haven to a key active component in military operations.",
        "spans": [
          "In the days of the Vietnam War, joining the National Guard was seen as a way to dodge the draft. Most National Guard units never saw action—President Lyndon B. Johnson was fully against calling them into action—so joining one was a surefire way to fulfill your requirement as safely as possible. These days, the National Guard is a key part of our military forces. Making up most of the troops in Iraq and Afghanistan, the National Guard now holds key duties, like combat engineering and air refueling, to ensure that they’re a more active part of the armed forces."
        ]
      },
      {
        "point_number": 4,
        "point_content": "Eligibility for military service has decreased due to factors like obesity, criminal records, and lack of education, contrasting with the Vietnam era when most men were eligible.",
        "spans": [
          "According to Maj. Gen. Mike Davidson, former assistant to the chairman of the Joint Chiefs of Staff for the National Guard, 75% of men aged 18 to 22 are not eligible to join the U.S. Armed Forces today. Factors like obesity, a criminal record, and a lack of education eliminate a large percentage of the citizens from eligibility. This is a departure from the prevailing notion in the 1960s and 1970s that nearly every able-bodied man was eligible to join the military."
        ]
      },
      {
        "point_number": 5,
        "point_content": "The military has become more diverse and inclusive, allowing women and LGBTQ individuals to serve openly and in combat roles.",
        "spans": [
          "While overall active duty numbers are down, there is one group enlisting more than ever: women. In 1973, women represented just 2% of the enlisted forces and 8% of the officer corps. Today, women make up 16% of the enlisted forces and 18% of the officer corps.",
          "In 1991, Congress authorized women to fly in combat missions and serve on combat ships.",
          "In 2016, all combat positions were officially opened to women.",
          "The armed forces have become increasingly diverse over the past 50 years. One major step in that process was repealing the long-held \"don’t ask, don’t tell” policy that kept LGBTQ people from serving openly."
        ]
      },
      {
        "point_number": 6,
        "point_content": "The military has adopted advanced technology such as GPS, drones, and improved combat optics, significantly changing warfare and training.",
        "spans": [
          "Between 1989 and 1994, the U.S. Department of Defense developed a major advancement that would change the face of war: GPS technology.",
          "Unmanned air vehicles (or UAVs), also known as drones, have had a major impact on war strategy.",
          "Changes in technology and strategy have necessitated changes in basic training. One place this is seen is in rifle combat optics."
        ]
      },
      {
        "point_number": 7,
        "point_content": "Military training remains intense but has been adjusted to ensure soldier safety and adapt to new physical fitness standards.",
        "spans": [
          "Basic training is brutal. Drill sergeants push new recruits to their breaking points on the theory that a more demanding training produces stronger soldiers. These days (after dealing with multiple abuse charges ), the Department of Defense has made adjustments to ensure soldier safety.",
          "In July 2018, the army announced a new PT test. The next-generation physical fitness test won’t have different requirements based on gender or age, and has done away with push-ups, sit-ups and running."
        ]
      },
      {
        "point_number": 8,
        "point_content": "The military has improved medical care and survival rates for wounded soldiers significantly since Vietnam.",
        "spans": [
          "Survival rates for wounded soldiers have increased dramatically over the last 50 years. In the Vietnam era, a wounded soldier had a 62% chance of survival. Today, a wounded soldier has an 88% chance of surviving injuries, thanks to extremely high-end military hospitals in war zones like Afghanistan, surgeons with extensive experience and exhaustive training, and huge advancements in technology and medicine."
        ]
      },
      {
        "point_number": 9,
        "point_content": "The military has developed new doctrines and strategies such as active defense, AirLand Battle, Information Operations, and counterinsurgency reflecting lessons learned from past conflicts.",
        "spans": [
          "One of the first major changes came in 1976 when active defense was added to the \"Field Manual 100-5.”",
          "1982 saw another major change in conflict strategy: AirLand Battle allowed the army to launch offensive operations.",
          "Another major conflict strategy change came in 2006, with the introduction of Information Operations.",
          "It wasn’t until 2006 that the U.S. officially accepted and instated a counterinsurgency doctrine. Field Manual 3-24 Counterinsurgency established three objectives to defeat an insurgent uprising: a government must provide security, establish a political system, and build an economic infrastructure."
        ]
      },
      {
        "point_number": 10,
        "point_content": "The military has increased discipline and morale since the low points after Vietnam through reforms and resources.",
        "spans": [
          "After the end of the Vietnam War, morale and discipline were at an all-time low. A dismissal of hundreds of \"problem soldiers” in the 1980s, revamped basic training, and a wealth of resources and money poured into the military helped to renew morale and increase overall discipline."
        ]
      }
    ],
    "clueweb22-en0021-77-12774": [
      {
        "point_number": 1,
        "point_content": "U.S. political objectives in military interventions were often successfully achieved, about 63 percent of the time, with clear failure to achieve them relatively rare, about 8 percent of the time.",
        "spans": [
          "U.S. political objectives in military interventions were often successfully achieved, about 63 percent of the time, with clear failure to achieve them relatively rare, about 8 percent of the time."
        ]
      },
      {
        "point_number": 2,
        "point_content": "U.S. objectives have tended to become more ambitious over time, and this shift has corresponded with a gradually decreasing likelihood that objectives will be successfully achieved.",
        "spans": [
          "U.S. objectives have tended to become more ambitious over time, and this shift has corresponded with a gradually decreasing likelihood that objectives will be successfully achieved."
        ]
      },
      {
        "point_number": 3,
        "point_content": "Particularly in the post-1945 era, the United States has generally been able to achieve its objectives in combat and counterinsurgency interventions when it applies substantial numbers of forces, and particularly ground forces.",
        "spans": [
          "Particularly in the post-1945 era, the United States has generally been able to achieve its objectives in these interventions when it applies substantial numbers of forces, and particularly ground forces."
        ]
      },
      {
        "point_number": 4,
        "point_content": "Pre-intervention planning is a key factor influencing the ability of the United States to achieve its objectives.",
        "spans": [
          "Pre-intervention planning is a key factor influencing the ability of the United States to achieve its objectives."
        ]
      },
      {
        "point_number": 5,
        "point_content": "The ability of the United States to focus on and achieve its political objectives in stability operations appears to diminish as the intensity of conflict increases.",
        "spans": [
          "The ability of the United States to focus on and achieve its political objectives in stability operations appears to diminish as the intensity of conflict increases."
        ]
      },
      {
        "point_number": 6,
        "point_content": "Nonmilitary resources and pre-intervention planning can be central to success in stability operations.",
        "spans": [
          "Nonmilitary resources and pre-intervention planning can be central to success."
        ]
      },
      {
        "point_number": 7,
        "point_content": "The initial quality of host-nation political institutions and the support of the host-nation government can have a substantial effect on the success of stability operations.",
        "spans": [
          "The initial quality of host-nation political institutions and the support of the host-nation government can have a substantial effect on the success of stability operations."
        ]
      },
      {
        "point_number": 8,
        "point_content": "Third-party interference can substantially affect the likelihood of success in stability and deterrence operations.",
        "spans": [
          "Third-party interference can substantially affect the likelihood of success.",
          "The role played by third parties appears underappreciated in numerous past interventions, and this can have deleterious consequences, particularly for deterrence and stability operations."
        ]
      },
      {
        "point_number": 9,
        "point_content": "The United States appears to have been more successful in deterrence interventions when its military capabilities relative to the rest of the world were higher, as immediately after World War II.",
        "spans": [
          "The United States appears to have been more successful in its pursuit of its objectives in deterrence interventions at points when the country's military capabilities vis-à-vis the rest of the world were higher, as was the case immediately after World War II."
        ]
      }
    ],
    "clueweb22-en0003-23-05425": [
      {
        "point_number": 1,
        "point_content": "American military personnel study history as an essential component of their professional education.",
        "spans": [
          "American military personnel study history as an essential component of their professional education."
        ]
      },
      {
        "point_number": 2,
        "point_content": "The American way of war is based on a strategy of annihilation: the aim of the US armed forces in war is to destroy the enemy’s capacity to continue the war.",
        "spans": [
          "The American way of war is based on a strategy of annihilation: the aim of the US armed forces in war is to destroy the enemy’s capacity to continue the war"
        ]
      },
      {
        "point_number": 3,
        "point_content": "Our study of military history has influenced us to believe that the role of the American military is to defeat the enemy’s armed forces and destroy the enemy’s economy, at which time its mission is accomplished.",
        "spans": [
          "Our study of military history has influenced us to believe that the role of the American military is to defeat the enemy’s armed forces and destroy the enemy’s economy, at which time its mission is accomplished"
        ]
      },
      {
        "point_number": 4,
        "point_content": "The fall of Baghdad ended major combat operations in Iraq, but martial law was not declared or established, and the poorly planned and executed consolidation and stabilization effort resulted in an eight-year insurgency ending in a unilateral US withdrawal, not a peace treaty or a stable and enduring political outcome.",
        "spans": [
          "The fall of Baghdad ended major combat operations in Iraq, but martial law was not declared or established.",
          "Despite the futile efforts of leaders like Gen. Eric Shinseki who knew better, the poorly planned and executed consolidation and stabilization effort resulted in an eight-year insurgency ending in a unilateral US withdrawal, not a peace treaty or a stable and enduring political outcome."
        ]
      },
      {
        "point_number": 5,
        "point_content": "American military history as taught is wrong and fosters a strategic culture inconsistent with strategic reality.",
        "spans": [
          "American military history as taught in professional military education institutions (and more generally in our public education system) is wrong and fosters a strategic culture inconsistent with strategic reality."
        ]
      },
      {
        "point_number": 6,
        "point_content": "Major combat operations are critical but not decisive; post-combat consolidation, stabilization, and reconciliation are decisive for enduring strategic outcomes.",
        "spans": [
          "Major combat operations are critical but not decisive.",
          "Post-combat consolidation of military gains, stabilization of the conflict-affected area, and reconciliation of the warring parties are decisive because they translate military success into a favorable and enduring strategic outcome."
        ]
      },
      {
        "point_number": 7,
        "point_content": "The civil population's legitimacy and influence are as strategically important as military force and may be more decisive.",
        "spans": [
          "The civil population gets the deciding vote on who wins and who loses.",
          "The struggle for legitimacy, credibility, and influence is as strategically important as the struggle to attrit and destroy the enemy’s military forces and economic warfighting capacity, and ultimately, may be more decisive."
        ]
      },
      {
        "point_number": 8,
        "point_content": "The US armed forces are legally and morally responsible for military governance of occupied territories until relieved by a legitimate civil authority.",
        "spans": [
          "The US armed forces are legally and morally responsible for the military governance of liberated or occupied territories and their populations until a legitimate and credible civil authority formally relieves them of their area responsibility."
        ]
      },
      {
        "point_number": 9,
        "point_content": "Leaders must plan for a five-year stabilization campaign including interim military governance until conditions permit transfer to civil authority.",
        "spans": [
          "Leaders must plan and prepare for the worst-case scenario: a five-year stabilization campaign, including interim military governance, until conditions in the operational environment permit the transfer of area responsibility to a legitimate and credible civil authority."
        ]
      },
      {
        "point_number": 10,
        "point_content": "The US armed forces must structure a mix of active and reserve forces adequate for protracted post-combat consolidation and stabilization campaigns.",
        "spans": [
          "The US armed forces must structure a mix of active and reserve component forces adequate for protracted post-combat consolidation and stabilization campaigns commensurate with the major combat operations that precede them."
        ]
      },
      {
        "point_number": 11,
        "point_content": "Professional military education must emphasize the human aspects of military operations, including civil-military operations and military governance.",
        "spans": [
          "Professional military education must place greater emphasis on the human aspects of military operations."
        ]
      },
      {
        "point_number": 12,
        "point_content": "US military history education has failed to prepare the military for the realities of post-combat stabilization and governance, leading to repeated failures in achieving enduring political outcomes.",
        "spans": [
          "The “So what?” is that our study of American military history has failed our profession and our nation."
        ]
      },
      {
        "point_number": 13,
        "point_content": "Outcomes-based strategies and a more accurate understanding of American military history are critical to reversing the trend of winning battles but losing wars since 1955.",
        "spans": [
          "Outcomes-based strategies will be critical to reversing the trend of US armed forces winning every battle, prevailing in every campaign, and losing every war it has fought since 1955.",
          "The first step: fostering a more accurate understanding of American military history, especially in professional military education."
        ]
      }
    ],
    "clueweb22-en0003-58-17719": [
      {
        "point_number": 1,
        "point_content": "The lesson provides examples of advancements in science and technology since the end of World War II in 1945.",
        "spans": [
          "Since the end of World War II in 1945, there have been countless advancements in science and technology. This lesson will provide examples from the different areas of advancement, such as communication, transportation, and computers."
        ]
      },
      {
        "point_number": 2,
        "point_content": "Television technology exploded in popularity in the 1950s, allowing people to watch important events in real time, such as Neil Armstrong's moon landing in 1969 and the 1953 coronation of Queen Elizabeth II.",
        "spans": [
          "The television exploded in popularity in the 1950s, allowing people to watch important events as they happened in real time.",
          "For example, many Americans watched Neil Armstrong's landing on the moon in 1969 from the comfort of their own couch.",
          "Likewise, the televised 1953 coronation of Queen Elizabeth II allowed many British residents to see the pomp and circumstance surrounding a royal coronation for the first time."
        ]
      },
      {
        "point_number": 3,
        "point_content": "Telephone use expanded quickly after WWII, with over 100 million phones in use by the 1970s, and cellular phones became popular in the 1990s, evolving into smartphones that provide access to a world of information.",
        "spans": [
          "After WWII, telephone use continued to expand quickly and by the 1970s over 100 million phones were in use.",
          "The next major advancement in telephone communication came in the 1990s with the proliferation of the cellular phone.",
          "The creation of the smartphone, and most notably Apple's iPhone, which essentially turned the cell phone into a computer as well, has completely changed the cell phone, putting access to a world of information on a device which only a couple decades ago was used merely for making telephone calls."
        ]
      },
      {
        "point_number": 4,
        "point_content": "Transportation modes have remained the same since WWII but have undergone serious transformations to improve safety and efficiency, including the development of electric and hybrid cars and the advent of the jet engine in air travel.",
        "spans": [
          "The world of transportation has seen similar improvements in technology since WWII, though not nearly the same level of innovation.",
          "All major auto companies now either have an electric car being developed or on the road, and all have successful gas/electric hybrid models, such as the Toyota Prius or the Ford Fusion Hybrid.",
          "Air travel has made more significant advances since WWII with the advent of the jet engine in the 1950s."
        ]
      }
    ],
    "clueweb22-en0038-79-07206": [
      {
        "point_number": 1,
        "point_content": "The U.S. has engaged in multiple military operations since 1945, with varying outcomes including both successes and failures.",
        "spans": [
          "Since then, United States armed forces have been in combat several times, including the following:"
        ]
      },
      {
        "point_number": 2,
        "point_content": "The Korean War was a significant conflict where U.S. troops fought to protect South Korea against communist invasion.",
        "spans": [
          "1950-1953 Korean War",
          "Communist North Korea, supported by China, invades non-communist South Korea. UN forces, principally made up of U.S. troops, fight to protect South Korea."
        ]
      },
      {
        "point_number": 3,
        "point_content": "The Bay of Pigs invasion in 1961 was an unsuccessful attempt by the U.S. to overthrow Cuba's communist regime.",
        "spans": [
          "1961 Cuba",
          "The U.S. orchestrates the ill-fated Bay of Pigs invasion, an unsuccessful attempt by Cuban exiles to overthrow Fidel Castro's communist regime in Cuba."
        ]
      },
      {
        "point_number": 4,
        "point_content": "The Vietnam War was the longest conflict the U.S. fought and was the first war it lost.",
        "spans": [
          "1961-1973 Vietnam War",
          "The Vietnam War is the longest conflict the U.S. ever fought and the first war it lost."
        ]
      },
      {
        "point_number": 5,
        "point_content": "The U.S. has conducted various interventions to prevent the spread of communism and maintain political stability in regions such as the Dominican Republic, Lebanon, Grenada, and Panama.",
        "spans": [
          "1965 Dominican Republic",
          "1982 Lebanon",
          "1983 Grenada",
          "1989 Panama"
        ]
      },
      {
        "point_number": 6,
        "point_content": "The Gulf War in 1991 was a swift and successful U.S.-led multinational operation to expel Iraqi forces from Kuwait.",
        "spans": [
          "1991 Gulf War (Kuwait and Iraq)",
          "The Gulf War begins and ends swiftly when a U.S.-led multinational force comes to Kuwait's aid and expels dictator Saddam Hussein's forces."
        ]
      },
      {
        "point_number": 7,
        "point_content": "The U.S. has participated in peacekeeping and humanitarian missions in Somalia, Haiti, Bosnia, and Kosovo.",
        "spans": [
          "1993 Somalia",
          "1994 Haiti",
          "1994-1995 Bosnia",
          "1999 Kosovo"
        ]
      },
      {
        "point_number": 8,
        "point_content": "The U.S. invaded Afghanistan in 2001 to oust the Taliban government for harboring al-Qaeda, leading to ongoing conflict and eventual killing of Osama bin Laden in 2011.",
        "spans": [
          "2001-Present Afghanistan",
          "On May 2, 2011 (May 1 in the U.S.), U.S. troops and CIA operatives shot and killed Osama bin Laden in Abbottabad, Pakistan."
        ]
      },
      {
        "point_number": 9,
        "point_content": "The U.S. invaded Iraq in 2003, toppling Saddam Hussein's government, with continued involvement until 2010 and beyond in a support role.",
        "spans": [
          "2003-2010 Iraq War",
          "On Aug. 31, 2010, President Obama announces the end of U.S. combat missions in Iraq."
        ]
      },
      {
        "point_number": 10,
        "point_content": "The U.S. has been involved in coalition interventions such as in Libya in 2011 and the war against ISIL from 2012 to 2019, with significant efforts to contain and defeat terrorist groups.",
        "spans": [
          "2011 Libya",
          "2012-2019 War with ISIL"
        ]
      }
    ]
  }
}