{
  "question": "how does the media affect people",
  "key_points": [
    {
      "point_number": 1,
      "point_content": "The media's influence on the masses has increased exponentially over the past five decades, affecting individuals' actions, thoughts, and societal views both positively and negatively across all education levels, with growing responsibility on media and authorities to convey news carefully.",
      "original_point_number": [
        1,
        2,
        8,
        50,
        58
      ]
    },
    {
      "point_number": 2,
      "point_content": "Mass media can have negative effects including promoting poverty, crime, violence, nudity, mental and physical health disorders, provoking violent behavior in children, spreading unauthorized news and rumors causing mob violence, and inculcating false notions and morbid imageries leading to misbehavior and harmful acts.",
      "original_point_number": [
        3,
        4,
        5,
        12,
        52,
        54,
        56,
        57
      ]
    },
    {
      "point_number": 3,
      "point_content": "Mass media can have positive effects such as encouraging humanity and empathy during natural disasters, increasing literacy through educational programs, providing the right to information which educates and empowers individuals, and fostering human solidarity through respectful dialogue and free circulation of ideas.",
      "original_point_number": [
        6,
        7,
        21,
        23,
        24
      ]
    },
    {
      "point_number": 4,
      "point_content": "Mass media influence is crucial and can lead to serious societal impacts, including news broadcast and internet service bans during sensitive situations; citizens should cross-verify news before spreading it to avoid negative consequences.",
      "original_point_number": [
        9,
        10
      ]
    },
    {
      "point_number": 5,
      "point_content": "Media have the capacity to set social subjects for mass audiences to think and talk about, influencing public opinion, forming attitudes, motivating behavior, and affecting stereotypes and views on social groups, often controlled by governments to dominate press and broadcasting.",
      "original_point_number": [
        11,
        16,
        17,
        19
      ]
    },
    {
      "point_number": 6,
      "point_content": "There is a correlation between violence in media and violent behavior; violent imagery on television gains high ratings, leading producers to market violent programs for profit, which can contribute to moral panics and negative public consequences.",
      "original_point_number": [
        13,
        14,
        12
      ]
    },
    {
      "point_number": 7,
      "point_content": "Television has replaced other forms of communication that once tied families and communities together, impacting social cohesion.",
      "original_point_number": [
        15
      ]
    },
    {
      "point_number": 8,
      "point_content": "The culture has shifted towards a culture of opinions, with media providing a range of views from experts to ordinary people, sometimes degenerating into expressions of hatred and skepticism about objective truth, making truth claims considered unattainable.",
      "original_point_number": [
        25,
        26
      ]
    },
    {
      "point_number": 9,
      "point_content": "Mass media, including entertainment media such as fictional shows and commercials, influence audience views and actions at conscious and subconscious levels, with public health communities using 'entertainment education' to raise awareness and motivate socially responsible action through popular entertainment.",
      "original_point_number": [
        27,
        28,
        29,
        32,
        33
      ]
    },
    {
      "point_number": 10,
      "point_content": "Entertainment TV dramas, including hospital dramas, reach wider audiences than news and powerfully shape public impressions of societal institutions and health care, educating viewers about health systems, relationships, and policies in ways news cannot.",
      "original_point_number": [
        30,
        31,
        35
      ]
    },
    {
      "point_number": 11,
      "point_content": "Physicians and other professionals have influenced media portrayals to ensure positive depictions, affecting public perception and professional socialization, as seen with medical TV shows influencing medical students and the 'CSI effect' influencing legal outcomes.",
      "original_point_number": [
        36,
        37,
        38
      ]
    },
    {
      "point_number": 12,
      "point_content": "The media's influence is more readily acknowledged when coming from respected, powerful groups, while some groups like nursing face skepticism about media effects; efforts such as Pentagon funding aim to depict scientists positively to encourage careers in science and engineering.",
      "original_point_number": [
        39,
        40
      ]
    },
    {
      "point_number": 13,
      "point_content": "Serial TV shows are especially influential due to viewer attachment to characters and extensive exposure to programming.",
      "original_point_number": [
        41
      ]
    },
    {
      "point_number": 14,
      "point_content": "Digital media affects everyday lives positively and negatively, influencing communication, interaction, work, and engagement; it improves social and professional quality of life, supports professional development, remote work, and online education, but also negatively impacts memory, attention, relationships, stress, and health, with perceptions varying by country.",
      "original_point_number": [
        42,
        43,
        44,
        45,
        46,
        47,
        48
      ]
    },
    {
      "point_number": 15,
      "point_content": "Potential downsides of digital media include reduced physical connection, blurred work-life boundaries, and increased hate speech and defamation.",
      "original_point_number": [
        49
      ]
    }
  ]
}