{
  "question": "how does the media affect people",
  "key_points": {
    "clueweb22-en0019-46-01864": [
      {
        "point_number": 1,
        "point_content": "The media and its influential effect on the masses have increased exponentially in the past five decades.",
        "spans": [
          "The media and its influential effect on the masses have increased exponentially in the past five decades."
        ]
      },
      {
        "point_number": 2,
        "point_content": "Mass media influence the actions, manner, and contemplations of individuals and audiences, which can be negative or positive.",
        "spans": [
          "the effect of mass media on the actions, manner, and contemplations of individuals and audiences is called mass media influence. This influence can be negative or positive."
        ]
      },
      {
        "point_number": 3,
        "point_content": "Negative effects of mass media include leading people towards poverty, crime, nudity, violence, bad mental and physical health disorders.",
        "spans": [
          "The negative effects of mass media on society can lead people towards poverty, crime, nudity, violence, bad mental and physical health disorders and others as such severe outcomes."
        ]
      },
      {
        "point_number": 4,
        "point_content": "Unauthorized news headlines and rumors spread on the internet can cause mob violence and other negative social outcomes.",
        "spans": [
          "mob hitting innocents by getting carried away from the rumors spread on the internet has been common. These unauthorized news headlines are the biggest example of the negative impact of mass media on society."
        ]
      },
      {
        "point_number": 5,
        "point_content": "Children can be negatively influenced by provoking news stories, action movies, and games leading to violent behavior.",
        "spans": [
          "cases of children killing innocents by acquiring weapons are considered as one of the major negative effects of mass media on the children as they usually get carried away by provoking news stories, action movies, and games."
        ]
      },
      {
        "point_number": 6,
        "point_content": "Mass media can also have positive effects such as encouraging humanity and empathy during natural disasters, and increasing literacy through educational programs.",
        "spans": [
          "people helping each other in the situations of natural disasters encourage humanity and empathy in children and adults",
          "quiz-based games, educational news broadcast and similar programs emphasize the positive effects of mass media which increase literacy in the audiences."
        ]
      },
      {
        "point_number": 7,
        "point_content": "Mass media provides the right to information, making today's generation more educated and aware of their rights, which helps them gain personal and professional benefits.",
        "spans": [
          "one of the positive impacts of mass media on society is their right to information. Today’s generation is much more educated and aware of their rights and that helps them gain various personal and professional benefits."
        ]
      },
      {
        "point_number": 8,
        "point_content": "Mass media influence is visible in society across all education levels, increasing the responsibility of media and controlling authorities to convey news carefully.",
        "spans": [
          "People usually come across different pieces of information via direct or indirect sources, but in any case, the mass media influence is clearly visible in society.",
          "From educated to illiterate people are part of this wave and that’s why the responsibilities of the media people and controlling authorities increase. They have to be more careful about the timing and approach of conveying news."
        ]
      },
      {
        "point_number": 9,
        "point_content": "Positive or negative effects of mass media can be crucial, leading to news broadcast and internet service bans during sensitive situations.",
        "spans": [
          "The positive or negative effects of mass media can be really crucial in some cases. This is one of the major reasons citizens face situations of news broadcast and internet service ban during some sensitive situations in the city or state."
        ]
      },
      {
        "point_number": 10,
        "point_content": "Citizens should cross verify news before spreading it to avoid serious societal impact.",
        "spans": [
          "Being a responsible citizen, make sure you cross verify any news coming across you before spreading that to others as it can create a serious impact on society."
        ]
      }
    ],
    "clueweb22-en0040-04-04603": [
      {
        "point_number": 1,
        "point_content": "Media have a full capacity to set a social subject for mass audience to think and talk about.",
        "spans": [
          "media have a full capacity to set a social subject for mass audience to think and talk about"
        ]
      },
      {
        "point_number": 2,
        "point_content": "Media often cause bad consequences towards public and establish 'moral panics' which can lead to mob violence.",
        "spans": [
          "media do not deliberately set the agenda and determine the pros and cons of that particular issue, so it repeatedly causes bad consequences towards public as well as establishes 'moral panics', which can sometimes lead to mob violence"
        ]
      },
      {
        "point_number": 3,
        "point_content": "There is a correlation between violence on media and violent behavior.",
        "spans": [
          "The studies point that there is a correlation between violence on media and violent behavior"
        ]
      },
      {
        "point_number": 4,
        "point_content": "Violent imagery on television gets high ratings, leading producers to market violent programs for profit.",
        "spans": [
          "violent imagery on television gets high ratings; therefore, producers are forced onto market to make a profit"
        ]
      },
      {
        "point_number": 5,
        "point_content": "Television has replaced other forms of communication that once tied families and communities together.",
        "spans": [
          "television has taken the place of other forms of communication that at one time tied us together in families and communities"
        ]
      },
      {
        "point_number": 6,
        "point_content": "Mass media influences public opinion and is often controlled by governments to dominate press and broadcasting.",
        "spans": [
          "mass media as crucial vehicles to influence public opinion, the government is likely to control and dominate the press and broadcasting"
        ]
      },
      {
        "point_number": 7,
        "point_content": "Mass media affects everyone daily and influences formation of stereotypes and views on social groups.",
        "spans": [
          "The mass media affects everyone in society. Everyone is affected by the media on a daily basis, and is influenced by it constantly. Through this the mass media is able to form stereotypes of individual groups of people and has the ability to persuade people to conform to those stereotypes. This also widely influences our views on different social groups"
        ]
      },
      {
        "point_number": 8,
        "point_content": "Social media sites make it difficult to distinguish between meaningful real-world relationships and casual online relationships.",
        "spans": [
          "social media sites can make it more difficult for us to distinguish between the meaningful relationships we foster in the real world, and the numerous casual relationships formed through social media"
        ]
      }
    ],
    "clueweb22-en0000-77-06198": [
      {
        "point_number": 1,
        "point_content": "The media holds an influential place in disseminating information, forming attitudes, and motivating behavior.",
        "spans": [
          "the communications media hold an influential place in disseminating information, forming attitudes, and motivating behavior"
        ]
      },
      {
        "point_number": 2,
        "point_content": "Technological advances are increasing the role of the media and its capacity to shape public opinion.",
        "spans": [
          "Technological advances are increasing the role of the media and its capacity to shape public opinion"
        ]
      },
      {
        "point_number": 3,
        "point_content": "The information provided by the media is at the service of the common good and society has a right to information based on truth, freedom, justice, and solidarity.",
        "spans": [
          "The information provided by the media is at the service of the common good. Society has a right to information based on truth, freedom, justice, and solidarity"
        ]
      },
      {
        "point_number": 4,
        "point_content": "The requirements of justice and charity must guide communications and those who form public opinion need to be governed by these principles.",
        "spans": [
          "The requirements of justice and charity must guide communications just as much as other public institutions. Those who undertake to form public opinion need to be governed by these principles"
        ]
      },
      {
        "point_number": 5,
        "point_content": "Human solidarity is a positive effect of media communications when a right-minded policy supports free circulation of ideas that advances knowledge and respect.",
        "spans": [
          "Human solidarity is one of the positive effects of media communications when a commitment to a right-minded policy is followed—one that supports a free circulation of ideas that advances knowledge and people’s respect for each other"
        ]
      },
      {
        "point_number": 6,
        "point_content": "Mutually respectful dialogue in media aids the quest for truth.",
        "spans": [
          "Mutually respectful dialogue also aids the quest for truth"
        ]
      },
      {
        "point_number": 7,
        "point_content": "The culture has moved toward a culture of opinions, with media providing a range of opinions from experts to ordinary people, sometimes degenerating into expressions of hatred.",
        "spans": [
          "Each day, newspapers give us a diet of opinions on their op-ed page. Talk shows on television have turned the sharing of opinions into a national pastime. Editors and talk show hosts strive to give us a range of opinions that stretch from one end of the spectrum to another. At the high end of these presentations, experts and scholars are recruited to offer us their best current research. At another level, people are simply enlisted to share their thoughts and feelings publicly on any number of social, moral, and political matters. Sometimes debate degenerates into expressions of hatred"
        ]
      },
      {
        "point_number": 8,
        "point_content": "The culture's move away from acceptance of objective truth leads to skepticism and suspicion about truth claims, making objective truth considered unattainable.",
        "spans": [
          "Though the intuition remains that there is really such a thing as objective truth, it tends to be lost in a marathon of inconclusive discussions. As a result, some spend valuable time sharing only feelings or uninformed opinions. Much of what passes for truth is the effort to justify individual behavior. In its unsettling form, this generates an attitude of skepticism and even suspicion about any truth claims. Thus objective truth is considered unattainable"
        ]
      }
    ],
    "null": [],
    "clueweb22-en0018-57-19541": [
      {
        "point_number": 1,
        "point_content": "The mass media is in the business of affecting how and what people think, including through entertainment media.",
        "spans": [
          "The mass media is in the business of affecting how and what people think."
        ]
      },
      {
        "point_number": 2,
        "point_content": "Entertainment media, even fictional shows and commercials, influence audience views and actions at conscious and subconscious levels.",
        "spans": [
          "But that does not stop viewers from internalizing messages and signals at conscious and subconscious levels."
        ]
      },
      {
        "point_number": 3,
        "point_content": "Public health community and industries take the effect of entertainment media on public views and actions very seriously, calling efforts to influence health views through entertainment 'entertainment education'.",
        "spans": [
          "Actually, the effect of that stuff on the audience's views and actions is taken very seriously indeed by the public health community, physicians, the news and advertising industries--and even Hollywood itself.",
          "In the field of public health, the growing efforts to influence the public's health-related views and actions through entertainment media are called \"entertainment education.\""
        ]
      },
      {
        "point_number": 4,
        "point_content": "Entertainment TV dramas reach a wider audience than news and can powerfully shape public impressions of societal institutions through engaging human dramas.",
        "spans": [
          "Certainly TV dramas reach a much wider audience than most news programs. Beyond the size of their audience, some media scholars argue that entertainment TV's impact can be even more powerful than news in subtly shaping the public's impressions of key societal institutions. The messages are more engaging, often playing out in compelling human dramas involving characters the audience cares about."
        ]
      },
      {
        "point_number": 5,
        "point_content": "Hospital dramas educate viewers about health care system, relationships between health professionals, and health policy issues in ways news cannot.",
        "spans": [
          "Hospital dramas provide an opportunity for viewers to learn specifically what goes on at the center of high-intensity medicine. The dramas' fictional presentations open curtains on relationships between doctors and nurses, specialists and generalists. In ways that news reports cannot, they play out various assumptions about how health care ought to be delivered, about what conflicts arise that affect health care, and about how those conflicts should be resolved and why."
        ]
      },
      {
        "point_number": 6,
        "point_content": "Public health organizations increasingly use entertainment media to reach the public with health messages, a strategy known as entertainment education.",
        "spans": [
          "Because of the great influence of entertainment media on people's thoughts and actions,        \"[i]n the United States and around the world, public health organizations are increasingly turning to entertainment media--from soap operas to sitcoms to reality shows--as a way to reach the public with health messages.\" (Id) This growing effort is often called \"entertainment education.\""
        ]
      },
      {
        "point_number": 7,
        "point_content": "Entertainment education incorporates educational messages into popular entertainment to raise awareness, increase knowledge, create favorable attitudes, and motivate socially responsible action.",
        "spans": [
          "Entertainment education is \"a way of informing the public about a social issue or concern\" by \"incorporating an educational message into popular entertainment content in order to raise awareness, increase knowledge, create favorable attitudes, and ultimately motivate people to take socially responsible action in their own lives.\" (Glik p. 2 citing  Singhal & Rogers, \"Entertainment-Education: A Communication Strategy for Social Change\" (pdf) 1999, emphasis added)"
        ]
      },
      {
        "point_number": 8,
        "point_content": "Television is the primary medium for entertainment education in the United States, addressing social and health issues like substance abuse, immunization, teen pregnancy, cancer, and HIV/AIDS.",
        "spans": [
          "\"Television is the primary medium for entertainment education in the United States,\" and recent social and health issues addressed using this strategy include substance abuse, immunization, teen pregnancy, cancer, and HIV/AIDS. (Id.;  see Glik p. 2)"
        ]
      },
      {
        "point_number": 9,
        "point_content": "Entertainment media, including hospital dramas, have a real effect on how the public thinks and acts regarding health care.",
        "spans": [
          "All confirm that although such shows are fiction, they have a real effect on how the public thinks and acts as to health care."
        ]
      },
      {
        "point_number": 10,
        "point_content": "Physicians have historically influenced Hollywood's portrayal of medicine, ensuring doctors are shown in a positive, central role in health care.",
        "spans": [
          "Physicians have always had a symbiotic relationship with Hollywood,\" which \"has been an active partner in the creation of a heroic medical narrative that has shaped Americans' view of health care...and conferred status on medical practitioners and specialists. This narrative places physicians at the center of the health care stage.\""
        ]
      },
      {
        "point_number": 11,
        "point_content": "Medical TV shows influence medical students' attitudes and career choices, showing the media's impact on professional socialization.",
        "spans": [
          "Medical students' reactions to televised medical dramas like 'ER' suggest that they may incorporate the attitudes and beliefs of physicians on television in much the same way they acquire the qualities and behaviors of physicians through their experiences in patient care."
        ]
      },
      {
        "point_number": 12,
        "point_content": "The media's portrayal of professions can affect public perception and real-world outcomes, as seen with the 'CSI effect' influencing jurors and legal outcomes.",
        "spans": [
          "This lengthy piece suggested that \"the CSI effect\" was leading to acquittals in criminal cases because of jurors' unrealistic \"expectation of futuristic hard-science evidence.\""
        ]
      },
      {
        "point_number": 13,
        "point_content": "The media's influence is acknowledged more readily when coming from respected, powerful groups, while some groups like nursing face skepticism about media effects.",
        "spans": [
          "What accounts for this stark difference? Well, there is one obvious factor: those arguing for the \"CSI effect\" are highly respected, powerful attorneys and law enforcement figures, not members of a group that much of the media still views as composed of marginally skilled handmaidens whose work is of little consequence."
        ]
      },
      {
        "point_number": 14,
        "point_content": "The Pentagon funds efforts to depict scientists positively in media to encourage more students to pursue science and engineering careers.",
        "spans": [
          "And what better way to get a lot of young people interested in science than by producing movies and television shows that depict scientists in flattering ways?"
        ]
      },
      {
        "point_number": 15,
        "point_content": "Serial TV shows can be especially influential because viewers become attached to characters and are exposed to much programming.",
        "spans": [
          "It also discusses the growing importance of the international \"entertainment education\" movement, and the extensive public health research on which it is based. It notes that serial television can be especially influential because show viewers are exposed to so much programming and become so attached to the characters."
        ]
      }
    ],
    "clueweb22-en0010-12-15391": [
      {
        "point_number": 1,
        "point_content": "Digital media affects everyday lives in both positive and negative ways, influencing communication, interaction, work, and engagement with the world.",
        "spans": [
          "How does digital media really affect us?",
          "What effect does it have on how we communicate and interact, how we work and engage with the rest of the world?",
          "What we’ve found is that there are as many positive implications and improvements to our everyday lives as there are potentially negative consequences."
        ]
      },
      {
        "point_number": 2,
        "point_content": "Half of digital media users surveyed agreed that digital media use improved their overall quality of life socially and professionally.",
        "spans": [
          "A survey of 5,000 digital media users across five countries paints a positive picture: half of the respondents agreed that their digital media use had improved their overall quality of life – both socially and professionally."
        ]
      },
      {
        "point_number": 3,
        "point_content": "Digital media positively impacts professional development, work ability, collaboration, and relationship building.",
        "spans": [
          "The most positive effects of digital media were found in the work sphere.",
          "Roughly two-thirds of survey respondents said that digital media use had improved their ability to learn and develop professionally. This included their ability to carry out their work, collaborate with colleagues and build relationships."
        ]
      },
      {
        "point_number": 4,
        "point_content": "Digital media enables work across location and time boundaries, offering remote job opportunities and access to global talent.",
        "spans": [
          "New digital technologies offer the opportunity to work across boundaries of location and time, opening up job opportunities for remotely located workers and ensuring access to the best talent, no matter where it is located around the globe."
        ]
      },
      {
        "point_number": 5,
        "point_content": "Online education and professional networks facilitated by digital media support learning and networking.",
        "spans": [
          "Then there’s online education: programmes such as coursera offer online courses from different universities. Professional social networks such as LinkedIn allow for networking, while talent platforms like Upwork help to source the best contingent talent."
        ]
      },
      {
        "point_number": 6,
        "point_content": "Digital media's negative effects are more reported in personal life areas such as memory, attention, relationships, stress, and health.",
        "spans": [
          "According to the survey, the least positive effects were reported in the personal sphere.",
          "While roughly four out of 10 respondents reported positive effects on long-term memory, attention span, the ability to find a partner, stress and health, about one in 10 respondents found those same areas to be negatively affected."
        ]
      },
      {
        "point_number": 7,
        "point_content": "Perceptions of digital media's impact vary by country, with more positive views in emerging markets and more skepticism in developed countries.",
        "spans": [
          "The survey didn’t just throw up differences between people: countries, too, returned varied results.",
          "While perceptions in emerging markets such as China and Brazil were largely positive (in China, two-thirds agree that digital media use has improved their quality of life), opinions in Germany and the United States were less enthusiastic."
        ]
      },
      {
        "point_number": 8,
        "point_content": "Potential downsides of digital media include less physical connection, blurred work-life boundaries, and increased hate speech and defamation.",
        "spans": [
          "Less physical connection, blurring boundaries between work and private lives, and an increase in hate speech and defamation."
        ]
      }
    ],
    "clueweb22-en0016-48-05201": [
      {
        "point_number": 1,
        "point_content": "The influence of media is growing stronger and stronger as time passes, with producers and advertisers competing to catch people’s attention through various media forms.",
        "spans": [
          "the influence of media is growing stronger and stronger as time passes",
          "competition among producers and advertisers gets tougher as they try to come up with new ways to catch people’s attention through their newspapers, magazines, movies, shows, and commercials"
        ]
      },
      {
        "point_number": 2,
        "point_content": "Media can influence people emotionally and behaviorally, as viewers may feel they are part of the movie or program and experience lingering effects that cause behavioral changes.",
        "spans": [
          "Watching movies and programs on the television or our laptop, ipad and other mobile devices as we relax takes us away into this different realm—that is, there are parts in our being that feels we are the ones in the movie and sometimes we even feel what they are feeling as we get caught in the emotional excitement.",
          "The effect of media does not stop when the movie or program ends. And this lingering effect might just be the cause of behavioral changes in people."
        ]
      },
      {
        "point_number": 3,
        "point_content": "Children tend to emulate violent or deceitful acts seen in movies and cartoons, thinking such behavior is acceptable or a way to confront problems.",
        "spans": [
          "With action films, children tend to emulate the movie hero, engaging him to violent acts thinking that it is acceptable because his hero became successful in the end.",
          "With cartoon programs, not everything is good-natured. There are those that show subtle acts of violence and deceitful acts against others (some even more vulgar). In return, children tend to copy the characters and think that deceiving other people is a way to confront their problems."
        ]
      },
      {
        "point_number": 4,
        "point_content": "Some media content attempts to influence social views but can mislead and provoke criticism, sometimes resulting in negative effects.",
        "spans": [
          "There are some television shows and movies that attempt to create an atmosphere to change the view of people towards social issues such as racial discrimination.",
          "These shows provoke criticism and tend to mislead the picture of reality. In the minds of other people, the effect can be for the better, but some unfortunately for the worse."
        ]
      },
      {
        "point_number": 5,
        "point_content": "There are real-life instances where people imitate harmful acts seen in media, such as suicide, arson, and rape.",
        "spans": [
          "There had been instances in the past that teens commit suicide imitating her favorite actress.",
          "There was also a case where somebody set a subway ticket booth on fire because he saw it in his favorite film.",
          "There are rape cases, too, that have been imitated from films and television shows."
        ]
      },
      {
        "point_number": 6,
        "point_content": "Some people cannot distinguish fantasy from reality and act out scenes from media due to psychological reasons.",
        "spans": [
          "An explanation to these sinful acts is that these people could not distinguish fantasy from reality.",
          "They get caught up in the realm of what they had been watching and the images and scenes get embedded in their minds.",
          "What makes these people pull these images and scenes from the recesses of their minds and turn them into reality is a psychological case."
        ]
      },
      {
        "point_number": 7,
        "point_content": "Media is largely responsible for inculcating false notions and morbid imageries, feeding minds with violence and disturbing issues, showing how to do unacceptable and controversial acts.",
        "spans": [
          "the media is largely responsible for inculcating the minds of people with false notions and morbid imageries.",
          "The media even feed the minds of innocent young people with violence and other disturbing issues.",
          "They show people how to do acts that are unacceptable and controversial (and in many cases against the law) to any society."
        ]
      },
      {
        "point_number": 8,
        "point_content": "Media influence can lead to misbehavior and a vicious cycle of individuals imitating or escalating harmful acts.",
        "spans": [
          "These lead to misbehavior against other people, which can create a vicious cycle among individuals as they attempt to do the same or even worse things to others."
        ]
      },
      {
        "point_number": 9,
        "point_content": "The trend is towards increasing media consumption, not away from it, despite the negative influences.",
        "spans": [
          "no one is turning off their televisions, unplugging technology or disconnecting from these influences.",
          "If anything, the trend is heading toward this type of media and not away from it."
        ]
      }
    ]
  }
}