{
  "question": "why crime rate is increasing",
  "key_points": [
    {
      "point_number": 1,
      "point_content": "The pandemic, protests after the death of George Floyd, easing of some COVID-19 lockdowns, economic and health stress, and the impact of COVID-19 on policing all contributed to the historic increase in murder and crime in 2020.",
      "original_point_number": [
        1,
        2,
        3
      ]
    },
    {
      "point_number": 2,
      "point_content": "Police social distancing, deployment to monitor protests reducing neighborhood policing, community concerns about calling police during high tensions, deteriorated community-police relations, and police moving away from proactive policing due to fear of discipline and viral videos contributed to increased violence and crime.",
      "original_point_number": [
        4,
        5,
        6,
        7
      ]
    },
    {
      "point_number": 3,
      "point_content": "Crime in England and Wales increased overall for the year ending March 2018, with some categories like robbery up 30% and knife crime up 16%.",
      "original_point_number": [
        8,
        9
      ]
    },
    {
      "point_number": 4,
      "point_content": "The press blames the move away from authoritarian crime control and soft-touch policies, while The Independent blames Tory police funding cuts for the increase in crime; however, police numbers have been decreasing for years even as crime decreased, so fewer officers may not fully explain the increase.",
      "original_point_number": [
        10,
        11,
        12
      ]
    },
    {
      "point_number": 5,
      "point_content": "Causes of crime vary by area and crime type, so over-generalizing should be avoided.",
      "original_point_number": [
        13
      ]
    },
    {
      "point_number": 6,
      "point_content": "Crime is drastically increasing among youngsters, involving crimes such as rape, gangsterism, bullying, homicide, and more.",
      "original_point_number": [
        14
      ]
    },
    {
      "point_number": 7,
      "point_content": "Lack of parental attention and discipline, peer pressure, media influence, poor education, unemployment, poverty, drug addiction, political motives, religious conflicts, family responsibilities, societal values emphasizing money, deprivation of rights, and an unfair judicial system all contribute to crime.",
      "original_point_number": [
        15,
        16,
        17,
        18,
        19,
        20,
        21,
        22,
        23,
        24,
        25,
        26,
        27,
        28
      ]
    }
  ]
}