{
  "question": "why crime rate is increasing",
  "key_points": {
    "clueweb22-en0003-84-02491": [
      {
        "point_number": 1,
        "point_content": "The pandemic and protests after the death of George Floyd both played a role in 2020's historic increase in murder across the country.",
        "spans": [
          "the pandemic and protests after the death of George Floyd both played a role in 2020's historic increase in murder across the country"
        ]
      },
      {
        "point_number": 2,
        "point_content": "The easing of some COVID-19 lockdowns played a part in the surge of murders last spring and summer.",
        "spans": [
          "The real surge started last spring and summer when murders across America skyrocketed.  Researchers suggest the easing of some COVID-19 lockdowns played a part in that."
        ]
      },
      {
        "point_number": 3,
        "point_content": "The economic and health stress helped fuel the rise in crime, and the COVID-19 impact on policing also contributed.",
        "spans": [
          "The economic and health stress helped fuel the rise, but researchers say the COVID-19 impact on policing may have as well."
        ]
      },
      {
        "point_number": 4,
        "point_content": "Police engaging in social distancing were not able to engage in face-to-face interactions that help reduce crime.",
        "spans": [
          "When police are engaging in social distancing, they're not able to engage in the kind of face-to-face interactions with the public that can help reduce crime"
        ]
      },
      {
        "point_number": 5,
        "point_content": "Police officers were deployed to monitor protests, taking them away from neighborhood policing, and community members were concerned about calling police during high tensions.",
        "spans": [
          "police officers across the country were deployed to monitor protests which took them away from neighborhood policing",
          "community members may also have been concerned about calling police at a time of such high tensions between police and the policed"
        ]
      },
      {
        "point_number": 6,
        "point_content": "The fraught relationship between communities and local police became more difficult, contributing to violence as community members took matters into their own hands.",
        "spans": [
          "the already-somewhat fraught relationship between those communities and the local police department became even more difficult",
          "All of that then could have contributed to the uptick in violence that we saw as community members were moving further away from the police, taking matters into their own hands to settle disputes on their own, and thereby contributing to the violence."
        ]
      },
      {
        "point_number": 7,
        "point_content": "Police officers have moved away from proactive policing out of concern for discipline and fear of being the next viral video.",
        "spans": [
          "No one wants to be the next viral video.",
          "police officers have moved away from pro-active policing - catching criminals before they victimize more people - out of concern for discipline"
        ]
      }
    ],
    "null": [],
    "clueweb22-en0028-64-18207": [
      {
        "point_number": 1,
        "point_content": "The latest crime figures show an increase in the overall number of crimes committed in England and Wales, for the year ending March 2018.",
        "spans": [
          "The latest crime figures show an increase in the overall number of crimes committed in England and Wales, for the year ending March 2018."
        ]
      },
      {
        "point_number": 2,
        "point_content": "Some crime categories have seen dramatic rises in recent years: Robbery is up 30%, and knife crime is up 16%.",
        "spans": [
          "Robbery is up 30%, and knife crime is up 16% for example."
        ]
      },
      {
        "point_number": 3,
        "point_content": "The press blames the move away from more authoritarian forms of crime control and soft-touch policies for the increase in crime.",
        "spans": [
          "Typically the press blames the move away from more authoritarian forms of crime control associated with Right Realism and blames soft-touch Left Realist style policies for the increase in crime."
        ]
      },
      {
        "point_number": 4,
        "point_content": "The Independent commented that the Tories might be to blame for this increase in crime because they have cut funding to the police, resulting in fewer officers.",
        "spans": [
          "The Independent commented that the Tories might be blame for this increase in crime because they have cut funding to the police, resulting in fewer officers."
        ]
      },
      {
        "point_number": 5,
        "point_content": "Police numbers have been going down for years, while crime has also been going down, so fewer police officers may not fully explain the increase in crime.",
        "spans": [
          "For example, police numbers have been going down for years, while crime has also been going down:"
        ]
      },
      {
        "point_number": 6,
        "point_content": "There are different causes of crime in different areas, and different causes of different crimes, so over-generalizing should be avoided.",
        "spans": [
          "The truth is probably more complex: it might just be that there are different causes of crime in different areas, and different causes of different crimes…. so perhaps we should steer clear of over-generalizing!"
        ]
      }
    ],
    "clueweb22-en0008-84-07107": [
      {
        "point_number": 1,
        "point_content": "Crime is drastically increasing among youngsters, involving crimes such as rape, gangsterism, bullying, homicide, and many more.",
        "spans": [
          "Сrіmе,whісh drаstісаllу іnсrеаsіng аmоng уоungstеrs.",
          "Yоung реорlе mаіnlу іnvоlvеd іn сrіmе suсh аs rаре,gаngstеrіsms,bullуіng,hоmісіdе аnd mаnу mоrе."
        ]
      },
      {
        "point_number": 2,
        "point_content": "Parents are the first role models for their children, and lack of parental attention and discipline can lead to youth crime.",
        "spans": [
          "Рrоbаblу,іn еvеrуоnе’s lіfе,раrеnts аrе thе fіrst rоlе mоdеls fоr thеіr сhіldrеn.",
          "Nоwаdауs,раrеnts аrе lіkе mасhіnе wіth nо tіmе tо dо thеіr оwn busіnеss аnd tо sреnd tіmе wіth thеіr сhіldrеns.",
          "Іt suрроsе tо bе,раrеnts whо tеасh dіsсірlіnеs,gооd bеhаvіоurs аnd аttіtudеs tо thе kіds."
        ]
      },
      {
        "point_number": 3,
        "point_content": "Peer pressure is a main cause for children to experience tobacco, drugs, alcohol, and other illegal activities, leading to crime involvement.",
        "spans": [
          "Оthеrwіsе,рееr рrеssurе соuld bе thе mаіn саusе оf thе сhіldrеn tо ехреrіеnсе tоbассо,drugs,аlсоhоl аnd аlsо оthеr іllеgаl асtіvіtіеs.",
          "Сhіldrеns must lеаrn tо sау ‘NО’ tо рrоtесt thеmsеlvеs frоm іnvоlvіng іn thоsе іllеgаl асtіvіtіеs."
        ]
      },
      {
        "point_number": 4,
        "point_content": "Media mass influences can lead to children's violent behaviour by increasing their curiosity of violence and spoiling their behaviour.",
        "spans": [
          "Аddіtіоnаllу, mеdіа mаss іnfluеnсеs саn lеаd tо сhіldrеns’ vіоlеnt bеhаvіоur.",
          "Меdіа mаss vіоlеnсе рrоgrаmmеs іnfluеnсе уоungstеr bу іnсrеаsіng thеіr сurіоsіtу оf vіоlеnсе аnd sроіlt thеіr bеhаvіоur."
        ]
      },
      {
        "point_number": 5,
        "point_content": "Poor educational backgrounds and unemployment lead youths to choose short-term profitable crimes over long-term low salary jobs.",
        "spans": [
          "Аn аmоunt grоuр оf уоuth hаvе а рооr еduсаtіоnаl bасkgrоunds аnd thеіr саrrіеr lіfе соnsіst оf lоw sаlаrу,рооr lіvіng lіfеstуlе аlsо lеss сhаnсеs tо gеt а hіghеr роsіtіоns.",
          "Оbvіоuslу,mаnу оf thеm,wіll сhооsе thе shоrt-tеrm wау,аs thеу аlsо hаvе thаt hоре tо lіvе hіgh-stаndаrd lіfеstуlеs."
        ]
      }
    ],
    "clueweb22-en0043-56-18898": [],
    "clueweb22-en0040-07-14305": [
      {
        "point_number": 1,
        "point_content": "Poverty is a major instigator for crime as economic deprivation leads many people to engage in criminal acts.",
        "spans": [
          "1. Poverty",
          "Economic deprivation is seen as a major instigator in this regard.",
          "In a country where economic deprivation is rampant, it is common for people to engage in criminal acts.",
          "The hunger and poor economic conditions are what leads many people to invest themselves in criminal cases."
        ]
      },
      {
        "point_number": 2,
        "point_content": "Peer pressure compels many young people to commit crimes, especially in schools and colleges.",
        "spans": [
          "2. Peer Pressure",
          "Many young people commit crimes because they see a lot of their peers engaging in such acts.",
          "It is common for high school students and college going students to engage in drugs, weed, marijuana and a lot more.",
          "Therefore peer pressure is another notorious reason for why young people are compelled into joining the bandwagon."
        ]
      },
      {
        "point_number": 3,
        "point_content": "Drug addiction is a significant reason behind many crimes as addicts may do things they shouldn't.",
        "spans": [
          "3. Drugs",
          "Drug addicts are often unable to get rid of addiction as a result of which their life starts getting filled with bad habits.",
          "After research, when the most violent criminals were asked about their crimes, they blamed drugs as the main reason."
        ]
      },
      {
        "point_number": 4,
        "point_content": "Political motives and actions contribute to crime, including hiring mobs and inciting violence.",
        "spans": [
          "4. Politics",
          "The drive to get that seat is what swings many politicians to equip the youths with weapons and perform criminal activities.",
          "In this day and age it is common for politicians to hire mobs and rent people at lower prices to break into a building or start a war-like situation within the country."
        ]
      },
      {
        "point_number": 5,
        "point_content": "Religious conflicts and fanaticism lead to crimes including murder based on sectarian issues.",
        "spans": [
          "5. Religion",
          "In several criminal cases, religious fanatics have been accused of murdering innocent people based on their school of thought."
        ]
      },
      {
        "point_number": 6,
        "point_content": "Family conditions and responsibilities can push individuals to commit crimes to provide for their families.",
        "spans": [
          "6. Family Conditions",
          "If you’re not being able to provide for the entire family as a poor person, at one point in time you will think of walking the negative path to get what your family needs.",
          "Many young people engage in criminal activities for they believe it is their responsibility to take care of family even if it means to commit a felony."
        ]
      },
      {
        "point_number": 7,
        "point_content": "Societal values emphasizing money and comparison can drive people to commit crimes to succeed or keep up.",
        "spans": [
          "7. The Society",
          "We live in a day and age where money is valued more than relationships and a normal standard of life.",
          "Some parents have a bizarre habit of comparing their children with other kids which is why their kids often indulge in criminal activities to make a lot of money.",
          "When people flaunt their wealth in society it is common for less privileged people to feel compelled to earn more."
        ]
      },
      {
        "point_number": 8,
        "point_content": "Unemployment is a major factor leading to crime as frustration and lack of income push people towards criminal acts.",
        "spans": [
          "8. Unemployment",
          "This skyrocketing factor in many countries is often the main reason why so many people commit crimes.",
          "You will be shocked to know more than 30% of people in this world are unemployed."
        ]
      },
      {
        "point_number": 9,
        "point_content": "Deprivation of basic rights and resources causes people to rebel and commit crimes to get their voices heard.",
        "spans": [
          "9. Deprivation",
          "In countries where there is economic deprivation of even the basic rights, it is common for people to rebel and transition into doing notorious activities.",
          "Especially during election campaigns, it is common for angry people to destroy cars, houses and properties to tell the government how cruel they can be if not entitled to their rights."
        ]
      },
      {
        "point_number": 10,
        "point_content": "An unfair judicial system leads to hostility and crime when people feel justice is not served.",
        "spans": [
          "10. Unfair judicial system",
          "People who are not served justice become hostile and often engage in crimes.",
          "Many often kill the members of the winning party when justice is not served to them."
        ]
      }
    ]
  }
}