{
  "question": "why are crude oil prices rising",
  "key_points": {
    "clueweb22-en0035-63-17055": [
      {
        "point_number": 1,
        "point_content": "Positive news on Covid vaccines and decline in U.S. shale production and inventories have initiated the rise in crude oil prices.",
        "spans": [
          "This was initiated by the advent of positive news on the Covid front that the vaccines in development were extremely efficacious, promising an endpoint to the spread of the virus.",
          "This upward trend in crude was boosted by the gradual decline in U.S. shale production and inventories over the same period."
        ]
      },
      {
        "point_number": 2,
        "point_content": "OPEC+ and Saudi Arabia's production cuts have pushed oil prices higher.",
        "spans": [
          "Finally, the move in early January, by OPEC+ to restrain output into mid-2021, and an extra “gift” from Saudi Arabia to remove another 1-million BOPD from the market, provided the impetus for WTI to rise firmly into the $50s."
        ]
      },
      {
        "point_number": 3,
        "point_content": "Demand for oil is expected to return as vaccines increase immunity and business activity resumes.",
        "spans": [
          "As implementation of the vaccines increases the pool of the virus-immune population, business activity will resume creating demand for refined petroleum products."
        ]
      },
      {
        "point_number": 4,
        "point_content": "Political and macro environment in the U.S. will reduce oil supplies due to stricter regulations and focus on renewable fuels.",
        "spans": [
          "The concentration of power over the next couple of years, with Democrats controlling all three branches of government, will make increases in U.S. production very unlikely.",
          "We will see an enhanced and stricter regulatory environment in the coming years.",
          "The U.S. will be put firmly on a path where renewable fuels are increased at the expense of petroleum-based fuels.",
          "The anticipated re-entry of the U.S. into the Paris climate accords will only exacerbate this trend."
        ]
      },
      {
        "point_number": 5,
        "point_content": "OPEC+ is resuming its role as swing producer to push prices higher by balancing supply and demand.",
        "spans": [
          "OPEC+ has surprised the world with its resolve to finally push prices higher.",
          "Saudi Arabia unilaterally chose to withdraw another 1-million BOPD from global markets beyond its OPEC+ commitments.",
          "OPEC+ really has only one mission-providing the maximum return for its members by balancing supply and demand."
        ]
      },
      {
        "point_number": 6,
        "point_content": "Commodity prices, including crude oil, are expected to rise due to inflationary pressures and stimulus measures.",
        "spans": [
          "There is no commodity that is more fundamental to the world economy than crude oil.",
          "Among the things that drive crude oil other than scarcity is the fact it’s priced in dollars, which makes it very susceptible to inflationary pressures.",
          "The dollar index has declined over the last year but has recently seen support with a weeklong trend higher.",
          "A stronger dollar is bullish for oil prices because you get less oil for the dollar which means you need to spend more of them to get the same amount.",
          "There is a price to be paid for the tidal wave of cash distributed thus far, and the further stimulus to come as the Biden administration assumes control of the economy.",
          "Classic monetary theory tells us that part of the price is likely to be inflation.",
          "Commodity prices rose sharply between, 2008-2011 in the face of the stimulus provided in response to the Financial Crisis of 2008.",
          "A rising or sharply rising price environment for commodities is strongly bullish for higher oil prices."
        ]
      }
    ],
    "null": [],
    "clueweb22-en0004-54-18150": [
      {
        "point_number": 1,
        "point_content": "Global oil demand is rapidly recovering back toward pre-pandemic levels due to widespread vaccinations in the largest oil and gas-consuming economies.",
        "spans": [
          "global oil demand is rapidly recovering back toward pre-pandemic levels due to widespread vaccinations in the largest oil and gas-consuming economies (the U.S., China, Europe)"
        ]
      },
      {
        "point_number": 2,
        "point_content": "OPEC+ has kept a tight grip on supply since its historic production cut deal in May 2020 to balance supply with demand and restore petroleum inventories to normal levels.",
        "spans": [
          "OPEC+ has kept a tight grip on supply since it agreed to its historic production cut deal in May 2020",
          "OPEC+’s job has been two-fold over the past 16 months — hold back enough supply to meet demand but not oversaturate the market and make sure that global inventories for both crude oil and refined products drain"
        ]
      },
      {
        "point_number": 3,
        "point_content": "OPEC+ has been successful in supply discipline, causing oil prices to steadily rise since Brent dropped below $20 a barrel in spring 2020.",
        "spans": [
          "OPEC+ has been so successful that oil prices have been steadily rising since Brent dropped below $20 a barrel at the pandemic's peak in the spring of 2020"
        ]
      },
      {
        "point_number": 4,
        "point_content": "OPEC+ is hesitant to add more supply despite prices over $85 a barrel due to concerns about demand, fresh Covid-19 outbreaks, and potential oil surplus in early 2022.",
        "spans": [
          "OPEC+ remains hesitant of adding more supply at this time, even though major consuming nations including the U.S., Japan, and India have urged them to",
          "OPEC+ is not adding more supply despite prices over $85 a barrel",
          "it remains wary about demand in the coming months and 2022",
          "It remains concerned about fresh Covid-19 outbreaks",
          "Adding more supply over the 400,000 barrels per month could result in an oil surplus forming in early 2022"
        ]
      },
      {
        "point_number": 5,
        "point_content": "The recent surge in Brent prices to over $85 has been caused by the global spike in natural gas prices, which could boost oil demand this winter.",
        "spans": [
          "the recent surge in Brent prices to over $85 has been caused by the global spike in natural gas prices",
          "some power generators with the capability to switch from expensive gas as feedstock will switch to oil products this winter, which could boost oil demand by 400,000 barrels a day to 1 million barrels a day"
        ]
      },
      {
        "point_number": 6,
        "point_content": "U.S. oil production is rising but remains below pre-pandemic levels due to investor demands for higher financial returns and ESG concerns.",
        "spans": [
          "U.S. production is rising and will continue through the end of 2022, it remains well below pre-pandemic levels of 13 million barrels a day",
          "It’s mainly investor demands for higher financial returns",
          "ESG (environmental, social, and governance) concerns have also weighed — and are building as the Biden administration unleashes its climate plan"
        ]
      },
      {
        "point_number": 7,
        "point_content": "Oil futures markets are in backwardation, meaning investors expect lower prices in the future, making it riskier to increase investments in new drilling and fracking.",
        "spans": [
          "oil futures markets are in “backwardation” — a market structure where prices months and years down the line are lower than current prices",
          "That means investors are expecting lower prices in the future, which means $85 oil may not last, making it riskier to increase investments in new drilling and fracking"
        ]
      }
    ],
    "clueweb22-en0016-66-09676": [
      {
        "point_number": 1,
        "point_content": "Oil prices have risen due to more vaccinated populations being brought out of coronavirus lockdowns, supporting a revival in economic activity.",
        "spans": [
          "Prices have risen as more vaccinated populations are brought out of coronavirus lockdowns, supporting a revival in economic activity."
        ]
      },
      {
        "point_number": 2,
        "point_content": "Global commodity prices, including coal and gas used for power generation, have surged, making oil an attractive commodity for power generation and increasing demand.",
        "spans": [
          "At the same time, from Asia to Europe, the global commodity prices, including those used as fuel for power generation such as coal and gas, have also surged.",
          "This makes oil an attractive commodity for generating power and keep the economic activity steady, and thus the higher demand is pushing crude markets higher."
        ]
      },
      {
        "point_number": 3,
        "point_content": "Crude oil prices rallied due to strong fundamentals on higher demand with global power shortage and lower supply worries, and substitute demand from gas and coal consumers over rising prices.",
        "spans": [
          "Crude oil rallied to seven years high on strong fundamentals on higher demand with global power shortage and lower supply worries.",
          "Crude oil prices rallied on substitute demand from gas and coal consumers over rising prices,"
        ]
      },
      {
        "point_number": 4,
        "point_content": "The recent surge in natural gas and coal prices globally has increased demand for crude oil to meet power demand.",
        "spans": [
          "The recent surge in natural gas and coal prices globally has increased demand for crude oil to meet power demand."
        ]
      },
      {
        "point_number": 5,
        "point_content": "Major oil producers remain firm on restrained supplies despite rising demand, contributing to the price increase.",
        "spans": [
          "An energy crisis is gripping major economies with no sign of easing even as major oil producers remain firm on restrained supplies."
        ]
      },
      {
        "point_number": 6,
        "point_content": "OPEC+ decided to maintain a steady and gradual increase in output, but the increase is unlikely to meet the rising demand in industrial economies.",
        "spans": [
          "To meet the demand in the market, the OPEC and allies, together known as OPEC+, last week decided to maintain a steady and gradual increase in output.",
          "While the OPEC+ have pledged to return more withheld supplies to market, the increase is unlikely to meet the rising demand in the industrial economies, especially with winter months ahead."
        ]
      }
    ],
    "clueweb22-en0025-14-04284": [
      {
        "point_number": 1,
        "point_content": "Demand fell and prices fell during the coronavirus lockdown, but now that the world economy is getting back to normal the demand is rising and supply cannot keep up.",
        "spans": [
          "Demand fell and prices fell during the coronavirus lockdown, but now that the world economy is getting back to normal the demand is rising and supply cannot keep up."
        ]
      },
      {
        "point_number": 2,
        "point_content": "Economies around the world are back up and running and looking to make up for lost time, thereby increasing demand.",
        "spans": [
          "Economies around the world are back up and running and looking to make up for lost time, thereby increasing demand."
        ]
      },
      {
        "point_number": 3,
        "point_content": "Hurricanes Ida and Nicholas damaged US oil infrastructure in the Gulf of Mexico.",
        "spans": [
          "Hurricanes Ida and Nicholas damaged US oil infrastructure in the Gulf of Mexico."
        ]
      },
      {
        "point_number": 4,
        "point_content": "Coal shortages in Asia have seen countries on that continent use more oil than they used to.",
        "spans": [
          "Coal shortages in Asia have seen countries on that continent use more oil than they used to."
        ]
      },
      {
        "point_number": 5,
        "point_content": "A surge in natural gas prices has increased demand for oil.",
        "spans": [
          "A surge in natural gas prices has increased demand for oil."
        ]
      },
      {
        "point_number": 6,
        "point_content": "The recent surge in natural gas and coal prices globally has increased demand for crude oil to meet power demand.",
        "spans": [
          "The recent surge in natural gas and coal prices globally has increased demand for crude oil to meet power demand."
        ]
      }
    ],
    "clueweb22-en0026-46-05803": [
      {
        "point_number": 1,
        "point_content": "The price of Brent crude oil has been rising steadily since hitting a low of USD 16 per barrel on April 22, 2020, and has now crossed the USD 80-per-barrel mark.",
        "spans": [
          "From hitting as low as USD 16 per barrel on April 22, 2020, the price of Brent crude oil has been rising steadily ever since and has now crossed the USD 80-per-barrel mark."
        ]
      },
      {
        "point_number": 2,
        "point_content": "Global demand for crude oil has increased in 2021 as the world economy recovers from COVID-19, resulting in a sharp rise in prices.",
        "spans": [
          "As the world economy recovers from COVID-19, global demand for crude oil has increased in 2021 resulting in a sharp rise in prices."
        ]
      },
      {
        "point_number": 3,
        "point_content": "Supply restrictions maintained by the OPEC+ grouping nations due to the pandemic have led to slow production increases, causing a rise in oil and gas prices.",
        "spans": [
          "Another reason for a sharp increase in international oil prices is the supply restrictions maintained by the OPEC+ grouping nations.",
          "Due to the pandemic, these oil-producing economies continue with slow production increases leading to a rise in oil and gas prices."
        ]
      },
      {
        "point_number": 4,
        "point_content": "There is a shortage of gas in Europe and Asia, boosting the demand for oil for power generation.",
        "spans": [
          "There is a shortage of gas in Europe and Asia at present which has boosted the demand for oil for power generation."
        ]
      }
    ]
  }
}