{
  "question": "why are chemical weapons banned",
  "key_points": {
    "clueweb22-en0009-21-16009": [
      {
        "point_number": 1,
        "point_content": "Chemical weapons are banned because they are morally hideous and because they don't work effectively as military weapons.",
        "spans": [
          "Yes, it’s because they’re morally hideous. But it’s also because they don’t work."
        ]
      },
      {
        "point_number": 2,
        "point_content": "Chemical weapons cause horrific effects and mass terror, leading to widespread condemnation and international bans.",
        "spans": [
          "The effects of the attack were horrific, causing “a burning sensation in the head, red-hot needles in the lungs, the throat seized as by a strangler,” as one soldier later described it.",
          "The pictures of the victims, caught in the throes of their final moments, shocked the world.",
          "The use of gas had enormous psychological consequences, adding a touch of barbarity to the already barbarous butchery.",
          "The world’s militaries are loath to ban weapons that kill effectively, while acceding to bans of weapons that they don’t need.",
          "The result is that poison gas, chemical weapons, should be classed not as a weapon of war, but as a weapon of mass terror."
        ]
      },
      {
        "point_number": 3,
        "point_content": "Chemical weapons were banned internationally by the 1925 Geneva Protocol and later by the 1993 Chemical Weapons Convention due to their horrific nature and the international community's reaction to their use.",
        "spans": [
          "In 1925, the Geneva Protocol prohibited the “Use in War of Asphyxiating, Poisonous or other Gases, and of Bacteriological Methods of Warfare.”",
          "That judgment was confirmed by the 1993 adoption of the Chemical Weapons Convention, signed by the U.S., Russia, China, India — and agreed to by Syria’s Bashar al-Assad under international pressure after the Ghouta attack of 2013."
        ]
      },
      {
        "point_number": 4,
        "point_content": "Chemical weapons are militarily ineffective and difficult to control, which contributed to their ban.",
        "spans": [
          "One answer is that while gas attacks are terrifying, the weapon has proved to be militarily ineffective.",
          "The weapon also proved difficult to control.",
          "It is a fickle weapon that can be turned on the attacker,” says retired Army Col. Paul Hughes, who served as a senior staff officer at the Pentagon’s Office of Reconstruction and Humanitarian Assistance. “So it was easy to negotiate its ban because it wasn’t as effective as conventional artillery."
        ]
      }
    ],
    "null": [],
    "clueweb22-en0023-73-13965": [
      {
        "point_number": 1,
        "point_content": "The Chemical Weapons Convention prohibits the large-scale use, development, production, stockpiling and transfer of chemical weapons and their precursors, except for very limited purposes.",
        "spans": [
          "The treaty entered into force on 29 April 1997, and prohibits the large-scale use, development, production, stockpiling and transfer of chemical weapons and their precursors, except for very limited purposes (research, medical, pharmaceutical or protective)."
        ]
      },
      {
        "point_number": 2,
        "point_content": "The main obligation of member states under the convention is to effect this prohibition, as well as the destruction of all current chemical weapons.",
        "spans": [
          "The main obligation of member states under the convention is to effect this prohibition, as well as the destruction of all current chemical weapons."
        ]
      },
      {
        "point_number": 3,
        "point_content": "The Chemical Weapons Convention defines toxic chemicals as any chemical which through its chemical action on life processes can cause death, temporary incapacitation or permanent harm to humans or animals, and the use of any toxic chemical as a weapon is forbidden by the treaty.",
        "spans": [
          "the convention defines toxic chemicals as \"[a]ny chemical which through its chemical action on life processes can cause death, temporary incapacitation or permanent harm to humans or animals. This includes all such chemicals, regardless of their origin or of their method of production, and regardless of whether they are produced in facilities, in munitions or elsewhere.\"",
          "the use of any toxic chemical as a weapon (when used to produce fatalities solely or mainly through its toxic action) is in-and-of itself forbidden by the treaty."
        ]
      },
      {
        "point_number": 4,
        "point_content": "The Chemical Weapons Convention augments the Geneva Protocol of 1925, which bans the use but not the development or possession of chemical and biological weapons.",
        "spans": [
          "The CWC augments the Geneva Protocol of 1925, which bans the use but not the development or possession of chemical and biological weapons."
        ]
      },
      {
        "point_number": 5,
        "point_content": "The 2013 Nobel Peace Prize was awarded to the OPCW because it had, with the Chemical Weapons Convention, defined the use of chemical weapons as a taboo under international law.",
        "spans": [
          "The 2013 Nobel Peace Prize was awarded to the organization because it had, with the Chemical Weapons Convention, \"defined the use of chemical weapons as a taboo under international law\" according to Thorbjørn Jagland, Chairman of the Norwegian Nobel Committee."
        ]
      }
    ],
    "clueweb22-en0043-38-17736": [
      {
        "point_number": 1,
        "point_content": "Poison gas weapons were forbidden by the laws of war in the nineteenth century because they were considered inhumane and to aggravate the sufferings of disabled men or render their death inevitable.",
        "spans": [
          "Poison gas weapons were forbidden by the laws of war in the nineteenth century",
          "the Hague Declaration of 1899 required that nations “abstain from the use of projectiles the object of which is the diffusion of asphyxiating or deleterious gasses.”",
          "it referenced the terms of the 1868 St. Petersburg Declaration which acknowledged “the technical limits at which the necessities of war ought to yield to the requirements of humanity,” and denounced “the employment of arms which uselessly aggravate the sufferings of disabled men, or render their death inevitable.”"
        ]
      },
      {
        "point_number": 2,
        "point_content": "The use of poison gas in WWI was widely denounced as a moral violation and inhumane, reinforcing the idea that chemical weapons were barbaric.",
        "spans": [
          "The attack was devastating, and the other nations of World War I denounced the moral violation that it represented",
          "U.S. propagandists likewise characterized Germany’s use of poison gas as inhumane.",
          "the notion that Germany’s use of gas was shameful reinforced the idea that poison gas weapons were barbaric"
        ]
      },
      {
        "point_number": 3,
        "point_content": "First hand experiences with poison gas in WWI led many soldiers to support banning chemical weapons due to the suffering caused and potential harm to civilians.",
        "spans": [
          "First hand experiences with the widespread use of poison gas during World War I caused many soldiers to support an end to chemical warfare once the war was over",
          "They opposed the future use of chemical weapons not only because of the suffering that gas warfare had caused fellow soldiers, but also because of its potential to harm innocent civilians."
        ]
      },
      {
        "point_number": 4,
        "point_content": "John J. Pershing urged ratification of the Geneva Protocol to outlaw poison gas weapons, citing the risk of poisoning whole populations of noncombatants.",
        "spans": [
          "In 1925 John J. Pershing, commander of the American Expeditionary Force in France, wrote a letter to the Senate urging that they ratify the Geneva Protocol, a treaty that outlawed poison gas weapons.",
          "“To sanction the use of gas in any form would be to open the way for the use of the most deadly gasses and the possible poisoning of whole populations of noncombatant men, women, and children,” Pershing wrote"
        ]
      },
      {
        "point_number": 5,
        "point_content": "Despite opposition, some military experts argued chemical weapons were not more horrible than conventional weapons and tried to change public opinion.",
        "spans": [
          "Chief of the U.S. Army Chemical Warfare Service Amos A. Fries wrote in 1919 that “there is a popular notion that gas warfare is the most horrible method of warfare ever invented, and that it will be abolished because it is so horrible. And yet it is not horrible.”",
          "Fries and other chemical warfare experts in the United States believed that the war had proven that the suffering experienced by the victims of chemical warfare was not quantifiably worse than that experienced by the victims of more conventional weapons.",
          "They orchestrated a public relations campaign in an attempt to change public opinion on the subject after World War I"
        ]
      },
      {
        "point_number": 6,
        "point_content": "Public rejection of chemical weapons is seen as emotional and contradictory given acceptance of other brutal methods of warfare.",
        "spans": [
          "Fries and others like him viewed the popular rejection of chemical weapons as an illogical, emotional reaction against the suffering poison gas was perceived to have caused soldiers and civilians during the war.",
          "The commander of the U.S. 1st Gas Regiment during World War I, Earl J. Atkisson, described this contradiction in 1925.",
          "“war is abhorrent to the individual, yet he accepts blowing men to pieces with high explosive, mowing men down with machine guns, and even sinking a battleship in mid-ocean with its thousand or fifteen hundred men being carried to certain death... However, to burn the skin of a man outrages all his civilized instincts.”"
        ]
      },
      {
        "point_number": 7,
        "point_content": "International agreements continue to prohibit chemical weapons on humanitarian grounds due to the belief that casualties caused by gas are more barbaric.",
        "spans": [
          "the belief persisted that casualties caused by gas were somehow more barbaric than those caused by bullets or other weapons of war, and the nations of the world continued to craft international agreements prohibiting chemical weapons on humanitarian grounds."
        ]
      }
    ],
    "clueweb22-en0013-18-08026": [
      {
        "point_number": 1,
        "point_content": "Chemical weapons are banned by the Chemical Weapons Convention (CWC), which features a total ban on chemical weapons and a total dismantling of their stockpiles.",
        "spans": [
          "a total ban on chemical weapons, and a total dismantling of their stockpiles"
        ]
      },
      {
        "point_number": 2,
        "point_content": "Negotiations for banning chemical weapons were driven by political and diplomatic convergence after the Cold War, leading to the CWC adoption in 1992 and enforcement in 1997.",
        "spans": [
          "Negotiations to secure a multilateral chemical disarmament treaty began in the early 1960s at the United Nations.",
          "Real progress did not take place until the period 1986–91, when relations between the Soviet Union and the United States improved after the rise to power of Soviet leader Mikhail Gorbachev.",
          "The United Nations Conference on Disarmament adopted the Chemical Weapons Convention (CWC) on September 3, 1992, and the treaty was opened to signature by all states on January 13, 1993.",
          "The CWC entered into force on April 29, 1997"
        ]
      },
      {
        "point_number": 3,
        "point_content": "The CWC bans chemical weapons because of their destructive nature and the desire to eliminate huge stocks of chemical weapons held by major powers.",
        "spans": [
          "The Chemical Weapons Convention has resulted in the elimination of huge stocks of chemical weapons once held by the principal adversaries of the Cold War"
        ]
      },
      {
        "point_number": 4,
        "point_content": "Chemical weapons are banned because they are lethal weapons that can cause mass casualties and are used for terror, regime survival, and to deter rivals.",
        "spans": [
          "Regimes seek to acquire chemical weapons for a number of reasons.",
          "First, they may decide that having such lethal weapons will allow them to “level the playing field” against an adversary with a stronger conventional military force.",
          "Second, they may wish to deter attacks by rivals, holding them at bay with the threat of a chemical weapons strike in retaliation.",
          "Third, chemical weapons, like other mass-casualty weapons such as nuclear and biological arms, may be designed for regime survival in the event that a country is losing a conventional conflict.",
          "Fourth, chemicals can be used as terror weapons to lower enemy morale and weaken support for the rival’s war effort.",
          "Finally, chemical weapons can be used against unprotected rebellious groups inside a country"
        ]
      }
    ]
  }
}