{
  "question": "how does social media affect your sleep",
  "key_points": {
    "clueweb22-en0023-10-11251": [
      {
        "point_number": 1,
        "point_content": "Looking at phone screens before bed emits blue light which suppresses melatonin production, delaying sleep.",
        "spans": [
          "Mobiles emit mostly blue light, and these wavelengths are particularly good at keeping us productive and focussed, so perfectly suited for daytime phone usage.",
          "The blue light emitted by mobile phones affects your melatonin levels more than any other wavelength does. It signals to your brain that it’s daylight, melatonin production is suppressed and sleep becomes delayed."
        ]
      },
      {
        "point_number": 2,
        "point_content": "Using social media before bed causes cognitive arousal, keeping the brain active and alert, which delays sleep.",
        "spans": [
          "Without melatonin signalling to us that we are sleepy, we remain awake and alert, in a state of ‘cognitive arousal’.",
          "When you go to bed, your brain is preparing for sleep, but by looking at social media, you’re providing endless stimulation, signalling to your brain and body to remain active and keep engaged."
        ]
      },
      {
        "point_number": 3,
        "point_content": "The type of social media content affects sleep differently; emotionally, socially, and cognitively engaging content has more impact on sleep.",
        "spans": [
          "How it affects you emotionally (for example, after viewing a sad video), socially (a group chat on WhatsApp) and cognitively (reading content that gets you thinking) are all very important in determining the knock-on effects it has on sleep.",
          "Passively scrolling through a newsfeed before turning off is less engaging and will affect your sleep less than getting involved in a heated debate on twitter.",
          "Similarly, photo-sharing platforms (generally more passive participation) will have less impact on sleep than those which actively engage their users to respond, such as messaging sites."
        ]
      },
      {
        "point_number": 4,
        "point_content": "Social media use before bed delays bedtime and reduces total sleep time, leading to feeling unrefreshed.",
        "spans": [
          "When we finally put down our phones, it also takes us longer to fall asleep, the quality of sleep is reduced and you wake up feeling sleepy and unrefreshed.",
          "Your bedtime has been displaced and additionally, you’ve lost some valuable sleep time, so your sleep duration will generally be shorter."
        ]
      },
      {
        "point_number": 5,
        "point_content": "Fear of missing out (FOMO) drives social media use at night, which compromises sleep and can increase anxiety and depression risk.",
        "spans": [
          "In teenagers, the fear of missing out (FOMO) and social disapproval are driving forces in the use of social media at night time.",
          "Or, you stay online and your sleep is compromised, you’re setting yourself up for anxiety, poor focus and increased risk of depression."
        ]
      },
      {
        "point_number": 6,
        "point_content": "Notifications and alerts during sleep cause disturbances and fragmented sleep.",
        "spans": [
          "Message alerts, notifications, texts, updates…",
          "In our eagerness to appear always available and connected, many of us further jeopardise our sleep by keeping our phone within grasp, on vibrate or unmuted.",
          "Plus, once sleep has been disturbed by an alert, we often remain awake thinking about and anticipating further beeps and pings, which leads to fragmented sleep."
        ]
      },
      {
        "point_number": 7,
        "point_content": "Using social media during insomnia can create a vicious cycle of alertness and inability to sleep.",
        "spans": [
          "It’s an easy distraction from whatever is keeping you from sleeping, but then you find you can’t disengage, so you keep scrolling, you become more alert, so you can’t sleep. It’s a vicious cycle."
        ]
      },
      {
        "point_number": 8,
        "point_content": "Reducing social media use before bed and keeping phones out of the bedroom can improve sleep quality.",
        "spans": [
          "Reducing exposure to social media can help you to disconnect and may improve your sleep quality.",
          "Ideally, aim to wind-down your usage in the 2 hours before bedtime, but at a minimum, at least 30 minutes before bed.",
          "If possible, keep your phone out of your bedroom at night!"
        ]
      }
    ],
    "clueweb22-en0000-42-13465": [
      {
        "point_number": 1,
        "point_content": "Excessive use of social media close to bedtime can reduce sleep quality and increase the risk of a multitude of sleep issues.",
        "spans": [
          "Excessive use of social media close to bedtime can reduce sleep quality and increase the risk of a multitude of sleep issues."
        ]
      },
      {
        "point_number": 2,
        "point_content": "Nighttime use of electronics can affect sleep through the stimulating-effects of light from digital screens, especially blue light which impacts circadian rhythms and makes us feel alert.",
        "spans": [
          "nighttime use of electronics can affect sleep through the stimulating-effects of light from digital screens.",
          "the blue light emitted from electronic screens has the greatest impact on sleep",
          "Blue light stimulates parts of the brain that makes us feel alert"
        ]
      },
      {
        "point_number": 3,
        "point_content": "Waking up to check phone during the night increases risk of losing sleep and developing sleep disorders like insomnia.",
        "spans": [
          "Approximately 21% of adults say that they wake up to check their phone during the night, leaving them at an even higher risk of losing sleep and developing a sleep disorder like insomnia."
        ]
      },
      {
        "point_number": 4,
        "point_content": "A large percentage of people use social media after getting into bed, with some spending an hour or more each night, contributing to sleep issues.",
        "spans": [
          "70% of people report using social media after getting into bed",
          "almost 15% spending an hour or more doing so each night."
        ]
      },
      {
        "point_number": 5,
        "point_content": "Fear of Missing Out (FOMO) leads to excessive social media use before bed, contributing significantly to sleep problems.",
        "spans": [
          "One reason for the excessive use of social media before bed is the fear of missing out, commonly referred to as FOMO.",
          "People who experience more FOMO are more likely to check their social media within 15 minutes of trying to sleep",
          "significantly contributing to sleep issues."
        ]
      },
      {
        "point_number": 6,
        "point_content": "In adolescents, more time spent on screen-based activities including social media is linked to trouble falling asleep, less sleep, and increased symptoms of insomnia and depression.",
        "spans": [
          "the more time adolescents spent on screen-based activities (like social media, web surfing, watching TV, and gaming), the more trouble they had falling asleep and the less sleep they got during the night.",
          "These sleep issues were then linked with increased symptoms of insomnia and depression."
        ]
      }
    ],
    "clueweb22-en0039-57-10332": [
      {
        "point_number": 1,
        "point_content": "Social media usage impacts sleep and is correlated with sleep disruption.",
        "spans": [
          "Researchers who study our social media usage and its effects agree that it impacts sleep. But they can only tell us there is a correlation between social media usage and sleep."
        ]
      },
      {
        "point_number": 2,
        "point_content": "Using social media later than your body's natural sleep time causes direct sleep displacement.",
        "spans": [
          "Obviously, your sleep patterns will be disrupted if you're chatting, posting, or tweeting later than when your body tells you it needs to shut down for the day. This is called “direct sleep displacement.\""
        ]
      },
      {
        "point_number": 3,
        "point_content": "Social media use is tied to increased risk for depression and anxiety, which contribute to insomnia.",
        "spans": [
          "On an emotional level, multiple studies have tied social media use to increased risk for depression and anxiety—two of the biggest contributors to insomnia."
        ]
      },
      {
        "point_number": 4,
        "point_content": "Blue light from devices disrupts sleep by delaying the body's natural circadian rhythms.",
        "spans": [
          "If worry isn't keeping you awake, the blue light from the smartphones and other devices we use to access social media will disrupt sleep by delaying the body's natural circadian rhythms that are so acutely tied to light and darkness."
        ]
      },
      {
        "point_number": 5,
        "point_content": "Blue light on phones mimics daylight and signals the brain that it is not yet time to sleep.",
        "spans": [
          "“The blue light on our phones mimics daylight and sends signals to the brain that the time to sleep has not yet arrived,\" says Sanam Hafeez, PsyD, Columbia University neuropsychologist."
        ]
      },
      {
        "point_number": 6,
        "point_content": "Social media's interactive nature tends to stimulate and promote arousal rather than relaxation, postponing sleep.",
        "spans": [
          "because its uniquely interactive nature means it tends to stimulate and promote arousal rather than relaxation. “Psychologically,\" says Hafeez, “social media can keep you preoccupied to the point where sleep begins to get postponed as you keep interacting with your feed.\""
        ]
      },
      {
        "point_number": 7,
        "point_content": "Nighttime social media use, especially within 30 minutes before bed, has the biggest negative impact on sleep.",
        "spans": [
          "Nighttime use—especially close to bedtime—has the biggest negative impact on sleep.",
          "A study of 1,763 young American adults aged 19-32 years found that those who checked their social media within the 30 minutes before they go to bed were more than one and a half times more likely to experience disturbed sleep than those who used it earlier in the day."
        ]
      },
      {
        "point_number": 8,
        "point_content": "More social media use is associated with more likelihood of poor sleep.",
        "spans": [
          "The more you use social media, the more likely you are to have poor sleep because both the overall time and frequency of use have been tied to sleep problems."
        ]
      }
    ],
    "null": [],
    "clueweb22-en0025-31-00039": [
      {
        "point_number": 1,
        "point_content": "More social media usage was tied to poorer sleep patterns, such as delayed sleep and wake times and trouble falling back asleep after waking up in the night.",
        "spans": [
          "More social media usage was tied to poorer sleep patterns, such as delayed sleep and wake times and trouble falling back asleep after waking up in the night."
        ]
      },
      {
        "point_number": 2,
        "point_content": "Higher volume and frequency of social media use was tied to increased odds of sleep disturbances.",
        "spans": [
          "Higher volume and frequency of social media use was tied to increased odds of sleep disturbances."
        ]
      },
      {
        "point_number": 3,
        "point_content": "Frequently tweeting late on a weekday night was tied to lower sleep quality.",
        "spans": [
          "Frequently tweeting late on a weekday night was tied to lower sleep quality"
        ]
      },
      {
        "point_number": 4,
        "point_content": "Adults who checked social media 30 minutes before bed were more likely to experience sleep disturbances.",
        "spans": [
          "adults who checked social media 30 minutes before bed were more likely to experience sleep disturbances."
        ]
      },
      {
        "point_number": 5,
        "point_content": "Too much blue light exposure from electronics keeps you awake by suppressing melatonin, a hormone that helps us fall asleep.",
        "spans": [
          "Too Much Blue Light Keeps You Awake",
          "The simplest explanation for how social media can keep you up is too much blue light exposure.",
          "Blue wavelengths boost our attention and reaction times, keeping us awake.",
          "Any kind of light can suppress the release of melatonin, a hormone that helps us fall asleep.",
          "However, blue light is most effective at suppressing melatonin."
        ]
      },
      {
        "point_number": 6,
        "point_content": "Sign off your devices two to three hours before bedtime or use blue light filtering glasses or Nighttime Mode to reduce blue light exposure.",
        "spans": [
          "For best results, sign off your devices two to three hours before bedtime.",
          "If you can’t avoid using electronic devices before bed, consider a pair of glasses that filter out blue light.",
          "You can also check if there’s a “Nighttime Mode” that will replace your screen’s blue light with more soothing yellow hues."
        ]
      },
      {
        "point_number": 7,
        "point_content": "Social media use can cause a release of dopamine, reinforcing the habit and desire to check social media frequently, which can disrupt sleep.",
        "spans": [
          "Our brains rely on dopamine, a “feel-good” chemical, to motivate behavior and turn it into a habit.",
          "Dopamine helps to reinforce specific behavior patterns.",
          "Social media is full of positive and negative social interactions, the former of which can cause a release of dopamine.",
          "This leaves us desiring likes and reblogs for the sense of reward they bring us.",
          "Some platforms even recognize this and work to increase your feeling of reward, sending out all sorts of notifications so you’ll check for updates."
        ]
      },
      {
        "point_number": 8,
        "point_content": "Too much social media use, especially at night, is linked to poorer sleep quality, anxiety, and depression.",
        "spans": [
          "Those who used it more, whether overall or at night, didn’t sleep as well and had lower self-esteem and higher levels of anxiety and depression than those who used it in moderation.",
          "Social media use was associated with higher depression levels.",
          "More time spent on social media was linked to greater levels of anxiety."
        ]
      },
      {
        "point_number": 9,
        "point_content": "Pressure to gain social media attention and comparison to others can cause anxiety, depression, and low self-esteem, affecting sleep.",
        "spans": [
          "Many social media users feel pressured to establish themselves as important.",
          "Therefore, a lack of social media attention can cause people to feel unpopular or disliked, particularly if they’re already feeling lonely or anxious.",
          "There’s also the perception that even if you’re successful on social media, just one wrong comment can cause you to fall out of favor or even be harassed and shunned.",
          "Many people compare themselves to others and feel self-conscious about their bodies, leading to low self-esteem or eating disorders."
        ]
      },
      {
        "point_number": 10,
        "point_content": "Limiting social media use to 30 minutes a day is recommended to reduce negative effects on sleep and mental health.",
        "spans": [
          "A 2018 study recommends limiting yourself to 30 minutes of social media use a day."
        ]
      },
      {
        "point_number": 11,
        "point_content": "Creating a bedtime routine without electronics and keeping devices out of the bedroom helps minimize blue light exposure and improve sleep.",
        "spans": [
          "It can be hard to cut down on your social media time before bed, but it’s necessary to minimize blue light exposure so you can get a good night’s rest.",
          "Instead, try a bedtime routine without electronics and focus on relaxing.",
          "If you can, don’t just log off of social media at least an hour or two before bedtime, but keep all electronic devices out of your bedroom."
        ]
      },
      {
        "point_number": 12,
        "point_content": "If unable to sleep, avoid checking social media as blue light will wake you up more; instead, do a soothing activity until sleepy.",
        "spans": [
          "If you find sleep eluding you for more than 20 or 30 minutes after you lie down on your mattress, it’s important to stifle any urge to reach for an electronic device and check social media.",
          "The blue light will only wake you up more instead of relaxing you.",
          "Instead, get out of bed and try a soothing activity."
        ]
      }
    ],
    "clueweb22-en0021-76-10635": [
      {
        "point_number": 1,
        "point_content": "Teenagers using social media for more than three hours a day are more likely to go to bed after 23:00 and wake during the night.",
        "spans": [
          "Teenagers using social media for more than three hours a day are more likely to go to bed after 23:00 and wake during the night"
        ]
      },
      {
        "point_number": 2,
        "point_content": "Teenagers who were very high social-media users (five hours or more per day) were around 70% more likely than average users (one to three hours) to fall asleep late on school nights and after midnight on other days.",
        "spans": [
          "Teenagers who were very high social-media users (five hours or more per day) were around 70% more likely than average users (one to three hours) to fall asleep late on school nights and after midnight on other days"
        ]
      },
      {
        "point_number": 3,
        "point_content": "The study adds weight to the theory that time spent by teenagers on social media is reducing the time they spend sleeping - and lack of sleep can have an impact on mental health, weight and performance at school.",
        "spans": [
          "The study adds weight to the theory that time spent by teenagers on social media is reducing the time they spend sleeping - and lack of sleep can have an impact on mental health, weight and performance at school"
        ]
      },
      {
        "point_number": 4,
        "point_content": "Sleep is already in short supply at this age due to hormone changes making many teenagers want to go to sleep later and wake up later.",
        "spans": [
          "Sleep is already in short supply at this age due to hormone changes making many teenagers want to go to sleep later and wake up later"
        ]
      },
      {
        "point_number": 5,
        "point_content": "Psychiatrists say screens should be avoided in the hour before bed.",
        "spans": [
          "Psychiatrists say screens should be avoided in the hour before bed"
        ]
      },
      {
        "point_number": 6,
        "point_content": "Dr Max Davie said good quality sleep was vital for children and young people and recommended that young people stay off all screens for at least an hour before bed so their brains have time to wind down.",
        "spans": [
          "We recommend that young people stay off all screens for at least an hour before bed so their brains have time to wind down"
        ]
      },
      {
        "point_number": 7,
        "point_content": "Dr Holly Scott said teenagers may be lying awake because they are not ready to fall asleep and then struggling to disengage from social media because they don't want to miss out.",
        "spans": [
          "Teenagers may be lying awake because they are not ready to fall asleep and then struggling to disengage from social media because they don't want to miss out"
        ]
      }
    ]
  }
}