{
  "question": "how does social media affect your sleep",
  "key_points": [
    {
      "point_number": 1,
      "point_content": "Blue light emitted from phone screens and other electronic devices before bed suppresses melatonin production, delays the body's natural circadian rhythms, mimics daylight signaling the brain that it is not yet time to sleep, and keeps people awake, thereby delaying sleep and affecting sleep quality.",
      "original_point_number": [
        1,
        10,
        18,
        19,
        27
      ]
    },
    {
      "point_number": 2,
      "point_content": "Using social media before bed causes cognitive arousal and brain stimulation due to its interactive nature, keeping the brain active and alert, which delays sleep and postpones sleep onset.",
      "original_point_number": [
        2,
        20
      ]
    },
    {
      "point_number": 3,
      "point_content": "The type of social media content affects sleep differently; emotionally, socially, and cognitively engaging content has more impact on sleep.",
      "original_point_number": [
        3
      ]
    },
    {
      "point_number": 4,
      "point_content": "Social media use before bed delays bedtime, reduces total sleep time, and leads to feeling unrefreshed, contributing to poorer sleep quality and increased risk of various sleep issues.",
      "original_point_number": [
        4,
        9,
        21,
        22,
        23,
        24,
        25,
        26,
        30
      ]
    },
    {
      "point_number": 5,
      "point_content": "Fear of Missing Out (FOMO) drives excessive social media use at night, which compromises sleep and can increase anxiety and depression risk, contributing significantly to sleep problems.",
      "original_point_number": [
        5,
        13,
        31
      ]
    },
    {
      "point_number": 6,
      "point_content": "Notifications and alerts during sleep cause disturbances and fragmented sleep, and waking up to check phones during the night increases risk of losing sleep and developing sleep disorders like insomnia.",
      "original_point_number": [
        6,
        11
      ]
    },
    {
      "point_number": 7,
      "point_content": "Using social media during insomnia can create a vicious cycle of alertness and inability to sleep.",
      "original_point_number": [
        7
      ]
    },
    {
      "point_number": 8,
      "point_content": "Reducing social media use before bed, keeping phones out of the bedroom, creating a bedtime routine without electronics, and signing off devices two to three hours before bedtime or using blue light filtering glasses or Nighttime Mode can improve sleep quality by minimizing blue light exposure and cognitive stimulation.",
      "original_point_number": [
        8,
        28,
        33
      ]
    },
    {
      "point_number": 9,
      "point_content": "If unable to sleep, avoiding checking social media is recommended as blue light will wake you up more; instead, doing a soothing activity until sleepy is advised.",
      "original_point_number": [
        34
      ]
    },
    {
      "point_number": 10,
      "point_content": "A large percentage of people use social media after getting into bed, with some spending an hour or more each night, contributing to sleep issues.",
      "original_point_number": [
        12
      ]
    },
    {
      "point_number": 11,
      "point_content": "In adolescents, more time spent on screen-based activities including social media is linked to trouble falling asleep, less sleep, increased symptoms of insomnia and depression, delayed sleep and wake times, and increased likelihood of going to bed late and waking during the night.",
      "original_point_number": [
        14,
        35,
        36,
        37,
        38
      ]
    },
    {
      "point_number": 12,
      "point_content": "Social media use is tied to increased risk for depression and anxiety, which contribute to insomnia and poor sleep quality.",
      "original_point_number": [
        17,
        30,
        31
      ]
    },
    {
      "point_number": 13,
      "point_content": "Social media use can cause a release of dopamine, reinforcing the habit and desire to check social media frequently, which can disrupt sleep.",
      "original_point_number": [
        29
      ]
    },
    {
      "point_number": 14,
      "point_content": "Limiting social media use to 30 minutes a day is recommended to reduce negative effects on sleep and mental health.",
      "original_point_number": [
        32
      ]
    },
    {
      "point_number": 15,
      "point_content": "Psychiatrists and experts recommend avoiding screens in the hour before bed to allow the brain to wind down and promote good quality sleep, especially for children and young people.",
      "original_point_number": [
        39,
        40
      ]
    },
    {
      "point_number": 16,
      "point_content": "Teenagers may lie awake because they are not ready to fall asleep and then struggle to disengage from social media due to fear of missing out.",
      "original_point_number": [
        41
      ]
    }
  ]
}