{
  "question": "what happens during martial law",
  "key_points": {
    "clueweb22-en0028-78-15708": [
      {
        "point_number": 1,
        "point_content": "Martial law displaces the civilian government with military rule, where military commanders make laws and soldiers enforce them.",
        "spans": [
          "When martial law is in effect, it displaces the civilian government with military rule. Military commanders, not elected officials, make laws; soldiers, not local police, enforce laws"
        ]
      },
      {
        "point_number": 2,
        "point_content": "Ordinary citizens accused of defying martial law might face military tribunals instead of civilian courts.",
        "spans": [
          "ordinary citizens accused of defying martial law might face military tribunals instead of civilian courts"
        ]
      },
      {
        "point_number": 3,
        "point_content": "Under martial law, military leaders assume executive, legislative, and judicial powers and might impose curfews, media blackouts, suspend habeas corpus, commandeer businesses, prohibit certain sales, control hospitals, regulate wages, and require mandatory fingerprinting and identification.",
        "spans": [
          "Under martial law, military leaders assume executive, legislative, and judicial powers. When martial law is in effect, military leaders might:\nimpose curfews and media blackouts\nsuspend the writ of habeas corpus\ncommandeer businesses\nprohibit certain sales (like alcohol)\ncontrol hospitals and emergency facilities\nregulate wages and working conditions, and\nrequire mandatory fingerprinting and identification of civilians."
        ]
      }
    ],
    "clueweb22-en0030-94-08059": [
      {
        "point_number": 1,
        "point_content": "Martial law means the military has assumed control of law enforcement and keeping order over civilian populations in lieu of local government and typical police.",
        "spans": [
          "Martial law is declared over a region of the US or even over the entire country, what it means simply that the military has assumed control of law enforcement and keeping order over civilian populations in lieu of local government and typical police."
        ]
      },
      {
        "point_number": 2,
        "point_content": "Under martial law, civilians live under military law and military enforcement of that law, and crimes will be tried in military court.",
        "spans": [
          "When martial law is in effect, civilians live under military law and military enforcement of that law. That means that any crimes and violations will be tried in military court as military legal proceedings."
        ]
      },
      {
        "point_number": 3,
        "point_content": "Habeas corpus will be suspended under martial law, meaning citizens may be detained without explanation and no recourse through typical courts.",
        "spans": [
          "Perhaps most vitally, habeas corpus will be suspended.",
          "Most sobering, the suspension of habeas corpus means that, at least in theory, U.S. citizens may be detained with no explanation for why, and no recourse through a typical court of law in opposition of it."
        ]
      },
      {
        "point_number": 4,
        "point_content": "Several constitutional rights are lost under martial law, including freedom of speech, assembly, press, right to bear arms, protection from housing soldiers, protection from unreasonable search and seizure, and protection to life, liberty and property.",
        "spans": [
          "Wave goodbye to: 1st Amendment – Freedom of Speech, Assembly and the Press 2nd Amendment – Right to Bear Arms 3rd Amendment – Freedom from Housing Soldiers 4th Amendment – Protection from Unreasonable Search and Seizure 5th Amendment – Protection to Life, Liberty and Property"
        ]
      },
      {
        "point_number": 5,
        "point_content": "Under martial law, door-to-door searches and confiscation of firearms and private property can occur, and curfews and movement restrictions will be enforced.",
        "spans": [
          "You can also expect door-to-door searches to search for and seize firearms.",
          "Also consider that demands for housing, storage and logistical requirements for outfitting and mobilizing a large military force will mean that you might in fact see your private property confiscated, or if not confiscated “temporarily repurposed”, for the storage of military men and material.",
          "Lastly, your life is about to get a whole lot more orderly whether you want it to or not. Curfews will be a certainty.",
          "Movement in, out and around the area affected by martial law will be watched, curtailed or halted."
        ]
      },
      {
        "point_number": 6,
        "point_content": "Martial law is declared rarely in the US, usually in response to severe disaster, major threats, civil unrest, or attempts to overthrow the government.",
        "spans": [
          "Martial law is declared only rarely in the US compared to other places around the world, but you should expect to see it enacted, if only on a local level, whenever our government wants to ensure the “safety”, stability and good order of a populace in the aftermath of a severe disaster or some majorly threatening event like foreign invasion.",
          "We may also see it declared on a smaller or larger scale if serious anti-government agitation and civil unrest goes un-quelled and a city for a length of time or when it turns actively violent towards the government.",
          "You can bet your bottom dollar that any attempt to overthrow or destabilize the legitimate government will see martial law enacted instantly."
        ]
      },
      {
        "point_number": 7,
        "point_content": "The ranking military officer in command becomes the head of civilian government during martial law.",
        "spans": [
          "The most important distinction is that under martial law the ranking military officer in command of the force on the ground will become the head of civilian government for the duration."
        ]
      }
    ],
    "clueweb22-en0028-24-06424": [
      {
        "point_number": 1,
        "point_content": "Martial law is a law administered by the military rather than a civilian government.",
        "spans": [
          "Martial law is a law administered by the military rather than a civilian government."
        ]
      },
      {
        "point_number": 2,
        "point_content": "Martial law may be declared in an emergency or as a response to a crisis, or to control occupied territory.",
        "spans": [
          "Martial law may be declared in an emergency or as a response to a crisis, or to control occupied territory."
        ]
      },
      {
        "point_number": 3,
        "point_content": "When martial law is declared, civil liberties—such as the right to free movement, free speech, protection from unreasonable searches, and habeas corpus laws—may be suspended.",
        "spans": [
          "When martial law is declared, civil liberties—such as the right to free movement, free speech, protection from unreasonable searches, and habeas corpus laws—may be suspended."
        ]
      },
      {
        "point_number": 4,
        "point_content": "Civilian control of some or all aspects of government operations is ceded to the military when martial law is declared.",
        "spans": [
          "When martial law is declared, civilian control of some or all aspects of government operations is ceded to the military."
        ]
      },
      {
        "point_number": 5,
        "point_content": "The justice system that typically handles issues of criminal and civil law is replaced with a military justice system, such as a military tribunal.",
        "spans": [
          "The justice system that typically handles issues of criminal and civil law is replaced with a military justice system, such as a military tribunal."
        ]
      },
      {
        "point_number": 6,
        "point_content": "Civilians may be arrested for violating curfews or for offenses that, in normal times, would not be considered serious enough to warrant detention.",
        "spans": [
          "Civilians may be arrested for violating curfews or for offenses that, in normal times, would not be considered serious enough to warrant detention."
        ]
      },
      {
        "point_number": 7,
        "point_content": "Laws relating to habeas corpus that are designed to prevent unlawful detention may also be suspended, allowing the military to detain individuals indefinitely without the possibility of recourse.",
        "spans": [
          "Laws relating to habeas corpus that are designed to prevent unlawful detention may also be suspended, allowing the military to detain individuals indefinitely without the possibility of recourse."
        ]
      }
    ],
    "clueweb22-en0035-82-08957": [
      {
        "point_number": 1,
        "point_content": "Martial law usually refers to a power that allows the military to take the place of the civilian government and exercise jurisdiction over civilians in a particular area during an emergency.",
        "spans": [
          "martial law usually refers to a power that, in an emer­gency, allows the milit­ary to take the place of the civil­ian govern­ment and exer­cise juris­dic­tion over civil­ians in a partic­u­lar area"
        ]
      },
      {
        "point_number": 2,
        "point_content": "Martial law involves the military exercising jurisdiction over civilians, often replacing civilian government authority in a specific area.",
        "spans": [
          "allows the milit­ary to take the place of the civil­ian govern­ment and exer­cise juris­dic­tion over civil­ians in a partic­u­lar area"
        ]
      },
      {
        "point_number": 3,
        "point_content": "Martial law declarations are subject to judicial review and the government cannot suspend or violate constitutional rights under martial law.",
        "spans": [
          "martial law declar­a­tions are subject to judi­cial review",
          "the govern­ment cannot suspend or viol­ate consti­tu­tional rights"
        ]
      }
    ],
    "clueweb22-en0015-36-14247": [
      {
        "point_number": 1,
        "point_content": "Martial law is implemented in three stages, each increasing government control and restriction of liberties.",
        "spans": [
          "The pattern for the implementation of martial law follows three very distinct stages."
        ]
      },
      {
        "point_number": 2,
        "point_content": "Stage one involves gradual roll-out of government controls over citizen liberties, including travel restrictions, random searches, and creation of an enemies list.",
        "spans": [
          "Stage one of martial law consists of the gradual roll-out of government controls over citizen liberties. Travel is restricted through inland border checkpoints. The internal DHS VIPR programs (Visible Intermodal Prevention and Response Program) randomly search citizens at public events and on the highways. Citizens are conditioned by the TSA (Transportation Security Administration) that they do not control or own their bodies as the flying public is molested by the TSA every day in our nation’s airports in an extreme violation of our citizens’ Fourth Amendment rights. Stage one also begins to create an enemies list and we have already seen this in the MIAC report in which Christians, Ron Paul supporters, Second Amendment supporters, Libertarians, and Constitutionalists have been branded as domestic terrorists. The enemies list has been created and will be acted upon at a future date. In Stage one, the government elevates itself above any pretense of constitutional liberties. America has been firmly under Stage one martial law governance since the events of 9/11."
        ]
      },
      {
        "point_number": 3,
        "point_content": "Stage two is marked by obvious restrictions on travel, loss of free speech and right to assemble, disappearance of free internet and alternative media, loss of due process, and imposition of restrictions on identified enemies of the state.",
        "spans": [
          "In Stage two, martial law implementation becomes obvious to all citizens except for the ones who invoke cognitive dissonance as a psychological coping mechanism. Stage two is marked by restrictions on travel, the loss of free speech, and the right to assemble to air grievances against the government.",
          "In Stage Two, the free internet as we know it will disappear. Subsequently, the truthful, alternative media will disappear as well. Stage two is also characterized by the total loss of due process of law with regard to detainment, imprisonment, or worse. This stage is also marked by limiting the participation of members of the society who have been previously identified as enemies of the state (i.e. MIAC Report). This would include the ability to hold certain kinds of employment, a special designation on a form of international ID, the imposition of restrictions on who can marry, where one can live, etc."
        ]
      },
      {
        "point_number": 4,
        "point_content": "Stage two also involves total loss of private property rights, free will in choice of domicile, employment, and political choice, creating a political caste system.",
        "spans": [
          "The Loss of Private Property",
          "Stage two also witnesses the total loss of private property and free will in terms of choice of domicile (i.e. COVID lockdown), choice of employment, and exercising any form of political choice. In short, Stage two is characterized by creating a political caste system in which the legal rights of certain groups are set in place (i.e. NDAA, Executive Order 13603, etc)."
        ]
      },
      {
        "point_number": 5,
        "point_content": "Stage three involves warrantless detentions, removal and execution of political dissidents, and severe repression.",
        "spans": [
          "Stage three martial law has given history some of its darkest days. Warrantless detentions become commonplace in which suspected political dissidents are removed from society, usually in the middle of the night. In modern terminology, these would be referred to as the “Red List” tagged citizens who are detained and normally executed. These include outspoken preachers, outspoken talk show hosts, people who have any kind of history of civil disobedience."
        ]
      },
      {
        "point_number": 6,
        "point_content": "Martial law is often implemented following false flag events and drills that justify increased government control and restrictions.",
        "spans": [
          "I do not look for one false flag event designed to move the country into martial law, it is likely that several false flag events will take place, in different regions of the country. The pattern is almost always the same in which the authorities conduct a drill related to terrorism. The drill is used to mask a false flag attack arising from the drill. This happened on 9/11, the 7/7 bombings, and at the Boston Marathon. Such drills combined with resulting false flag events will give the administration the ability to incrementally implement martial law in a fashion similar to what happened in the implementation of illegal martial law in Boston following the Boston Marathon bombing."
        ]
      },
      {
        "point_number": 7,
        "point_content": "Under martial law, citizens will face extreme travel restrictions, random house to house searches, surveillance, loss of privacy, and dependence on government for basic needs.",
        "spans": [
          "In summary, Stage two martial law will follow a false flag event in which the internet will be taken down. All bank accounts, pension funds, and 401K’s will be frozen and stolen. Extreme travel restrictions will be put in place. Random house to house searches will be conducted (Don’t forget about the 386,000 foreign troops who just completed their training on American soil).",
          "We will all be living in a society where we can be singled out for persecution, or worse. We will all have to watch every word we say. As it was in the Soviet Union, your young children will be used to spy upon and tattle on you at their school. And of course, you will be totally dependent upon the government for food, water, and shelter. Traveling will be so onerous, that you will be content just to huddle in your home."
        ]
      }
    ],
    "clueweb22-en0002-37-17103": [
      {
        "point_number": 1,
        "point_content": "Martial law in the United States refers to times in United States history in which in a region, state, city, or the whole United States was placed under the control of a military body.",
        "spans": [
          "Martial law in the United States refers to times in United States history in which in a region, state, city, or the whole United States was placed under the control of a military body."
        ]
      },
      {
        "point_number": 2,
        "point_content": "On a national level, both the US President and the US Congress have the power, within certain constraints, to impose martial law since both can be in charge of the militia.",
        "spans": [
          "On a national level, both the US President and the US Congress have the power, within certain constraints, to impose martial law since both can be in charge of the militia."
        ]
      },
      {
        "point_number": 3,
        "point_content": "In each state, the governor has the power to impose martial law within the borders of the state.",
        "spans": [
          "In each state, the governor has the power to impose martial law within the borders of the state."
        ]
      },
      {
        "point_number": 4,
        "point_content": "Martial law has been used in a limited number of circumstances, such as after major disasters, during riots, to protect from mob violence, or in response to chaos associated with protests and rioting.",
        "spans": [
          "In the United States, martial law has been used in a limited number of circumstances, such as New Orleans during the Battle of New Orleans; after major disasters, such as the Great Chicago Fire of 1871, the 1906 San Francisco earthquake, or during riots, such as the Omaha race riot of 1919 or the 1920 Lexington riots; local leaders declared martial law to protect themselves from mob violence, such as Nauvoo, Illinois, during the Illinois Mormon War, or Utah during the Utah War; or in response to chaos associated with protests and rioting, such as the 1934 West Coast waterfront strike, in Hawaii after the Japanese attack on Pearl Harbor, and during the Civil Rights Movement in response to the Cambridge riot of 1963 ."
        ]
      },
      {
        "point_number": 5,
        "point_content": "Martial law is closely tied to the right of habeas corpus and the ability to suspend habeas corpus is related to the imposition of martial law.",
        "spans": [
          "The martial law concept in the United States is closely tied to the right of habeas corpus, which is, in essence, the right to a hearing and trial on lawful imprisonment, or more broadly, the supervision of law enforcement by the judiciary. The ability to suspend habeas corpus is related to the imposition of martial law."
        ]
      },
      {
        "point_number": 6,
        "point_content": "Deployment of troops does not necessarily mean that the civil courts cannot function, which is one of the keys to martial law.",
        "spans": [
          "Deployment of troops does not necessarily mean that the civil courts cannot function, which is one of the keys,[vague] as the US Supreme Court noted,[citation needed] to martial law."
        ]
      },
      {
        "point_number": 7,
        "point_content": "Martial law involves military control over normal civil functions and can include suspension of civil rights and judicial processes.",
        "spans": [
          "Martial law in the United States refers to times in United States history in which in a region, state, city, or the whole United States was placed under the control of a military body."
        ]
      },
      {
        "point_number": 8,
        "point_content": "During martial law, military authority can supersede civilian authority, as seen when General Andrew Jackson imposed martial law in New Orleans and arrested a judge who demanded habeas corpus.",
        "spans": [
          "During the War of 1812, US General Andrew Jackson imposed martial law in New Orleans, Louisiana before repulsing the British in the Battle of New Orleans.",
          "Rather than comply with the writ, Jackson had the judge arrested."
        ]
      },
      {
        "point_number": 9,
        "point_content": "Martial law can involve the military taking over law enforcement duties, issuing permits, enforcing curfews, and detaining individuals, as during the Minneapolis general strike of 1934.",
        "spans": [
          "Between July 26 and August 1, the National Guard began issuing operating permits to truck drivers, and engaging in roving patrols, curfews, and security details.",
          "On August 1, National Guard troops seized strike headquarters and placed arrested union leaders in a stockade at the state fairgrounds in Saint Paul."
        ]
      },
      {
        "point_number": 10,
        "point_content": "Martial law can be declared in response to natural disasters, riots, labor disputes, war or invasion, domestic insurrection, or other emergencies.",
        "spans": [
          "Martial law was declared for these reasons: Twice for war or invasion, seven times for domestic war or insurrection, eleven times for riot or civil unrest, 29 times for labor dispute, four times for natural disaster and fifteen times for other reasons."
        ]
      }
    ],
    "null": [],
    "clueweb22-en0037-64-18268": [
      {
        "point_number": 1,
        "point_content": "Martial law is the imposition of military rule and the occupation of the government over a specific region.",
        "spans": [
          "martial law is the imposition of military rule and the occupation of the government over a specific region"
        ]
      },
      {
        "point_number": 2,
        "point_content": "Martial law is declared when an imminent threat disturbs peace and order, such as during a state of war, natural disasters, coups, or uncontrollable riots and protests.",
        "spans": [
          "It is declared when an imminent threat disturbs peace and order. Martial law can be declared during a state of war when natural disasters are too much to handle for local authorities, when a coup is developing or even when uncontrollable riots and protests affect an entire region."
        ]
      },
      {
        "point_number": 3,
        "point_content": "When martial law is declared, everyone is expected to follow the same rules, no questions asked, and certain civil rights are suspended for the good of the nation/state.",
        "spans": [
          "When martial law is declared, everyone is expected to follow the same rules, no questions asked!",
          "you have to give up certain civil rights for the good of the nation/state."
        ]
      },
      {
        "point_number": 4,
        "point_content": "Certain rights that will be suspended under martial law include the Right of Information, Freedom of Expression, Right to privacy, Right of Habeas Corpus, and Right to make choices.",
        "spans": [
          "There are certain rights that will be suspended if martial law hits, such as: Right of Information Freedom of Expression Right to privacy Right of Habeas Corpus Right to make choices"
        ]
      },
      {
        "point_number": 5,
        "point_content": "The government takes full control of food and supplies and their distribution during martial law, and supplies may become government property if not stockpiled smartly.",
        "spans": [
          "it will be rather easy to survive when the government takes full control of food and supplies and their distribution.",
          "all your supplies will become government property if you don’t stockpile smart"
        ]
      },
      {
        "point_number": 6,
        "point_content": "The military may implement house to house searches without a warrant and confiscate supplies during martial law.",
        "spans": [
          "It’s almost certain that the military will implement house to house searches without a warrant if things get grim.",
          "They will locate and confiscate supplies, no questions asked"
        ]
      },
      {
        "point_number": 7,
        "point_content": "Media and all information channels will be controlled by the federal government during martial law, and the truth may be filtered to avoid mass panic.",
        "spans": [
          "When martial law is declared, the media and all the information channels will be controlled by the federal government.",
          "the truth may be filtered to avoid creating mass panic"
        ]
      }
    ]
  }
}