{
  "question": "how does pollution affect the east china sea",
  "key_points": [
    {
      "point_number": 1,
      "point_content": "The Yangtze River flows into the East China Sea near Shanghai and is crucial to China's economy and ecology; it is the river through which the most plastic waste flows into the oceans, contributing significantly to pollution in the East China Sea.",
      "original_point_number": [
        1,
        2
      ]
    },
    {
      "point_number": 2,
      "point_content": "Plastic pollution in rivers and seas can kill marine life and enter the food chain, affecting the ecology of the East China Sea.",
      "original_point_number": [
        3
      ]
    },
    {
      "point_number": 3,
      "point_content": "Pollution has rendered much of the Yellow River's water undrinkable and caused disappearance of fish species, indicating severe ecological impact which can be analogous to effects in the East China Sea.",
      "original_point_number": [
        4
      ]
    },
    {
      "point_number": 4,
      "point_content": "The blue tears phenomenon can poison sea life, from fish to sea turtles, and can even make humans sick.",
      "original_point_number": [
        5,
        6
      ]
    },
    {
      "point_number": 5,
      "point_content": "Toxic algae is the food of choice for dinoflagellates, which release ammonia and other chemicals that poison the water around them, causing low oxygen levels that can kill many animals.",
      "original_point_number": [
        7,
        8
      ]
    },
    {
      "point_number": 6,
      "point_content": "Pollution from agriculture that funnels down the Yangtze River plays a major role in the growth of blue tears by dumping fertilizer into the East China Sea, providing nutrients for the bloom.",
      "original_point_number": [
        9
      ]
    },
    {
      "point_number": 7,
      "point_content": "Pollution from northeastern China, including dust storms and industrial emissions, spreads to the East China Sea and surrounding regions, carrying increased levels of PM 2.5 and affecting air quality.",
      "original_point_number": [
        10,
        11
      ]
    },
    {
      "point_number": 8,
      "point_content": "Asian dust storms and pollution from China have been linked to adverse health effects and poor visibility in regions around the East China Sea, including Korea, Japan, and Taiwan; these dust storms have increased in frequency and intensity due to desertification, deforestation, and land degradation.",
      "original_point_number": [
        12,
        13
      ]
    },
    {
      "point_number": 9,
      "point_content": "China has many waterways that are highly polluted, with more than 50% of surface water not fit for human consumption and approximately 60% of groundwater under Chinese cities considered severely polluted.",
      "original_point_number": [
        14
      ]
    },
    {
      "point_number": 10,
      "point_content": "The East China Sea is mentioned in the context of offshore wind farms, indicating environmental and clean technology developments in that area.",
      "original_point_number": [
        15
      ]
    },
    {
      "point_number": 11,
      "point_content": "Pollution in China's coastal waters, including the East China Sea, is seriously affecting marine life and human health.",
      "original_point_number": [
        16
      ]
    },
    {
      "point_number": 12,
      "point_content": "About half of China's offshore areas are polluted, including the East China Sea as part of China's oceanic territory.",
      "original_point_number": [
        17
      ]
    },
    {
      "point_number": 13,
      "point_content": "Pollutants such as lead, cadmium, and DDT are found in shellfish in offshore areas, contaminating marine life.",
      "original_point_number": [
        18
      ]
    },
    {
      "point_number": 14,
      "point_content": "Algae blooms caused by excessive sewage threaten fishing resources in China's coastal waters.",
      "original_point_number": [
        19
      ]
    },
    {
      "point_number": 15,
      "point_content": "Pollution levels are especially high near rapidly growing economic areas along the coast, including the Yangtze River estuary and other bays.",
      "original_point_number": [
        20
      ]
    },
    {
      "point_number": 16,
      "point_content": "Main causes of coastal pollution include untreated sewage, industrial and residential wastewater, and shipping accidents.",
      "original_point_number": [
        21
      ]
    },
    {
      "point_number": 17,
      "point_content": "Pollution, along with overfishing, habitat degradation and ocean warming, is having a large impact on China's marine fisheries.",
      "original_point_number": [
        22
      ]
    },
    {
      "point_number": 18,
      "point_content": "The East China Sea has experienced the most pronounced increase in ocean warming compared to other Chinese seas, which affects fisheries by causing shifts in fish species distribution and community composition, leading to tropicalization of fisheries catches.",
      "original_point_number": [
        23,
        24
      ]
    },
    {
      "point_number": 19,
      "point_content": "The mean temperature of the catch (MTC) in the East China Sea has increased since 1962, indicating a shift towards species with higher temperature preferences due to ocean warming.",
      "original_point_number": [
        25
      ]
    },
    {
      "point_number": 20,
      "point_content": "Pollution contributes to habitat degradation, which along with ocean warming and overfishing, negatively impacts fish populations and fisheries in the East China Sea.",
      "original_point_number": [
        26
      ]
    }
  ]
}