{
  "question": "how does pollution affect the east china sea",
  "key_points": {
    "null": [],
    "clueweb22-en0033-98-01562": [
      {
        "point_number": 1,
        "point_content": "The Yangtze River flows into the East China Sea near Shanghai and is crucial to China's economy and ecology, and it is the river through which the most plastic waste flows into the oceans.",
        "spans": [
          "The Yangtze flows into the East China Sea near Shanghai and is crucial to China's economy and ecology."
        ]
      },
      {
        "point_number": 2,
        "point_content": "Plastic waste from rivers like the Yangtze contributes significantly to pollution in the East China Sea.",
        "spans": [
          "The Yangtze is Asia's longest river and the third-longest river in the world. It also tops the list of river systems through which the most plastic waste flows into the oceans"
        ]
      },
      {
        "point_number": 3,
        "point_content": "Plastic pollution in rivers and seas can kill marine life and enter the food chain, affecting the ecology of the East China Sea.",
        "spans": [
          "From six-pack drink can holders that entangle turtles to shopping bags that stop up whales' stomachs and cause them to starve, millions of tons of plastic ends up in oceans each year.",
          "Plastic can enter the food chain as fish and other marine and freshwater animals ingest it."
        ]
      },
      {
        "point_number": 4,
        "point_content": "Pollution has rendered much of the Yellow River's water undrinkable and caused disappearance of fish species, indicating severe ecological impact which can be analogous to effects in the East China Sea.",
        "spans": [
          "Pollution has rendered much of the river's water undrinkable. Around 30 percent of its fish species are believed to have disappeared too."
        ]
      }
    ],
    "clueweb22-en0042-49-03630": [
      {
        "point_number": 1,
        "point_content": "The blue tears phenomenon can poison sea life, from fish to sea turtles.",
        "spans": [
          "The blue tears phenomenon can poison sea life, from fish to sea turtles."
        ]
      },
      {
        "point_number": 2,
        "point_content": "The bloom can even make humans sick.",
        "spans": [
          "The bloom can even make humans sick, Hu said."
        ]
      },
      {
        "point_number": 3,
        "point_content": "Toxic algae is the food of choice for dinoflagellates, and as they eat, they release ammonia and other chemicals that poison the water around them.",
        "spans": [
          "Toxic algae is their food of choice, and as they eat, they release ammonia and other chemicals that poison the water around them."
        ]
      },
      {
        "point_number": 4,
        "point_content": "These creatures breathe oxygen until there's none left in the surrounding waters, causing low oxygen levels that can kill many animals.",
        "spans": [
          "Not only that, but these creatures breathe oxygen until there's none left in the surrounding waters.",
          "The oxygen in the water is so low that many animals can die, Hu said."
        ]
      },
      {
        "point_number": 5,
        "point_content": "Pollution from agriculture that funnels down the Yangtze River plays a major role in the growth of blue tears by dumping fertilizer into the East China Sea, providing nutrients for the bloom.",
        "spans": [
          "The cause of blue tears isn't certain, but Hu and his colleagues think pollution from agriculture that funnels down the Yangtze River plays a major role.",
          "The river dumps fertilizer into the East China Sea, giving blue tears massive doses of the nutrients it needs to grow."
        ]
      }
    ],
    "clueweb22-en0043-12-08544": [
      {
        "point_number": 1,
        "point_content": "Pollution from northeastern China, including dust storms and industrial emissions, spreads to the East China Sea and surrounding regions.",
        "spans": [
          "the Bohai Economic Rim of northeastern China, which has spread by way of Westerly winds to most of the Korean peninsula and regions of Japan below the island of Hokkaido",
          "Using backward trajectory calculation methods, the dust storms observed in areas across the East China Sea are commonly found to have origins in Inner Mongolia"
        ]
      },
      {
        "point_number": 2,
        "point_content": "Dust storms from northeastern China carry increased levels of PM 2.5 when passing through industrial regions, affecting air quality in the East China Sea area.",
        "spans": [
          "when the dust storms blow through industrial regions of northeast China, the proportion of PM 2.5 rises (Lee, 2013)"
        ]
      },
      {
        "point_number": 3,
        "point_content": "Asian dust storms and pollution from China have been linked to adverse health effects and poor visibility in regions around the East China Sea, including Korea, Japan, and Taiwan.",
        "spans": [
          "This phenomenon results in adverse health effects and poor visibility among local populations across thousands of miles following the occurrences of Asian dust storm events.",
          "A considerable number of studies have documented close relationships between the dust storms and morbidity as well as mortality among populations in these countries.",
          "Asian dust events have been studied in relation to asthma symptoms in Japan, concluding that adult patients with asthma experienced aggravated lower respiratory symptoms (Watanabe, et al., 2011).",
          "In Taiwan, the effects of Asian dust storm events have been studied with regards to a great number of factors, including air quality (Liu, 2006), mortality (Chen, et al., 2004), stroke admissions (Yang, et al., 2005), admissions for Respiratory Diseases (Chien, 2012), and allergic rhinitis (Chang, et al., 2006), to name a few."
        ]
      },
      {
        "point_number": 4,
        "point_content": "Dust storms and pollution from northeastern China have increased in frequency and intensity due to desertification, deforestation, and land degradation.",
        "spans": [
          "since 2000, major dust events have been occurring more frequently, owing to increased desertification, deforestation and land degradation in arid and semi-arid Asian regions."
        ]
      }
    ],
    "clueweb22-en0009-42-11201": [
      {
        "point_number": 1,
        "point_content": "China has many waterways that are highly polluted, with more than 50% of surface water not fit for human consumption and approximately 60% of groundwater under Chinese cities considered severely polluted.",
        "spans": [
          "China also has many waterways that are highly polluted.",
          "more than 50% of China’s surface water is not fit for human consumption",
          "approximately 60% of the groundwater under Chinese cities is considered to be \"severely polluted.\""
        ]
      },
      {
        "point_number": 2,
        "point_content": "The East China Sea is mentioned in the context of offshore wind farms, indicating environmental and clean technology developments in that area.",
        "spans": [
          "Offshore wind farm at dusk in the East China sea."
        ]
      }
    ],
    "clueweb22-en0019-61-00266": [
      {
        "point_number": 1,
        "point_content": "Pollution in China's coastal waters is seriously affecting marine life and human health.",
        "spans": [
          "Rapid economic growth in China’s coastal regions has resulted in serious levels  of ocean pollution, damaging marine life and posing a threat to humans."
        ]
      },
      {
        "point_number": 2,
        "point_content": "About half of China's offshore areas are polluted, including the East China Sea as part of China's oceanic territory.",
        "spans": [
          "As  much as half of China’s offshore areas are considered polluted.",
          "Roughly 48,000 square kilometres of China’s oceanic territory is seriously polluted, an increase of  18,300 square kilometres from last year, according to a report by the State Oceanic Administration of  China (SOA)."
        ]
      },
      {
        "point_number": 3,
        "point_content": "Pollutants such as lead, cadmium, and DDT are found in shellfish in offshore areas, contaminating marine life.",
        "spans": [
          "Rapidly rising levels of oil, pesticides and other harmful pollutants are contaminating the country’s  marine life, including the shellfish supply, according to state media reports last year.",
          "Shellfish in  offshore areas were found to contain 'excessive harmful chemicals' such as lead, cadmium and the  insecticide DDT."
        ]
      },
      {
        "point_number": 4,
        "point_content": "Algae blooms caused by excessive sewage threaten fishing resources in China's coastal waters.",
        "spans": [
          "Last year China’s coastal waters suffered 68 'red tides', or algae blooms, caused by excessive sewage in  the water, affecting 14,700 square kilometres, 3.4 times the area affected in the 1990s, according to  the report.",
          "'Algae bloom seriously threatens fishing resources,' Yu Rencheng, a researcher at the Chinese Academy  of Social Sciences’ Institute of Oceanology tells IPS."
        ]
      },
      {
        "point_number": 5,
        "point_content": "Pollution levels are especially high near rapidly growing economic areas along the coast, including the Yangtze River estuary and other bays.",
        "spans": [
          "Severely polluted areas include the northern Yellow Sea, Liaodong Bay, Bohai Bay, Laizhou Bay, the  Yangtze River estuary, Hangzhou Bay and the Pearl River estuary.",
          "According to the SOA report, 50 percent of China’s offshore areas were facing problems with pollution,  and 48,000 square kilometres did not meet Grade IV standards — meaning they were seriously polluted."
        ]
      },
      {
        "point_number": 6,
        "point_content": "Main causes of coastal pollution include untreated sewage, industrial and residential wastewater, and shipping accidents.",
        "spans": [
          "The main causes of coastal pollution include the discharge of untreated sewage, the discharge  of industrial and residential wastewater, and spillage resulting from shipping and marine accidents."
        ]
      }
    ],
    "clueweb22-en0008-56-05001": [
      {
        "point_number": 1,
        "point_content": "Pollution, along with overfishing, habitat degradation and ocean warming, is having a large impact on China's marine fisheries.",
        "spans": [
          "Overall, jointly with overfishing, habitat degradation and pollution, ocean warming is having a large impact on China's marine fisheries"
        ]
      },
      {
        "point_number": 2,
        "point_content": "The East China Sea has experienced the most pronounced increase in ocean warming compared to other Chinese seas, which affects fisheries.",
        "spans": [
          "China's seas have become warmer generally in the last few decades, but the trend is not homogenous, with the East China Sea experiencing the most pronounced increase and the South China Sea having the least increase"
        ]
      },
      {
        "point_number": 3,
        "point_content": "Ocean warming causes shifts in fish species distribution and community composition in the East China Sea, leading to tropicalization of fisheries catches.",
        "spans": [
          "With ocean temperatures increasing, areas previously inhabited by a set of species to levels cease to be thermally optimal, and the growth and reproduction of marine fishes and invertebrates decrease, ultimately reducing their abundance",
          "Consequently, fishes and invertebrates will tend to shift their distribution toward higher-latitudes, which is expected to affect the availability of exploited populations and thus leads to “tropicalization” of fisheries catches"
        ]
      },
      {
        "point_number": 4,
        "point_content": "The mean temperature of the catch (MTC) in the East China Sea has increased since 1962, indicating a shift towards species with higher temperature preferences due to ocean warming.",
        "spans": [
          "The results show that, while the MTCs began to increase in 1962 in the East China Sea",
          "The computed MTC values in the three LMEs covered here exhibited very different trends (Figure 3A ). Thus, while MTC in the Yellow Sea increased at an average rate of 0.41°C per decade between 1950 and 2010, and the MTC in the East China Sea increased at a rate of 0.22°C per decade during the same period",
          "Segmented regression analysis was used to detect the year when the MTC increase began. In the Yellow Sea, a relatively stable trend was observed at the beginning of the time series, and the MTC began to increase in 1968 (Figure 4A ); in the ECS, the MTC began to increase in 1962 (Figure 4B )"
        ]
      },
      {
        "point_number": 5,
        "point_content": "Pollution contributes to habitat degradation, which along with ocean warming and overfishing, negatively impacts fish populations and fisheries in the East China Sea.",
        "spans": [
          "Overall, jointly with overfishing, habitat degradation and pollution, ocean warming is having a large impact on China's marine fisheries"
        ]
      }
    ]
  }
}