{
  "question": "the dangers of terrorism",
  "key_points": {
    "clueweb22-en0010-91-02863": [
      {
        "point_number": 1,
        "point_content": "Terrorism in general and Al Qaeda in particular pose dangers to peace in their own right.",
        "spans": [
          "terrorism in general and Al Qaeda in particular pose dangers to peace in their own right"
        ]
      },
      {
        "point_number": 2,
        "point_content": "International terrorism comes in many forms, from religiously and politically motivated groups to those motivated by financial gain.",
        "spans": [
          "International terrorism comes in many forms, from religiously and politically motivated groups to those motivated by financial gain"
        ]
      },
      {
        "point_number": 3,
        "point_content": "Political terrorists have been most active recently and pose the greatest danger at the moment.",
        "spans": [
          "Political terrorists have been most active recently and pose the greatest danger at the moment"
        ]
      },
      {
        "point_number": 4,
        "point_content": "The more radical offshoots of militant Islamism pose the greatest dangers at the moment.",
        "spans": [
          "the characteristics of the more radical offshoots of militant Islamism, for these pose the greatest dangers at the moment"
        ]
      },
      {
        "point_number": 5,
        "point_content": "Groups such as Al Qaeda advocate a world-wide theocratic state with curbs on women's freedom, hostility to democracy, intolerance toward ideas which do not fit their views and a commitment to violence to achieve their ends.",
        "spans": [
          "groups such as Al Qaeda advocate a world-wide theocratic state with curbs on women's freedom, hostility to democracy, an overall intolerance toward ideas which do not fit their views and a commitment to violence to achieve their ends"
        ]
      },
      {
        "point_number": 6,
        "point_content": "More Islamist violence has been directed against moderate Muslims than the US, indicating the reactionary nature of the threat.",
        "spans": [
          "more Islamist violence has been directed against moderate Muslims than the US, which says something about the reactionary nature of the threat"
        ]
      },
      {
        "point_number": 7,
        "point_content": "Blaming something outside itself for the crimes of Al Qaeda and others is a subtle form of rationalising and can lead to appeasement, which would be fatal.",
        "spans": [
          "The problem with blaming something outside itself for the crimes of Al Qaeda and others, is that it is a subtle form of rationalising",
          "Rationalising, projecting or pre-judging may lead to attempts to appease terrorism, which in my view would be fatal"
        ]
      },
      {
        "point_number": 8,
        "point_content": "Appeasement is to terrorism what petrol is to fire; if fed what it wants it will burn more fiercely.",
        "spans": [
          "Appeasement is to terrorism what petrol is to fire. If it is fed what it wants it will burn more fiercely"
        ]
      },
      {
        "point_number": 9,
        "point_content": "Political resistance to all forms of international political terrorism is needed to campaign for vigilance, security, intelligence, and education to convince potential terrorists there is a better way.",
        "spans": [
          "we need to develop political resistance to all forms of international political terrorism",
          "there will be no will to campaign for greater vigilance, better security and intelligence, and little stomach for the sorts of education work needed to convince potential terrorists and their supporters that there is a better way"
        ]
      }
    ],
    "null": [],
    "clueweb22-en0039-16-15423": [
      {
        "point_number": 1,
        "point_content": "Acts of terrorism can have a profound influence on both the lives of the victims and the region’s economy.",
        "spans": [
          "Acts of terrorism can have a profound influence on both the lives of the victims and the region’s economy."
        ]
      },
      {
        "point_number": 2,
        "point_content": "Social effects of terrorism can include injury, death, and psychological trauma.",
        "spans": [
          "Social effects of terrorism can include injury, death, and psychological trauma"
        ]
      },
      {
        "point_number": 3,
        "point_content": "Local and national markets can experience a downturn in both the short term and the long term due to terrorism.",
        "spans": [
          "local and national markets can experience a downturn in both the short term and the long term."
        ]
      },
      {
        "point_number": 4,
        "point_content": "Terrorism uses violence as a means to cause fear and targets civilian populations.",
        "spans": [
          "terrorism uses violence as a means to cause fear",
          "acts of terrorism can be directed at civilian populations"
        ]
      },
      {
        "point_number": 5,
        "point_content": "Living in an area threatened by terrorist attacks causes uncertainty and alters individuals’ idea of personal safety.",
        "spans": [
          "For those who live in countries affected by terrorism, everyday life is colored by the uncertainty that comes with not being able to know if you are safe.",
          "Living in an area that is threatened by terrorist attacks can cause individuals’ idea of what level of personal safety is normal or acceptable to be altered."
        ]
      },
      {
        "point_number": 6,
        "point_content": "Survivors of terrorist attacks often suffer from post-traumatic stress disorder, anxiety, major depression, substance abuse issues, and psychosomatic symptoms.",
        "spans": [
          "In the aftermath of a terrorist attack survivors often suffer from post-traumatic stress disorder, anxiety, and major depression.",
          "Additionally, survivors of terrorist attacks are more vulnerable to substance abuse issues and psychosomatic symptoms after an attack."
        ]
      },
      {
        "point_number": 7,
        "point_content": "Children are especially vulnerable to negative psychological effects of terrorism, including PTSD, anxiety, and depression.",
        "spans": [
          "Children are especially vulnerable to the negative psychological effects of living under threat of a terrorist attack.",
          "Children who have survived a terrorist attack, have family members who have experienced an attack, or who have simply seen footage of a terrorist attack on television may be more likely than adults to suffer from PTSD, anxiety, or depression as a result."
        ]
      },
      {
        "point_number": 8,
        "point_content": "The economy suffers immediate impact due to loss of property and funds used to repair damage, and long term effects as markets recover.",
        "spans": [
          "The economy of an area affected by a terrorist attack suffers an immediate impact due to loss of property and funds used to repair building and infrastructure damage.",
          "It also suffers long term effects as financial markets slowly recover from the shock of the attack."
        ]
      },
      {
        "point_number": 9,
        "point_content": "Terrorism causes a rise in spending on security and defense and impacts supply chains due to enhanced border security.",
        "spans": [
          "The largest effect on the economy, however, is a rise in spending on security and defense, and the impact on supply chains of enhanced security at land, sea, and air border crossings.",
          "Spending on defense and national security tends to increase by a large amount in the months following a terrorist attack, as a nation takes steps to make its borders more secure.",
          "This increased border and checkpoint security can make it significantly more expensive to move products and goods into and out of the country."
        ]
      }
    ],
    "clueweb22-en0043-43-11630": [
      {
        "point_number": 1,
        "point_content": "The potential effects on victims of terrorism can be devastating and multiple; it may be experienced at many interrelated levels - individually, collectively and societally.",
        "spans": [
          "The potential effects on victims of terrorism can be devastating and multiple; it may be experienced at many interrelated levels - individually, collectively and societally."
        ]
      },
      {
        "point_number": 2,
        "point_content": "There are three circles of 'personal victimization' determined by proximity to the direct victim: primary (direct harm), secondary (family/friends), tertiary (observers or helpers).",
        "spans": [
          "there are three circles of 'personal victimization' which are determined in accordance with their proximity to the direct victim: \" primary or first order victimization, experienced by those who suffer harm directly, whether it is injury, loss or death; secondary or second order victimization, experienced by family members, relatives or friends of primary victims; and tertiary or third order victimization, experienced by those who observe the victimization, are exposed to it through TV or radio coverage of the victimization, or help and attend to victims\" (Erez, 2006, p. 20)."
        ]
      },
      {
        "point_number": 3,
        "point_content": "Terrorism causes both physical and psychological trauma, including injuries, chronic pain, and mental health disorders such as PTSD.",
        "spans": [
          "The physical consequences of terrorism-related acts and violations can include broken bones, soft tissue injuries, disability, long-term, chronic pain and sensory disturbance.",
          "At a psychological level, trauma can engender \"a metamorphosis of the psyche… mental decomposition and collapse\" (Vinar, 2005, p. 313).",
          "Some victims may also experience post-traumatic stress disorder (PTSD) which, in addition to depressive symptoms, may also include intrusive phenomena such as flashbacks and nightmares, and which may persist for months or years (Shapland and Hall, 2007, p. 178)."
        ]
      },
      {
        "point_number": 4,
        "point_content": "Terrorism-related trauma can shatter core beliefs and produce a range of emotional responses including fear, anxiety, guilt, anger, and grief.",
        "spans": [
          "Man-made trauma, such as that associated with terrorism, can shatter core beliefs, including belief in the world as a just place ('the existential dilemma') (Herlihy and Turner, 2006, p. 84; Ramsay, Grost-Unsworth and Turner, 1993, p. 55), in others as kind and trustworthy individuals, and in the inviolability of the self (IRCT, 2009(b), pp. 6-7; Agger, 1992, p. 13).",
          "Survivors of terrorist acts - such as hostage taking, hijacking or kidnapping - may experience fear, shock, anxiety, shame, guilt and self-blame, anger, hostility, rage and resentment (Schmid, 2006, p. 7), together with a sense of disempowerment and helplessness.",
          "Survivors may also suffer grief for the loss of others and the self, anxiety, depression (including suicidal ideation), emotional numbness and difficulties in recollection (Brewin, 2007, pp. 227-228; Duke et al., 2008, pp. 310-320; Smith and Patel, 2008)."
        ]
      },
      {
        "point_number": 5,
        "point_content": "Terrorism can cause collective trauma in societies, especially when attacks target specific groups, leading to community dysfunction and social fabric rupture.",
        "spans": [
          "In addition to the psychological impact of terrorism-related violations experienced at an individual level, affected societies may suffer collective trauma which is particularly the case where attacks are targeted against a particular group or community.",
          "Manifestations of trauma at a societal level can include varying forms of community dysfunction.",
          "Abuses such as torture or ethnically-targeted violence may create \"an order based on imminent pervasive threat, fear, terror, and inhibition,… a state of generalized insecurity, terror, lack of confidence, and rupture of the social fabric\" (Lecic and Bakalic, 2004, p. 97; Kira, 2002; IRCT, 2009(a))."
        ]
      },
      {
        "point_number": 6,
        "point_content": "Torture as a form of terrorism affects not only individuals but also threatens broader communities and social value systems, inducing fear and conformity.",
        "spans": [
          "While torture is an act perpetrated against an individual, its effects are experienced on a wider social level, such that, whether implicitly or explicitly, torture represents a threat to the broader community and its value systems.",
          "By dehumanising and breaking the will of their victims, torturers set horrific examples for those who later come into contact with the victim. In this way, torture can break or damage the will and coherence of entire communities. (para. 235).",
          "Torture against individuals is therefore employed to exercise control over communities, social groups and societies more generally, to effect responses of fear, inhibition, impotence and conformity within the affected society or community."
        ]
      },
      {
        "point_number": 7,
        "point_content": "Terrorism has broader social and economic impacts including lifestyle changes, social withdrawal, financial costs, increased poverty, unemployment, and increased violence.",
        "spans": [
          "Victims, whether directly or indirectly affected, may suffer social effects, \"involving changes to the victim's lifestyle, normally to avoid the situation or context in which the offence occurred. Social effects are very disruptive to the victim's lifestyle and may affect earning potential\" (Shapland and Hall, 2007, p. 178).",
          "Trauma can also \"impact upon the roles of parent, spouse, employee, employer, citizen etc.\" (Baker, 1992, p. 86), engendering a deterioration in social, educational and occupational functioning (IRCT, 2009(a), p. 7), leading to social withdrawal and isolation, as well as impacting upon societal and cultural aspects of personal identity (Kira, 2002).",
          "In addition, there are often financial costs of terrorism that are directly associated with individuals wanting to take additional crime preventive measures.",
          "There can also be wider socio-economic effects associated with terrorism, such as businesses closing and, therefore, an increase in poverty and unemployment.",
          "In turn, as result of increased levels of poverty and unemployment in one study this was linked to an increase in property crime.",
          "An atmosphere of political violence as underpins terrorism, may also lead to an increase of violence within the affected society (Erez, 2006, p. 93)."
        ]
      }
    ]
  }
}