{
  "question": "how did the revolutionary war affect slaves",
  "key_points": {
    "clueweb22-en0044-73-00432": [
      {
        "point_number": 1,
        "point_content": "The Revolution had contradictory effects on slavery, with northern states abolishing or adopting gradual emancipation and inspiring African-American resistance.",
        "spans": [
          "The Revolution had contradictory effects on slavery. The northern states either abolished the institution outright or adopted gradual emancipation schemes. The Revolution also inspired African-American resistance against slavery."
        ]
      },
      {
        "point_number": 2,
        "point_content": "Thousands of slaves obtained their freedom by running away during the Revolution.",
        "spans": [
          "During the Revolution, thousands of slaves obtained their freedom by running away."
        ]
      },
      {
        "point_number": 3,
        "point_content": "Slavery was restricted or eliminated in the North and abolished in the South as a result of the Revolutionary War.",
        "spans": [
          "Slavery was restricted in the North and the South. Slavery was eliminated in the North. Slavery was abolished in the South."
        ]
      },
      {
        "point_number": 4,
        "point_content": "Between 1774 and 1804, all northern states abolished slavery, but slavery remained vital in the South; the domestic slave trade flourished after the African slave trade was outlawed in 1808.",
        "spans": [
          "Between 1774 and 1804, all of the northern states abolished slavery, but the institution of slavery remained absolutely vital to the South. Though the U.S. Congress outlawed the African slave trade in 1808, the domestic trade flourished, and the enslaved population in the U.S. nearly tripled over the next 50 years."
        ]
      },
      {
        "point_number": 5,
        "point_content": "The war offered many slaves the opportunity to escape bondage by joining the British cause, with between ten and twenty thousand slaves gaining freedom because of the Revolution.",
        "spans": [
          "The war offered many slaves the opportunity to escape bondage by joining the British cause (between ten and twenty thousand slaves gained freedom because of the Revolution)."
        ]
      }
    ],
    "clueweb22-en0017-75-02470": [
      {
        "point_number": 1,
        "point_content": "The American Revolution generated unprecedented debates about morality of slavery and its compatibility with the founding creeds of the new nation.",
        "spans": [
          "The American Revolution generated unprecedented debates about morality of slavery and its compatibility with the founding creeds of the new nation."
        ]
      },
      {
        "point_number": 2,
        "point_content": "The fight for liberty led some American slaveholders to free their slaves, and most northern states soon passed gradual emancipation laws.",
        "spans": [
          "The fight for liberty led some American slaveholders to free their slaves, and most northern states soon passed gradual emancipation laws."
        ]
      },
      {
        "point_number": 3,
        "point_content": "In 1777, Vermont created a new state constitution that outlawed slavery making it first place in the New World to do so.",
        "spans": [
          "In 1777, Vermont created a new state constitution that outlawed slavery making it first place in the New World to do so."
        ]
      },
      {
        "point_number": 4,
        "point_content": "Six years later, Massachusetts and New Hampshire also outlawed slavery through judicial decisions.",
        "spans": [
          "Six years later, Massachusetts and New Hampshire also outlawed slavery through judicial decisions."
        ]
      },
      {
        "point_number": 5,
        "point_content": "Pennsylvania passed a law outlining a process of gradual emancipation that said that the children born after March 1, 1780 to mothers who were slaves would be considered indentured servants and be completely free from their masters when they turned 28.",
        "spans": [
          "Pennsylvania passed a law outlining a process of gradual emancipation that said that the children born after March 1, 1780 to mothers who were slaves would be considered indentured servants and be completely free from their masters when they turned 28."
        ]
      },
      {
        "point_number": 6,
        "point_content": "Some manumissions also occurred in the Upper South, most notably in Virginia.",
        "spans": [
          "Some manumissions also occurred in the Upper South, most notably in Virginia."
        ]
      },
      {
        "point_number": 7,
        "point_content": "In 1782, near the end of the Revolution, the Virginia Assembly passed a law that removed restrictions on masters to free their slaves.",
        "spans": [
          "In 1782, near the end of the Revolution, the Virginia Assembly passed a law that removed restrictions on masters to free their slaves."
        ]
      },
      {
        "point_number": 8,
        "point_content": "The next year, the Assembly freed any slaves who had fought on behalf of the Continental Army during the war.",
        "spans": [
          "The next year, the Assembly freed any slaves who had fought on behalf of the Continental Army during the war."
        ]
      },
      {
        "point_number": 9,
        "point_content": "These new laws led to the rapid growth of Virginia’s free black population.",
        "spans": [
          "These new laws led to the rapid growth of Virginia’s free black population."
        ]
      },
      {
        "point_number": 10,
        "point_content": "The Lower South, particularly South Carolina and Georgia, remained passionately committed to the African slave trade and some masters in the region revoked their offers of freedom for war service while others forced freed black people back into bondage.",
        "spans": [
          "On the other hand, the Lower South, particularly South Carolina and Georgia, remained passionately committed to the African slave trade and some masters in the region revoked their offers of freedom for war service while others forced freed black people back into bondage."
        ]
      },
      {
        "point_number": 11,
        "point_content": "The Northwest Ordinance of 1787 prohibited slaveholders from bringing in slaves into the Northwest Territory while permitting slaveholders who already lived in the area to maintain their human property.",
        "spans": [
          "Perhaps the most significant step to address the issue of slavery taken by the Continental Congress under the Articles of Confederation, and before the ratification of the new United States Constitution, was the passage of the Northwest Ordinance in 1787, which organized new territory west of the Appalachian Mountains and north of the Ohio River. The Northwest Ordinance also prohibited slaveholders from bring in slaves into the Northwest Territory while permitting slaveholders who already lived in the area to maintain their human property."
        ]
      },
      {
        "point_number": 12,
        "point_content": "The Revolution’s rhetoric of equality created a “revolutionary generation” of slaves and free black Americans that would eventually galvanize the antislavery movement well into the nineteenth century.",
        "spans": [
          "The Revolution’s rhetoric of equality also created a “revolutionary generation” of slaves and free black Americans that would eventually galvanize the antislavery movement well into the nineteenth century."
        ]
      },
      {
        "point_number": 13,
        "point_content": "The growing class of free blacks established their own social institutions and fought for manumission, an end to the slave trade, and the institution of slavery.",
        "spans": [
          "The growing class of free blacks established their own social institutions including churches, schools, and benevolent societies. Black people associated with these institutions fought for the manumission of their less fortunate brothers and sisters, lobbied for an end to the slave trade and of the institution of slavery."
        ]
      },
      {
        "point_number": 14,
        "point_content": "The overall impact of the Revolution on slavery had negative consequences in the Lower South where slavery remained entrenched and masters revoked freedom offers.",
        "spans": [
          "Although the rise of the free black population is one of the most notable achievements of the Revolutionary Era, it is important to note that the overall impact of the Revolution on slavery had negative consequences. In rice-growing regions of South Carolina and Georgia, the patriot victory confirmed the power of the master class. Doubts about slavery and legal modifications that occurred in the North and Upper South never took serious hold among whites in the Lower South."
        ]
      },
      {
        "point_number": 15,
        "point_content": "The Revolution failed to reconcile slavery with new egalitarian republican societies, leading to future sectional conflicts.",
        "spans": [
          "The Revolution clearly had a mixed impact on slavery and contradictory meanings for African Americans. It failed to reconcile slavery with these new egalitarian republican societies, a tension that eventually boiled over in the 1830s and 1840s and effectively tore the nation in two in the 1850s and 1860s."
        ]
      }
    ],
    "clueweb22-en0035-73-11610": [
      {
        "point_number": 1,
        "point_content": "The American Revolution had conflicting effects on slavery, with northern states abolishing it outright and southern states ultimately supporting it.",
        "spans": [
          "The American Revolution had an impact on slavery. The Revolution had conflicting Effects on slavery.  The northern states abolished the institution outright. In the South, the Revolution severely disturbed slavery, but ultimately white Southerners succeeded in supporting the institution ."
        ]
      },
      {
        "point_number": 2,
        "point_content": "The Revolution inspired African-American resistance against slavery, with thousands of slaves obtaining freedom by running away during the war.",
        "spans": [
          "The Revolution also inspired African-American resistance against slavery. During the Revolution, thousands of slaves obtained their freedom by running away."
        ]
      },
      {
        "point_number": 3,
        "point_content": "By the 1790s, the slave population was growing again and spreading into new lands in the cotton belt.",
        "spans": [
          "Around by the 1790s, however, the slave population was growing again and was beginning to spread into new lands in what would become the cotton belt."
        ]
      },
      {
        "point_number": 4,
        "point_content": "Free blacks petitioned Congress and state legislatures to end the slave trade and abolish slavery, highlighting the contradiction between American ideals and slavery.",
        "spans": [
          "Inspired by the natural rights of the Revolution, free blacks moved against slavery. They petitioned Congress to end the slave trade and state legislatures to abolish slavery. They repeatedly pointed out the disagreement between American ideals of liberty and equality and the base reality of slavery."
        ]
      },
      {
        "point_number": 5,
        "point_content": "President Thomas Jefferson recognized that Virginian slaves were motivated by the same ideals as white colonists in the Revolution, aspiring for freedom.",
        "spans": [
          "President Thomas Jefferson recognized that the Virginian slaves had been motivated by the same ideals that had inspired white colonists to revolt against Britain.  Jefferson told the minister to assure the British that the rebel slaves were not criminals, but men aspiring for freedom."
        ]
      },
      {
        "point_number": 6,
        "point_content": "Many hard workers achieved freedom during the Revolution without formal emancipation, with the British army freeing many slaves as they moved through the colonies.",
        "spans": [
          "Many hard worker achieved their freedom during the Revolution without formal emancipation. The British army, eager to debase the colonial economy, freed many hard worker as they moved through the United States of America n Confederate States of America."
        ]
      },
      {
        "point_number": 7,
        "point_content": "Many slaves in the North were granted exemption from slavery if they agreed to fight for the American cause.",
        "spans": [
          "Many slaves in the Due north were granted their exemption if they agreed to battle for the American cause."
        ]
      },
      {
        "point_number": 8,
        "point_content": "The growth of the free black community was greatly fostered by the War for American Independence.",
        "spans": [
          "Although a clear majority of African American remained in bondage, the growth of free blackness community of interests in America was greatly fostered by the War for American Independence."
        ]
      },
      {
        "point_number": 9,
        "point_content": "Revolutionary sentiments led to the banning of the importing of slaves.",
        "spans": [
          "Revolutionary sentiments led to the banning of the importing of slaves in"
        ]
      }
    ],
    "null": [],
    "clueweb22-en0038-71-12022": [
      {
        "point_number": 1,
        "point_content": "Many slaves became involved in the Revolutionary War, some voluntarily inspired by the Declaration of Independence, some released by their masters to fight, and some forced into enlistment.",
        "spans": [
          "Most became involved in the conflict, directly or indirectly, though the reasons for this were diverse and complex.",
          "In some cases their participation was voluntary: they were inspired by the words of Jefferson’s Declaration of Independence and the grand talk of liberty, freely offering their services in the faint believe it might bring about their own liberation.",
          "Some were released by their white masters on the proviso that they would take up arms against the British",
          "Some Africans were forced into enlistment by their masters, who had either enlisted themselves or offered to send a slave in their place."
        ]
      },
      {
        "point_number": 2,
        "point_content": "More than 5,000 Africans joined the Continental Army, with many promised freedom, increasing the number of free blacks especially in northern states.",
        "spans": [
          "More than 5,000 Africans would eventually join the Continental Army",
          "Since Africans in the regular army and the civilian militias were promised their freedom, the war would dramatically increase the numbers of free blacks nationwide (from about 25,000 in 1775 to 60,000 in the 1780s) though almost all of these were resident in the northern states."
        ]
      },
      {
        "point_number": 3,
        "point_content": "Thousands of slaves escaped to fight alongside the British who also promised freedom, especially in the southern states.",
        "spans": [
          "Since the British also promised freedom for any African who took up the cause, thousands of slaves – particularly those in the south – escaped to fight alongside the ‘redcoats’ or join Loyalist units."
        ]
      }
    ],
    "clueweb22-en0036-59-14542": [
      {
        "point_number": 1,
        "point_content": "The Revolutionary War helped bring changes to the institution of slavery, with increasing opposition to slavery and the formation of antislavery societies.",
        "spans": [
          "the Revolutionary War helped bring changes to the institution of slavery",
          "Several antislavery societies and clubs were formed that began to demand the abolition of slavery and influenced the opinion of some that slavery was unacceptable"
        ]
      },
      {
        "point_number": 2,
        "point_content": "Some states banned slavery completely or gradually ended the practice after the Revolutionary War.",
        "spans": [
          "Some states banned slavery completely, while some gradually ended the practice"
        ]
      },
      {
        "point_number": 3,
        "point_content": "Thousands of slaves attained their freedom by serving and fighting on different sides of the American Revolution after promises were made for their freedom.",
        "spans": [
          "Thousands of slaves attained their freedom by serving and fighting on the different sides of the American Revolution after promises were made for their freedom"
        ]
      },
      {
        "point_number": 4,
        "point_content": "Many slaves escaped from their masters during the war, taking advantage of the chaos to free themselves.",
        "spans": [
          "Other slaves took the occasion of war as an opportunity to free themselves by escaping from their masters"
        ]
      },
      {
        "point_number": 5,
        "point_content": "Though many black slaves obtained freedom during the Revolutionary War, they were not granted equal rights.",
        "spans": [
          "Though many black slaves obtained freedom during the Revolutionary War, they were not granted equal rights"
        ]
      }
    ]
  }
}