{
  "question": "how did the revolutionary war affect slaves",
  "key_points": [
    {
      "point_number": 1,
      "point_content": "The American Revolution had contradictory effects on slavery: northern states abolished or gradually emancipated slaves, inspired African-American resistance, and increased free black populations, while southern states, especially the Lower South, remained committed to slavery, with some masters revoking freedom offers and forcing freed blacks back into bondage.",
      "original_point_number": [
        1,
        3,
        4,
        7,
        15,
        19,
        21
      ]
    },
    {
      "point_number": 2,
      "point_content": "Thousands of slaves obtained freedom during the Revolution by running away, joining the British cause, or fighting for the American side, with many promised freedom for their service, significantly increasing the number of free blacks especially in northern states.",
      "original_point_number": [
        2,
        5,
        22,
        26,
        30,
        31,
        32,
        35,
        36
      ]
    },
    {
      "point_number": 3,
      "point_content": "The Revolution generated unprecedented debates about the morality of slavery and its compatibility with the founding creeds of the new nation, inspiring African-American resistance, the growth of free black communities, and the formation of antislavery societies.",
      "original_point_number": [
        6,
        17,
        18,
        24,
        28,
        33
      ]
    },
    {
      "point_number": 4,
      "point_content": "Several northern states and territories took legislative or judicial actions to abolish or restrict slavery between 1774 and 1804, including Vermont's 1777 constitution outlawing slavery, Massachusetts and New Hampshire's judicial decisions, Pennsylvania's gradual emancipation law of 1780, and the Northwest Ordinance of 1787 prohibiting slave importation into the Northwest Territory.",
      "original_point_number": [
        4,
        8,
        9,
        10,
        16,
        34
      ]
    },
    {
      "point_number": 5,
      "point_content": "In the Upper South, notably Virginia, manumissions increased with laws passed in 1782 removing restrictions on freeing slaves and in 1783 freeing slaves who fought for the Continental Army, leading to rapid growth of Virginia's free black population.",
      "original_point_number": [
        11,
        12,
        13,
        14
      ]
    },
    {
      "point_number": 6,
      "point_content": "Despite some progress, the Revolution failed to reconcile slavery with new egalitarian republican ideals, leading to future sectional conflicts and continued growth and spread of slavery into new areas like the cotton belt by the 1790s.",
      "original_point_number": [
        20,
        23
      ]
    },
    {
      "point_number": 7,
      "point_content": "Free blacks actively petitioned Congress and state legislatures to end the slave trade and abolish slavery, highlighting contradictions between American ideals and the institution of slavery.",
      "original_point_number": [
        24
      ]
    },
    {
      "point_number": 8,
      "point_content": "President Thomas Jefferson recognized that Virginian slaves were motivated by the same ideals as white colonists in the Revolution, aspiring for freedom.",
      "original_point_number": [
        25
      ]
    },
    {
      "point_number": 9,
      "point_content": "Revolutionary sentiments led to the banning of the importation of slaves.",
      "original_point_number": [
        29
      ]
    }
  ]
}