{
  "question": "how has technology changed nursing",
  "key_points": {
    "clueweb22-en0024-61-11177": [
      {
        "point_number": 1,
        "point_content": "Technology has been instrumental in changing how healthcare works and nurses are challenged to learn the skills required to use emerging technologies and integrate them into their professional practice.",
        "spans": [
          "Technology has been instrumental in changing how healthcare works.",
          "Nurses are challenged to learn the skills required to use emerging technologies and integrate them into their professional practice."
        ]
      },
      {
        "point_number": 2,
        "point_content": "Nurses need to develop new skill sets to take advantage of technological advancements in communication and information management.",
        "spans": [
          "Nurses need to develop new skill sets to take advantage of technological advancements in communication.",
          "They will need to acquire expertise in obtaining information and relaying that information/data properly."
        ]
      },
      {
        "point_number": 3,
        "point_content": "Technology has allowed the streamlining of information management, enabling data to be shared smoothly and efficiently among providers.",
        "spans": [
          "Technology has allowed the streamlining of information management.",
          "Data can be shared with appropriate providers smoothly and efficiently."
        ]
      },
      {
        "point_number": 4,
        "point_content": "Advancements in medication administration include smart pumps that simplify medication and IV fluid administration and help prevent medication errors.",
        "spans": [
          "The introduction of smart pumps has simplified the administration of medications and intravenous fluids.",
          "Technology helps prevent medication errors with safety checks, and some facilities employ nurse “robots” for medication delivery."
        ]
      },
      {
        "point_number": 5,
        "point_content": "Technology has helped nurses with patient education through hospital-wide education networks, distance learning, and teleconferencing.",
        "spans": [
          "Technology has helped nurses with the task of patient education.",
          "Technology allows for distance learning.",
          "Teleconferencing enables nurses to attend essential nursing conventions and classes."
        ]
      },
      {
        "point_number": 6,
        "point_content": "Wireless communication and online access to lab results have improved communication efficiency in healthcare, replacing older methods like paging doctors.",
        "spans": [
          "Now, wireless communication is the norm and makes connecting with others more efficient.",
          "Lab results can be accessed online."
        ]
      },
      {
        "point_number": 7,
        "point_content": "Telehealth allows patients to access nurse concierges and home health nurses to help patients log critical data for immediate review.",
        "spans": [
          "Telehealth is a fantastic advancement.",
          "Patients can access nurse concierges and get essential concerns addressed from the comfort of home.",
          "Home health nurses use telehealth to help patients log critical data for immediate review by nursing staff."
        ]
      }
    ],
    "null": [],
    "clueweb22-en0005-45-08066": [
      {
        "point_number": 1,
        "point_content": "Technology is becoming a core skill needed across the nursing profession as it permeates every aspect of health provision and care coordination.",
        "spans": [
          "using technology in health provision and care coordination is becoming a core skill needed across the nursing profession"
        ]
      },
      {
        "point_number": 2,
        "point_content": "Technology helps manage nurse shortages by supporting nursing activities and relieving burdens of repetitive tasks.",
        "spans": [
          "With an ongoing nurse shortage in many countries and around the world, the need to implement technology to support nursing activities is becoming increasingly necessary",
          "Innovations can relieve some of the burden when it comes to many repetitive tasks and help nurses manage numerous time-consuming responsibilities"
        ]
      },
      {
        "point_number": 3,
        "point_content": "Technology supports nurses to offer better care across various healthcare settings through tools like electronic records, medication prescribing tools, tele-health, and online appointment scheduling.",
        "spans": [
          "Technology is beginning to support nurses to offer better care",
          "Healthcare settings now utilise a wide variety of things such as: electronic records, medication prescribing tools, tele-health, online appointment scheduling and mobile laboratories"
        ]
      },
      {
        "point_number": 4,
        "point_content": "Nursing leaders must embed digital literacy in education and workforce development to keep up with technology-led changes.",
        "spans": [
          "nursing leaders must take steps to embed digital literacy firmly in education, and across all parts of workforce and performance development"
        ]
      },
      {
        "point_number": 5,
        "point_content": "Transition to electronic records has changed nursing by integrating patient information, safeguarding patients, and enhancing quality of care.",
        "spans": [
          "One significant factor has been the transition to electronic records",
          "Integrated care records, that draw together accurate patient information, help nurses ensure that the needs of patients are understood",
          "They also safeguard patients by accurately tracking progression throughout various care pathways, and allow test results, diagnoses, procedures, and treatments to be appropriately recorded in order to enhance the quality of patient care"
        ]
      },
      {
        "point_number": 6,
        "point_content": "Access to connected and integrated records makes it easier for nurses to optimize care processes and improve patient safety.",
        "spans": [
          "For clinicians, with access to connected and integrated records, it becomes much easier to optimise many of these processes"
        ]
      },
      {
        "point_number": 7,
        "point_content": "Electronic systems streamline administrative processes, freeing up nurses' time to interact with patients and reduce risks.",
        "spans": [
          "these new methods of working do streamline many administrative processes, involved with nursing, freeing up more time for them to actively interact with patients",
          "They can also be critical in helping to reduce risk and mitigate hospital negligence claims"
        ]
      },
      {
        "point_number": 8,
        "point_content": "Electronic patient records and integrated care processes ensure efficient communication and coordination of effective care provision.",
        "spans": [
          "The introduction of electronic patient records, and integrated care processes, ensures efficient communication between clinicians, and has a direct impact on patient care processes"
        ]
      },
      {
        "point_number": 9,
        "point_content": "Technology improves nursing standards and quality of care through evidence-based practice and clinical decision support, reducing errors and delays.",
        "spans": [
          "Technology is also improving standards, and quality of care, in nursing, through the delivery of evidence-based practice and support for clinical decision making",
          "Many healthcare providers have now adopted technologies that provide data-enabled, clinical decision-making and support evidence-based nursing practice",
          "These solutions also help reduce clinical errors and administrative delays that can impact the overall quality of care provided"
        ]
      },
      {
        "point_number": 10,
        "point_content": "Communication tools facilitate multi-disciplinary team coordination, making nursing care more streamlined and efficient.",
        "spans": [
          "Communication across healthcare settings is increasingly being facilitated by instant messaging and team collaboration tools that facilitate multi-disciplinary teams",
          "For nurses, who usually provide the lynchpin services of these teams, this means coordinating care is becoming more streamlined and thus more efficient"
        ]
      }
    ],
    "clueweb22-en0043-13-14645": [
      {
        "point_number": 1,
        "point_content": "Technological advances have transformed the medical landscape, improving efficiency and communication in nursing.",
        "spans": [
          "In the last 30 years, technological advances have transformed the medical landscape.",
          "In the nursing field, technology allows RNs to improve efficiency and communicate more effectively."
        ]
      },
      {
        "point_number": 2,
        "point_content": "Electronic health records (EHRs) improve patient care by enhancing accuracy, clarity, and accessibility of medical records.",
        "spans": [
          "Electronic health records (EHRs) have transformed the healthcare information technology space.",
          "EHRs can improve patient care by improving the accuracy and clarity of medical records, and making data easily accessible to healthcare providers, doctors, and patients."
        ]
      },
      {
        "point_number": 3,
        "point_content": "Telehealth technologies increase accessibility to nursing care, especially for patients in remote geographic areas.",
        "spans": [
          "Advancements in telehealth have also played a large part in improved accessibility.",
          "Telecommunication systems have made it easier for patients separated geographically to receive nursing care via remote patient monitoring, live video conferencing and mobile health apps.",
          "In today’s environment, it has become easier for those in remote geographic areas to have access to quality care."
        ]
      },
      {
        "point_number": 4,
        "point_content": "New medical technologies decrease human error by simplifying routine procedures and providing readily available data.",
        "spans": [
          "New technologies can decrease the chance of human error.",
          "For example, automated IV pumps can measure the dosage of medication given to patients.",
          "EHRs also help with decreasing mistakes at the bedside. Since the data is readily available, EHRs can help reduce duplication of tests or delays in treatment."
        ]
      },
      {
        "point_number": 5,
        "point_content": "Telehealth technology helps mitigate nurse burnout and addresses nursing shortages by enabling care with fewer nurses and reaching underserved areas.",
        "spans": [
          "Emerging technologies in telehealth can help mitigate the burden put on nurses since it takes fewer nurses to provide adequate care.",
          "Telehealth also provides nurses the opportunity to reach geographical areas that are identified as having health professional shortages.",
          "telehealth helps address these shortages by effectively providing care to patients remotely."
        ]
      }
    ],
    "clueweb22-en0035-59-05313": [
      {
        "point_number": 1,
        "point_content": "Technology in nursing has improved patient care and administration.",
        "spans": [
          "Technology in nursing has improved patient care and administration"
        ]
      },
      {
        "point_number": 2,
        "point_content": "Non-invasive and minimally invasive procedures and the tools used to perform them are helping reduce patient risk, decrease recovery times, and minimize costs.",
        "spans": [
          "Non-invasive and minimally invasive procedures”“and the tools used to perform them”“are helping reduce patient risk, decrease recovery times, and minimize costs"
        ]
      },
      {
        "point_number": 3,
        "point_content": "The increasing use of electronic healthcare records is enabling nurses to provide better care through improved administration.",
        "spans": [
          "The increasing use of electronic healthcare records is another example of technology in nursing that is enabling nurses to provide better care, primarily through improved administration"
        ]
      },
      {
        "point_number": 4,
        "point_content": "Biometrics and Computerized Physician/Provider Order Entry (CPOE) are emerging technologies affecting nursing practice by improving identification and reducing errors.",
        "spans": [
          "Biometrics”“the science of identifying people through physical characteristics such as fingerprints, retinal scans, voice recognition and dynamic signatures”“is another emerging technology that will affect nursing practice",
          "the use of Computerized Physician/Provider Order Entry (CPOE) allows physicians to enter patient orders electronically instead of writing them on paper, reducing errors caused by illegible handwriting"
        ]
      },
      {
        "point_number": 5,
        "point_content": "Technology in nursing education prepares students to use cutting-edge technology to improve patient care and administrative management.",
        "spans": [
          "Technology in nursing education allows students to enter the nursing profession with the ability to use cutting-edge technology to improve patient care and administrative management"
        ]
      }
    ],
    "clueweb22-en0033-05-05936": [
      {
        "point_number": 1,
        "point_content": "Nurses now record on an electronic record that is used in real time by all the healthcare professionals involved in a person’s care enabling safer more effective care.",
        "spans": [
          "As a Nurse I now record on an electronic record that is used in real time by all the healthcare professionals involved in a person’s care enabling me to give safer more effective care to my patients."
        ]
      },
      {
        "point_number": 2,
        "point_content": "Nurses are surrounded by equipment and devices that use the latest technology to support evidence based care across multiple health pathways.",
        "spans": [
          "I am surrounded by equipment and devices that use the latest technology to support me to give the best evidence based care to people I am supporting across a multitude of health pathways."
        ]
      },
      {
        "point_number": 3,
        "point_content": "Technology-based equipment supports communication and provides sensory experiences for patients with learning disabilities, which was not possible before.",
        "spans": [
          "Working in my speciality of learning disabilities I now have access to technology-based equipment to support communication and provide sensory experiences that I could not have imagined in my early nursing days when I would cut pictures out of catalogues to create communication boards."
        ]
      },
      {
        "point_number": 4,
        "point_content": "Patients can now book appointments online and order repeat prescriptions, and access medical help online.",
        "spans": [
          "As a Patient I can now book my appointments online and order my repeat prescriptions.  I can find out about services and get medical help near me when I need it using 111 online."
        ]
      },
      {
        "point_number": 5,
        "point_content": "Technology provides aids and devices for friends and family to manage health conditions and support independence.",
        "spans": [
          "Friends and family are able to have greater independence as technology has provided them with aids and devices, whether it is a complex monitoring device for a long term condition such as diabetes or simple sensor pads on a bed to alert that an elderly relative with dementia is getting up, we are now able to manage our own health in new and innovative ways that allow us to live better with the health conditions we have."
        ]
      },
      {
        "point_number": 6,
        "point_content": "Citizens can take more control over their health and wellbeing using technology such as activity monitors, heart rate trackers, and health apps.",
        "spans": [
          "As a citizen I can now take more control over my own health and wellbeing, I can monitor my activity levels using technology built into my phone, my watch keeps track of my heart rate and I have access to a multitude of apps that are designed to educate motivate and support me to manage both my physical and mental wellbeing."
        ]
      },
      {
        "point_number": 7,
        "point_content": "Being a nurse in the digital age creates many opportunities to provide care in new and innovative ways, leading to better health outcomes and more independent lives for patients.",
        "spans": [
          "being a nurse in the digital age is exciting and creates so many opportunities to provide  care in new and innovative ways, these have enabled me to see patients achieve good health outcomes and to live fuller and more independent lives while managing their long term conditions or disabilities."
        ]
      }
    ]
  }
}