{
  "question": "why should cannabis be legalised",
  "key_points": {
    "clueweb22-en0015-44-18366": [
      {
        "point_number": 1,
        "point_content": "Marijuana has significant health benefits that justify its legalization.",
        "spans": [
          "Health Benefits of Marijuana",
          "As much as there are other benefits of Marijuana, the health benefits are one reason why the government has to legalize marijuana."
        ]
      },
      {
        "point_number": 2,
        "point_content": "Marijuana is effective in relieving chronic pain, especially for patients after chemotherapy.",
        "spans": [
          "Relief of Chronic Pain",
          "Marijuana is made up of lots of chemical compounds that are very helpful in relieving pain.",
          "The Cannabinoid, CBD, is an effective pain relief for chronic pain due to diseases.",
          "Hence, Medical Marijuana is used for the relief of pain for patients after chemotherapy."
        ]
      },
      {
        "point_number": 3,
        "point_content": "Cannabidiol (CBD) in marijuana may prevent cancer growth and spread.",
        "spans": [
          "Prevention of the growth of cancer cells.",
          "Also, it was found in a study that Cannabidiol has the ability to stop cancer by turning off a particular gene in the body.",
          "In 2007, Scientists at California Pacific Medical Center in San Francisco reported that CBD may prevent cancer from spreading.",
          "The researchers experimented on breast cancer cells in the lab that have a high level of Id-1 and treated them with cannabidiol.",
          "The outcome was rather positive, the cells had decreased Id-1 expression, and were less aggressive spreaders.",
          "In fact, the American Association for Cancer Research has found that marijuana actually works to slow down tumor growth in the brain, breast, and lungs."
        ]
      },
      {
        "point_number": 4,
        "point_content": "THC in marijuana slows down the progression of Alzheimer’s disease.",
        "spans": [
          "Prevention of Alzheimer’s diseases.",
          "A study at the Scripps Research Institute discovered that the cannabinoid, THC, present in Marijuana actually slows down the progression of Alzheimer’s disease.",
          "THC slows the formation of amyloid plaques by blocking the enzyme in the brain that makes them."
        ]
      },
      {
        "point_number": 5,
        "point_content": "Marijuana helps reduce eye pressure in glaucoma, potentially preventing blindness.",
        "spans": [
          "Treatment of Glaucoma .",
          "The National Eye Institute confirms that marijuana helps to reduce the pressure on the eyeball."
        ]
      },
      {
        "point_number": 6,
        "point_content": "Cannabis reduces pain and inflammation in arthritis and improves sleep quality.",
        "spans": [
          "Relief of Arthritis .",
          "In 2011, researchers reported that cannabis reduces pain and inflammation, and promotes sleep, which may help relieve pain and discomfort for people with rheumatoid arthritis.",
          "Researchers of the rheumatology units at several hospitals gave their patients Sativex, a cannabinoid-based pain-relieving medicine.",
          "After two weeks, patients on Sativex had a significant reduction in pain and improved better sleep quality compared to placebo users."
        ]
      },
      {
        "point_number": 7,
        "point_content": "Marijuana helps control epileptic seizures.",
        "spans": [
          "Control of Epileptic Seizures.",
          "Studies have shown that marijuana also helps to control seizures from epilepsy in the body.",
          "In a 2013 study, marijuana was administered to Epileptic rats and the drugs stopped the seizures for over 10 hours.",
          "The results published in the journal of Pharmacology and Experimental Therapeutics shows that THC controlled the seizures by binding the brain cells responsible for controlling excitability and regulating relaxation."
        ]
      },
      {
        "point_number": 8,
        "point_content": "Marijuana helps relieve pain and muscle spasms in multiple sclerosis.",
        "spans": [
          "Relief of the symptoms of Multiple Sclerosis.",
          "Studies have shown they Marijuana helps to ease the pain and muscle spasm that has to do with multiple sclerosis.",
          "Sativex, a recent drug made from Marijuana, is being administered for the treatment of muscle Spasms and other symptoms of Multiple Sclerosis.",
          "The THC in Marijuana bonds the receptors in the nerves and muscles to relieve pain."
        ]
      },
      {
        "point_number": 9,
        "point_content": "Marijuana reduces tremors and pain and improves sleep in Parkinson’s disease patients.",
        "spans": [
          "Elevates tremors from Parkinson’s disease.",
          "Recent studies from Israel shows that smoking marijuana remarkably reduces pains and tremors and improves sleep for Parkinson’s disease patients.",
          "What was impressive about the research was the improvement of the fine motor skills among patients."
        ]
      },
      {
        "point_number": 10,
        "point_content": "Marijuana has social and recreational benefits such as enhancing creativity, expression, and reducing stress.",
        "spans": [
          "Social benefits of Marijuana",
          "When under the influence of Marijuana, people feel free to express themselves.",
          "Marijuana improves your senses.",
          "It improves your taste of food and taste in music as well.",
          "For a lot of People, Marijuana is a way for them to enter into their creative world.",
          "Some confirmed that it helps to feel artistic, creative, and energized.",
          "When it interacts with the brain, it provides an out-of-the-box thinking process.",
          "It can bring out the child in you, and this feeling of lightheartedness can be quite helpful in overcoming everyday stress and anxiety.",
          "You may feel as if you are a completely different person after using cannabis.",
          "Some people, who are introverts and naturally shy, can overcome this social disadvantage, and become more confident and outgoing in social settings."
        ]
      }
    ],
    "clueweb22-en0042-31-08897": [],
    "clueweb22-en0035-46-02215": [
      {
        "point_number": 1,
        "point_content": "Alcohol sales drop significantly in states where cannabis is legal, leading to less alcohol-related health issues.",
        "spans": [
          "Alcohol and liquor sales go down by 50%.",
          "In states where cannabis is legal, even just on the medical side, alcohol sales have dropped .",
          "Less people consuming alcohol means less body damage being done by alcohol.  This means less liver disease, less alcoholism, less alcohol abuse, and less health risks associated with regular alcohol consumption."
        ]
      },
      {
        "point_number": 2,
        "point_content": "Pharmaceutical drug use decreases with legal cannabis, as cannabis serves as a natural alternative for many conditions.",
        "spans": [
          "Pharmaceutical sales and prescription drug use drops, let’s say to be realistic to start, 25% .",
          "Sleep aid drugs like Ambien?  Sales drop as CBD strains and products serve as an all-natural replacement.",
          "Adderall sales slow as more kids with ADHD and similar issues get treated with cannabis pills.",
          "The myriad of drugs given for PTSD diagnosis get cut in half with legal cannabis.",
          "Cannabis is shown to have positive health effects in scores of areas."
        ]
      },
      {
        "point_number": 3,
        "point_content": "Cannabis promotes better relationships by increasing tolerance and reducing anger and aggression.",
        "spans": [
          "Cannabis promotes peace, oneness, and relaxation.",
          "Cannabis elevates the level of tolerance and lowers the level of anger and aggression ."
        ]
      },
      {
        "point_number": 4,
        "point_content": "Legal cannabis can lead to lower health insurance costs by creating a healthier society with reduced alcohol use and prescription drug use.",
        "spans": [
          "Lower health insurance costs -  This will be a big problem coming in the next year in the USA as health insurance premiums and deductibles are set to sky rocket.",
          "If we create a healthier society that reduces alcohol use, lowers stress, and lowers prescription drug use with cannabis, we lower our health care costs."
        ]
      },
      {
        "point_number": 5,
        "point_content": "Cannabis use increases tolerance and promotes peace, leading to more acceptance of different mindsets and opinions.",
        "spans": [
          "More tolerance for people in the world – If there is one thing cannabis does well it is to relax and mellow out a person.",
          "Cannabis has been used at many peace ceremonies in history dating abck to 2,700 BC.",
          "It is a plant that promotes relaxation, non-judgement, and peace."
        ]
      },
      {
        "point_number": 6,
        "point_content": "Legal cannabis can lower car insurance costs due to reduced alcohol consumption and safer driving behavior under cannabis.",
        "spans": [
          "Lower Car Insurance Costs – Wait, what?  Yep, you heard that right.",
          "The fact that alcohol use would drop by 25% to 50% would lower car insurance costs alone."
        ]
      },
      {
        "point_number": 7,
        "point_content": "Legalizing cannabis can reduce unemployment by allowing more people to qualify for jobs that currently require drug tests.",
        "spans": [
          "Lower Unemployment – Not that 5% unemployment is bad, but many good jobs in the government can’t be filled right now due to the fact that most of the applicants would fail a drug test for marijuana .",
          "The best talent is sitting on the sidelines because they prefer a lesser or different job that either doesn’t drug test or allows cannabis use."
        ]
      },
      {
        "point_number": 8,
        "point_content": "Cannabis provides a natural medicine option for sick people, improving symptoms and quality of life.",
        "spans": [
          "Sick People Get Medicine – I wanted to call this sick people get healed, but let’s keep it realistic .",
          "Yes, some people will get to use cannabis for anxiety, or depression, or even cancer, and they will be “healed”.",
          "In the end, sick people will get an all-natural plant that will make them feel better, relieve their pain, and make their life experience better."
        ]
      },
      {
        "point_number": 9,
        "point_content": "Legalizing cannabis reduces incarceration for non-violent offenders and lowers prison costs.",
        "spans": [
          "Incarceration for non-violent offenders goes down and prison costs go down – I don’t want to beat a dead horse hear but the cost of housing millions of people for minor drug offenses in state and federal prisons is just not worth it."
        ]
      },
      {
        "point_number": 10,
        "point_content": "Money wasted on the War on Drugs can be redirected to combat more dangerous drugs if cannabis is legalized.",
        "spans": [
          "The billions of dollars wasted on the “War on Drugs” gets put to better use.",
          "Our federal and state law enforcement agencies can re-deploy to much needed areas like illegal heroin, fentanyl, synthetic marijuana, and opiates coming in the country."
        ]
      }
    ],
    "clueweb22-en0010-96-11213": [
      {
        "point_number": 1,
        "point_content": "Cannabis could actually be the safest drug available, after a study found it is actually 114 times less deadly than alcohol.",
        "spans": [
          "Cannabis could actually be the safest drug available, after a study found it is actually 114 times less deadly than alcohol"
        ]
      },
      {
        "point_number": 2,
        "point_content": "Legalising dope doesn’t cause a crime epidemic; in Colorado, crime has fallen by 15% and murder has dropped by 50%.",
        "spans": [
          "Despite the predictions of right-wing nutters, in Colorado, which legalised recreational use of marijuana,there has been no epidemic of crime.",
          "Overall, crime has fallen by 15% and murder has dropped by 50%."
        ]
      },
      {
        "point_number": 3,
        "point_content": "Marijuana can kill cancer cells and can also shrink some of the most serious types of brain tumours, confirmed by the US government.",
        "spans": [
          "Marijuana can kill cancer cells, the US government has confirmed",
          "and can also shrink some of the most serious types of brain tumours."
        ]
      },
      {
        "point_number": 4,
        "point_content": "Dope is actually less addictive than drinking coffee, as caffeine ticks off just as many boxes for drug abuse as THC.",
        "spans": [
          "Coffee’s addictive effects mean that it might actually be a more harmful drug than weed, an expert has argued.",
          "Matthew Lazenka, a researcher at Virginia Commonwealth University Health System argued this year in Science 2.0 that caffeine ticks off just as many boxes as for drug abuse as THC, the active ingredient in cannabis."
        ]
      },
      {
        "point_number": 5,
        "point_content": "Legalising weed would recharge the British economy by raising up to £900m annually in taxes.",
        "spans": [
          "If we legalised cannabis, up to £900m could be raised annually in taxes, according to the Institute for Economic Research."
        ]
      },
      {
        "point_number": 6,
        "point_content": "Most people now believe smoking dope is safe, with a massive shift in public opinion over the past decade.",
        "spans": [
          "A majority of people now believe that smoking weed is safe",
          "There has been a MASSIVE shift in public opinion in the past decade"
        ]
      },
      {
        "point_number": 7,
        "point_content": "Legalising weed creates jobs; in Colorado, ten thousand people now work in the cannabis industry.",
        "spans": [
          "In American states such as Colorado, where cannabis has been legalised, thousands of jobs have been created.",
          "Ten thousand people now work in the area’s cannabis industry."
        ]
      },
      {
        "point_number": 8,
        "point_content": "Legalising dope doesn’t encourage young people to smoke it; in Colorado, it has led to a drop in the number of young people smoking it.",
        "spans": [
          "In Colorado, legalising cannabis has actually led to a drop in the number of young people smoking it."
        ]
      },
      {
        "point_number": 9,
        "point_content": "Most people in the UK and the U.S. now support weed being legalised, with softened attitudes as states legalise it.",
        "spans": [
          "In both America and Britain, opinion polls show that a majority of people support dope being legalised"
        ]
      },
      {
        "point_number": 10,
        "point_content": "Political heavyweights such as Barack Obama are getting behind legalisation, urging to follow science over ideology.",
        "spans": [
          "Barack Obama, who freely admits to having smoked dope in his youth, this week signaled his support for a legalisation bill in the U.S.",
          "President Barack Obama said that the Senate should ‘follow the science as opposed to the ideology’."
        ]
      }
    ],
    "clueweb22-en0043-65-08221": [
      {
        "point_number": 1,
        "point_content": "Medical marijuana is now legal in some form in 30 countries across the globe, as well as in 35 U.S. states.",
        "spans": [
          "Medical marijuana is now legal in some form in 30 countries across the globe, as well as in 35 U.S. states."
        ]
      },
      {
        "point_number": 2,
        "point_content": "The medical use of cannabis is becoming increasingly accepted among doctors and patients alike, and legislators are starting to legalize and regulate medical marijuana as a result.",
        "spans": [
          "The medical use of cannabis is becoming increasingly accepted among doctors and patients alike, and legislators are starting to legalize and regulate medical marijuana as a result."
        ]
      },
      {
        "point_number": 3,
        "point_content": "The War on Drugs placed a muzzle over research surrounding medical cannabis and its potential benefits for many years, as researchers were simply unable to gain access to plant materials without wading through a sea of red tape.",
        "spans": [
          "the War on Drugs placed a muzzle over research surrounding medical cannabis and its potential benefits for many years, as researchers were simply unable to gain access to plant materials without wading through a sea of red tape."
        ]
      },
      {
        "point_number": 4,
        "point_content": "Cannabis has been kept illegal under the pretense that it has 'no accepted medical benefits,' and yet it is precisely this same legal classification that prevents research that might find such benefits.",
        "spans": [
          "cannabis has been kept illegal under the pretense that it has \"no accepted medical benefits,\" and yet it is precisely this same legal classification that prevents research that might find such benefits."
        ]
      },
      {
        "point_number": 5,
        "point_content": "Research surrounding medical cannabis and its uses has been accelerating, with 2020 seeing more research carried out on cannabis than any prior year.",
        "spans": [
          "research surrounding medical cannabis and its uses has been accelerating, with 2020 seeing more research carried out on cannabis than any prior year."
        ]
      },
      {
        "point_number": 6,
        "point_content": "There are still plenty of positive signs that cannabis can indeed serve as a medicine or a complementary therapy while patients are on other medicines.",
        "spans": [
          "there are still plenty of positive signs that cannabis can indeed serve as a medicine or a complementary therapy while patients are on other medicines."
        ]
      },
      {
        "point_number": 7,
        "point_content": "Cannabidiol (CBD) medications provide many of the same benefits of cannabis without the intoxicating effects.",
        "spans": [
          "there are cannabidiol (CBD) medications that provide many of the same benefits of cannabis without the intoxicating effects."
        ]
      },
      {
        "point_number": 8,
        "point_content": "Cannabis is becoming an increasingly popular treatment for chronic pain and is being adopted by many athletes across a range of sports, as well as to help minimize inflammatory issues due to its anti-inflammatory effects.",
        "spans": [
          "Cannabis is becoming an increasingly popular treatment for chronic pain and is being adopted by many athletes across a range of sports, as well as to help minimize inflammatory issues due to its anti-inflammatory effects."
        ]
      },
      {
        "point_number": 9,
        "point_content": "Cancer patients going through chemotherapy often report that medical marijuana helps them to manage their pain and sleep through the night.",
        "spans": [
          "These benefits are also enjoyed by cancer patients going through chemotherapy, who often report that medical marijuana helps them to manage their pain and sleep through the night."
        ]
      },
      {
        "point_number": 10,
        "point_content": "Medical cannabis has been documented to alleviate symptoms of Parkinson's disease and epilepsy, as well as helping with insomnia, anxiety, PTSD, and a host of other conditions.",
        "spans": [
          "Medical cannabis has been documented to alleviate symptoms of Parkinson's disease and epilepsy, as well as helping with insomnia, anxiety, PTSD, and a host of other conditions."
        ]
      },
      {
        "point_number": 11,
        "point_content": "Cannabis can serve as a viable alternative to opioids for pain relief, which is important given the addictive and potentially fatal impacts of opioids.",
        "spans": [
          "The first reason is that cannabis, in many cases, can serve as a viable alternative to opioids for pain relief. This is critically important given the addictive and potentially fatal impacts of opioids."
        ]
      },
      {
        "point_number": 12,
        "point_content": "Medical cannabis can give patients a better, and more manageable quality of life without the same risks that come with opioid use and misuse.",
        "spans": [
          "While medical cannabis can't provide the same pain relief as an opioid can, it can give patients a better, and more manageable quality of life without the same risks that come with opioid use and misuse."
        ]
      },
      {
        "point_number": 13,
        "point_content": "Medical cannabis can be addictive and lead to withdrawal symptoms if used too regularly, but the risks are more minimal compared to other medications.",
        "spans": [
          "medical cannabis can be addictive and lead to withdrawal symptoms if used too regularly, however, the risks are certainly more minimal when compared to other medications."
        ]
      },
      {
        "point_number": 14,
        "point_content": "Prohibition of cannabis is preventing research from being carried out on its potential benefits, so legalizing it would allow for a deeper understanding of what it is capable of.",
        "spans": [
          "it is precisely the prohibition of cannabis that is preventing research from being carried out on its potential benefits, and so legalizing the plant would allow for a deeper understanding of what it is capable of."
        ]
      },
      {
        "point_number": 15,
        "point_content": "Pre-clinical trials demonstrate that the cannabinoid compound CBG can impede the proliferation of glioblastoma and enhance glioblastoma cell death, even in therapy-resistant glioblastoma stem cells.",
        "spans": [
          "there are pre-clinical trials that demonstrate that the cannabinoid compound CBG, or Cannabigerol, can impede the proliferation of glioblastoma, the most common form of brain cancer, and can also enhance glioblastoma cell death, even in therapy-resistant glioblastoma stem cells."
        ]
      }
    ],
    "clueweb22-en0028-68-19175": [
      {
        "point_number": 1,
        "point_content": "Legalising marijuana reduces crime by stopping young adults from receiving criminal charges for minor use of the drug.",
        "spans": [
          "The main argument in Australia to legalising the recreational use of marijuana is to stop young adults from receiving criminal charges for minor use of the drug."
        ]
      },
      {
        "point_number": 2,
        "point_content": "Legalising marijuana allows resources to be redirected from punishment to education and harm reduction, promoting safer use.",
        "spans": [
          "A proposed strategy is to redirect resources from punishing people to overall harm reduction with educational campaigns on the adverse effects on the safe use of marijuana."
        ]
      },
      {
        "point_number": 3,
        "point_content": "Legal marijuana generates significant tax revenue and saves costs in the justice system.",
        "spans": [
          "The cannabis industry is expected to give Australia a massive economic boost and generate over $250 million in tax revenue per year.",
          "On top of this boost, the Australian justice system is looking to save up to $1 billion after a few years of legalised marijuana."
        ]
      },
      {
        "point_number": 4,
        "point_content": "Legalising cannabis boosts the economy by creating new industries and jobs.",
        "spans": [
          "Legalising cannabis will open new horticulture, tourism, retail and import/export industry built around marijuana.",
          "An estimated $3.6 billion economy boost in Australia within the first few years."
        ]
      },
      {
        "point_number": 5,
        "point_content": "Marijuana is safer than alcohol and prescription drugs, with no recorded overdose deaths.",
        "spans": [
          "Ever since marijuana has been used, not one single death from overdose has been recorded .",
          "In 2010, over 25,000 people died from alcohol-related causes, and over 38,000 from prescription drug overdoses."
        ]
      }
    ],
    "clueweb22-en0033-78-16316": [
      {
        "point_number": 1,
        "point_content": "The criminalization of marijuana drugs has caused disproportionate harm to people of color and the youths in the process.",
        "spans": [
          "The criminalization of marijuana drugs has caused disproportionate harm to people of color and the youths in the process."
        ]
      },
      {
        "point_number": 2,
        "point_content": "Legalizing the use of marijuana will ensure people use the drug under less pressure and, therefore, can control their consumption.",
        "spans": [
          "Legalizing the use of marijuana will ensure people use the drug under less pressure and, therefore, can control their consumption."
        ]
      },
      {
        "point_number": 3,
        "point_content": "There will be reduced levels of violence as the business activities will be legalized, thus introducing policies to ensure transparency.",
        "spans": [
          "There will be reduced levels of violence as the business activities will be legalized, thus introducing policies to ensure transparency."
        ]
      },
      {
        "point_number": 4,
        "point_content": "Legalizing the consumption of marijuana will lead to the introduction of the largest cash crops around the globe grown under the rule of law, creating increased economic opportunities and jobs.",
        "spans": [
          "Legalizing the consumption of marijuana will lead to the introduction of the largest cash crops around the globe grown under the rule of law.",
          "Without a doubt, this will create increased economic opportunities and create jobs in the formal markets, thus reducing unemployment rates."
        ]
      },
      {
        "point_number": 5,
        "point_content": "The government will save on law enforcement costs by reducing correctional and court costs, and acquire significant resources through taxation of marijuana sales.",
        "spans": [
          "The government is going to save on law enforcement costs by reducing correctional and court costs.",
          "The local and state governments will acquire significant resources through the taxation of marijuana sales."
        ]
      },
      {
        "point_number": 6,
        "point_content": "Marijuana should be legalized because it has no significant detrimental effects to human health and its advantages exceed the limitations resulting from its legalization.",
        "spans": [
          "Marijuana should be legalized.",
          "This is because the only reason why it is perceived as illegal is that it has no significant benefit to human health.",
          "But as long as the drug does not cause detrimental effects to human health, it is justifiable to legalize its use.",
          "The advantages of its legalization exceed the limitations resulting from its legalization."
        ]
      }
    ],
    "clueweb22-en0005-50-04252": [
      {
        "point_number": 1,
        "point_content": "The government has said it will review the medicinal use of cannabis",
        "spans": [
          "The government has said it will review the use of medicinal cannabis"
        ]
      },
      {
        "point_number": 2,
        "point_content": "CBD-based treatments have shown some promising results for reducing seizures in children with severe epilepsies",
        "spans": [
          "CBD-based treatments have shown some promising results for reducing seizures in children with severe epilepsies"
        ]
      },
      {
        "point_number": 3,
        "point_content": "The mother of 12-year-old Billy Caldwell has reignited the debate about legalising the drug after saying it helps calm her son's seizures caused by severe epilepsy",
        "spans": [
          "The mother of 12-year-old Billy Caldwell has reignited the debate about legalising the drug after saying it helps calm her son's seizures caused by severe epilepsy"
        ]
      },
      {
        "point_number": 4,
        "point_content": "Sativex, a cannabis-based spray, has been able to be legally prescribed since 2006 to treat muscle stiffness and spasms in people with multiple sclerosis",
        "spans": [
          "Meanwhile, Sativex, a cannabis-based spray, has been able to be legally prescribed since 2006.",
          "It is licensed to treat muscle stiffness and spasms in people with multiple sclerosis"
        ]
      },
      {
        "point_number": 5,
        "point_content": "Nabilone, an artificial version of THC, can be given to cancer patients to help relieve nausea during chemotherapy",
        "spans": [
          "Another licensed treatment is Nabilone.",
          "It contains an artificial version of THC and can be given to cancer patients to help relieve nausea during chemotherapy"
        ]
      },
      {
        "point_number": 6,
        "point_content": "More than 25,000 people signed a recent petition calling on the government to legalise cannabis for both recreational and medicinal uses",
        "spans": [
          "More than 25,000 people signed a recent petition calling on the government to legalise cannabis for both recreational and medicinal uses"
        ]
      },
      {
        "point_number": 7,
        "point_content": "The petition's founders said banning the drug failed to reduce its use and it was hypocritical to allow alcohol and tobacco but not cannabis",
        "spans": [
          "The petition's founders said banning the drug failed to reduce its use and it was \"hypocritical\" of the government to allow the sale of alcohol and tobacco but not cannabis"
        ]
      },
      {
        "point_number": 8,
        "point_content": "Selling cannabis in licensed shops would limit the access of young people and regulate the THC level",
        "spans": [
          "They also said selling the drug in licensed shops would limit the access of young people to cannabis and also regulate the THC level"
        ]
      },
      {
        "point_number": 9,
        "point_content": "Cannabis has shown promise in reducing seizures and is far safer than other painkillers",
        "spans": [
          "The campaigners said cannabis has \"shown promise\" in reducing seizures and \"is far safer\" than other painkillers"
        ]
      },
      {
        "point_number": 10,
        "point_content": "Licensing and selling cannabis could net up to £3.5bn for the government",
        "spans": [
          "It has also been argued that licensing and selling cannabis could net up to £3.5bn for the government"
        ]
      },
      {
        "point_number": 11,
        "point_content": "Former Conservative leader Lord Hague called for a decisive change in the law on cannabis, saying the war against the drug had been irreversibly lost",
        "spans": [
          "Former Conservative leader Lord Hague has called for a \"decisive change\" in the law on cannabis saying \"any war\" against the drug had been \"irreversibly lost\""
        ]
      },
      {
        "point_number": 12,
        "point_content": "Many other countries have legalised the use of medicinal cannabis and some have legalised recreational use",
        "spans": [
          "Many other countries, including much of the US, Germany, Italy and the Netherlands, have legalised the use of medicinal cannabis.",
          "On Monday, Canada's House of Commons voted to legalise recreational cannabis.",
          "Uruguay legalised the recreational use of cannabis in 2013 with people allowed to grow up to six plants at home for personal use."
        ]
      }
    ],
    "clueweb22-en0016-21-00942": [
      {
        "point_number": 1,
        "point_content": "Legalizing marijuana can help lower crime rates by allowing law enforcement to focus on violent crimes rather than victimless weed offenses.",
        "spans": [
          "It can help lower crime rates",
          "legalizing marijuana in the US is actually inducing a crime drop",
          "legalizing weed will allow law enforcement officers to focus on violent crimes",
          "Police would be able to focus on arresting actual crime offenders (murderers, thieves, sexual offenders) rather than spend time arresting weed smokers whose “crime” is a victimless one."
        ]
      },
      {
        "point_number": 2,
        "point_content": "Legalizing marijuana boosts the local economy through tax revenue and job creation.",
        "spans": [
          "It boosts the local economy",
          "Legalizing marijuana can definitely have economic benefits",
          "States get tax revenue from weed sales",
          "legalizing weed provided a real economic boost to a place that had suffered a major economic collapse",
          "cannabis legalization is helping revive struggling economies"
        ]
      },
      {
        "point_number": 3,
        "point_content": "Tax money from marijuana sales can be used efficiently for public services and drug education programs.",
        "spans": [
          "Tax money can be used more efficiently",
          "The first $85 million collected since the state legalized recreational marijuana was distributed according to their law",
          "a significant portion of the money was put into schools, police, the public health system, as well as alcoholism and drug services",
          "the government can use it to finance medical cannabis research, education programs aimed at children and teenagers, and drug rehabilitation programs"
        ]
      },
      {
        "point_number": 4,
        "point_content": "Legalization encourages tourism by attracting visitors interested in cannabis culture.",
        "spans": [
          "It encourages tourism",
          "Amsterdam is known as a haven for cannabis lovers",
          "many excited tourists flock to the Dutch capital to enjoy sitting in their famous coffee shops and trying out various strains and other cannabis-related products"
        ]
      },
      {
        "point_number": 5,
        "point_content": "Legalization encourages entrepreneurship through cannabis-related business opportunities.",
        "spans": [
          "Legalization can encourage entrepreneurship",
          "where’s tourism, there’s also a big chance of various other business opportunities",
          "organizing cannabis-themed festivals, cooking classes, and post-consumption walking tours",
          "legal weed also increases the government’s tax revenue"
        ]
      },
      {
        "point_number": 6,
        "point_content": "Legalizing marijuana ensures safer consumption by regulating product quality and providing safe consumption environments.",
        "spans": [
          "Legalizing means safer consumption",
          "legal weed is sold via distributors who have to go through a complicated process of getting a license",
          "some legal marijuana states and cities are opening weed lounges where people can consume cannabis in a safe environment"
        ]
      },
      {
        "point_number": 7,
        "point_content": "Legalization allows for more comprehensive medical cannabis research and benefits patients with various conditions.",
        "spans": [
          "More medical cannabis research",
          "About 30 countries around the world have legalized cannabis to some extent for medical purposes",
          "If cannabis was fully legalized, it would allow scientists to conduct comprehensive, full-scale research on the benefits of medical cannabis"
        ]
      },
      {
        "point_number": 8,
        "point_content": "Legalizing cannabis liberates people by providing a carefree feeling and helping with stress, creativity, and social bonding without posing a safety threat.",
        "spans": [
          "Bonus reason: it liberates people",
          "Millions of cannabis users cite the carefree feeling they get from smoking cannabis as one of the main reasons for continuing to use the plant",
          "it inspires musicians and other artists to create works of art, allows people to de-stress after long hours of stressful work, helps people overcome self-consciousness, connect with others, bond better in groups",
          "cannabis doesn’t pose a threat to one’s safety",
          "No one has ever died of marijuana “overdose,” and many studies show that it actually helps fight opioid addiction"
        ]
      }
    ],
    "clueweb22-en0001-93-15886": [
      {
        "point_number": 1,
        "point_content": "The federal prohibition of marijuana has been unnecessarily cruel—wasting billions of dollars, unjustly harming millions of lives, and furthering racist policies.",
        "spans": [
          "The federal prohibition of marijuana has been unnecessarily cruel—wasting billions of dollars, unjustly harming millions of lives, and furthering racist policies."
        ]
      },
      {
        "point_number": 2,
        "point_content": "Millions of Americans have been locked up and billions of dollars have been wasted due to marijuana prohibition.",
        "spans": [
          "For decades, millions of Americans have been locked up and billions of dollars have been wasted."
        ]
      },
      {
        "point_number": 3,
        "point_content": "The prohibition has deepened racial and economic inequality.",
        "spans": [
          "It's also deepened racial and economic inequality."
        ]
      },
      {
        "point_number": 4,
        "point_content": "In 2017, more Americans were arrested for marijuana possession than for murder, rape, aggravated assault and robbery combined.",
        "spans": [
          "In 2017, more Americans were arrested for marijuana possession than for murder, rape, aggravated assault and robbery combined."
        ]
      },
      {
        "point_number": 5,
        "point_content": "The costs associated with enforcing marijuana prohibition reach nearly $14 billion a year.",
        "spans": [
          "The costs associated with enforcing this ban—including arrests, court costs, and incarceration— reach nearly $14 billion a year."
        ]
      },
      {
        "point_number": 6,
        "point_content": "Prohibition hurts the economy in terms of lost wages and makes it harder for people with criminal records to find jobs and education.",
        "spans": [
          "Prohibition also hurts the economy in terms of lost wages. And Americans with criminal records have a harder time finding a job and getting the education they need."
        ]
      },
      {
        "point_number": 7,
        "point_content": "Legalizing, taxing, and regulating marijuana is good for the economy and creates jobs.",
        "spans": [
          "On the other hand, legalizing, taxing, and regulating is good for the economy and creates jobs."
        ]
      },
      {
        "point_number": 8,
        "point_content": "Taxing marijuana could raise more than $6 billion a year for state and local governments.",
        "spans": [
          "By simply levying a tax on marijuana like we do cigarettes and alcohol, state and local governments could raise more than $6 billion a year."
        ]
      },
      {
        "point_number": 9,
        "point_content": "States like Colorado and Washington have generated millions of dollars for public investments through marijuana taxes.",
        "spans": [
          "States like Colorado and Washington that tax and regulate marijuana have already generated millions of dollars for health care, education, and other public investments."
        ]
      },
      {
        "point_number": 10,
        "point_content": "Marijuana prohibition has a racist legacy, originally targeting communities of color.",
        "spans": [
          "The federal prohibition on marijuana dates back to anti-Mexican sentiment in the 1930s. In large part, it was nothing more than another way to criminalize communities of color."
        ]
      },
      {
        "point_number": 11,
        "point_content": "Black and brown Americans are more likely to be arrested for marijuana than white Americans despite similar usage rates.",
        "spans": [
          "Today, black and brown Americans are still much more likely to be arrested for marijuana than white Americans, despite using marijuana at similar rates."
        ]
      },
      {
        "point_number": 12,
        "point_content": "Economic gains from legalization should extend to communities most harmed by the war on drugs.",
        "spans": [
          "Given the racist legacy of these laws, it's particularly important that the economic gains of legalization extend to communities that have been most harmed by the war on drugs."
        ]
      },
      {
        "point_number": 13,
        "point_content": "Support for marijuana legalization has surged, with two-thirds of Americans now in favor.",
        "spans": [
          "Support for marijuana legalization has surged in recent years, with two-thirds of Americans now in favor of it."
        ]
      },
      {
        "point_number": 14,
        "point_content": "Federal prohibition wastes billions, harms millions, and furthers racist policies, similar to alcohol prohibition in the 1920s.",
        "spans": [
          "Just as with the prohibition on alcohol in the 1920s, the federal prohibition of marijuana has been unnecessarily cruel—wasting billions of dollars, unjustly harming millions of lives, and furthering racist policies."
        ]
      }
    ],
    "clueweb22-en0026-13-18132": [
      {
        "point_number": 1,
        "point_content": "Marijuana is significantly safer than both alcohol and tobacco, with no overdose deaths linked to its use.",
        "spans": [
          "marijuana is significantly safer than both alcohol and tobacco",
          "There has never been an overdose or a fatal overdose due to marijuana use"
        ]
      },
      {
        "point_number": 2,
        "point_content": "Marijuana has medicinal properties due to cannabinoids like THC, CBD, and CBDA which help treat various medical conditions.",
        "spans": [
          "Marijuana has a long list of medical benefits thanks to the high concentration of molecules called “cannabinoids”",
          "THC has been linked to helping with depression, killing cancer cells, and treating insomnia",
          "CBD can treat seizure disorders, anxiety, inflammatory diseases, and more",
          "CBDA has antioxidant, antibacterial, and anti-inflammatory properties"
        ]
      },
      {
        "point_number": 3,
        "point_content": "Legalizing cannabis would boost state and federal revenue through taxation and create millions of new jobs.",
        "spans": [
          "states without legalized cannabis have cannabis sales and economies, but they’re illegal and under the table",
          "states and federal governments would be able to tax these products",
          "Michigan, for example, estimates that they’ll earn about $738 million extra in tax revenue from legalized cannabis",
          "Legalized cannabis could create millions of new jobs across the country"
        ]
      }
    ],
    "clueweb22-en0010-03-16746": [
      {
        "point_number": 1,
        "point_content": "Cannabis has now been legalised for medical use in more than 20 US states, Canada, Israel and several European countries.",
        "spans": [
          "Cannabis has now been legalised for medical use in more than 20 US states, Canada, Israel and several European countries."
        ]
      },
      {
        "point_number": 2,
        "point_content": "Legalising cannabis would bring both benefits and disadvantages.",
        "spans": [
          "Legalising cannabis would bring both benefits and disadvantages."
        ]
      },
      {
        "point_number": 3,
        "point_content": "The THC in cannabis has pain relieving properties, which is why many people feel marijuana should be legalised for medicinal purposes.",
        "spans": [
          "The THC in cannabis has pain relieving properties, which is why many people feel marijuana should be legalised for medicinal purposes."
        ]
      },
      {
        "point_number": 4,
        "point_content": "Marijuana can be used for glaucoma because it lowers the intraocular pressure of the eye caused by the disease and may slow the progression of the disease.",
        "spans": [
          "Marijuana can be used for glaucoma because it lowers the intraocular pressure of the eye caused by the disease and may slow the progression of the disease."
        ]
      },
      {
        "point_number": 5,
        "point_content": "A 2003 study showed that the THC in marijuana can prevent epileptic seizures as it binds to the brain cells associated with excitability and regulating relaxation.",
        "spans": [
          "A 2003 study showed that the THC in marijuana can prevent epileptic seizures as it binds to the brain cells associated with excitability and regulating relaxation."
        ]
      },
      {
        "point_number": 6,
        "point_content": "Marijuana may also slow the progression of Alzheimers.",
        "spans": [
          "Marijuana may also slow the progression of Alzheimers."
        ]
      },
      {
        "point_number": 7,
        "point_content": "It is argued that for those people for which other medication has not provided relief and who lack other alternatives then the legalisation of the therapeutic use of medical marijuana should be considered on compassionate grounds.",
        "spans": [
          "It is argued that for those people for which other medication has not provided relief and who lack other alternatives then the legalisation of the therapeutic use of medical marijuana should be considered on compassionate grounds."
        ]
      },
      {
        "point_number": 8,
        "point_content": "Other drugs such as heavy opiates are prescribed commonly for people with cancer or chronic pain and they are much more addictive than cannabis.",
        "spans": [
          "Other drugs such as heavy opiates are prescribed commonly for people with cancer or chronic pain and they are much more addictive than cannabis."
        ]
      },
      {
        "point_number": 9,
        "point_content": "The side effects of cannabis are benign compared to many of the medicines currently prescribed for many conditions.",
        "spans": [
          "The side effects of cannabis are benign compared to many of the medicines currently prescribed for many conditions."
        ]
      },
      {
        "point_number": 10,
        "point_content": "The Australian Drug Foundation supports research into medicinal marijuana usage and says some serious and debilitating conditions such as terminal illness, neurological disorders such as multiple sclerosis, muscular dystrophy, nausea and vomiting associated with chemotherapy treatment have been proven to be relieved by use of medical cannabis with low levels of THC.",
        "spans": [
          "The Australian Drug Foundation supports research into medicinal marijuana usage and says some serious and debilitating conditions such as terminal illness, neurological disorders such as multiple sclerosis, muscular dystrophy, nausea and vomiting associated with chemotherapy treatment have been proven to be relieved by use of medical cannabis with low levels of THC."
        ]
      },
      {
        "point_number": 11,
        "point_content": "When marijuana usage is illegal many people are caught up in the criminal justice system that may otherwise not be if marijuana was legal.",
        "spans": [
          "When marijuana usage is illegal many people are caught up in the criminal justice system that may otherwise not be if marijuana was legal."
        ]
      },
      {
        "point_number": 12,
        "point_content": "Drug busts often trap young people in a flawed system that turns them into lifelong criminals.",
        "spans": [
          "Drug busts often trap young people in a flawed system that turns them into lifelong criminals."
        ]
      },
      {
        "point_number": 13,
        "point_content": "Since harsh punishments may do nothing to dissuade people from using drugs; Australia in recent years has put The Cannabis Cautioning Scheme into effect.",
        "spans": [
          "Since harsh punishments may do nothing to dissuade people from using drugs; Australia in recent years has put The Cannabis Cautioning Scheme into effect."
        ]
      },
      {
        "point_number": 14,
        "point_content": "Cannabis has many other uses besides medicinal. Over 25,000 products can be made from the crop, which would help to support the economy.",
        "spans": [
          "Cannabis has many other uses besides medicinal. Over 25,000 products can be made from the crop, which would help to support the economy."
        ]
      },
      {
        "point_number": 15,
        "point_content": "Licensing cannabis would give the Australian economy an additional source of tax revenue.",
        "spans": [
          "licensing cannabis would give the Australian economy an additional source of tax revenue."
        ]
      },
      {
        "point_number": 16,
        "point_content": "If marijuana was legalised, there would also be budgetary savings from cutting the costs of policing, criminal justice and drug treatment because police and court resources would be freed up for more serious crimes.",
        "spans": [
          "If marijuana was legalised, there would also be budgetary savings from cutting the costs of policing, criminal justice and drug treatment because police and court resources would be freed up for more serious crimes."
        ]
      }
    ]
  }
}