{
  "question": "are social media cleanses effective",
  "key_points": [
    {
      "point_number": 1,
      "point_content": "Social media posts can have a huge impact on society and individuals, including causing riots and hate crimes.",
      "original_point_number": [
        1,
        2
      ]
    },
    {
      "point_number": 2,
      "point_content": "Reducing social media use, such as limiting it to 30 minutes a day or being more mindful, can significantly improve mental health by reducing anxiety, depression, loneliness, sleep problems, FOMO, and improving mood and focus.",
      "original_point_number": [
        3,
        4,
        5,
        6,
        14
      ]
    },
    {
      "point_number": 3,
      "point_content": "Social media detox is an effective remedy against deteriorating mental and physical health, helping to conquer addiction symptoms, fear of missing out, and improving overall wellbeing.",
      "original_point_number": [
        7,
        8,
        15
      ]
    },
    {
      "point_number": 4,
      "point_content": "Many people consider social media detox but often fail to stick to it; detox periods like during New Year's lead to temporary decreases in daily active users, but abstinence appears temporary.",
      "original_point_number": [
        9,
        10
      ]
    },
    {
      "point_number": 5,
      "point_content": "Taking a break or detoxing from social media can help break the social comparison cycle, reduce unhealthy competitiveness, anxiety, depression, and improve self-esteem and mood.",
      "original_point_number": [
        11,
        13,
        14
      ]
    },
    {
      "point_number": 6,
      "point_content": "Social media detox helps reconnect with the real world, reduce loneliness, stop obsessing over the past, aid recovery from breakups, and improve living in the moment.",
      "original_point_number": [
        16,
        17,
        18
      ]
    },
    {
      "point_number": 7,
      "point_content": "Social media detox frees up time for healthier activities like exercise and reading.",
      "original_point_number": [
        19
      ]
    },
    {
      "point_number": 8,
      "point_content": "Social media detox has gained popularity recently as a measure to limit access to social media platforms, with steps including telling others, deleting apps, deactivating accounts, and replacing social media with other activities.",
      "original_point_number": [
        20,
        21
      ]
    },
    {
      "point_number": 9,
      "point_content": "Gamified educational apps like MentalUP can help overcome social media addiction by setting time limits and providing fun, efficient navigation.",
      "original_point_number": [
        22
      ]
    },
    {
      "point_number": 10,
      "point_content": "Additional tips to fight social media addiction include deleting unused accounts, turning off notifications, tracking time spent, reviewing friends and follow lists, staying away from devices, planning real-life activities, and finding other beneficial distractions.",
      "original_point_number": [
        23
      ]
    }
  ]
}