{
  "question": "are social media cleanses effective",
  "key_points": {
    "null": [],
    "clueweb22-en0024-57-03172": [
      {
        "point_number": 1,
        "point_content": "A social media post can have a huge impact on society as well as on the individual.",
        "spans": [
          "A social media post can have a huge impact on society [1] as well as on the individual [2]."
        ]
      },
      {
        "point_number": 2,
        "point_content": "There are cases where a social media post has caused riots and hate crimes in society.",
        "spans": [
          "There are cases where a social media post has caused riots and hate crimes in society."
        ]
      }
    ],
    "clueweb22-en0036-38-09152": [
      {
        "point_number": 1,
        "point_content": "Reducing social media use to 30 minutes a day resulted in a significant reduction in levels of anxiety, depression, loneliness, sleep problems, and FOMO.",
        "spans": [
          "A 2018 University of Pennsylvania study found that reducing social media use to 30 minutes a day resulted in a significant reduction in levels of anxiety, depression, loneliness, sleep problems, and FOMO."
        ]
      },
      {
        "point_number": 2,
        "point_content": "Just being more mindful of your social media use can have beneficial results on your mood and focus.",
        "spans": [
          "The same study concluded that just being more mindful of your social media use can have beneficial results on your mood and focus."
        ]
      },
      {
        "point_number": 3,
        "point_content": "Reducing the amount of time spent on social media can improve mental health.",
        "spans": [
          "While 30 minutes a day may not be a realistic target for many of us, we can still benefit from reducing the amount of time we spend on social media."
        ]
      },
      {
        "point_number": 4,
        "point_content": "Reducing social media usage can actually make you feel less lonely and isolated and improve your overall wellbeing.",
        "spans": [
          "Conversely, the study found that reducing social media usage can actually make you feel less lonely and isolated and improve your overall wellbeing."
        ]
      }
    ],
    "clueweb22-en0020-42-14929": [
      {
        "point_number": 1,
        "point_content": "Social media detox is an effective remedy against deteriorating mental health and other related concerns.",
        "spans": [
          "Apart from the several authentic studies that report social media detox as an effective remedy against deteriorating mental health and other related concerns"
        ]
      },
      {
        "point_number": 2,
        "point_content": "Too much social media addiction is hazardous for mental as well as physical health.",
        "spans": [
          "Too much social media addiction is hazardous for mental as well as physical health."
        ]
      },
      {
        "point_number": 3,
        "point_content": "Many people resolute to consider social media detox for themselves yet fail to stick by the conditions.",
        "spans": [
          "Many people resolute to consider social media detox for themselves yet fail to stick by the conditions."
        ]
      },
      {
        "point_number": 4,
        "point_content": "More social media detox leading to a decrease in daily active users on social media platforms is seen during the New years that gradually grows with time, but such abstinence appears temporary.",
        "spans": [
          "Moreover, there is a noticeable pattern where more social media detox leading to a decrease in daily active users on social media platforms is seen during the New years that gradually grows with time. Such sudden abstinence, following the lifestyle trend and popularity of detox mechanisms, appears temporary."
        ]
      }
    ],
    "clueweb22-en0038-70-06967": [
      {
        "point_number": 1,
        "point_content": "Taking a break from social media can help break the social comparison cycle and improve self-esteem.",
        "spans": [
          "Break the Social Comparison Cycle",
          "Break away from this unhealthy cycle by taking a break from social media so that you can reconnect with all of the awesome things in your life."
        ]
      },
      {
        "point_number": 2,
        "point_content": "A social media detox can protect your privacy by deleting apps and accounts.",
        "spans": [
          "Protect Your Privacy",
          "Even better, you can take a social media detox that includes deleting your apps and accounts to provide yourself with the best possible privacy protection."
        ]
      },
      {
        "point_number": 3,
        "point_content": "Stepping away from social media can reduce unhealthy competitiveness and related anxiety and depression.",
        "spans": [
          "You’ll Stop Feeling So Competitive",
          "Take a mental health break by stepping away from social media for a while!"
        ]
      },
      {
        "point_number": 4,
        "point_content": "Social media detox can improve overall mood and reduce depression and stress.",
        "spans": [
          "Improve Your Overall Mood",
          "your overall mood should begin to improve as you stay away from Facebook, Twitter, and other social media sites."
        ]
      },
      {
        "point_number": 5,
        "point_content": "A social media detox helps conquer the fear of missing out and addiction symptoms.",
        "spans": [
          "Conquer Your Fear of Missing Out",
          "You can minimize this effect after your detox by scheduling a once a day visit to your favorite social media sites."
        ]
      },
      {
        "point_number": 6,
        "point_content": "Detoxing from social media helps reconnect with the real world and reduce loneliness.",
        "spans": [
          "Reconnect With the Real World",
          "The good news is that even if you’re an introvert and uncomfortable with a lot of in-person interaction, you can boost your mood by simply going out in public."
        ]
      },
      {
        "point_number": 7,
        "point_content": "Living in the moment improves when not constantly posting on social media.",
        "spans": [
          "Begin Living in the Moment",
          "If you’re living everything through the lens of social media instead of directly interacting with it, your experiences will be of lower quality and become less memorable."
        ]
      },
      {
        "point_number": 8,
        "point_content": "Social media detox helps stop obsessing over the past and aids recovery from breakups.",
        "spans": [
          "Stop Obsessing Over the Past",
          "Leaving social media behind for a while can give you the space you need to stop obsessing and actually move on with your life."
        ]
      },
      {
        "point_number": 9,
        "point_content": "Social media detox frees up time for healthier activities like exercise and reading.",
        "spans": [
          "Gain a Lot of Free Time",
          "Putting social media on pause will help you regain almost 2 hours daily, during which you can devote your energy to improving your life."
        ]
      }
    ],
    "clueweb22-en0011-36-08463": [
      {
        "point_number": 1,
        "point_content": "Social media detox has gained popularity over the past few years as a measure to limit access to social media platforms.",
        "spans": [
          "Social media detox has gained popularity over the past few years. People addicted to social media decide to take measures into their own hands and limit their own access to these platforms."
        ]
      },
      {
        "point_number": 2,
        "point_content": "Four easy steps to start social media detox include telling others, deleting apps, deactivating accounts, and replacing social media with another activity.",
        "spans": [
          "Here are four easy steps for you to start your or your children’s social media detox.",
          "Tell Others: Spread the word that you’re going on a social media detox!",
          "Delete Social Media Apps: Delete all the social apps on your phone.",
          "Deactivate Your Accounts: Deleting the apps won’t be enough.",
          "Replace Social Media With Another Activity: Explore for yourself! Find other activities that will keep your mind away from it."
        ]
      },
      {
        "point_number": 3,
        "point_content": "Gamified educational apps such as MentalUP are advantageous and fun, and they can be navigated more efficiently with the time limitations you can set for yourself, helping to overcome social media addiction.",
        "spans": [
          "Gamified educational apps such as MentalUP are advantageous and fun, and they can be navigated more efficiently with the time limitations you can set for yourself.",
          "Especially when it comes to teens addicted to social media, MentalUP is one of the best ways to overcome boredom while boosting your mental skills."
        ]
      },
      {
        "point_number": 4,
        "point_content": "Additional tips to fight social media addiction include deleting unused accounts, turning off notifications, tracking time spent, reviewing friends and follow lists, staying away from devices, planning real-life activities, and finding other beneficial distractions.",
        "spans": [
          "Delete Social Media Accounts You “Don’t Use”",
          "Turn Off Notifications",
          "Track Your Time",
          "Review Your Friends and Follow Lists",
          "Stay Away From Your Devices",
          "Plan Real-Life Activities",
          "Find Other Beneficial Distractions"
        ]
      }
    ]
  }
}