{
  "question": "when did obesity become a problem",
  "key_points": {
    "clueweb22-en0003-60-01912": [
      {
        "point_number": 1,
        "point_content": "Obesity began to be noticeable in America in the 70s, with rates increasing from the 1960s to the 1970s and a noticeable spike in 1976.",
        "spans": [
          "it began to be noticeable in America in the 70s",
          "The rates began increasing from the 1960s to the 1970s",
          "in 1976, there was a noticeable spike in it"
        ]
      },
      {
        "point_number": 2,
        "point_content": "High fructose syrup entered the food market in the 70s, contributing to the rise of obesity.",
        "spans": [
          "High fructose syrup found its way into the food market back in the 70s"
        ]
      },
      {
        "point_number": 3,
        "point_content": "The 70s and 80s saw a spike in good-food, bad food press, causing confusion among consumers about food healthiness.",
        "spans": [
          "the 70s and 80s witnessed a spike in good-food, bad food press"
        ]
      }
    ],
    "clueweb22-en0018-04-01907": [
      {
        "point_number": 1,
        "point_content": "The current worldwide epidemic of obesity, now recognized as a public health crisis, is barely a few decades old.",
        "spans": [
          "The current worldwide epidemic of obesity, now recognized as a public health crisis, is barely a few decades old."
        ]
      },
      {
        "point_number": 2,
        "point_content": "Only after the technological advances of the eighteenth century did a gradual increase in food supply became available.",
        "spans": [
          "Only after the technological advances of the eighteenth century did a gradual increase in food supply became available."
        ]
      },
      {
        "point_number": 3,
        "point_content": "Their incremental effect since the Second World War has been an overabundance of easily accessible food, coupled with reduced physical activity, that accounts for the recent increased prevalence of obesity.",
        "spans": [
          "their incremental effect since the Second World War has been an overabundance of easily accessible food, coupled with reduced physical activity, that accounts for the recent increased prevalence of obesity."
        ]
      },
      {
        "point_number": 4,
        "point_content": "Obesity as a chronic disease with well-defined pathologic consequences is less than a century old.",
        "spans": [
          "Obesity as a chronic disease with well-defined pathologic consequences is less than a century old."
        ]
      },
      {
        "point_number": 5,
        "point_content": "The impact of obesity on quality of life began to be appreciated and recorded in the eighteenth century, but only in the middle of the nineteenth century it was recognized as a cause of ill health, and then only in the first decades of the twentieth century were its morbid complications and increased mortality documented.",
        "spans": [
          "The impact of obesity on quality of life began to be appreciated and recorded in the eighteenth century, but only in the middle of the nineteenth century it was recognized as a cause of ill health, and then only in the first decades of the twentieth century were its morbid complications and increased mortality documented."
        ]
      },
      {
        "point_number": 6,
        "point_content": "What has made this gradual medicalization of obesity alarming is the exponential increase in its incidence over the past 60 years, which led the World Health Organization to declare it a global epidemic and worldwide public-health crisis.",
        "spans": [
          "What has made this gradual medicalization of obesity alarming is the exponential increase in its incidence over the past 60 years, which led the World Health Organization to declare it a global epidemic and worldwide public-health crisis."
        ]
      }
    ],
    "clueweb22-en0030-62-19111": [
      {
        "point_number": 1,
        "point_content": "Obesity became a problem with the arrival of agriculture and cities, when humans became sedentary and food became readily available.",
        "spans": [
          "However, everything changed with the arrival of agriculture and cities. Humans became sedentary. They no longer had to travel in search of food, now food came to them."
        ]
      },
      {
        "point_number": 2,
        "point_content": "Humans were designed to accumulate fat to be used in times of need, but today food is available 24/7, creating an obesogenic environment.",
        "spans": [
          "Humans were designed to accumulate corporal fat to be used in times of need.",
          "Today, most people don’t really have the need to accumulate corporal fat, since food is available 24/7. We live in an environment that offers an abundance of food. In medical terms, this is called an obesogenic environment."
        ]
      },
      {
        "point_number": 3,
        "point_content": "In nomad days, obesity was not a problem due to diet and high energy use.",
        "spans": [
          "Back in the Day There Was no Obesity",
          "In the nomad days, sugar, salt and alcohol were unknown. Humans were forced to have a diet that consisted of the combination of meat with nuts and vegetables.",
          "Humans living during this time also used three times more energy than we do now."
        ]
      },
      {
        "point_number": 4,
        "point_content": "Agriculture changed eating habits and health, leading to more carbohydrate consumption and health issues, contributing to obesity.",
        "spans": [
          "Almost 3,000 years ago, the majority of societies were already practicing agriculture.",
          "However, agriculture moved societies away from hunting, thus changing their eating habits.",
          "People started to depend more on vegetable carbohydrates, and less on animal protein.",
          "Inevitably, a change in health also occurred. There were more cases of Anemia for lack of iron, and tooth decay caused by a diet high in carbohydrates."
        ]
      },
      {
        "point_number": 5,
        "point_content": "Modern obesogenic environments promote unhealthy foods and reduce physical activity, worsening obesity.",
        "spans": [
          "The obesogenic environments of today have also taken a toll in our health.",
          "We live in a society that heavily promotes unhealthy, high caloric foods, and drinks with high amounts of sugar.",
          "technology has reduced our physical mobility to a minimum. We no longer have to walk to get anywhere."
        ]
      }
    ],
    "clueweb22-en0010-70-06934": [
      {
        "point_number": 1,
        "point_content": "The 1960s was probably the turning point for what has become the obesity epidemic.",
        "spans": [
          "No-one noticed at the time, but the 1960s was probably the turning point for what has become the obesity epidemic."
        ]
      },
      {
        "point_number": 2,
        "point_content": "The foundations for obesity were laid during the first half of the 20th Century with increased car use and less physical jobs, but food shortages during and after the world wars decreased food consumption.",
        "spans": [
          "the foundations had probably already been laid during the first half of the 20th Century when people started using cars more and doing less physical jobs.",
          "But this was also accompanied by a decrease in food consumption because of shortages during and after the two world wars."
        ]
      },
      {
        "point_number": 3,
        "point_content": "By the 1960s the food chain had recovered and within a decade obesity started rising.",
        "spans": [
          "By the swinging 60s the food chain had recovered and within a decade obesity started rising."
        ]
      }
    ],
    "clueweb22-en0034-64-13487": [
      {
        "point_number": 1,
        "point_content": "Obesity became a significant problem in the United States starting from the mid-1970s when the obesity rate was about 14%.",
        "spans": [
          "In the mid-1970s the obesity rate for the United States was about 14%."
        ]
      },
      {
        "point_number": 2,
        "point_content": "Obesity rates have increased steadily since the 1970s, with significant rises noted in the 1990s and 2000s.",
        "spans": [
          "In the mid-1970s the obesity rate for the United States was about 14%.",
          "1994 is the first year with CDC data for all states and shows all states at obesity rates of 19% or lower.",
          "By 1997, three states were in the 20-24% range: Indiana, Kentucky, and Missouri.",
          "In 2001, Missouri became the first state to have an obesity rate between 25-29%.",
          "By 2005, 14 states were in the 25-29% range while three states breached the 30% and higher rate (Louisiana, Missouri, and West Virginia).",
          "By 2010, no state reported an obesity rate under 19%.",
          "Obesity rates continued to increase in the United States each year since 2008, growing from 25.5% in 2008 to 27.1% in 2013."
        ]
      },
      {
        "point_number": 3,
        "point_content": "The CDC reported an obesity epidemic in the United States with 72 million obese people in 2005-2006.",
        "spans": [
          "The Centers for Di sease Control and Prevention (CDC) reported an “epidemic” of 72 million obese people in the United States in 2005-2006"
        ]
      },
      {
        "point_number": 4,
        "point_content": "Obesity rates worldwide have almost doubled since 1980, making it a global problem as well.",
        "spans": [
          "According to the World Health Organization (WHO) 2013 Fact Sheet “Obesity and Overweight,” obesity rates worldwide have almost doubled since 1980"
        ]
      }
    ],
    "clueweb22-en0021-17-16907": [
      {
        "point_number": 1,
        "point_content": "Obesity has been a growing health problem since infectious diseases and nutrient deficiencies began to fade in the first half of the 20th century.",
        "spans": [
          "Obesity has been a growing health problem since infectious diseases and nutrient deficiencies began to fade in the first half of the 20th century."
        ]
      },
      {
        "point_number": 2,
        "point_content": "The earliest identified discussions on the need for an organisation addressing obesity took place in Great Britain as early as 1961.",
        "spans": [
          "the earliest identified discussions on the need for an organisation addressing obesity took place in Great Britain as early as 1961"
        ]
      },
      {
        "point_number": 3,
        "point_content": "The first meeting of the 'Obesity Association' was held in London in 1967.",
        "spans": [
          "The first meeting of the \"Obesity Association\" was held in London in 1967"
        ]
      },
      {
        "point_number": 4,
        "point_content": "The International Obesity Task Force (IOTF) was formed in 1995 to alert the world to the growing health crisis threatened by soaring levels of obesity.",
        "spans": [
          "The other significant development was the formation by Philip James in 1995 of the International Obesity Task Force (IOTF). As a policy and advocacy ‘think tank’, the IOTF was formed to alert the world to the growing health crisis threatened by soaring levels of obesity."
        ]
      }
    ],
    "null": []
  }
}