{
  "question": "when did obesity become a problem",
  "key_points": [
    {
      "point_number": 1,
      "point_content": "Obesity began to be noticeable in America in the 1970s, with rates increasing from the 1960s to the 1970s and a noticeable spike in 1976, becoming a significant problem starting from the mid-1970s when the obesity rate was about 14%.",
      "original_point_number": [
        1,
        15,
        18
      ]
    },
    {
      "point_number": 2,
      "point_content": "Obesity rates have increased steadily since the 1970s, with significant rises noted in the 1990s and 2000s, and the CDC reported an obesity epidemic in the United States with 72 million obese people in 2005-2006.",
      "original_point_number": [
        19,
        20
      ]
    },
    {
      "point_number": 3,
      "point_content": "Obesity rates worldwide have almost doubled since 1980, making it a global problem and a public health crisis recognized by the World Health Organization.",
      "original_point_number": [
        4,
        9,
        21
      ]
    },
    {
      "point_number": 4,
      "point_content": "The foundations for obesity were laid during the first half of the 20th century with increased car use and less physical jobs, but food shortages during and after the world wars decreased food consumption; by the 1960s the food chain had recovered and within a decade obesity started rising.",
      "original_point_number": [
        16,
        17
      ]
    },
    {
      "point_number": 5,
      "point_content": "High fructose syrup entered the food market in the 1970s, contributing to the rise of obesity.",
      "original_point_number": [
        2
      ]
    },
    {
      "point_number": 6,
      "point_content": "The 1970s and 1980s saw a spike in good-food, bad-food press, causing confusion among consumers about food healthiness.",
      "original_point_number": [
        3
      ]
    },
    {
      "point_number": 7,
      "point_content": "Obesity as a chronic disease with well-defined pathologic consequences is less than a century old; its impact on quality of life began to be appreciated and recorded in the eighteenth century, recognized as a cause of ill health in the mid-nineteenth century, and its morbid complications and increased mortality were documented in the early twentieth century.",
      "original_point_number": [
        7,
        8
      ]
    },
    {
      "point_number": 8,
      "point_content": "What has made the gradual medicalization of obesity alarming is the exponential increase in its incidence over the past 60 years, leading the World Health Organization to declare it a global epidemic and worldwide public-health crisis.",
      "original_point_number": [
        9
      ]
    },
    {
      "point_number": 9,
      "point_content": "Only after the technological advances of the eighteenth century did a gradual increase in food supply become available, contributing to obesity.",
      "original_point_number": [
        5
      ]
    },
    {
      "point_number": 10,
      "point_content": "Obesity became a problem with the arrival of agriculture and cities, when humans became sedentary and food became readily available; agriculture changed eating habits and health, leading to more carbohydrate consumption and health issues, contributing to obesity.",
      "original_point_number": [
        10,
        13
      ]
    },
    {
      "point_number": 11,
      "point_content": "Humans were designed to accumulate fat to be used in times of need, but today food is available 24/7, creating an obesogenic environment; in nomad days, obesity was not a problem due to diet and high energy use.",
      "original_point_number": [
        11,
        12
      ]
    },
    {
      "point_number": 12,
      "point_content": "Modern obesogenic environments promote unhealthy foods and reduce physical activity, worsening obesity; their incremental effect since the Second World War has been an overabundance of easily accessible food, coupled with reduced physical activity, that accounts for the recent increased prevalence of obesity.",
      "original_point_number": [
        6,
        14
      ]
    },
    {
      "point_number": 13,
      "point_content": "Obesity has been a growing health problem since infectious diseases and nutrient deficiencies began to fade in the first half of the 20th century.",
      "original_point_number": [
        22
      ]
    },
    {
      "point_number": 14,
      "point_content": "The earliest identified discussions on the need for an organisation addressing obesity took place in Great Britain as early as 1961; the first meeting of the 'Obesity Association' was held in London in 1967; the International Obesity Task Force (IOTF) was formed in 1995 to alert the world to the growing health crisis threatened by soaring levels of obesity.",
      "original_point_number": [
        23,
        24,
        25
      ]
    }
  ]
}