{
  "question": "how will the thinking of abraham maslow influence your teaching practice in the future?",
  "key_points": [
    {
      "point_number": 1,
      "point_content": "Maslow’s Hierarchy of Needs posits that individuals have a series of needs building upon one another, starting from basic physiological needs to self-actualization, and people must satisfy lower level needs before being motivated to satisfy higher level needs.",
      "original_point_number": [
        3,
        5,
        14
      ]
    },
    {
      "point_number": 2,
      "point_content": "Maslow’s Hierarchy of Needs provides a framework for understanding student motivation and performance, emphasizing that students are less likely to perform at their full potential if their basic needs are unmet.",
      "original_point_number": [
        1,
        4,
        15
      ]
    },
    {
      "point_number": 3,
      "point_content": "Basic physiological needs such as food, water, and breaks must be met for learners to focus and engage in learning; for example, providing breakfast to hungry children addresses these needs.",
      "original_point_number": [
        2,
        6,
        8,
        16
      ]
    },
    {
      "point_number": 4,
      "point_content": "Safety and security needs in learning environments can be addressed by creating safe, comfortable surroundings, including classrooms and eLearning settings with supportive atmospheres, calming colors, and stress-relieving elements.",
      "original_point_number": [
        10,
        17
      ]
    },
    {
      "point_number": 5,
      "point_content": "Social needs are fulfilled through social learning activities, group collaboration, and teaching methods that recognize humans as social beings, allowing learners to connect and communicate.",
      "original_point_number": [
        9,
        18
      ]
    },
    {
      "point_number": 6,
      "point_content": "Esteem needs are met by developing learners' emotional intelligence, empowering them to choose exercises, and praising their successes.",
      "original_point_number": [
        19
      ]
    },
    {
      "point_number": 7,
      "point_content": "To help learners achieve self-actualization, teachers encourage goal setting, reflection, and provide tools and knowledge to realize their potential, aiming for students to be the best they can be in courses and future careers.",
      "original_point_number": [
        11,
        20
      ]
    },
    {
      "point_number": 8,
      "point_content": "Unmet needs can explain difficult behavior patterns and offer insight into the motivations behind such behaviors.",
      "original_point_number": [
        7
      ]
    },
    {
      "point_number": 9,
      "point_content": "Teachers may not consciously use Maslow’s hierarchy, but their actions and approaches can be explained by it.",
      "original_point_number": [
        12
      ]
    },
    {
      "point_number": 10,
      "point_content": "Maslow believed that individuals are motivated by intrinsic factors rather than tangible rewards or unmet desires.",
      "original_point_number": [
        13
      ]
    },
    {
      "point_number": 11,
      "point_content": "The text does not provide a direct answer to how Abraham Maslow's thinking will influence teaching practice in the future.",
      "original_point_number": [
        21
      ]
    }
  ]
}