{
  "question": "how local government works",
  "key_points": {
    "clueweb22-en0024-26-08852": [
      {
        "point_number": 1,
        "point_content": "Local government is the public administration of towns, cities, counties and districts.",
        "spans": [
          "Local government is the public administration of towns, cities, counties and districts."
        ]
      },
      {
        "point_number": 2,
        "point_content": "Local governments include both county and municipal government structures.",
        "spans": [
          "this type of government includes both county and municipal government structures"
        ]
      },
      {
        "point_number": 3,
        "point_content": "Local governments must work together to administrate a particular geographic area.",
        "spans": [
          "these entities must work together to administrate a particular geographic area"
        ]
      },
      {
        "point_number": 4,
        "point_content": "Local government runs city utilities, libraries, fire departments, public swimming pools, parks, local law enforcement and many other areas of everyday lives.",
        "spans": [
          "local government runs our city utilities, libraries, fire departments, public swimming pools, parks, local law enforcement and many other areas of our everyday lives"
        ]
      },
      {
        "point_number": 5,
        "point_content": "All local governments derive their authority from the state in which they are located.",
        "spans": [
          "all local governments derive their authority from the state in which they are located"
        ]
      },
      {
        "point_number": 6,
        "point_content": "Citizens elect most of their local government officials, including mayors, county commissioners, city councils, sheriffs and many other local government positions at both the county and city levels.",
        "spans": [
          "As with state governments, the citizens of an area elect most of their local government officials. This includes mayors, county commissioners, city councils, sheriffs and many other local government positions at both the county and city levels."
        ]
      },
      {
        "point_number": 7,
        "point_content": "County government is the public administration of a county, borough or parish and is usually the largest political subdivision within a state.",
        "spans": [
          "County government is the public administration of a county, borough or parish. Usually, county governments are the largest political subdivision within a state."
        ]
      },
      {
        "point_number": 8,
        "point_content": "A county government's main function is to locally administer state laws, but counties do not have their own laws though they collect their own taxes.",
        "spans": [
          "A county government's main function is to locally administer state laws. Note that counties do not have their own laws, though they do collect their own taxes."
        ]
      },
      {
        "point_number": 9,
        "point_content": "Elected officials head county governments, with the highest-ranking official typically known as the county commissioner or county supervisor.",
        "spans": [
          "Elected officials head county governments. The highest-ranking county official is typically known as the county commissioner or county supervisor."
        ]
      },
      {
        "point_number": 10,
        "point_content": "Common county officials include county judges, county or district attorneys, county clerks, county treasurers, sheriffs, tax assessor-collectors, justices of the peace, constables, and county auditor.",
        "spans": [
          "Other common county officials include: County judges County or district attorneys County clerks County treasurers Sheriffs Tax assessor-collectors Justices of the peace Constables County auditor"
        ]
      },
      {
        "point_number": 11,
        "point_content": "Each county has a county seat, a town that serves as the capital of that county where county offices and courts are usually located.",
        "spans": [
          "Each county has a county seat, which is a town that serves as the capital of that county. The county offices and county courts are usually located in the county seat."
        ]
      },
      {
        "point_number": 12,
        "point_content": "Municipal government is the public administration of a township, village, borough, city or town, and municipalities vary greatly in size.",
        "spans": [
          "Municipal government is the public administration of a township, village, borough, city or town. These government structures can be large or small because municipalities vary greatly in size."
        ]
      }
    ],
    "null": [],
    "clueweb22-en0015-84-13265": [
      {
        "point_number": 1,
        "point_content": "Many parts of England have 2 tiers of local government: county councils and district, borough or city councils.",
        "spans": [
          "Many parts of England have 2 tiers of local government: county councils district, borough or city councils"
        ]
      },
      {
        "point_number": 2,
        "point_content": "In some parts of the country, there’s just 1 (unitary) tier of local government providing all the local services.",
        "spans": [
          "In some parts of the country, there’s just 1 (unitary) tier of local government providing all the local services."
        ]
      },
      {
        "point_number": 3,
        "point_content": "County councils are responsible for services across the whole of a county, like education, transport, planning, fire and public safety, social care, libraries, waste management, trading standards.",
        "spans": [
          "County councils These are responsible for services across the whole of a county, like: education transport planning fire and public safety social care libraries waste management trading standards"
        ]
      },
      {
        "point_number": 4,
        "point_content": "District, borough and city councils cover a smaller area than county councils and are usually responsible for services like rubbish collection, recycling, Council Tax collections, housing, planning applications.",
        "spans": [
          "District, borough and city councils They’re usually responsible for services like: rubbish collection recycling Council Tax collections housing planning applications"
        ]
      },
      {
        "point_number": 5,
        "point_content": "Unitary authorities and London and metropolitan boroughs provide all the local services listed above, and some services like fire, police and public transport are provided through ‘joint authorities’.",
        "spans": [
          "Unitary authorities and London and metropolitan boroughs In some parts of the country, 1 tier of local government provides all the local services listed above. In London and metropolitan areas some services, like fire, police and public transport, are provided through ‘joint authorities’ (in London by the Greater London Authority)."
        ]
      },
      {
        "point_number": 6,
        "point_content": "Parish, community and town councils operate below district and borough councils and can help on local issues like allotments, public clocks, bus shelters, community centres, play areas, grants, and consultation on neighbourhood planning.",
        "spans": [
          "Parish, community and town councils They’re elected and can help on a number of local issues, like providing: allotments public clocks bus shelters community centres play areas and play equipment grants to help local organisations consultation on neighbourhood planning"
        ]
      },
      {
        "point_number": 7,
        "point_content": "Parish, community and town councils have the power to issue fixed penalty fines for litter, graffiti, fly posting, dog offences.",
        "spans": [
          "They also have the power to issue fixed penalty fines for things like: litter graffiti fly posting dog offences"
        ]
      }
    ],
    "clueweb22-en0029-15-10733": [
      {
        "point_number": 1,
        "point_content": "Local government is a devolved matter, meaning that there the local government system varies in many ways between the four nations of the UK.",
        "spans": [
          "Local government is a devolved matter, meaning that there the local government system varies in many ways between the four nations of the UK."
        ]
      },
      {
        "point_number": 2,
        "point_content": "In England, Scotland, and Wales, councils are responsible for social care and provide some aspects of transport, housing, and education, and neighbourhood services including libraries and waste collection.",
        "spans": [
          "In England, Scotland, and Wales, councils are responsible for social care and provide some aspects of transport, housing, and education. They are also in charge of a range of neighbourhood services including libraries and waste collection."
        ]
      },
      {
        "point_number": 3,
        "point_content": "Local government in Northern Ireland is more limited, councils provide some neighbourhood services such as waste collection and street cleaning but are not responsible for education, libraries, or social care.",
        "spans": [
          "Local government in Northern Ireland is more limited. Councils provide some neighbourhood services such as waste collection and street cleaning. However, they are not responsible for education, libraries, or social care."
        ]
      },
      {
        "point_number": 4,
        "point_content": "Councillors in England are elected on four-year terms to single or multi-member wards using the first past the post electoral system, with council seats elected altogether every four years, by thirds, or in halves.",
        "spans": [
          "In England, councillors are elected on four-year terms to single or multi-member wards using the first past the post electoral system. Council seats are elected altogether every four years (in 67% of councils); by thirds three years out of every four (31%); or in halves every two years (2%)."
        ]
      },
      {
        "point_number": 5,
        "point_content": "In Scotland, councillors are elected to multi-member wards via single transferable vote, a proportional voting system, with councils normally elected as a whole every four years.",
        "spans": [
          "In Scotland, councillors are elected to multi-member wards via single transferable vote, a proportional voting system which allows voters to rank candidates. Councils are normally elected as a whole every four years."
        ]
      },
      {
        "point_number": 6,
        "point_content": "In Wales, councillors are elected to single and multi-member wards using first past the post, and councils come up for election as a whole every four years.",
        "spans": [
          "In Wales, councillors are elected to single and multi-member wards using first past the post, and councils come up for election as a whole every four years."
        ]
      },
      {
        "point_number": 7,
        "point_content": "In Northern Ireland, councillors are elected via single transferable vote to multi-member electoral areas, with all councillors elected every four years.",
        "spans": [
          "In Northern Ireland, councillors are elected via single transferable vote to multi-member electoral areas. All councillors are elected every four years."
        ]
      },
      {
        "point_number": 8,
        "point_content": "Councils across the UK are funded by a combination of central government grants and local taxes, with the balance varying by nation.",
        "spans": [
          "Councils across the UK are funded by a combination of central government grants and local taxes. The balance between these funding sources varies."
        ]
      },
      {
        "point_number": 9,
        "point_content": "In England, in 2020/21, 55.7% of funding came from central government grants, 28.7% from council tax, and 15.6% from business rates revenue.",
        "spans": [
          "In England, in 2020/21, 55.7% of funding came from central government grants (adjusted to remove Covid business relief grants), 28.7% from council tax, and 15.6% from business rates revenue (which is collected locally but then redistributed via a nationally-run system)."
        ]
      },
      {
        "point_number": 10,
        "point_content": "In Scotland, 68% of council funding came from the Scottish government’s General Revenue Grant, 14% from business rate revenues, and 19% from council tax.",
        "spans": [
          "In Scotland, 68% of council funding came from the Scottish government’s General Revenue Grant, 14% from business rate revenues, and 19% from council tax."
        ]
      },
      {
        "point_number": 11,
        "point_content": "In Wales, grants from the Welsh government make up 65% of council funding, compared to 22% from council tax and 13% from business rates revenues.",
        "spans": [
          "In Wales, there is greater reliance on grants from the Welsh government, which make up 65% of council funding, compared to 22% from council tax and 13% from business rates revenues."
        ]
      },
      {
        "point_number": 12,
        "point_content": "Councils in Northern Ireland draw income from district rates (70%), grants from the Northern Ireland executive (8%), and fees for services (22%).",
        "spans": [
          "Councils in Northern Ireland are funded differently. They draw their income from district rates (70%), which are a property tax like council tax, as well as grants from the Northern Ireland executive (8%) and fees for services including building control and waste collection (22%)."
        ]
      },
      {
        "point_number": 13,
        "point_content": "There are 333 local authorities in England with varying structures: two-tier areas with county and district councils, and single-tier areas with one authority carrying out all functions.",
        "spans": [
          "There are 333 local authorities in England. The structure of government varies between them. They cover: Two-tier areas, where authorities share local government functions. These areas are covered by county councils and district councils. There are 24 county councils, which provide social care and some aspects of transport and education. The counties are sub-divided into 181 district councils, which manage neighbourhood services like waste collection. Single-tier areas, where one authority carries out all local government functions. These areas comprise the 32 London boroughs, 36 metropolitan districts (including in areas like Greater Manchester and the West Midlands), and 58 unitary authorities such as Bristol and North East Lincolnshire."
        ]
      },
      {
        "point_number": 14,
        "point_content": "Most local authorities in England are run by a leader and cabinet from councillors of the majority party or a coalition, or use a committee system with decision-making delegated to committees.",
        "spans": [
          "Most local authorities in England are run by a leader and cabinet from councillors of the majority party or a coalition of parties in cases of no overall control. Other authorities use a committee system, in which decision-making is delegated to committees of councillors from all parties."
        ]
      },
      {
        "point_number": 15,
        "point_content": "Fifteen English local authorities have transferred leadership powers to executive mayors, elected via supplementary vote system, changing to first-past-the-post in future.",
        "spans": [
          "Fifteen English local authorities, including those in Bristol, Liverpool, and Watford, have transferred leadership powers to executive mayors. To date, mayors have been elected via the supplementary vote system, which allows voters to choose their first and second-preference candidates. In the future, mayors will be elected using the first-past-the-post system, the same one used to elect Westminster MPs."
        ]
      },
      {
        "point_number": 16,
        "point_content": "Metro mayors are elected across multiple local council areas and exercise strategic economic and public service functions in partnership with other local leaders in combined authorities.",
        "spans": [
          "These local mayors are distinct from ‘metro mayors’, who are elected across a number of local council areas and exercise strategic economic and public service functions in partnership with other local leaders, who collectively form a ‘combined authority’ for the region."
        ]
      },
      {
        "point_number": 17,
        "point_content": "There are 32 local authorities in Scotland, all unitary, led by a council leader and cabinet as well as a provost, a ceremonial figurehead.",
        "spans": [
          "There are 32 local authorities in Scotland and they are all unitary authorities. Scottish councils are led by a council leader and cabinet as well as a provost – a ceremonial figurehead – chosen from and elected by their councillors."
        ]
      },
      {
        "point_number": 18,
        "point_content": "There are 22 local authorities in Wales, all unitary authorities led by a leader and cabinet elected by the council itself.",
        "spans": [
          "There are 22 local authorities in Wales. They are all unitary authorities led by a leader and cabinet elected by the council itself."
        ]
      },
      {
        "point_number": 19,
        "point_content": "There are 11 local authorities in Northern Ireland, all unitary, typically using a committee system of governance led by a chairperson or mayor chosen by the council for a one-year term.",
        "spans": [
          "There are 11 local authorities in Northern Ireland. As in Scotland and Wales, all of Northern Ireland’s councils are unitary authorities. Councils in Northern Ireland typically use a committee system of governance and are led by a chairperson (or mayor) chosen by the council for a one-year term."
        ]
      }
    ],
    "clueweb22-en0013-93-03457": [
      {
        "point_number": 1,
        "point_content": "Local government in England consists of one or two levels called Local Authorities, with some minor functions delegated to parish councils.",
        "spans": [
          "in Britain there are only one or two levels of local government - called Local Authorities",
          "some minor and strictly local functions are delegated to parish councils"
        ]
      },
      {
        "point_number": 2,
        "point_content": "The guiding principle is to have a single tier of local government (unitary authority) where possible, otherwise two tiers with different responsibilities.",
        "spans": [
          "Whenever possible and desirable, there is one single tier (or level) of local government and administration - known as a \"unitary authority\"",
          "In some areas - London and many historic rural counties - there are two tiers (levels) of local governement"
        ]
      },
      {
        "point_number": 3,
        "point_content": "In two-tier local government areas, the top tier manages strategic planning, transport, social services, education, fire and police services; the lower tier manages public housing, waste collection, and local planning.",
        "spans": [
          "By the top tier (London council or county councils) :  strategic planning, transport, social services (except in London), education (except in London), fire and police services",
          "By the lower tier (borough or district councils) :  public housing, waste collection, local planning"
        ]
      },
      {
        "point_number": 4,
        "point_content": "London has a unique two-tier system with the Greater London Authority (GLA) and borough councils sharing administration of public services.",
        "spans": [
          "London, with its Greater London Authority (GLA) , chaired by the Mayor, is a unique case.",
          "In London, the administration of public services is split  between the GLA and borough councils .  London is the only large city in England to have two tiers of local government"
        ]
      },
      {
        "point_number": 5,
        "point_content": "Metropolitan counties have no territorial administrative function; local administration is done by boroughs which are unitary authorities.",
        "spans": [
          "the metropolitan counties themselves are largely empty shells: they DO NOT HAVE any territorial administrative function",
          "All local administration is ensured by the individual boroughs within these metropolitan counties",
          "It is the boroughs, not the metropolitan counties, that are unitary authorities, i.e. the only tier of local government for their area."
        ]
      },
      {
        "point_number": 6,
        "point_content": "Non-metropolitan counties can be unitary authorities or have a two-tier system with county councils and district councils.",
        "spans": [
          "there are two types of non-metropolitan county, those that are \"unitary authorities\"",
          "those that operate with a two-tier system"
        ]
      },
      {
        "point_number": 7,
        "point_content": "Scotland has a simpler system with just 32 unitary authorities.",
        "spans": [
          "The system of local government in Scotland is even simpler than in England. There are just 32 unitary authorities."
        ]
      },
      {
        "point_number": 8,
        "point_content": "Most towns or cities are part of a district managed by a District Council led by a leader or mayor, chosen for a one-year term.",
        "spans": [
          "Most towns or cities in Britain are part of a district. Districts are managed by a District Council, under the direction of a leader appointed by councillors.",
          "mayors or council leaders are chosen from local elected representatives for a term of one year"
        ]
      },
      {
        "point_number": 9,
        "point_content": "Only 17 English cities have a directly elected mayor, a system started in London in 2000 and adopted by some cities after referendums.",
        "spans": [
          "Only 17 English cities have a directly elected mayor.",
          "The system was imposed in London in 2000 and later other cities were allowed to create the post of elected mayor, if this was approved by popular referendum."
        ]
      },
      {
        "point_number": 10,
        "point_content": "The historic office of Lord Mayor is largely ceremonial and distinct from the elected mayor role.",
        "spans": [
          "The historic office of Lord Mayor is largely ceremonial today.",
          "It is necessary to distinguish between the role of a mayor and a lord mayor ."
        ]
      },
      {
        "point_number": 11,
        "point_content": "Parish councils are small subdivisions with limited powers, often run by volunteers, with some increased freedom since 2011.",
        "spans": [
          "Parishes are a very ancient unit of territorial administration",
          "The powers of parish councils are limited mainly to social issues, sport and culture, and perhaps local parks and some local social services.",
          "since 2011, the Cameron government, as part of its policy of reducing the role and cost of local government, has given greater freedom of action to parish councils.",
          "In many cases Parish councils are largely run by unpaid volunteers"
        ]
      },
      {
        "point_number": 12,
        "point_content": "Some public services are managed by autonomous bodies not controlled by local authorities, such as hospitals, water supplies, and some state schools.",
        "spans": [
          "many public services are managed by local authorities, others are managed by autonomous public or private bodies, not controlled by local authorities",
          "hospitals (managed by hospital trusts), water supplies (delivered by private companies) and an increasing number of state schools that have adopted the status of academies or free schools"
        ]
      }
    ],
    "clueweb22-en0025-22-02680": [
      {
        "point_number": 1,
        "point_content": "Local government structure varies with most areas having 2 tiers - county and district - with split responsibilities.",
        "spans": [
          "The structure of local government varies from area to area. In most of England, there are 2 tiers – county and district – with responsibility for council services split between them."
        ]
      },
      {
        "point_number": 2,
        "point_content": "Some areas operate under a single tier structure with councils responsible for all services.",
        "spans": [
          "London, other metropolitan areas and parts of shire England operate under a single tier structure with councils responsible for all services in their area."
        ]
      },
      {
        "point_number": 3,
        "point_content": "There are 333 local authorities in England made up of 5 types: county councils, district councils, unitary authorities, metropolitan districts, London boroughs.",
        "spans": [
          "In total there are 333 local authorities in England made up of 5 different types: county councils district councils unitary authorities metropolitan districts London boroughs"
        ]
      },
      {
        "point_number": 4,
        "point_content": "Unitary authorities provide all local government services in their areas, mainly in cities, urban areas and larger towns.",
        "spans": [
          "There are 58 unitary authorities. They provide all local government services in their areas. These are mainly in the cities, urban areas and larger towns although there are now 6 shire county councils that are unitary (ie have no district councils beneath them)."
        ]
      },
      {
        "point_number": 5,
        "point_content": "London boroughs provide nearly all services in their area, with Greater London Authority providing London-wide government including police, fire, planning and transport.",
        "spans": [
          "There are 32 London boroughs. They provide nearly all the services in their area. However, the Greater London Authority (GLA) provides London-wide government, including special responsibility for police, fire, strategic planning and transport."
        ]
      },
      {
        "point_number": 6,
        "point_content": "Metropolitan districts cover 6 large urban areas and are responsible for all services, with some services provided jointly across districts.",
        "spans": [
          "There are 36 metropolitan district councils which together cover 6 large urban areas: the counties of Greater Manchester, Merseyside, South Yorkshire, Tyne and Wear, West Midlands, and West Yorkshire.",
          "Metropolitan districts are responsible for all services in their area, although certain conurbation wide services such as fire and civil defence, police, waste disposal and passenger transport are provided through joint authorities (the districts acting jointly)."
        ]
      },
      {
        "point_number": 7,
        "point_content": "County councils in 2-tier areas provide services such as education, social services and waste disposal.",
        "spans": [
          "There are 24 county councils in 2-tier areas, providing services such as education, social services and waste disposal."
        ]
      },
      {
        "point_number": 8,
        "point_content": "District councils in 2-tier areas provide local services such as rubbish collection, housing and planning applications.",
        "spans": [
          "In 2-tier areas, each county council area is subdivided into districts, for which there is an independent district council. There are 181 district councils.",
          "District councils are responsible for local services such as rubbish collection, housing and planning applications."
        ]
      },
      {
        "point_number": 9,
        "point_content": "Town and parish councils operate below district councils and unitary authorities, responsible for smaller local services like allotments, parks and community centres.",
        "spans": [
          "There are also approximately 9,000 town or parish councils in England. These operate at a level below district councils and unitary authorities.",
          "Because of their great diversity, parishes do not generally have statutory functions, although they are often responsible for smaller local services such as allotments, parks and community centres."
        ]
      },
      {
        "point_number": 10,
        "point_content": "Combined authorities are formed by two or more local authorities to make collective decisions with devolved powers and funding, without replacing existing authorities.",
        "spans": [
          "A combined authority can be set up by two or more local authorities. The government devolves various powers and funding to an area so councils can work together to make collective decisions. A combined authority does not replace the existing local authorities."
        ]
      },
      {
        "point_number": 11,
        "point_content": "Local authorities operate governance models set out by the Local Government Act 2000, including mayor and cabinet executive, leader and cabinet executive, committee system, or other approved arrangements.",
        "spans": [
          "The Local Government Act 2000 sets out the governance models that must be operated by local authorities. These are: a mayor and cabinet executive a leader and cabinet executive the committee system or other arrangements approved by the Secretary of State"
        ]
      },
      {
        "point_number": 12,
        "point_content": "Councillors are elected for 4-year terms using the first past the post system, with elections held on the first Thursday in May.",
        "spans": [
          "Members of councils - councillors - are elected for 4-year terms using the first past the post system.",
          "Elections to councils are held on the first Thursday in May."
        ]
      },
      {
        "point_number": 13,
        "point_content": "There are three electoral cycles for local councils: whole council every 4 years, halves every 2 years, or thirds every year for 3 years with no election in the 4th year.",
        "spans": [
          "The 3 methods of holding elections to local councils are: by whole council (all of the councillors are elected every 4 years) by halves (half of the councillors are elected every 2 years) by thirds (a third of the councillors are elected every year for 3 years, with no elections in the 4th year)"
        ]
      },
      {
        "point_number": 14,
        "point_content": "Electoral areas are called divisions in county councils and wards in other councils, represented by 1 to 3 councillors depending on the council type.",
        "spans": [
          "In county councils (including single tier county councils) councillors represent electoral areas called divisions.",
          "In other types of council these areas are called wards.",
          "An electoral area (ward or division) may be represented by 1, 2 or 3 councillors."
        ]
      }
    ],
    "clueweb22-en0015-51-08620": [
      {
        "point_number": 1,
        "point_content": "Local government is one of the three spheres of government together with the provincial and the national spheres.",
        "spans": [
          "Local government is one of the three spheres of government together with the provincial and the national spheres."
        ]
      },
      {
        "point_number": 2,
        "point_content": "Local government consists of municipalities, which deliver many of the services people use in their daily lives.",
        "spans": [
          "Local government consists of municipalities, which deliver many of the services people use in their daily lives."
        ]
      },
      {
        "point_number": 3,
        "point_content": "The Constitution provides for three categories of municipalities namely metropolitan, district and local municipalities.",
        "spans": [
          "The Constitution provides for three categories of municipalities namely metropolitan, district and local municipalities."
        ]
      },
      {
        "point_number": 4,
        "point_content": "In South Africa there are 278 municipalities, comprising of 8 metropolitan, 44 district and 226 local municipalities.",
        "spans": [
          "In South Africa there are 278 municipalities, comprising of 8 metropolitan, 44 district and 226 local municipalities."
        ]
      },
      {
        "point_number": 5,
        "point_content": "The Constitution spells out the function of each sphere of government in Schedules 4 and 5. Local Government functions are listed in Parts B of each Schedule.",
        "spans": [
          "The Constitution spells out the function of each sphere of government in Schedules 4 and 5. Local Government functions are listed in Parts B of each Schedule."
        ]
      },
      {
        "point_number": 6,
        "point_content": "All three spheres must coordinate their efforts.",
        "spans": [
          "All three spheres must coordinate their efforts."
        ]
      },
      {
        "point_number": 7,
        "point_content": "Municipalities govern through local councils which are elected during local government elections.",
        "spans": [
          "Municipalities govern through local councils which are elected during local government elections."
        ]
      },
      {
        "point_number": 8,
        "point_content": "Their work is carried out through by the municipal administration.",
        "spans": [
          "Their work is carried out through by the municipal administration."
        ]
      },
      {
        "point_number": 9,
        "point_content": "The public has the right and the duty to participate in municipal decision making through ward committees, public participation meetings, submission of representations and proposals and direct contact with councilors.",
        "spans": [
          "The public has the right and the duty to participate in municipal decision making through ward committees, public participation meetings, submission of representations and proposals and direct contact with councilors"
        ]
      }
    ]
  }
}