{
  "question": "what are the challenges when an organization practices valuing diversity and inclusion?",
  "key_points": [
    {
      "point_number": 1,
      "point_content": "Organizational leaders must be invested in diversity and inclusion program management for efforts to be successful, but some leaders say they are too busy to consider these efforts, which is a challenge; getting buy-in from management is critical as without understanding the value, diversity efforts face resistance.",
      "original_point_number": [
        1,
        2,
        42
      ]
    },
    {
      "point_number": 2,
      "point_content": "Organizations that do not support and nurture a diverse workplace will face major challenges in retaining diverse talent, as diverse employees are more likely to leave due to lack of value, disconnect, lack of advancement opportunities, cultural barriers, and belief that competitors are more capable; poor interpersonal interactions and discrimination also contribute to employee loss and decreased productivity.",
      "original_point_number": [
        3,
        4,
        20,
        48
      ]
    },
    {
      "point_number": 3,
      "point_content": "Properly managing diversity means minimizing challenges or barriers to a productive and diverse workforce, including overcoming workplace tensions, prejudices, backlash against change, and resistance from employees who may be slow to appreciate diversity or attempt to undermine initiatives.",
      "original_point_number": [
        5,
        6,
        7,
        8,
        9
      ]
    },
    {
      "point_number": 4,
      "point_content": "Accommodations to support diversity may include changes in meeting styles, recognizing new skills, providing prayer rooms, and offering diverse perks; mentoring new and diverse peers can help erase bias and overcome preconceptions.",
      "original_point_number": [
        10,
        11
      ]
    },
    {
      "point_number": 5,
      "point_content": "All levels of a company must be engaged in achieving diversity and work together to overcome resistance, as resistance arises because diversity initiatives are seen as punishment, mandatory for the majority, or due to bad training; everyone including front-line employees needs diversity and inclusion training to improve respect and productivity.",
      "original_point_number": [
        12,
        43,
        47
      ]
    },
    {
      "point_number": 6,
      "point_content": "Certain industries have significant lack of representation of people of color, mainly at senior levels, due to high turnover and promotion rates; lack of enough women or African American candidates in departments like engineering is also a challenge.",
      "original_point_number": [
        13,
        34
      ]
    },
    {
      "point_number": 7,
      "point_content": "The pandemic has intensified preexisting challenges that working women faced, such as finding childcare; a dispersed workforce can distance employees and teams, undermining inclusivity efforts and initiatives that existed in traditional environments.",
      "original_point_number": [
        14,
        15
      ]
    },
    {
      "point_number": 8,
      "point_content": "Companies discussed diversity in June 2020, but the discussion declined a few months later, indicating challenges in maintaining ongoing commitment to diversity and inclusion.",
      "original_point_number": [
        16
      ]
    },
    {
      "point_number": 9,
      "point_content": "Hiring for diverse backgrounds is only a first step; companies must build a truly inclusive work culture and provide equal opportunity and treatment throughout every touchpoint of the employee experience, as inclusion does not naturally result from diversity and a diverse team does not guarantee everyone feels welcome or valued.",
      "original_point_number": [
        17,
        54
      ]
    },
    {
      "point_number": 10,
      "point_content": "Unconscious bias exists and does not necessarily align with conscious beliefs, affecting decision-making and hiring often unnoticed by managers, undermining diversity efforts; unconscious bias training is necessary to address this.",
      "original_point_number": [
        18,
        36,
        37,
        51
      ]
    },
    {
      "point_number": 11,
      "point_content": "A dispersed workforce and unconscious biases can undermine inclusivity efforts, making it harder to foster an inclusive culture.",
      "original_point_number": [
        19
      ]
    },
    {
      "point_number": 12,
      "point_content": "Ethnic, cultural, language, communication, generational, age, social, and cultural differences can cause challenges in the workplace due to prejudices, intolerances, refusal to accommodate faith-related holidays, discrimination based on lifestyle, and different perceptions among groups.",
      "original_point_number": [
        21,
        22,
        23,
        24
      ]
    },
    {
      "point_number": 13,
      "point_content": "Generation gap and managing generational differences in expectations and work styles are among the biggest challenges employers face in diversity efforts; generational diversity poses challenges but employers must understand and leverage these differences.",
      "original_point_number": [
        25,
        44,
        49
      ]
    },
    {
      "point_number": 14,
      "point_content": "Employers may inadvertently discriminate through language in job ads or recruitment locations, leading to disparate impact on certain groups; diversity must be integrated into overall recruiting strategy to avoid perception of quota-filling and ensure quality hires.",
      "original_point_number": [
        26,
        39
      ]
    },
    {
      "point_number": 15,
      "point_content": "Building a culture that acknowledges biases and changes it without creating resentment is a big challenge; diversity has become a flashpoint in a polarized political environment, and companies taking sides on social issues can cause employee apprehension or hostility.",
      "original_point_number": [
        27,
        28
      ]
    },
    {
      "point_number": 16,
      "point_content": "Creating an inclusive culture where diversity is leveraged to foster innovation is challenging; focusing only on tactics without an inclusive culture foundation leads to poor retention; evolving from representation to inclusion and creating cultures where everyone can bring their true selves is elusive for most employers.",
      "original_point_number": [
        29,
        31
      ]
    },
    {
      "point_number": 17,
      "point_content": "Overcoming deep-rooted prejudices and stereotypes is a main challenge, leading to communication issues, discrimination, tension, and hostile work environments.",
      "original_point_number": [
        30
      ]
    },
    {
      "point_number": 18,
      "point_content": "Creating a culture comfortable for diverse backgrounds from the beginning is challenging; unwinding a dominant culture later is difficult; integration requires understanding employees beyond appearances and considering their life experiences.",
      "original_point_number": [
        32,
        33
      ]
    },
    {
      "point_number": 19,
      "point_content": "Not having an articulated business case for inclusion and not showing its benefits to everyone is a challenge; establishing personal accountability for increasing minority representation is also challenging, and tying compensation to diversity outcomes is rare.",
      "original_point_number": [
        35,
        45
      ]
    },
    {
      "point_number": 20,
      "point_content": "Employers often focus on external diversity markers rather than diversity of thought, which is a challenge; looking at diversity as a single-dimension concept and ignoring intersectionality is also problematic.",
      "original_point_number": [
        38,
        41
      ]
    },
    {
      "point_number": 21,
      "point_content": "Company culture often conflicts with diversity efforts as it is based on common interests, making it hard to fit diverse perspectives; diversity is tolerated but not truly accepted and embraced, so leadership must support diversity acceptance.",
      "original_point_number": [
        40,
        50
      ]
    },
    {
      "point_number": 22,
      "point_content": "Resistance to change and discomfort with new working processes can hinder diversity efforts; gradual communication and finding common ground are needed to overcome this.",
      "original_point_number": [
        52
      ]
    },
    {
      "point_number": 23,
      "point_content": "Barriers to equity can come in many forms, including bias in evaluation and hiring processes; discrimination still happens leading to employee loss, decreased productivity, and legal consequences, so company policy and training are needed.",
      "original_point_number": [
        53,
        48
      ]
    },
    {
      "point_number": 24,
      "point_content": "One of the biggest challenges companies face is a homogenous applicant pool; companies can do all the right things and still receive applications from people who look alike, have the same values, and come from similar backgrounds; in niches like these, colleges are not producing a high percentage of diverse graduates, making it difficult to recruit fresh, diverse talent.",
      "original_point_number": [
        55,
        56,
        57
      ]
    },
    {
      "point_number": 25,
      "point_content": "Rigid requirements in recruiting, such as requiring specific degrees, create limitations and can shut out qualified candidates with different but relevant backgrounds; re-thinking requirements is about setting a bar but keeping an open mind about what it takes to be over that bar, not about lowering standards.",
      "original_point_number": [
        58,
        59,
        60
      ]
    }
  ]
}