{
  "question": "when do children normally form their own views?",
  "key_points": [
    {
      "point_number": 1,
      "point_content": "Adolescence marks the beginning development of more complex thinking processes (formal logical operations), including abstract thinking and the ability to form new ideas or questions, typically between ages 12 and 18.",
      "original_point_number": [
        1,
        2,
        8,
        16
      ]
    },
    {
      "point_number": 2,
      "point_content": "During early adolescence, adolescents begin to form and verbalize their own thoughts and views on various topics, usually related to their own life, developing their own view of the world.",
      "original_point_number": [
        3,
        12,
        13,
        16
      ]
    },
    {
      "point_number": 3,
      "point_content": "Children start to formulate answers about who they are and their place in the world within a few years, with late adolescents having a stronger sense of individuality and identifying their own values.",
      "original_point_number": [
        4,
        14
      ]
    },
    {
      "point_number": 4,
      "point_content": "Even toddlers have an idea of what it means to have a 'self' and the cognitive ability to form self-worth.",
      "original_point_number": [
        5
      ]
    },
    {
      "point_number": 5,
      "point_content": "Children begin to develop an internal conscience by about age 6 and understand the need for rules by about age 9 or 10.",
      "original_point_number": [
        6
      ]
    },
    {
      "point_number": 6,
      "point_content": "Ages 12 and 13 are a transitional period where children begin added responsibility and independence, but maturity varies.",
      "original_point_number": [
        7
      ]
    },
    {
      "point_number": 7,
      "point_content": "By ages 14 to 17, adolescents begin to understand the complexity of morality and question why things are the way they are, forming their own views.",
      "original_point_number": [
        9
      ]
    },
    {
      "point_number": 8,
      "point_content": "Children form the basis of their personality between the ages of 4 and 7, so it is important to delay school entrance until after age 7 to allow individual development; in Finland, students do not begin school until after age 7, supporting individual development and producing a greater variety of voices in society.",
      "original_point_number": [
        10,
        11
      ]
    },
    {
      "point_number": 9,
      "point_content": "During the preoperational stage (about age 2 to 7), children begin analyzing their environment using mental symbols but are not yet able to apply specific cognitive operations.",
      "original_point_number": [
        17
      ]
    }
  ]
}