{
  "question": "pros and cons of gun ownership",
  "key_points": {
    "clueweb22-en0028-73-01863": [
      {
        "point_number": 1,
        "point_content": "Approximately 80 million Americans own some sort of gun; many own multiple weapons, with about 223 million registered weapons in the United States.",
        "spans": [
          "Out of 313 million Americans, approximately 80 million of them own some sort of gun; many of these people own multiple weapons.",
          "there were about 223 million registered weapons in the United States"
        ]
      },
      {
        "point_number": 2,
        "point_content": "There is a debate on whether gun ownership is good or bad, with valid points on both sides.",
        "spans": [
          "With so many gums in play, the debate continues to rage; is gun ownership a good thing or a bad thing or is owning a gun an essential object to have or doe having guns actually bring on more danger than it brings on protection?",
          "It appears that there is a lot of sense coming from both camps"
        ]
      },
      {
        "point_number": 3,
        "point_content": "Many believe owning a gun is the best line of defense against criminals and provides a feeling of security and protection.",
        "spans": [
          "there are those that think having a gun is a sure-fire way of protecting themselves and their families.",
          "there are a lot of people who are of the opinion that owning a gun is the best line of defense against a criminal who is intent on doing you harm.",
          "There is no doubt the feeling of security from owning pistols in Schaumberg are a reality"
        ]
      },
      {
        "point_number": 4,
        "point_content": "The primary pro for gun ownership is the feeling of security and protection that comes with ownership, potentially scaring off criminals or providing a means of defense.",
        "spans": [
          "The primary pro for gun ownership is the feeling of security and protection that comes with ownership.",
          "When you own a gun, just the sight of it may be enough to scare off any criminal element, but if this is not the case, you will have to face up to pulling the trigger."
        ]
      },
      {
        "point_number": 5,
        "point_content": "Disadvantages include increased risk of accidents, especially with children, and the risk of shooting a friend or family member mistaken for an intruder.",
        "spans": [
          "Having a gun in the house put the residents at a greater risk of accident; this is particularly true if there are inquisitive children in the home.",
          "When you have a gun in the home the possibility of shooting a friend or family member that enters the house unexpectedly is high. Thinking it to be an intruder, you fire without further thought, and you end up hurting or killing an innocent individual."
        ]
      }
    ],
    "clueweb22-en0033-06-18306": [
      {
        "point_number": 1,
        "point_content": "One of the main reasons why most people choose to purchase a gun is so that they can protect themselves.",
        "spans": [
          "One of the main reasons why most people choose to purchase a gun is so that they can protect themselves."
        ]
      },
      {
        "point_number": 2,
        "point_content": "68% of Americans said they feel safer in a neighborhood where guns are allowed.",
        "spans": [
          "68% of Americans said they feel safer in a neighborhood where guns are allowed."
        ]
      },
      {
        "point_number": 3,
        "point_content": "Guns have become quite a symbol of freedom in America due to the Second Amendment guaranteeing the right for all individuals to defend themselves.",
        "spans": [
          "In America, the Second Amendment guarantees the right for all individuals to defend themselves. Due to this, guns have become quite a symbol of freedom."
        ]
      },
      {
        "point_number": 4,
        "point_content": "Guns can be used for hunting and shooting, which is part of the culture in many states and can provide food.",
        "spans": [
          "Guns aren’t just for protection; in many states, the sport of hunting and shooting can be considered part of their culture."
        ]
      },
      {
        "point_number": 5,
        "point_content": "Firearms can be considered an asset as most guns increase in value over time and can be resold at a better price.",
        "spans": [
          "Most guns increase in value over time, meaning that you can resell it at a much better price than what you initially paid."
        ]
      },
      {
        "point_number": 6,
        "point_content": "Owning and using a firearm requires practice and can help develop skills like hand-eye coordination, concentration, and accuracy.",
        "spans": [
          "Owning, maintain, and using a firearm is one thing that requires a lot of practice.",
          "You’ll develop better hand-eye coordination, improve your concentration and accuracy."
        ]
      },
      {
        "point_number": 7,
        "point_content": "Irresponsible usage of firearms can cause severe injury and death, with many children living with unlocked and loaded guns leading to unintentional shootings.",
        "spans": [
          "Irresponsible usage can cause severe injury and even death.",
          "approximately 1.7 million children live with unlocked and loaded guns.",
          "81% of unintentional shootings deaths occurred when children were playing with guns without their parents’ knowledge."
        ]
      },
      {
        "point_number": 8,
        "point_content": "There has been a spike in suicides and home homicides related to access to firearms.",
        "spans": [
          "Alongside unintentional shootings, there has also been a spike in suicides and home homicides. Access to firearms plays a vital part in this, as they can easily be purchased and accessed."
        ]
      },
      {
        "point_number": 9,
        "point_content": "Guns can be scary and intimidating to many individuals, including children and those not accustomed to firearms.",
        "spans": [
          "Guns are scary.",
          "The fact that they are so powerful can be daunting to many individuals, including small children."
        ]
      },
      {
        "point_number": 10,
        "point_content": "Firearms can be expensive, with costs including the gun itself, ammunition, accessories, licenses, and training.",
        "spans": [
          "On average, a handgun of good quality is going to cost around $500 without tax.",
          "Guns need ammunition, and that is also going to take about $150 from your wallet (to start with).",
          "you are going to want to spend around $200 on accessories.",
          "You may need a license depending on what state you live and pay for some lessons (another $300) to get yourself started."
        ]
      },
      {
        "point_number": 11,
        "point_content": "Lack of proper training increases the risk of injury when using firearms.",
        "spans": [
          "Another reason why so many individuals get injured with firearms is because they are not taking the appropriate training.",
          "Guns aren’t simple to use, and without lessons, you can put not only yourself in danger but others around you."
        ]
      },
      {
        "point_number": 12,
        "point_content": "More guns may lead to more violence, with Americans being 25 times more likely to be murdered with a gun than any other developed country.",
        "spans": [
          "many experts argue that the more guns there are, the more violence there will be.",
          "One study showed that Americans are 25 times more likely to be murdered with a gun than any other developed country in the world."
        ]
      }
    ],
    "clueweb22-en0032-10-06969": [
      {
        "point_number": 1,
        "point_content": "The Second Amendment is not an unlimited right to own guns.",
        "spans": [
          "The Second Amendment is not an unlimited right to own guns.",
          "In the June 26, 2008 District of Columbia et al. v. Heller US Supreme Court majority opinion, Justice Antonin Scalia, LLB, wrote, “Like most rights, the right secured by the Second Amendment is not unlimited… nothing in our opinion should be taken to cast doubt on longstanding prohibitions on the possession of firearms by felons and the mentally ill, or laws forbidding the carrying of firearms in sensitive places such as schools and government buildings, or laws imposing conditions and qualifications on the commercial sale of arms.”",
          "On June 9, 2016 the US Ninth Circuit Court of Appeals ruled 7-4 that “[t]he right of the general public to carry a concealed firearm in public is not, and never has been, protected by the Second Amendment,” thus upholding a law requiring a permitting process and “good cause” for concealed carry licenses in California.",
          "A 2018 study found that 91% of the 1,153 court cases with claims stating a government action or law violates the Second Amendment between the 2008 DC v. Heller decision and Feb. 1, 2016 failed."
        ]
      },
      {
        "point_number": 2,
        "point_content": "More gun control laws would reduce gun deaths.",
        "spans": [
          "More gun control laws would reduce gun deaths.",
          "There were 572,537 total gun deaths between 1999 and 2016: 336,579 suicides (58.8% of total gun deaths); 213,175 homicides (37.2%); and 11,428 unintentional deaths (2.0%).",
          "Guns were the leading cause of death by homicide (67.7% of all homicides) and by suicide (51.8% of all suicides).",
          "A study in the New England Journal of Medicine found that firearms were the second leading cause of deaths for children, responsible for 15% of child deaths compared to 20% in motor vehicle crashes.",
          "A study published in the American Journal of Public Health found that “legal purchase of a handgun appears to be associated with a long-lasting increased risk of violent death”",
          "According to a Mar. 10, 2016 Lancet study, implementing federal universal background checks could reduce firearm deaths by a projected 56.9%; background checks for ammunition purchases could reduce deaths by a projected 80.7%; and gun identification requirements could reduce deaths by a projected 82.5%.",
          "Gun licensing laws were associated with a 14% decrease in firearm homicides, while increases in firearm homicides were seen in places with right-to-carry and stand-your ground-laws."
        ]
      },
      {
        "point_number": 3,
        "point_content": "High-capacity magazines should be banned because they too often turn murder into mass murder.",
        "spans": [
          "High-capacity magazines should be banned because they too often turn murder into mass murder.",
          "A Mother Jones investigation found that high-capacity magazines were used in at least 50% of the 62 mass shootings between 1982 and 2012.",
          "When high-capacity magazines were used in mass shootings, the death rate rose 63% and the injury rate rose 156%.",
          "David H. Chipman, Senior Vice President of Public Safety for ShotSpotter and former Bureau of Alcohol, Tobacco, Firearms, and Explosives (ATF) agent, stated that a high-capacity magazine “turns a killer into a killing machine.”",
          "Some gang members use high-capacity magazines, such as 30 rounds or even 90 rounds, to compensate for lack of accuracy and maximize the chance to harm.",
          "According to a Feb. 2019 NPR poll, 65% of Americans believed banning high-capacity magazines would reduce gun violence."
        ]
      },
      {
        "point_number": 4,
        "point_content": "More gun control laws are needed to protect women from domestic abusers and stalkers.",
        "spans": [
          "More gun control laws are needed to protect women from domestic abusers and stalkers.",
          "Five women are murdered with guns every day in the United States.",
          "A woman’s risk of being murdered increases 500% if a gun is present during a domestic dispute.",
          "During the Iraq and Afghanistan wars, 5,364 US soldiers were killed in action between Oct. 7, 2001 and Jan. 28, 2015; between 2001 and 2012 6,410 women were killed with a gun by an intimate partner in the United States.",
          "A 2003 study of 23 populous high-income countries found that 86% of women killed by firearms were in the United States and American women are 11.4 times more likely to be the victims of gun homicides",
          "57% of mass shootings involved domestic violence.",
          "31 states do not ban convicted misdemeanor stalkers from owning guns and 41 states do not force convicted domestic abusers from relinquishing guns they already own.",
          "76% of women murdered and 85% of women who survived a murder attempt by an intimate partner were stalked in the year before the murder or murder attempt."
        ]
      },
      {
        "point_number": 5,
        "point_content": "Guns are rarely used in self-defense.",
        "spans": [
          "Guns are rarely used in self-defense.",
          "Of the 29,618,300 violent crimes committed between 2007 and 2011, 0.79% of victims (235,700) protected themselves with a threat of use or use of a firearm, the least-employed protective behavior.",
          "In 2010 there were 230 “justifiable homicides” in which a private citizen used a firearm to kill a felon, compared to 8,275 criminal gun homicides (or, 36 criminal homicides for every “justifiable homicide”).",
          "Of the 84,495,500 property crimes committed between 2007 and 2011, 0.12% of victims (103,000) protected themselves with a threat of use or use of a firearm."
        ]
      },
      {
        "point_number": 6,
        "point_content": "Legally owned guns are frequently stolen and used by criminals.",
        "spans": [
          "Legally owned guns are frequently stolen and used by criminals.",
          "A June 2013 Institute of Medicine (IOM) report states that “[a]lmost all guns used in criminal acts enter circulation via initial legal transaction.”",
          "Between 2005 and 2010, 1.4 million guns were stolen from US homes during property crimes (including burglary and car theft), a yearly average of 232,400.",
          "Ian Ayres, JD, PhD, and John J. Donohue, JD, PhD, Professors of Law at Yale Law School and Stanford Law School respectively, state, “with guns being a product that can be easily carried away and quickly sold at a relatively high fraction of the initial cost, the presence of more guns can actually serve as a stimulus to burglary and theft. Even if the gun owner had a permit to carry a concealed weapon and would never use it in furtherance of a crime, is it likely that the same can be said for the burglar who steals the gun?”"
        ]
      },
      {
        "point_number": 7,
        "point_content": "Gun control laws would reduce the societal costs associated with gun violence.",
        "spans": [
          "Gun control laws would reduce the societal costs associated with gun violence.",
          "The more than 100,000 people shot in the United States each year generate emergency room and hospital charges of nearly $3 billion.",
          "A study in the American Journal of Public Health estimated that hospitalizations for firearm-related injuries cost Medicaid and Medicare $2.7 billion over nine years.",
          "84% of those injured by firearms are uninsured, leaving taxpayers responsible for most of those bills through programs like Medicaid.",
          "According to the World Health Organization (WHO), the costs of gun violence can include legal services, medical costs, perpetrator control, policing, incarceration, foster care, private security, lost earnings and time, life insurance, productivity, tourism, and psychological costs (pain and suffering), among others.",
          "Homicide rates doubling has been associated with a 12.5% decline in property values."
        ]
      },
      {
        "point_number": 8,
        "point_content": "A majority of adults, including gun owners, support common sense gun control such as background checks, bans on assault weapons, and bans on high-capacity magazines.",
        "spans": [
          "A majority of adults, including gun owners, support common sense gun control such as background checks, bans on assault weapons, and bans on high-capacity magazines.",
          "According to a Feb. 20, 2018 Quinnipiac Poll, 97% of American voters and 97% of gun owners support universal background checks.",
          "67% support a nationwide ban on assault weapons, and 83% support mandatory waiting periods for gun purchases.",
          "As much as 40% of all gun sales are undocumented private party gun sales that do not require a background check (aka the “gun show loophole”).",
          "53% of all adults surveyed approve of high-capacity magazine bans.",
          "89% of adults with a gun in the home approve of laws to prevent the purchase of guns by the mentally ill, and 82% approve of banning gun sales to people on no-fly lists.",
          "77% of Americans support requiring a license to purchase a gun.",
          "Don Macalady, member of Hunters against Gun Violence, stated, “As a hunter and someone who has owned guns since I was a young boy, I believe that commonsense gun legislation makes us all safer. Background checks prevent criminals and other dangerous people from getting guns.”"
        ]
      },
      {
        "point_number": 9,
        "point_content": "More gun control leads to fewer suicides.",
        "spans": [
          "More gun control leads to fewer suicides.",
          "Between 1999 and 2013 there were 270,237 firearm suicides in the United States, accounting for about 52% of all suicides during those years.",
          "When US gun ownership goes down, overall suicide rates drop; meanwhile, each 10 percentage-point increase in gun ownership is linked to a 26.9% increase in the youth suicide rate.",
          "Female first-time firearm owners were 35 times more likely to commit suicide within 12 years of buying the gun compared to women who did not own guns; male first-time firearm owners were about eight times more likely to do so.",
          "Firearm-related suicides accounted for 61% of the gun deaths in the United States between 2000 and 2010.",
          "Researchers found that a “general barrier to firearm access created through state regulation can have a significant deterrent effect on male suicide rates in the United States. Permit requirements and bans on sales to minors were the most effective of the regulations analyzed.”",
          "In Indiana and Connecticut, after “red flag” laws to remove guns from people who may pose a threat were enacted, gun suicides decreased by 7.5% and 13.7% respectively, while suicides by other means did not decrease during the same time.",
          "A person who wants to kill him/herself is unlikely to commit suicide with poison or a knife when a gun is unavailable."
        ]
      },
      {
        "point_number": 10,
        "point_content": "Enacting gun control laws such as mandatory safety features would reduce the number of accidental gun deaths.",
        "spans": [
          "Enacting gun control laws such as mandatory safety features would reduce the number of accidental gun deaths.",
          "Approximately 50% of unintentional fatal shootings were self-inflicted; and most unintentional firearm deaths were caused by friends or family members.",
          "According to the Law Center to Prevent Gun Violence and the National Physicians Alliance, states with the highest concentration of guns have nine times the amount of accidental gun deaths and “89% of unintentional shooting deaths of children occur in the home—and most of these deaths occur when children are playing with a loaded gun in their parents’ absence.”",
          "The US General Accountability Office (GAO) estimated that 31% of total accidental shooting deaths could have been prevented by installing safety devices on guns: 100% of deaths per year in which a child under 6 years old shoots and kills him/herself or another child could be prevented by automatic child-proof safety locks; and 23% of accidental shooting deaths by adolescents and adults per year could be prevented by loading indicators showing when a bullet was in the chamber ready to be fired.",
          "Marjorie Sanfilippo, PhD, Professor of Psychology at Eckerd College who has researched children’s behavior around guns, stated, “We put gates around swimming pools to keep children from drowning. We put safety caps on medications to keep children from poisoning themselves… [B]ecause children are naturally curious and impulsive, and because we have shown time and again that we cannot ‘gun-proof’ them with education, we have a responsibility to keep guns out of the hands of children.”"
        ]
      },
      {
        "point_number": 11,
        "point_content": "The presence of a gun makes a conflict more likely to become violent.",
        "spans": [
          "The presence of a gun makes a conflict more likely to become violent.",
          "The FBI found that in 2013 arguments (such as romantic triangles, brawls fueled by alcohol or drugs, and arguments over money) resulted in 1,962 gun deaths (59.9% of the total).",
          "A June 1985 study published in the American Journal of Public Health found that “the weapons used [in altercations]… were those closest at hand.”",
          "An editorial published in the June 1985 American Journal of Public Health noted, “gun-inflicted deaths [often] ensue from impromptu arguments and fights; in the US, two-thirds of the 7,900 deaths in 1981 involving arguments and brawls were caused by guns.”",
          "A 1993 study published in The New England Journal of Medicine found that “[r]ather than confer protection, guns kept in the home are associated with an increase in the risk of homicide by a family member or intimate acquaintance.”"
        ]
      },
      {
        "point_number": 12,
        "point_content": "Armed civilians are unlikely to stop crimes and are more likely to make dangerous situations, including mass shootings, more deadly.",
        "spans": [
          "Armed civilians are unlikely to stop crimes and are more likely to make dangerous situations, including mass shootings, more deadly.",
          "None of the 62 mass shootings between 1982 and 2012 was stopped by an armed civilian.",
          "Gun rights activists regularly state that a 2002 mass shooting at the Appalachian School of Law in Virginia was stopped by armed students, but those students were current and former law enforcement officers and the killer was out of bullets when subdued.",
          "Other mass shootings often held up as examples of armed citizens being able to stop mass shootings involved law enforcement or military personnel and/or the shooter had stopped shooting before being subdued, such as a 1997 high school shooting in Pearl, MS; a 1998 middle school dance shooting in Edinboro, PA; a 2007 church shooting in Colorado Springs, CO; and a 2008 bar shooting in Winnemucca, NV.",
          "Jeffrey Voccola, Assistant Professor of Writing at Kutztown University, notes, “The average gun owner, no matter how responsible, is not trained in law enforcement or on how to handle life-threatening situations, so in most cases, if a threat occurs, increasing the number of guns only creates a more volatile and dangerous situation.”"
        ]
      },
      {
        "point_number": 13,
        "point_content": "Countries with restrictive gun control laws have lower gun homicide and suicide rates than the United States.",
        "spans": [
          "Countries with restrictive gun control laws have lower gun homicide and suicide rates than the United States.",
          "Both Switzerland and Finland require gun owners to acquire licenses and pass background checks that include mental and criminal records, among other restrictions and requirements.",
          "In 2007 Switzerland ranked number 3 in international gun ownership rates with 45.7 guns per 100 people (about 3,400,000 guns total).",
          "In 2009 Switzerland had 24 gun homicides (0.31 deaths per 100,000 people) and 253 gun suicides (3.29 deaths per 100,000 people).",
          "Finland ranked fourth in international gun ownership rates with 45.3 guns per 100 people (about 2,400,000 guns total).",
          "In 2007 Finland had 23 (0.43 deaths per 100,000 people) gun homicides and 172 gun suicides (4.19 deaths per 100,000 people).",
          "The United States, categorized as having “permissive” firearm regulation by GunPolicy.org, ranked first in international gun ownership rates with 88.8 guns per 100 people (about 270,000,000 guns total).",
          "In 2007 the United States had 12,632 gun homicides (4.19 deaths per 100,000 people) and 17,352 gun suicides (5.76 deaths per 100,000 people).",
          "Harvard professor David Hemenway, PhD, wrote “We analyzed the relationship between homicide and gun availability using data from 26 developed countries from the early 1990s. We found that across developed countries, where guns are more available, there are more homicides.”",
          "According to a Mar. 2016 study, gun homicide rates in the United States were 25.3 times higher and gun suicides were 8 times higher in 2010 than in other populous, high-income countries.",
          "Additionally, 90% of women, 91% of 0- to 14-year olds, 92% of 15- to 24-year-olds, and 82% of all people killed by firearms were from the United States."
        ]
      },
      {
        "point_number": 14,
        "point_content": "The Second Amendment was intended to protect the right of militias to own guns, not the right of individuals.",
        "spans": [
          "The Second Amendment was intended to protect the right of militias to own guns, not the right of individuals.",
          "Former Justice John Paul Stevens, JD, in his dissenting opinion for District of Columbia et al. v. Heller, wrote, “the Framer’s single-minded focus in crafting the constitutional guarantee ‘to keep and bear arms’ was on military use of firearms, which they viewed in the context of service in state militias,” hence the inclusion of the phrase “well regulated militia.”",
          "Michael Waldman, JD, President of the Brennan Center for Justice at the New York University School of Law, stated there is nothing about an individual right to bear arms in the notes about the Second Amendment when it was being drafted, discussed, or ratified; the US Supreme Court declined to rule in favor of the individual right four times between 1876 and 1939; and all law articles on the Second Amendment from 1888 to 1959 stated that an individual right was not guaranteed."
        ]
      },
      {
        "point_number": 15,
        "point_content": "Civilians, including hunters, should not own military-grade firearms or firearm accessories.",
        "spans": [
          "Civilians, including hunters, should not own military-grade firearms or firearm accessories.",
          "President Ronald Reagan and others did not think the AR-15 military rifle (also called M16s by the Air Force) should be owned by civilians and, when the AR-15 was included in the assault weapons ban of 1994 (which expired on Sep. 13, 2004), the NRA supported the legislation.",
          "The Second Amendment was written at a time when the most common arms were long rifles that had to be reloaded after every shot.",
          "Civilians today have access to folding, detaching, or telescoping stocks that make the guns more easily concealed and carried; silencers to muffle gunshot sounds; flash suppressors to fire in low-light conditions without being blinded by the flash and to conceal the shooter’s location; or grenade launcher attachments.",
          "Jonathan Lowy, Director of Legal Action Project at the Brady Center to Prevent Gun Violence, stated, “These are weapons that will shred your venison before you eat it, or go through the walls of your apartment when you’re trying to defend yourself… [they are] made for mass killing, but not useful for law-abiding citizens.”"
        ]
      }
    ],
    "null": [],
    "clueweb22-en0014-98-14112": [
      {
        "point_number": 1,
        "point_content": "Most mass shootings occur from legally purchased guns, and gun control laws require background checks to prevent unauthorized access.",
        "spans": [
          "Most mass shootings occur from legally purchased guns",
          "Implementing gun control laws creates a certain restriction while legally purchasing firearms.",
          "gun control laws will require background checks on people before permitting them from purchasing firearms. This prevents any unauthorized person’s access to firearms and reduces possible danger."
        ]
      },
      {
        "point_number": 2,
        "point_content": "Access to a gun increases the risk of violence and suicide in the home, and strict gun control laws can deter this violence.",
        "spans": [
          "Access to a gun increases Risk of Violence",
          "risks of homicide in a home are 40 times more when a gun is stored in the house and the risk of suicide by firearms is said to increase 90 times when there’s a gun in the household.",
          "with strict gun control laws, people won’t be allowed to keep firearms at their home which deters violence."
        ]
      },
      {
        "point_number": 3,
        "point_content": "Gun control prevents dangerous people from owning firearms by restricting sales and requiring licensing.",
        "spans": [
          "Gun control prevents dangerous people from owning firearms",
          "Brady Bill allows sellers to privately sell firearms to anyone. This means unlicensed or unauthorized people easily gain access when they should be prohibited instead.",
          "numerous dealers that are not licensed sell the firearms in flea markets online. This increases the likelihood of an attack since dangerous and disturbed people can easily buy the firearms."
        ]
      },
      {
        "point_number": 4,
        "point_content": "Accidental injuries and deaths are reduced by gun control measures.",
        "spans": [
          "Accidental injuries are reduced",
          "Accidental shooting in the U.S results in the death of around 200 people under the age of 25, every year.",
          "30% of these incidents can be prevented with simple gun control measures.",
          "mortality rate is 7 times higher in the states with most guns when compared to 4 other states with few guns.",
          "given the strict gun laws that have been implemented since 1990 in Australia, it’s gun violence is comparably low but in the U.S, around 487 people are unintentionally killed every year."
        ]
      },
      {
        "point_number": 5,
        "point_content": "Gun control laws may increase black market demand for firearms.",
        "spans": [
          "Increase in black market demand",
          "Gun control law won’t stop determined people from purchasing firearms as those people can still buy from the black market.",
          "making it illegal hasn’t stopped people from buying it from the black market.",
          "it’ll instead involve more people into illegal stuff like stealing firearms and into circumventing the law."
        ]
      },
      {
        "point_number": 6,
        "point_content": "Gun control laws don’t completely deter crime as criminals can use other weapons and banning guns does not significantly affect homicide rates.",
        "spans": [
          "Gun control laws don’t deter crime completely",
          "banning guns doesn’t significantly affect the homicide rate.",
          "states having a high number of gun owners actually had less crime.",
          "determined people or criminals out there can use anything as a weapon to inflict damage on others."
        ]
      },
      {
        "point_number": 7,
        "point_content": "Restricting gun ownership infringes on the rights of legal owners who use guns for hunting and other lawful purposes.",
        "spans": [
          "Restricting gun ownership infringes the right of legal owners",
          "Millions of hunters legally purchase guns and accessories with the sole intention of activities related to hunting.",
          "32% of the gun owners claim to own it as a tool for hunting purposes."
        ]
      },
      {
        "point_number": 8,
        "point_content": "Gun control grants more power to the government, raising concerns about privacy and safety among gun owners.",
        "spans": [
          "Gun control grants more power to the government",
          "implementing gun control laws may increase concerns regarding their safety.",
          "The background checks will give the government more information, affecting the privacy of citizens."
        ]
      }
    ],
    "clueweb22-en0033-59-15850": [
      {
        "point_number": 1,
        "point_content": "Gun regulations can help reduce gun deaths, with states having more laws showing lower firearm fatality rates and countries with stronger gun control laws having lower violent gun death rates.",
        "spans": [
          "gun regulations can help reduce gun deaths",
          "US states with more laws regulating guns have lower firearm fatality rates",
          "The US has a much higher rate of violent gun deaths than countries with stronger gun control laws like Singapore, Japan, and the UK"
        ]
      },
      {
        "point_number": 2,
        "point_content": "Banning assault weapons may reduce mass shootings, as shown by Australia's ban leading to zero mass shootings in 20 years.",
        "spans": [
          "regulations like banning assault weapons may reduce mass shootings",
          "In 1996, following 13 mass shootings in 20 years, Australia banned semi-automatic rifles and pump-action shotguns",
          "The country experienced zero mass shootings in the 20 years that followed"
        ]
      },
      {
        "point_number": 3,
        "point_content": "Gun control measures can protect vulnerable populations, such as reducing domestic violence homicides where guns are present.",
        "spans": [
          "gun control measures can help protect vulnerable populations",
          "domestic violence issues are 500 times more likely to become homicides when a gun is present",
          "higher gun ownership rates correlate with higher rates of domestic violence homicide"
        ]
      },
      {
        "point_number": 4,
        "point_content": "Gun control measures can reduce suicide rates, as guns are the most common method of suicide and states with lower gun ownership see lower suicide rates.",
        "spans": [
          "gun control measures can reduce suicide rates",
          "suicides account for 60 percent of gun-related deaths in the US",
          "Guns are the most common method of suicide",
          "states with lower rates of gun ownership see lower suicide rates"
        ]
      },
      {
        "point_number": 5,
        "point_content": "Gun ownership is a constitutionally protected right under the Second Amendment, and some argue regulations infringe on this right.",
        "spans": [
          "gun ownership is a constitutionally protected right",
          "The Second Amendment to the US Constitution states, “A well regulated Militia, being necessary to the security of a free State, the right of the people to keep and bear Arms, shall not be infringed.”",
          "Gun rights advocates maintain that regulations that make it harder to possess guns lawfully are unconstitutional"
        ]
      },
      {
        "point_number": 6,
        "point_content": "Some research suggests common gun control measures have minimal impact on mass shooting rates.",
        "spans": [
          "some research suggests that common US gun control measures barely impact mass shooting rates",
          "assault weapon and high-capacity magazine bans and background check requirements only minimally reduce US mass shootings",
          "enacting a statewide assault weapons ban decreases the number of mass shootings in the state by one shooting every six years",
          "no evidence that these regulations reduce the total number of mass shooting deaths"
        ]
      },
      {
        "point_number": 7,
        "point_content": "Other violence prevention strategies, like community policing, may reduce gun violence more effectively than gun control laws.",
        "spans": [
          "other violence prevention strategies may reduce gun violence and save lives more effectively",
          "Boston implemented Gun Violence Intervention — an interpersonal community-policing strategy — in the mid-990s",
          "This resulted in a 63 percent monthly reduction in youth homicides"
        ]
      }
    ],
    "clueweb22-en0016-82-06371": [
      {
        "point_number": 1,
        "point_content": "Gun control is very controversial issue because all though guns can be used for leisure, they can cause much harm.",
        "spans": [
          "Gun control is very controversial issue because all though guns can be used for leisure, they can cause much harm."
        ]
      },
      {
        "point_number": 2,
        "point_content": "The second amendment of the US constitution protects the individual gun ownership.",
        "spans": [
          "The second amendment of the US constitution protects the individual gun ownership."
        ]
      },
      {
        "point_number": 3,
        "point_content": "More gun control laws would reduce the deaths, with high compacity magazines should be banned because they turn people into mass murders.",
        "spans": [
          "They say more gun control laws would reduce the deaths, with high compacity magazines should be banned because they turn people into mass murders."
        ]
      },
      {
        "point_number": 4,
        "point_content": "There are more deaths related to guns then there are with knifes, those people who want more restricting laws have a good reason to do so, to protect themselves and the people they love from harm.",
        "spans": [
          "There are more deaths related to guns then there are with knifes, those people who want more restricting laws have a good reason to do so, to protect themselves and the people they love from harm."
        ]
      },
      {
        "point_number": 5,
        "point_content": "Some people support gun control just because they don’t like guns.",
        "spans": [
          "Some people support gun control just because they don’t like guns."
        ]
      },
      {
        "point_number": 6,
        "point_content": "There is already a strict background check that is required for all who wish to buy a gun and hold a foid card.",
        "spans": [
          "There is already a strict background check that is required for all who wish to buy a gun and hold a foid card."
        ]
      },
      {
        "point_number": 7,
        "point_content": "The gun crime statistics from all over reveals that after the laws have come into force, there has been a steep increase not only in the number of murders but also in the number of suicides.",
        "spans": [
          "The gun crime statistics from all over reveals that after the laws have come into force, there has been a steep increase not only in the number of murders but also in the number of suicides."
        ]
      },
      {
        "point_number": 8,
        "point_content": "Gun control does not decrease gun ownership by criminals but instead reduces their incentives to refrain from violence.",
        "spans": [
          "Gun control does not decrease gun ownership by criminals but instead reduces their incentives to refrain from violence."
        ]
      },
      {
        "point_number": 9,
        "point_content": "Stricter gun control laws would reduce deaths resulting from individually owned guns.",
        "spans": [
          "Stricter gun control laws would reduce deaths resulting from individually owned guns."
        ]
      },
      {
        "point_number": 10,
        "point_content": "Between 1999- 2013 the number of gun deaths totaled to 464,033. Out of that 270,237 was gun suicide cases, 9,983 were unintentional deaths, while 174,773 were homicides.",
        "spans": [
          "Between 1999- 2013 the number of gun deaths totaled to 464,033. Out of that 270,237 was gun suicide cases, 9,983 were unintentional deaths, while 174,773 were homicides."
        ]
      },
      {
        "point_number": 11,
        "point_content": "People are easier to control when they are disarmed, gun control is not about the gun, but is it about control.",
        "spans": [
          "People are easier to control when they are disarmed, gun control is not about the gun, but is it about control."
        ]
      },
      {
        "point_number": 12,
        "point_content": "The pros of gun control include: The second amendment is not an unlimited right to own guns, more gun control laws would reduce gun deaths, more gun control laws are needed to protect women from domestic abusers and stalkers, guns are rarely used in self- defense, legally owned guns are frequently stolen and used by criminals, gun control laws would reduce the societal cost associated with gun violence, a majority of adults including gun owners, support common sense gun control such as background checks and bans on assault weapons, more gun control leads to fewer suicides, enacting gun control laws such as mandatory safety features would reduce the number of accidental gun deaths.",
        "spans": [
          "These are the pros: The second amendment is not an unlimited right to own guns, more gun control laws would reduce gun deaths, more gun control laws are needed to protect women from domestic abusers and stalkers, guns are rarely used in self- defense, legally owned guns are frequently stolen and used by criminals, gun control laws would reduce the societal cost associated with gun violence, a majority of adults including gun owners, support common sense gun control such as background checks and bans on assault weapons, more gun control leads to fewer suicides, enacting gun control laws such as mandatory safety features would reduce the number of accidental gun deaths, I could go on with all the pros about gun control."
        ]
      },
      {
        "point_number": 13,
        "point_content": "The cons of gun control include: gun control laws do not deter crime gun ownership deters crime, gun control laws infringe upon the right to self-defense and deny people a sense of safety, gun control laws especially those that try to ban assault weapons infringe up on the right to own guns for hunting and sports, gun control laws will not prevent criminals from obtaining guns or breaking laws, gun control laws give too much power to the government and may result in government tyranny and government taking away all guns from citizens, gun control laws such as background checks and micro-stamping are invasion of privacy, more gun control is unnecessary because relatively few people are killed by guns, gun control laws and lower gun ownership rates do not prevent suicides, more gun control is not needed education about gun safety is needed to prevent accidental gun death, gun control laws would prevent citizens from protecting themselves from foreign invaders.",
        "spans": [
          "The Cons: gun control laws do not deter crime gun ownership deters crime, gun control laws infringe upon the right to self-defense and deny people a sense of safety, gun control laws especially those that try to ban assault weapons infringe up on the right to own guns for hunting and sports, gun control laws will not prevent criminals from obtaining guns or breaking laws, gun control laws give too much power to the government and may result in government tyranny and government taking away all guns from citizens, gun control laws such as background checks and micro-stamping are invasion of privacy, more gun control is unnecessary because relatively few people are killed by guns, gun control laws and lower gun ownership rates do not prevent suicides, more gun control is not needed education about gun safety is needed to prevent accidental gun death, gun control laws would prevent citizens from protecting themselves from foreign invaders."
        ]
      }
    ],
    "clueweb22-en0046-30-08994": [
      {
        "point_number": 1,
        "point_content": "Gun ownership is both a basic American right and one of the most contentious social and political issues of the day.",
        "spans": [
          "Gun ownership is both a basic American right and one of the most contentious social and political issues of the day."
        ]
      },
      {
        "point_number": 2,
        "point_content": "Many firearms were bought with home protection in mind, and a gun can be an effective line of defense against intruders and criminals.",
        "spans": [
          "Many of these firearms were bought with home protection in mind, which makes sense: in the right circumstances, a gun can be your first and most effective line of defense against intruders and criminals."
        ]
      },
      {
        "point_number": 3,
        "point_content": "Having a gun gives owners a fighting chance against burglars or home invaders, with defensive gun use ranging from 55,000 to over two million per year in the US.",
        "spans": [
          "For many gun owners, it’s a simple calculus: having a gun gives them at least a fighting chance in the event that a burglar or home invader manages to get in.",
          "definitive numbers on the frequency of defensive gun use in the US are hard to come by; they range from a low of 55,000 to a high of over two million per year"
        ]
      },
      {
        "point_number": 4,
        "point_content": "74% of criminals try to avoid breaking into houses when the owners are home due to fear of being shot.",
        "spans": [
          "Criminals don’t like finding themselves on the business end of a gun barrel any more than the rest of us do, which is why 74% of them actively try to avoid breaking into houses when the owners are home."
        ]
      },
      {
        "point_number": 5,
        "point_content": "Having a gun in the house makes living there statistically more dangerous due to unintentional shootings and increased risk of firearm-related homicide or suicide.",
        "spans": [
          "Having a gun in the house makes living there statistically more dangerous",
          "Studies have shown that unintentional shootings are four times as common as occurrences of gun use in legitimate home defense situations.",
          "Having a gun in the house also increases your own chances of becoming the victim of a firearm-related homicide or suicide in the home."
        ]
      },
      {
        "point_number": 6,
        "point_content": "The presence of a firearm in the home can affect children's safety, with many children handling guns without parents' knowledge and 72% of child or teen firearm deaths involving guns from their own home.",
        "spans": [
          "Most gun-owning parents take precautions to keep their children from finding and handling the family’s firearms.",
          "despite these efforts, children often handle guns in the home without their parents’ knowledge; in one study, 22% of parents who believed that their children had never handled the guns in the home were contradicted by the children themselves.",
          "when a child or teen is killed by a firearm, the gun that killed them comes from their own home fully 72 percent of the time."
        ]
      },
      {
        "point_number": 7,
        "point_content": "Whether a gun is the best choice for home protection is a personal decision weighing risks and rewards.",
        "spans": [
          "There is no “right” answer.",
          "Whether or not a gun is the best choice for your home protection needs is a very personal decision.",
          "You are the best person to realistically assess the tradeoff between the risks and rewards of gun ownership and decide what the best course of action is for your family."
        ]
      }
    ],
    "clueweb22-en0023-16-00194": [
      {
        "point_number": 1,
        "point_content": "Most mass shootings involve guns that were purchased legally, suggesting gun control could make society safer by restricting access to dangerous weapons.",
        "spans": [
          "most come from guns that were purchased legally"
        ]
      },
      {
        "point_number": 2,
        "point_content": "A majority of mass shootings start because of domestic violence incidents, and federal law prohibits convicted domestic abusers from gun ownership, but state laws do not always match this.",
        "spans": [
          "A majority of mass shootings start because of a domestic violence incident",
          "Federal law prohibits convicted domestic abusers from gun ownership, but matching state laws do not exist."
        ]
      },
      {
        "point_number": 3,
        "point_content": "Homes with guns stored in them have a higher risk of violent incidents and suicides, even if the guns are stored safely.",
        "spans": [
          "Homes with guns stored in them (even safely) increases the risk of a violent incident",
          "the risk of a homicide occurring in a home is 40 times higher when there is a gun stored in it",
          "Suicides are 90 times more likely to happen in homes where a firearm is present"
        ]
      },
      {
        "point_number": 4,
        "point_content": "Gun control can be implemented without taking away rights from current legal gun owners, through licensing, enforcing laws, and temporary restrictions.",
        "spans": [
          "Current legal gun owners don’t need to lose their rights to make others safer",
          "Licensing requirements could work like a driver’s license to ensure firearm knowledge",
          "Enforcing laws on the federal level in states would prevent ownership for those should shouldn’t have access to a gun",
          "Temporary restrictions for specific charges that are domestically related could prevent “crimes of passion.”"
        ]
      },
      {
        "point_number": 5,
        "point_content": "Gun control efforts could prevent accidental injuries and deaths, especially among children and young people.",
        "spans": [
          "Gun control efforts could prevent accidental injuries",
          "children who live in a home with a firearm, even if it is locked safely, are three times more likely to die because of an accidental shooting",
          "About 200 people each year under the age of 25 die because of an accidental shooting in the United States"
        ]
      },
      {
        "point_number": 6,
        "point_content": "Gun control could close loopholes in gun ownership, such as unlicensed dealers at gun shows and incomplete background checks.",
        "spans": [
          "There are loopholes in gun ownership that control measures could close",
          "Up to 50% of the dealers at them are not licensed to sell firearms",
          "If the FBI fails to complete a background check in 72 business hours, even a licensed dealer can decide to complete the sale"
        ]
      },
      {
        "point_number": 7,
        "point_content": "A small percentage of people own a large percentage of guns, and gun control could reduce excessive ownership.",
        "spans": [
          "Only 3% of people own 50% of the civilian weapons in the United States"
        ]
      },
      {
        "point_number": 8,
        "point_content": "Gun control could reduce the use of high-capacity magazines, which increase fatalities and injuries in mass shootings.",
        "spans": [
          "in roughly half of the mass shootings that happened between 1982-2012, high-capacity magazines were used",
          "the fatality rate rose by more than 60% for each incident",
          "Injury rates from high-capacity mags climbed 156%"
        ]
      },
      {
        "point_number": 9,
        "point_content": "Gun violence has a significant societal cost, and gun control laws could save money by reducing these costs.",
        "spans": [
          "Gun control laws could save a lot of money from a societal standpoint",
          "The U.S. government lost over $5 billion in tax revenues because of these violent acts",
          "84% of the people treated for gunshot wounds do not have insurance"
        ]
      },
      {
        "point_number": 10,
        "point_content": "Gun control does not stop determined people from obtaining firearms, similar to how drug prohibition does not stop drug use.",
        "spans": [
          "Gun control doesn’t stop people who are determined to purchase a firearm"
        ]
      },
      {
        "point_number": 11,
        "point_content": "Guns are tools that can be used for harm, but banning them won't stop determined individuals from causing violence.",
        "spans": [
          "Guns are tools that people use",
          "banning firearms won’t change an outcome for a determined individual"
        ]
      },
      {
        "point_number": 12,
        "point_content": "Most gun violence statistics include suicides, and focusing only on gun control ignores other methods of suicide.",
        "spans": [
          "Most of the gun violence statistics involve suicides",
          "If we only focus on gun control, then the other methods of suicide will see a surge of interest"
        ]
      },
      {
        "point_number": 13,
        "point_content": "Gun control debates are often driven by fear rather than facts, and education about firearms as tools could be a better solution.",
        "spans": [
          "Gun control actions are usually based on fear instead of fact",
          "A better solution than banning firearms would be to offer educational programs that help people to understand how it is a useful tool"
        ]
      },
      {
        "point_number": 14,
        "point_content": "Gun control does not address the root causes of violence, which are societal values and attitudes towards human life.",
        "spans": [
          "An effort at gun control doesn’t change the root cause of the issue",
          "We must think that all human life and its potential is priceless for us to begin moving beyond where we are at"
        ]
      },
      {
        "point_number": 15,
        "point_content": "Most gun-related violence incidents are acts of self-defense, and gun control could prevent successful self-defense outcomes.",
        "spans": [
          "Most incidents of violence that involve a gun are self-defense actions",
          "There are always stories of tragedy to find, but it is also important to review the stories of success where gun control could have prevented a successful outcome too"
        ]
      },
      {
        "point_number": 16,
        "point_content": "Gun control laws do not deter crime; states with higher gun ownership have seen drops in violent crime.",
        "spans": [
          "Gun control laws do not deter crime",
          "The states which had the highest rates of gun ownership actually had the steepest drops in violent crime"
        ]
      },
      {
        "point_number": 17,
        "point_content": "Gun control laws infringe on the rights of legal owners, many of whom use guns for hunting and sport.",
        "spans": [
          "Laws that restrict gun ownership infringe on the rights of legal owners",
          "Many of the guns that are targeted for control measures are called “assault rifles,” but that is not really what they are"
        ]
      },
      {
        "point_number": 18,
        "point_content": "Gun control laws put power in the hands of the government, raising concerns about tyranny and privacy.",
        "spans": [
          "Gun control laws put the power of ownership in the hands of the government",
          "If the government knows who owns all the guns and can keep that information indefinitely, then there is nothing that can stop them from targeting those people first"
        ]
      },
      {
        "point_number": 19,
        "point_content": "Gun control measures create privacy violations through tracking and licensing requirements.",
        "spans": [
          "Measures to control guns create a violation of privacy",
          "If microstamping efforts, licensing, or other forms of coding are instituted to track guns, then it would create a privacy issue"
        ]
      },
      {
        "point_number": 20,
        "point_content": "More people die from other causes at a significantly higher rate than from firearms.",
        "spans": [
          "More people die from other causes at a significantly higher rate than they do with firearms",
          "Between 1999-2013, firearms were only the 12th-leading cause of death in the United States"
        ]
      },
      {
        "point_number": 21,
        "point_content": "Gun control laws do not prevent suicides, as countries with low gun ownership can have high suicide rates.",
        "spans": [
          "Gun control laws do not prevent suicides from occurring",
          "Lithuania is an excellent example of why gun ownership is not a measuring tool to use when looking at the rate of suicide for a country"
        ]
      }
    ]
  }
}