{
  "question": "pros and cons of gun ownership",
  "key_points": [
    {
      "point_number": 1,
      "point_content": "Approximately 80 million Americans own some sort of gun; many own multiple weapons, with about 223 million registered weapons in the United States.",
      "original_point_number": [
        1
      ]
    },
    {
      "point_number": 2,
      "point_content": "Gun ownership is a basic American right protected by the Second Amendment, which guarantees individuals the right to defend themselves, but this right is not unlimited and is subject to debate and regulation.",
      "original_point_number": [
        8,
        18,
        45,
        49,
        59,
        61
      ]
    },
    {
      "point_number": 3,
      "point_content": "Many people choose to own guns primarily for self-defense, feeling safer and more protected against criminals, with statistics showing defensive gun use ranging from 55,000 to over two million per year in the US, and 68% of Americans feeling safer in neighborhoods where guns are allowed.",
      "original_point_number": [
        3,
        4,
        6,
        7,
        62,
        63
      ]
    },
    {
      "point_number": 4,
      "point_content": "Having a gun in the home can provide a fighting chance against burglars or intruders and may deter criminals, as 74% of criminals try to avoid breaking into houses when owners are home due to fear of being shot.",
      "original_point_number": [
        3,
        4,
        63,
        64
      ]
    },
    {
      "point_number": 5,
      "point_content": "The presence of a gun in the home increases risks, including accidental shootings especially involving children, unintentional shootings of friends or family mistaken for intruders, increased risk of firearm-related homicide or suicide, and many children handling guns without parents' knowledge, with 72% of child or teen firearm deaths involving guns from their own home.",
      "original_point_number": [
        5,
        12,
        13,
        14,
        65,
        66
      ]
    },
    {
      "point_number": 6,
      "point_content": "Owning and using firearms requires practice and training to develop skills like hand-eye coordination, concentration, and accuracy, and lack of proper training increases the risk of injury and accidents.",
      "original_point_number": [
        11,
        15,
        16
      ]
    },
    {
      "point_number": 7,
      "point_content": "Guns are used for hunting and shooting, which is part of the culture in many states and can provide food; firearms can also be considered assets as most guns increase in value over time and can be resold at a better price.",
      "original_point_number": [
        9,
        10
      ]
    },
    {
      "point_number": 8,
      "point_content": "Gun ownership is controversial because while guns can be used for leisure and protection, they can also cause significant harm, including increased violence and deaths.",
      "original_point_number": [
        2,
        48,
        51
      ]
    },
    {
      "point_number": 9,
      "point_content": "More guns may lead to more violence, with Americans being 25 times more likely to be murdered with a gun than any other developed country, and the presence of a gun makes conflicts more likely to become violent.",
      "original_point_number": [
        17,
        28
      ]
    },
    {
      "point_number": 10,
      "point_content": "Gun control laws are proposed to reduce gun deaths, including homicides, suicides, accidental deaths, and domestic violence homicides, by restricting sales, requiring licensing, banning high-capacity magazines, and implementing safety features.",
      "original_point_number": [
        19,
        20,
        21,
        24,
        26,
        27,
        33,
        34,
        35,
        36,
        41,
        43,
        44,
        50,
        56,
        59
      ]
    },
    {
      "point_number": 11,
      "point_content": "Gun control laws may not completely deter crime as criminals can use other weapons, and some research suggests common gun control measures have minimal impact on mass shooting rates; gun control laws may also increase black market demand for firearms.",
      "original_point_number": [
        37,
        38,
        46,
        55,
        77,
        78
      ]
    },
    {
      "point_number": 12,
      "point_content": "Gun control laws raise concerns about infringing on the rights of legal gun owners who use guns for hunting, sport, and self-defense, and about granting too much power to the government, potentially leading to privacy violations, government tyranny, and loss of safety.",
      "original_point_number": [
        39,
        40,
        45,
        59,
        60,
        84,
        85,
        86
      ]
    },
    {
      "point_number": 13,
      "point_content": "Most mass shootings involve guns that were purchased legally, and gun control laws requiring background checks aim to prevent unauthorized access; however, legally owned guns are frequently stolen and used by criminals.",
      "original_point_number": [
        23,
        33,
        68
      ]
    },
    {
      "point_number": 14,
      "point_content": "Gun control measures can protect vulnerable populations, such as women from domestic abusers and stalkers, and reduce societal costs associated with gun violence.",
      "original_point_number": [
        21,
        24,
        43,
        76
      ]
    },
    {
      "point_number": 15,
      "point_content": "Gun control can be implemented without taking away rights from current legal gun owners through licensing, enforcing laws, and temporary restrictions, and could close loopholes such as unlicensed dealers and incomplete background checks.",
      "original_point_number": [
        71,
        73
      ]
    },
    {
      "point_number": 16,
      "point_content": "A small percentage of people own a large percentage of guns, and gun control could reduce excessive ownership and the use of high-capacity magazines, which increase fatalities and injuries in mass shootings.",
      "original_point_number": [
        74,
        75
      ]
    },
    {
      "point_number": 17,
      "point_content": "Gun violence has a significant societal cost, and gun control laws could save money by reducing these costs.",
      "original_point_number": [
        24,
        76
      ]
    },
    {
      "point_number": 18,
      "point_content": "Gun control debates are often driven by fear rather than facts, and education about firearms as tools could be a better solution; gun control does not address root causes of violence, which are societal values and attitudes towards human life.",
      "original_point_number": [
        80,
        81
      ]
    },
    {
      "point_number": 19,
      "point_content": "Gun control laws do not prevent suicides, as countries with low gun ownership can have high suicide rates, and most gun violence statistics include suicides, so focusing only on gun control ignores other methods of suicide.",
      "original_point_number": [
        79,
        88
      ]
    },
    {
      "point_number": 20,
      "point_content": "Gun control laws do not deter crime; states with higher gun ownership have seen drops in violent crime, and gun ownership deters crime by providing a sense of safety and self-defense.",
      "original_point_number": [
        22,
        29,
        47,
        52,
        53,
        60,
        82,
        83
      ]
    },
    {
      "point_number": 21,
      "point_content": "Most mass shootings start because of domestic violence incidents, and federal law prohibits convicted domestic abusers from gun ownership, but state laws do not always match this.",
      "original_point_number": [
        69
      ]
    },
    {
      "point_number": 22,
      "point_content": "Gun control is a very controversial issue because although guns can be used for leisure, they can cause much harm, and some people support gun control simply because they dislike guns.",
      "original_point_number": [
        48,
        52
      ]
    },
    {
      "point_number": 23,
      "point_content": "The Second Amendment was intended to protect the right of militias to own guns, not the right of individuals, and civilians, including hunters, should not own military-grade firearms or firearm accessories.",
      "original_point_number": [
        31,
        32
      ]
    },
    {
      "point_number": 24,
      "point_content": "Banning assault weapons may reduce mass shootings, as shown by Australia's ban leading to zero mass shootings in 20 years.",
      "original_point_number": [
        42
      ]
    },
    {
      "point_number": 25,
      "point_content": "Between 1999 and 2013, there were 464,033 gun deaths in the US, including 270,237 suicides, 9,983 unintentional deaths, and 174,773 homicides.",
      "original_point_number": [
        57
      ]
    },
    {
      "point_number": 26,
      "point_content": "Gun ownership is both a basic American right and one of the most contentious social and political issues of the day.",
      "original_point_number": [
        61
      ]
    }
  ]
}