{
  "question": "why is organic agriculture bad",
  "key_points": [
    {
      "point_number": 1,
      "point_content": "Organic food is more expensive due to more time, labor intensive farming, costly certification, and lower yields, which also makes fruits and vegetables less accessible and accentuates social exclusion by limiting access for poorer populations.",
      "original_point_number": [
        1,
        11,
        14,
        21,
        23
      ]
    },
    {
      "point_number": 2,
      "point_content": "Organic farming uses more land with lower yields, reducing biodiversity, threatening natural habitats, and contributing to global food insecurity and increased greenhouse gas emissions due to land clearing and higher fossil fuel use.",
      "original_point_number": [
        3,
        13,
        16,
        17,
        18,
        22
      ]
    },
    {
      "point_number": 3,
      "point_content": "Organic farming avoids synthetic fertilizers, pesticides, and GMOs, relying on manure, compost, and crop rotation, which produce fewer emissions but reduce yields.",
      "original_point_number": [
        19
      ]
    },
    {
      "point_number": 4,
      "point_content": "Pesticides approved for organic farming are toxic to bees, the environment, and humans, and are linked to health risks.",
      "original_point_number": [
        4,
        5
      ]
    },
    {
      "point_number": 5,
      "point_content": "Research shows no difference in taste, health, or safety between organic and conventional food.",
      "original_point_number": [
        6
      ]
    },
    {
      "point_number": 6,
      "point_content": "Anti-GMO and anti-pesticide research supporting organic farming is often based on poor activist science.",
      "original_point_number": [
        8
      ]
    },
    {
      "point_number": 7,
      "point_content": "One year of pesticide residues is less toxic than one cup of coffee, indicating low risk from synthetic pesticides.",
      "original_point_number": [
        9
      ]
    },
    {
      "point_number": 8,
      "point_content": "Organic farming has led to serious E. coli outbreaks and fatalities due to manure use.",
      "original_point_number": [
        10
      ]
    },
    {
      "point_number": 9,
      "point_content": "Animals suffer when denied medicine under organic farming standards, leading to unnecessary suffering.",
      "original_point_number": [
        12
      ]
    },
    {
      "point_number": 10,
      "point_content": "Organic livestock farming can increase emissions because animals grow slower and live longer, emitting more methane, despite some benefits from grazing.",
      "original_point_number": [
        20
      ]
    },
    {
      "point_number": 11,
      "point_content": "Higher tillage in organic farming releases more CO2 due to more frequent soil disturbance.",
      "original_point_number": [
        7
      ]
    },
    {
      "point_number": 12,
      "point_content": "Exporting anti-technology ideologies like organic farming to poor economies is immoral and harms their food security.",
      "original_point_number": [
        15
      ]
    }
  ]
}