{
  "question": "what was the impact of european colonization on native americans",
  "key_points": [
    {
      "point_number": 1,
      "point_content": "European colonization drastically reduced the Native American population due to mass executions, spread of lethal diseases such as smallpox to which they had no immunity, and violent acts including raiding, murder, rape, and kidnapping, causing millions of deaths and demographic collapse.",
      "original_point_number": [
        1,
        3,
        6,
        18,
        21,
        27,
        31,
        36
      ]
    },
    {
      "point_number": 2,
      "point_content": "European colonization introduced slavery to Native American societies, including sexual slavery and slave trade, with Native Americans forced into slavery or to join European forces, and some being shipped to other colonies as slaves.",
      "original_point_number": [
        2,
        8,
        19,
        42,
        44
      ]
    },
    {
      "point_number": 3,
      "point_content": "European colonization impacted Native American culture by spreading Christianity, forcing assimilation that erased their history and traditions, causing loss of culture described as stripping the souls of the natives, and leading to cultural mingling and changes in material culture and social dynamics due to dependence on European trade goods.",
      "original_point_number": [
        4,
        8,
        9,
        11,
        22,
        25,
        29,
        34
      ]
    },
    {
      "point_number": 4,
      "point_content": "European colonization centralized political authority in the hands of European powers, replacing the diverse local leadership of Native groups, while Native Americans resisted European encroachment through warfare and diplomacy but struggled due to problems including new diseases, the slave trade, and growing European population; some Native leaders formed alliances with European nations during conflicts like the French and Indian War, which delayed expansion but caused rifts among tribes.",
      "original_point_number": [
        5,
        14,
        15,
        16,
        17
      ]
    },
    {
      "point_number": 5,
      "point_content": "Native Americans were forced to relocate westward, losing their lands and suffering great hardships such as the Trail of Tears, and faced greater confinement and extermination in the 19th century.",
      "original_point_number": [
        10,
        20
      ]
    },
    {
      "point_number": 6,
      "point_content": "Native Americans were dehumanized, stereotyped, persecuted for their way of life and beliefs, and subjected to harsh treatment and genocide, being viewed as wildlife, with such persecution continuing into modern times.",
      "original_point_number": [
        12,
        24
      ]
    },
    {
      "point_number": 7,
      "point_content": "Native Americans continue to struggle for recognition and land rights in the 21st century.",
      "original_point_number": [
        13
      ]
    },
    {
      "point_number": 8,
      "point_content": "European colonization brought technological advantages such as guns, horses, and muskets that overwhelmed Native Americans, increasing lethality in warfare and changing the balance of power among tribes.",
      "original_point_number": [
        7,
        30
      ]
    },
    {
      "point_number": 9,
      "point_content": "European colonization brought changes to virtually every aspect of the land and its people, including trade, hunting, warfare, personal property, environmental changes affecting native animals and hunting practices such as overhunting of beaver and introduction of pigs, and introduction of European plants and animals along with exchange of knowledge about plants.",
      "original_point_number": [
        28,
        32,
        35
      ]
    },
    {
      "point_number": 10,
      "point_content": "European ideas about private land ownership clashed with Native views of land as a communal resource, leading to loss of native access to traditional lands.",
      "original_point_number": [
        33
      ]
    },
    {
      "point_number": 11,
      "point_content": "Violence and brutality by Spanish troops in the Southwest included extracting heavy tribute, rape, forced labor, torture, and execution of Native Americans who maintained traditional religious practices, leading to events such as the Pueblo Rebellion of 1680, Spanish retaking the Southwest in 1692 with heavy native casualties, and resulting in some Pueblo families fleeing or maintaining traditional practices covertly.",
      "original_point_number": [
        37,
        38,
        39,
        40,
        41
      ]
    },
    {
      "point_number": 12,
      "point_content": "In the Southeast, initial hospitality towards European expeditions like de Soto's turned to forced slavery of native commoners, military resistance, violent responses to native attempts to capture leaders, decimation of populations due to diseases, capture, and slaughter, with many kidnapped for the slave trade, and some indigenous communities relocating to Catholic missions for protection or forming defensible groups.",
      "original_point_number": [
        42,
        43,
        44,
        45
      ]
    },
    {
      "point_number": 13,
      "point_content": "Northeast Indians had increasing intertribal rivalries before colonization, which may have prepared them for conflict with Europeans; Mid-Atlantic Algonquian tribes initially allowed English colonizers to settle but found English expansion broke boundary agreements; the Powhatan tribes were initially friendly to Jamestown colonists but later restricted trade and enforced bans due to English thievery; Opechancanough led coordinated attacks in 1622 killing about 350 English colonists nearly destroying Jamestown; the Powhatan War ended after epidemics decimated native populations, but colonists continued to violate boundaries and poach.",
      "original_point_number": [
        46,
        47,
        48,
        49,
        50
      ]
    }
  ]
}