{
  "question": "is the study of rizal significant in contemporary times?",
  "key_points": {
    "null": [],
    "clueweb22-other0000-64-10462": [],
    "clueweb22-en0043-20-16976": [
      {
        "point_number": 1,
        "point_content": "Jose Rizal remains to be the foremost young Filipino citizen, the consummate hero, the paramount model for all Filipinos.",
        "spans": [
          "Jose Rizal remains to be the foremost young Filipino citizen, the consummate hero, the paramount model for all Filipinos."
        ]
      },
      {
        "point_number": 2,
        "point_content": "Rizal is pinning all his hopes on the younger generation.",
        "spans": [
          "Padre Florentino’s iconic words (Where are the youth who will enshrine their precious time, their illusions, and their enthusiasm to the welfare of their native land?) make it clear that Rizal is pinning all his hopes on the younger generation."
        ]
      },
      {
        "point_number": 3,
        "point_content": "Rizal’s ideals are an accumulation not only of formal schooling but also of education among the very people that needed his help the most.",
        "spans": [
          "His ideals are an accumulation not only of formal schooling but also of education among the very people that needed his help the most."
        ]
      },
      {
        "point_number": 4,
        "point_content": "Rizal showed us how to be human by seeing life not only through the exclusive world of one Ibarra but through the eyes of a Simoun, an Elias, a Sisa, a Basilio, an Isagani.",
        "spans": [
          "Rizal showed us how to be human by seeing life not only through the exclusive world of one Ibarra but through the eyes of a Simoun, an Elias, a Sisa, a Basilio, an Isagani."
        ]
      },
      {
        "point_number": 5,
        "point_content": "Heroes like Rizal remain to be the light with which we may see the road. It is us who must travel this road.",
        "spans": [
          "Indeed, hindi pa tapos ang laban! Heroes like Rizal remain to be the light with which we may see the road. It is us who must travel this road."
        ]
      }
    ],
    "clueweb22-en0031-92-17710": [],
    "clueweb22-en0037-16-14324": [
      {
        "point_number": 1,
        "point_content": "Rizal’s four years in Dapitan have become Rizal’s most unappreciated legacy, yet they are precisely what make Rizal singularly relevant to the 21st century.",
        "spans": [
          "Those fruitful four years in Dapitan have become Rizal’s most unappreciated legacy, yet they are precisely what make Rizal singularly relevant to the 21st century."
        ]
      },
      {
        "point_number": 2,
        "point_content": "Rizal’s school in Talisay anticipates the anti-bureaucratic and democratic principles of what is now known as “progressive education” or the “alternative school movement”.",
        "spans": [
          "the significance of the school he founded in Talisay has not merited scholarly commentary. This is puzzling, for the pedagogical innovations he practiced in Talisay anticipate the anti-bureaucratic and democratic principles of what is now known as “progressive education” or the “alternative school movement”"
        ]
      },
      {
        "point_number": 3,
        "point_content": "Rizal’s Talisay school predates many experimental progressive schools worldwide and embodies principles of learning by doing, co-learning, and community integration.",
        "spans": [
          "Indeed, Rizal’s Talisay school predates the experimental school projects of Rabindranath Tagore’s Santiniketan ashram [ca. 1901], Marietta Johnson’s School of Organic Education in Fairhope, Alabama (1907), Arthur Morgan’s Moraine Park School in Dayton, Ohio (1917), A.S.Neill’s Summerhill in Suffolk, England [ca. 1921], Bertrand and Dora Russell’s Beacon Hill School in Sussex, England [ca. 1927]. What these schools have in common is the idea that education should not be confined within the walls of a classroom, that children learn best by doing and should be encouraged in their innate desire to discover and explore their surroundings, that the teacher is most effective when he is a co-learner with his wards and serves as their role model in the joys and excitement of learning"
        ]
      },
      {
        "point_number": 4,
        "point_content": "Rizal’s Talisay school was a revolutionary educational program ahead of its time in the Philippines and the colonized world of the nineteenth century.",
        "spans": [
          "Most of the fundamental prescriptions—from Rousseau to Ivan Illich—are exactly what Rizal’s students lived by in his Talisay school. It was a revolutionary educational program way ahead of its time in Catholic Church-dominated Philippines, if not the whole colonized world of the nineteenth century."
        ]
      },
      {
        "point_number": 5,
        "point_content": "Rizal’s four years in Dapitan demonstrate his roles as doctor, social worker, farmer, social entrepreneur, public works engineer, town planner, school founder, teacher and scientist, working with the people as a civic volunteer.",
        "spans": [
          "In his four years in Dapitan, Rizal played multiple roles: doctor, social worker, farmer, social entrepreneur, public works engineer, town planner, school founder, teacher and scientist. He worked with the people as a civic volunteer, for he was unwaged and without an official title."
        ]
      },
      {
        "point_number": 6,
        "point_content": "Rizal engaged in social entrepreneurship, founding a farmers’ cooperative and other ventures aimed at benefiting and transforming the community.",
        "spans": [
          "Rizal engaged in what we now call “social entrepreneurship”, perhaps the first Filipino, if not the first Asian, to do so.",
          "Rizal formed Dapitan’s first farmers’ cooperative, the Sociedad de Agricultores Dapitanos (SAD), where capital was to be provided by “ socios industriales ” [industrial partners] and “ socios accionistas ” [shareholders]."
        ]
      },
      {
        "point_number": 7,
        "point_content": "Rizal initiated important public work projects for the benefit of the community, including building a hospital, water system, and introducing new technologies like brickmaking.",
        "spans": [
          "With the support of Dapitan’s authorities—the military governor and the Jesuits—and the townsfolk, who provided the labor, Rizal initiated important public work projects for the benefit of the community.",
          "Rizal built a one-doctor hospital, and paid with his own money for the medical supplies and instruments.",
          "Rizal designed Dapitan’s first water system—a clay pipeline that delivered springwater from the hilltop to the edge of the town where people came in bancas to get drinking water.",
          "Another new technology Rizal introduced was the European method of brickmaking."
        ]
      },
      {
        "point_number": 8,
        "point_content": "Rizal’s educational philosophy and community work in Dapitan are relevant to contemporary issues such as community development, progressive education, and preparing for global challenges.",
        "spans": [
          "Rizal’s four years in Dapitan have not been fully explored for the light they can shed on contemporary issues in community development and education.",
          "This, then, is Rizal’s legacy for the 21st century: Dapitan, the creation of a robust community; a demonstration of what it takes, and how easy it is after all, to pursue the common good.",
          "Today, as we prepare for the coming storm, we would do well to learn from Rizal’s Dapitan years."
        ]
      },
      {
        "point_number": 9,
        "point_content": "Rizal’s Talisay school pioneered concepts of school-based management and community-based education, which are important in modern education.",
        "spans": [
          "Progressive education is perhaps Rizal’s greatest legacy in Dapitan. In his Talisay school, Rizal pioneered what are now extolled as “school-based management” and “community-based education”"
        ]
      },
      {
        "point_number": 10,
        "point_content": "Rizal’s life and work in Dapitan offer a model for community resilience and sustainable development relevant to contemporary global crises.",
        "spans": [
          "Rizal’s community work in Talisay and throughout Dapitan antedate the innovative community development strategies that concerned social scientists, and progressive economic and political analysts are advocating today to prepare for the looming ‘triple whammy’ of climate change, resource depletion (such as peak oil), and the global economic crisis.",
          "This, then, is Rizal’s legacy for the 21st century: Dapitan, the creation of a robust community; a demonstration of what it takes, and how easy it is after all, to pursue the common good."
        ]
      }
    ],
    "clueweb22-en0000-13-04098": [
      {
        "point_number": 1,
        "point_content": "José Rizal inspired many Filipinos not just during his time but also to later generations to fight for freedom from the excesses of colonial rule of Spain, the United States and also the excesses of post-colonial economic, political, and social policies.",
        "spans": [
          "His emergence as a patriot, novelist, ophthalmologist, polymath, and a linguist inspired many Filipinos not just during his time but also to later generations to fight for freedom from the excesses of colonial rule of Spain, the United States and also the excesses of post-colonial economic, political, and social policies."
        ]
      },
      {
        "point_number": 2,
        "point_content": "José Rizal's life and writings continue to be a symbol and inspiration for Filipinos to emulate for future generations.",
        "spans": [
          "José Rizal was still the symbol and the inspiration for the Filipinos that need to be emulated for the next generation of people to come."
        ]
      },
      {
        "point_number": 3,
        "point_content": "Rizal's writings and actions awakened not just the Spaniards but the entire world to the grievances of the Filipino people, which is significant for understanding Filipino history and identity today.",
        "spans": [
          "His exceptional talents enabled him to raise the concerns of the Filipino people to the Spanish people when he went to Spain and the entire Europe in order to awaken not just the Spaniards but the entire world on what the grievances of the Filipino people then."
        ]
      }
    ]
  }
}