{
  "question": "is the study of rizal significant in contemporary times?",
  "key_points": [
    {
      "point_number": 1,
      "point_content": "Jose Rizal remains the foremost young Filipino citizen, the consummate hero, and paramount model for all Filipinos, inspiring many Filipinos during his time and to later generations to fight for freedom from colonial and post-colonial excesses, and his life and writings continue to be a symbol and inspiration for future generations.",
      "original_point_number": [
        1,
        16,
        17
      ]
    },
    {
      "point_number": 2,
      "point_content": "Rizal pinned all his hopes on the younger generation.",
      "original_point_number": [
        2
      ]
    },
    {
      "point_number": 3,
      "point_content": "Rizal’s ideals are an accumulation of formal schooling and education among the very people that needed his help the most.",
      "original_point_number": [
        3
      ]
    },
    {
      "point_number": 4,
      "point_content": "Rizal showed how to be human by seeing life not only through the exclusive world of one Ibarra but also through the eyes of Simoun, Elias, Sisa, Basilio, and Isagani.",
      "original_point_number": [
        4
      ]
    },
    {
      "point_number": 5,
      "point_content": "Heroes like Rizal remain the light with which we may see the road, but it is us who must travel this road.",
      "original_point_number": [
        5
      ]
    },
    {
      "point_number": 6,
      "point_content": "Rizal’s four years in Dapitan are his most unappreciated legacy, making him singularly relevant to the 21st century, demonstrating his roles as doctor, social worker, farmer, social entrepreneur, public works engineer, town planner, school founder, teacher, and scientist, working with the people as a civic volunteer.",
      "original_point_number": [
        6,
        10
      ]
    },
    {
      "point_number": 7,
      "point_content": "Rizal’s school in Talisay anticipated anti-bureaucratic and democratic principles of progressive education or the alternative school movement, predating many experimental progressive schools worldwide and embodying principles of learning by doing, co-learning, and community integration, pioneering concepts of school-based management and community-based education important in modern education.",
      "original_point_number": [
        7,
        8,
        9,
        14
      ]
    },
    {
      "point_number": 8,
      "point_content": "Rizal engaged in social entrepreneurship by founding a farmers’ cooperative and other ventures aimed at benefiting and transforming the community, and initiated important public work projects including building a hospital, water system, and introducing new technologies like brickmaking.",
      "original_point_number": [
        11,
        12
      ]
    },
    {
      "point_number": 9,
      "point_content": "Rizal’s educational philosophy and community work in Dapitan are relevant to contemporary issues such as community development, progressive education, preparing for global challenges, and offer a model for community resilience and sustainable development relevant to contemporary global crises.",
      "original_point_number": [
        13,
        15
      ]
    },
    {
      "point_number": 10,
      "point_content": "Rizal's writings and actions awakened not just the Spaniards but the entire world to the grievances of the Filipino people, which is significant for understanding Filipino history and identity today.",
      "original_point_number": [
        18
      ]
    }
  ]
}