{
  "question": "why do single people get taxed more",
  "key_points": {
    "clueweb22-en0040-55-03510": [
      {
        "point_number": 1,
        "point_content": "Taking more money from Single people effectively redistributes their money to married people.",
        "spans": [
          "It is a form of welfare. Taking more money from Single people effectively redistributes their money to married people."
        ]
      },
      {
        "point_number": 2,
        "point_content": "Singles are penalized and pay more taxes than marrieds, and they also subsidize marrieds social security with the non-working spouse benefit.",
        "spans": [
          "It is true that singles are penalized and pay more taxes than marrieds, but they also pay more for other things as well, for example single people subsidize marrieds social security with the non-working spouse benefit. Singles don’t get to collect 50 percent of a working spouses social security, like some wives and husbands do."
        ]
      },
      {
        "point_number": 3,
        "point_content": "The singles tax (or married couple deduction) is an example of incentive to get married.",
        "spans": [
          "The singles tax (or married couple deduction) is an example of incentive to get married."
        ]
      },
      {
        "point_number": 4,
        "point_content": "Single has 1 standard deduction of 12k. Married has two equaling 24k. 40k of TAXABLE income for a single person puts you in the 22% bracket. $70k of income for a Married couple is still in the 12% bracket.",
        "spans": [
          "Single has 1 standard deduction of 12k. Married has two equaling 24k. 40k of TAXABLE income for a single person puts you in the 22% bracket. $70k of income for a Married couple is still in the 12% bracket."
        ]
      },
      {
        "point_number": 5,
        "point_content": "You have one person to support on your income they have 2 or more.",
        "spans": [
          "So you're single making say $80k and pay more in taxes than a married couple making the same amount.  What is unfair about that?  You have one person to support on your income they have 2 or more."
        ]
      },
      {
        "point_number": 6,
        "point_content": "The tax code incentivizes reproduction, which produces the next generation of tax payers.",
        "spans": [
          "Because the tax code incentivizes reproduction, which produces the next generation of tax payers."
        ]
      },
      {
        "point_number": 7,
        "point_content": "The US congress has decided to give married folks a break, especially if they have children, because without children the future of the country is pretty bleak.",
        "spans": [
          "As to why? The US congress has decided to give married foilks a break, especially if they have children, because without children the future of the country is pretty bleak."
        ]
      },
      {
        "point_number": 8,
        "point_content": "The single filing status is taxed at a higher tax rate than Marry Filing Joint or Head of House hold.",
        "spans": [
          "Because the single filing status is taxed at a higher tax rate than Marry Filing Joint or Head of House hold"
        ]
      },
      {
        "point_number": 9,
        "point_content": "The governments like to use the tax code to manage behavior. You want to promote stable households, reward marriage.",
        "spans": [
          "The governments like to use the tax code to manage behavior.  Want to keep people off of the barricades, give them lawn care responsibilities, so tax deductions for mortgage interest.  You want to promote stable households, reward marriage."
        ]
      },
      {
        "point_number": 10,
        "point_content": "There are different, higher rates for single people than for married people. Single people with the same income as a married person pay a higher rate.",
        "spans": [
          "Yes. There's no great mystery about this. Just look at a chart of the tax rates. There are different, higher rates for single people than for married people. Or more specifically, single people with the same income as a married person pay a higher rate."
        ]
      }
    ],
    "clueweb22-en0013-27-18714": [
      {
        "point_number": 1,
        "point_content": "Single people pay more in income taxes than married people do.",
        "spans": [
          "When you are single, every day is the day when you pay more in income taxes than married people do."
        ]
      },
      {
        "point_number": 2,
        "point_content": "Single people are penalized in income taxes relative to couples with the same income.",
        "spans": [
          "I know you think that there is a marriage penalty in income taxes, but in fact, it is solo single people who are penalized.",
          "There is never a single person’s bonus — that is, a single person never pays less relative to a couple, whether married or unmarried, with the same amount of income as the single person (p. 660)."
        ]
      },
      {
        "point_number": 3,
        "point_content": "Single people pay into Social Security but get less back compared to married people.",
        "spans": [
          "When you are single, every day is the day when you pay into Social Security, just as your married co-workers do, but get so much less back.",
          "Your Social Security benefits go back into the system when you die; your married coworker’s go to a surviving spouse, or a whole array of ex’s if your coworker’s previous marriages lasted long enough to count.",
          "While you are living, no one can leave their Social Security benefits to you.",
          "Meanwhile, married people of a certain age can draw some from a spouse’s benefits while the spouse is alive, and then when the spouse dies, they are awarded with even more."
        ]
      },
      {
        "point_number": 4,
        "point_content": "Single people face penalties on IRA contributions that married people are exempt from.",
        "spans": [
          "When you are single and paying into an IRA, every day is the day when your contributions to your IRA account will be burdened by penalties from which married people are exempt."
        ]
      },
      {
        "point_number": 5,
        "point_content": "Health costs are higher for single people than for married couples.",
        "spans": [
          "When you are single, every day is the day when it costs more to stay healthy.",
          "The costs of health spending are much higher for single people than for married couples."
        ]
      },
      {
        "point_number": 6,
        "point_content": "Housing costs are higher for single people than for married people, beyond just economies of scale.",
        "spans": [
          "Every day, the costs of housing are higher for singles than for married people.",
          "This is not just a matter of “economies of scale” (the money you save by sharing a place and splitting the costs of rent or mortgage and utilities and all the rest).",
          "There is also housing discrimination against single people"
        ]
      },
      {
        "point_number": 7,
        "point_content": "Single men are likely paid less than married men for the same work and expertise.",
        "spans": [
          "If you are a single man, every day is the day when you are likely being paid less for the same work, at the same level of seniority and expertise, as your married coworkers.",
          "Research, including a study of pairs of identical twins in which one is married and the other single, suggest that married men get paid about about 26% more than single men."
        ]
      },
      {
        "point_number": 8,
        "point_content": "Single people do not qualify for special discounts for couples or families, paying more for goods and services.",
        "spans": [
          "If you are single, every day is the day that you do not qualify for the special discounts for couples or families in insurance, travel, restaurant deals, health club memberships, dues for professional associations, and so much more.",
          "Every time couples or families pay less per person for any goods or services than single people do, that’s a singles penalty."
        ]
      }
    ],
    "clueweb22-en0033-34-01636": [
      {
        "point_number": 1,
        "point_content": "The income-tax rate for childless single people in America is the eighth highest out of the Organization for Economic Cooperation and Development’s (OECD) 35 member countries at 16.9%.",
        "spans": [
          "The income-tax rate for childless single people in America is the eighth highest out of the Organization for Economic Cooperation and Development’s (OECD) 35 member countries at 16.9%"
        ]
      },
      {
        "point_number": 2,
        "point_content": "An American family with one breadwinner and two children pays an income-tax rate of just 6% on average, below the OECD average of 8.8%, due to tax exemptions and deductions families qualify for in the U.S.",
        "spans": [
          "And thanks to the tax exemptions and deductions families qualify for in the U.S., an American family with one breadwinner and two children pays an income-tax rate of just 6% on average, below the OECD average of 8.8%."
        ]
      }
    ],
    "clueweb22-en0031-32-17603": [
      {
        "point_number": 1,
        "point_content": "Marriage penalties and bonuses occur because income taxes apply to a couple, not to individual spouses.",
        "spans": [
          "Marriage penalties and bonuses occur because income taxes apply to a couple, not to individual spouses."
        ]
      },
      {
        "point_number": 2,
        "point_content": "Under a progressive income tax, a couple’s income can be taxed more or less than that of single individuals.",
        "spans": [
          "Under a progressive income tax, a couple’s income can be taxed more or less than that of single individuals."
        ]
      },
      {
        "point_number": 3,
        "point_content": "A couple is not obliged to file a joint tax return, but their alternative—filing separate returns as a married couple—almost always results in higher tax liability.",
        "spans": [
          "A couple is not obliged to file a joint tax return, but their alternative—filing separate returns as a married couple—almost always results in higher tax liability."
        ]
      },
      {
        "point_number": 4,
        "point_content": "The seven marginal tax rates of the brackets remain constant regardless of a person’s filing status. However, the dollar ranges at which income is taxed at each rate change depending on whether the filer is a single person, a married joint filer, or a head of household filer.",
        "spans": [
          "The seven marginal tax rates of the brackets remain constant regardless of a person’s filing status. However, the dollar ranges at which income is taxed at each rate change depending on whether the filer is a single person, a married joint filer, or a head of household filer."
        ]
      }
    ],
    "clueweb22-en0025-32-06303": [
      {
        "point_number": 1,
        "point_content": "Married couples can save thousands of dollars on income taxes by filing jointly, a benefit not available to single people.",
        "spans": [
          "Normally, married couples can save thousands of dollars just by filing jointly instead of separately. Those thousands are largely the direct result of federal and state laws that privilege married people.",
          "In 2010, our single woman earning $40,000 paid $6,181. Her married peer paid more than a thousand dollars less: $5,162.",
          "Our single woman earning $80,000 paid $16,125, whereas her married counterpart paid almost four thousand dollars less per year.",
          "Our single woman earning $40,000 per year paid $245,000 in income taxes. Our married woman earning $40,000 paid $206,000 in income taxes—a difference of $39,000.",
          "Our single woman earning $80,000 per year paid $645,000 in income taxes. Our married woman earning $80,000 paid $490,000 in income taxes—a difference of $155,000."
        ]
      },
      {
        "point_number": 2,
        "point_content": "Social Security benefits favor married people through spousal and survivor benefits, which single people do not receive.",
        "spans": [
          "Social Security privileges marrieds in many ways. For example, our hypothetical married woman could receive up to 50 percent of her husband's benefits while her husband is alive.",
          "Spouses can also receive 100 percent of their dead spouse's benefits, if the deceased's benefits are higher than the recipient's would have been.",
          "For married couples, the federal government throws in this handy dual-claim option: When our married woman reaches retirement age, she can claim Social Security as a spouse and then later as a worker.",
          "That's a lot of money the government (and single contributors to Social Security) gives to people for saying \"I do.\""
        ]
      },
      {
        "point_number": 3,
        "point_content": "Married couples have IRA and property tax privileges that single people do not, such as contributing to a spouse's IRA and penalty-free early withdrawals for certain expenses.",
        "spans": [
          "Married couples enjoy privileges related to IRAs and property taxes that are unavailable to singles.",
          "First, a married couple can put two people on an IRA while a single person can't; this puts the single in a disadvantaged position.",
          "Second, spouses can withdraw money from an IRA early, for medical or education expenses, without the usual 10-percent penalty.",
          "In contrast, if a single person inherits an IRA, s/he must take the RMD—and be taxed for it—within a year of inheritance. Moreover, if she wishes to withdraw money early, she'll incur the usual 10-percent penalty for doing so."
        ]
      },
      {
        "point_number": 4,
        "point_content": "Singles pay more for health spending and housing due to discriminatory policies and the logistics of living alone.",
        "spans": [
          "Insurance policies—ranging from health, to life, to home, to car—cost more, on average, for unmarried people compared to those who are married.",
          "According to the BLS, couples spent 6.9 percent of their annual income on health on average; single men spent only 3.9 percent; and single women spent 7.9 percent.",
          "Our single woman with an income of $40,000 spent $189,600 on health over 60 years; whereas our married woman with the same income spent $165,600—a difference of $24,000.",
          "According to the Bureau of Labor Statistics, on average, couples spent 23.9 percent of their annual income on housing; single men spent 30.3 percent; and single women spent 39.8 percent.",
          "Our single woman making $40,000 spent $955,200 on housing over 60 years, whereas our married woman making $40,000 spent only $573,600. The married woman saves $381,600 in comparison to her unmarried equivalent."
        ]
      },
      {
        "point_number": 5,
        "point_content": "The government and private companies institutionalize discrimination against single people through laws and policies that provide financial benefits to married couples.",
        "spans": [
          "More than 1,000 laws provide overt legal or financial benefits to married couples.",
          "Marital privileging marginalizes the 50 percent of Americans who are single.",
          "The U.S. government is the main perpetrator, but private companies follow its lead.",
          "Thus marital privilege pervades nearly every facet of our lives."
        ]
      }
    ],
    "clueweb22-en0031-11-04317": [
      {
        "point_number": 1,
        "point_content": "Low-income childless adults are taxed into or deeper into poverty by federal taxes because the Earned Income Tax Credit (EITC) for this group is much too small or unavailable to offset income and payroll taxes.",
        "spans": [
          "Since enactment of the 1986 Tax Reform Act, federal income tax parameters have been designed to ensure that federal income and payroll taxes don’t tax people into, or deeper into, poverty, with one glaring exception — low-income childless adults.",
          "The main reason is that the Earned Income Tax Credit (EITC) for this group is much too small (and for some, isn’t available at all) to offset the income taxes and employee share of payroll taxes that they must pay."
        ]
      },
      {
        "point_number": 2,
        "point_content": "Single childless adults begin owing income tax when their earnings are still below the poverty line and receive little or no EITC, facing significant payroll taxes, which results in being taxed into or deeper into poverty.",
        "spans": [
          "Single childless adults, in contrast, begin owing income tax when their earnings are still below the poverty line, and they receive little or no EITC.",
          "They also face significant payroll taxes.",
          "As a result, the federal tax code taxes millions of employed individuals aged 19-67 into, or deeper into, poverty."
        ]
      },
      {
        "point_number": 3,
        "point_content": "A specific example shows a single woman earning poverty-level wages owes about $963 in net federal taxes, driving her into poverty.",
        "spans": [
          "Consider, for example, a 25-year-old single woman who makes poverty-level wages in 2019 ($13,340) as a retail salesperson, working roughly 35 hours a week throughout the year at the federal minimum wage:",
          "Some $1,021 (7.65 percent of her earnings) in Social Security and Medicare payroll taxes are deducted from her paychecks.",
          "When filing her tax return, she will claim a $12,200 standard deduction. Subtracting this amount from her income leaves $1,140 in taxable income. She is in the 10 percent bracket and hence will have a $114 federal income tax liability.",
          "The sum of her $114 in income tax liability and $1,021 in payroll taxes is $1,135.",
          "She will be eligible for an EITC of $172.",
          "Her net federal tax liability thus will be $1,135 minus $172, or $963.",
          "In short, federal taxes will drive this woman making poverty-level wages $963 into poverty."
        ]
      },
      {
        "point_number": 4,
        "point_content": "The federal tax code sets standard deduction, EITC, and Child Tax Credit levels to ensure families with children don’t have net federal tax liability at poverty-level wages, but not for single childless adults.",
        "spans": [
          "The standard deduction, EITC, and Child Tax Credit (CTC) are set at levels that ensure that families with children don’t have net federal tax liability if they earn poverty-level wages.",
          "As a result, no families with children are taxed into poverty."
        ]
      },
      {
        "point_number": 5,
        "point_content": "Proposals like the Working Families Tax Relief Act aim to expand the EITC for childless adults by increasing the maximum credit, raising income limits, and expanding eligibility age range to reduce poverty caused by federal taxes.",
        "spans": [
          "A number of members of the House and Senate have introduced legislation in this Congress that would make major progress in addressing this problem by substantially expanding the EITC for workers not raising children in their homes.",
          "For example, the Working Families Tax Relief Act, introduced by Senators Sherrod Brown, Michael Bennet, Richard Durbin, and Ron Wyden, as well as by Representatives Dan Kildee and Dwight Evans in the House, would boost the maximum EITC for childless adults from about $530 today to $2,070, raise the income limit at which single individuals no longer qualify for the credit from about $16,000 to about $25,000, and expand the ages at which individuals can be eligible for this credit from 25-64 to 19-67 (except for full-time students aged 19-24, who would remain ineligible because their parents can claim many of them for the larger EITC for families with children)."
        ]
      }
    ],
    "clueweb22-en0001-99-07521": [
      {
        "point_number": 1,
        "point_content": "Parents receive significant tax breaks that reduce their tax burden compared to non-parents.",
        "spans": [
          "the tax code that already offers many breaks for families with children",
          "About $171 billion a year's worth, according to a 2013 estimate from the Tax Policy Center",
          "the five biggest child-related breaks: The earned income tax credit, child tax credit, child and dependent care tax credit, the dependent exemption and the head of household filing status for single parents",
          "the average tax benefit for parents exceeds $3,400",
          "A married couple with two kids could get benefits of nearly $7,700, while a single parent with two children might receive more than $8,100"
        ]
      },
      {
        "point_number": 2,
        "point_content": "Many households with children, especially lower income ones, owe no federal income taxes due to these tax breaks.",
        "spans": [
          "about half of households with kids -- many of them lower income -- won't owe any federal income taxes in 2013",
          "Some in that group will even get a check from the government"
        ]
      },
      {
        "point_number": 3,
        "point_content": "The proposal to tax childless people more is based on the idea that parents' child-rearing benefits society and thus parents should get tax breaks funded by others.",
        "spans": [
          "The childless should pay higher taxes so that lower- and middle-income parents can pay less",
          "The willingness of parents to bear and nurture children saves us from becoming an economically moribund nation",
          "The least we can do is offer them a bigger tax break"
        ]
      },
      {
        "point_number": 4,
        "point_content": "Not all childless people can afford higher taxes or have chosen to be childless; some have other financial burdens or reasons.",
        "spans": [
          "some people physically can't have children or have a tough time adopting",
          "Others have made a conscious choice not to have children because they can't afford them or because they think they can contribute to society in other ways",
          "Salam's proposal also seems to assume that every nonparent making more than $51,000 can afford a bigger tax burden",
          "maybe they're helping to support an elderly parent or have their own big medical expenses",
          "Or maybe they're just trying to pay down their student loan debt and save for children of their own some day"
        ]
      }
    ],
    "clueweb22-en0024-17-14488": [
      {
        "point_number": 1,
        "point_content": "A single person earning $40,000 a year pays $6,181 in taxes, while a married individual with the same income pays only $5,162, a savings of more than $1,000 annually.",
        "spans": [
          "a single peson earning $40,000 a year pays $6,181 in taxes on that income, while a married individual with the same income pays only $5,162—a savings of more than $1,000 annually"
        ]
      },
      {
        "point_number": 2,
        "point_content": "Single people miss out on tax breaks and extra Social Security benefits that married people receive.",
        "spans": [
          "What, other than a second income, would the single woman be missing out on? Tax breaks and extra Social Security benefits"
        ]
      },
      {
        "point_number": 3,
        "point_content": "Singles pay more in living costs such as housing and insurance compared to married couples.",
        "spans": [
          "data shows living costs such as housing and insurance—or what we at LearnVest would call Essential Expenses —are almost always higher for singles",
          "a single person in his 20s spends about $9,964 on housing where a married couple the same age averages $8,844",
          "Singles spend about $570 per year on healthcare while couples average about $963, which is only $482 per person—far less than their single peers, because of the reduced costs of coverage"
        ]
      },
      {
        "point_number": 4,
        "point_content": "Singles often pay more for social costs such as hotel rooms, health club memberships, and cell phone plans, and bear the full cost of dating and wedding gifts.",
        "spans": [
          "singles also typically have higher social costs—or what we at LearnVest would call Lifestyle Choices —for items such as hotel rooms, health club memberships and cell phone plans",
          "Singles also bear the costly burden of dating",
          "Singles pay the full cost of bridal shower and wedding gifts without ever receiving gifts at a wedding of their own"
        ]
      }
    ],
    "clueweb22-en0021-31-07387": [
      {
        "point_number": 1,
        "point_content": "Single people pay a singles penalty in income taxes, meaning their income is taxed more than that of married people.",
        "spans": [
          "There is no marriage penalty. There is only a singles penalty.",
          "The singles penalty in income taxes, though, is just the beginning of the ways in which single people pay extra simply for being single.",
          "Every day, the income earned by single people is taxed more than the income of married people.",
          "There is a singles penalty in income taxes, not a marriage penalty."
        ]
      },
      {
        "point_number": 2,
        "point_content": "Single people pay more into Social Security but get less back compared to married people.",
        "spans": [
          "When you are single, every day is the day when you pay into Social Security, just as your married co-workers do, but get so much less back.",
          "Your Social Security benefits go back into the system when you die while your married coworker's go to a surviving spouse, or a whole array of ex's if your coworker's previous marriages lasted long enough to count.",
          "While you are living, no one can leave their Social Security benefits to you.",
          "Meanwhile, married people of a certain age can draw some from a spouse's benefits while the spouse is alive, and then when the spouse dies, they are awarded with even more."
        ]
      },
      {
        "point_number": 3,
        "point_content": "Single people face penalties on IRA contributions that married people are exempt from.",
        "spans": [
          "When you are single and paying into an IRA, every day is the day when your contributions to your IRA account will be burdened by penalties from which married people are exempt.",
          "IRAs are better in some ways than Social Security with regard to treatment of single people, but there are still some special penalties aimed solely at single savers."
        ]
      },
      {
        "point_number": 4,
        "point_content": "The costs of health spending are much higher for single people than for married couples.",
        "spans": [
          "When you are single, every day is the day when it costs more to stay healthy.",
          "The costs of health spending are much higher for single people than for married couples."
        ]
      },
      {
        "point_number": 5,
        "point_content": "Housing costs are higher for singles than for married people, not just due to economies of scale but also due to housing discrimination against single people.",
        "spans": [
          "Every day, the costs of housing are higher for singles than for married people.",
          "This is not just a matter of \"economies of scale\" (the money you save by sharing a place and splitting the costs of rent or mortgage and utilities and all the rest). There is also housing discrimination against single people."
        ]
      }
    ],
    "null": []
  }
}