{
  "question": "why do single people get taxed more",
  "key_points": [
    {
      "point_number": 1,
      "point_content": "Single people pay more in income taxes than married people with the same income, facing higher tax rates and penalties such as the singles tax or married couple deduction, which incentivizes marriage.",
      "original_point_number": [
        1,
        2,
        3,
        8,
        10,
        11,
        12,
        39,
        43
      ]
    },
    {
      "point_number": 2,
      "point_content": "The tax code incentivizes marriage and reproduction by providing married couples, especially those with children, with tax breaks, deductions, and credits, as well as social security spousal and survivor benefits, which single people do not receive.",
      "original_point_number": [
        3,
        6,
        7,
        9,
        25,
        26,
        27,
        35,
        37,
        40
      ]
    },
    {
      "point_number": 3,
      "point_content": "Single people pay more into Social Security but receive less back compared to married people, due to benefits like the non-working spouse benefit and survivor benefits favoring married couples.",
      "original_point_number": [
        2,
        13,
        26,
        40,
        44
      ]
    },
    {
      "point_number": 4,
      "point_content": "Single people face penalties on IRA contributions that married people are exempt from, including restrictions on contributing to a spouse's IRA and penalties on early withdrawals for certain expenses.",
      "original_point_number": [
        14,
        27,
        45
      ]
    },
    {
      "point_number": 5,
      "point_content": "Health and housing costs are higher for single people than for married couples, due to discriminatory policies, logistics of living alone, and housing discrimination beyond economies of scale.",
      "original_point_number": [
        15,
        16,
        28,
        41,
        46,
        47
      ]
    },
    {
      "point_number": 6,
      "point_content": "Single people pay more for goods and services because they do not qualify for special discounts for couples or families, and bear full costs of social expenses such as dating and wedding gifts.",
      "original_point_number": [
        18,
        42
      ]
    },
    {
      "point_number": 7,
      "point_content": "The income-tax rate for childless single people in America is among the highest in OECD countries, while American families with children pay below the OECD average due to tax exemptions and deductions.",
      "original_point_number": [
        19,
        20
      ]
    },
    {
      "point_number": 8,
      "point_content": "Marriage penalties and bonuses occur because income taxes apply to couples jointly, not to individual spouses; filing separately as a married couple usually results in higher tax liability, and tax brackets differ by filing status.",
      "original_point_number": [
        21,
        22,
        23,
        24
      ]
    },
    {
      "point_number": 9,
      "point_content": "The government and private companies institutionalize discrimination against single people through laws and policies that provide financial benefits to married couples, promoting stable households and rewarding marriage.",
      "original_point_number": [
        9,
        29
      ]
    },
    {
      "point_number": 10,
      "point_content": "Low-income childless adults are taxed into or deeper into poverty by federal taxes because the Earned Income Tax Credit (EITC) for this group is too small or unavailable, resulting in significant payroll taxes and income tax liabilities even below the poverty line.",
      "original_point_number": [
        30,
        31,
        32,
        33
      ]
    },
    {
      "point_number": 11,
      "point_content": "Proposals like the Working Families Tax Relief Act aim to expand the EITC for childless adults by increasing the maximum credit, raising income limits, and expanding eligibility age range to reduce poverty caused by federal taxes.",
      "original_point_number": [
        34
      ]
    },
    {
      "point_number": 12,
      "point_content": "Not all childless people can afford higher taxes or have chosen to be childless; some have other financial burdens or reasons, despite proposals to tax childless people more based on the idea that parents' child-rearing benefits society.",
      "original_point_number": [
        37,
        38
      ]
    }
  ]
}