{
  "question": "are parents to blame for juvenile delinquency",
  "key_points": [
    {
      "point_number": 1,
      "point_content": "Multiple parties including parents, schools, society, and government agencies share responsibility for youth crimes; no single person or authority can be solely blamed.",
      "original_point_number": [
        1
      ]
    },
    {
      "point_number": 2,
      "point_content": "Teens may engage in criminal acts to gain attention they fail to receive from their family, especially their parents.",
      "original_point_number": [
        2
      ]
    },
    {
      "point_number": 3,
      "point_content": "Parents must remain vigilant for signs of stress and trouble in their children’s lives and guide them when they do something wrong.",
      "original_point_number": [
        3
      ]
    },
    {
      "point_number": 4,
      "point_content": "Parents play the primary role in socializing their children, particularly in India.",
      "original_point_number": [
        4
      ]
    },
    {
      "point_number": 5,
      "point_content": "Spending more leisure time with parents reduces the likelihood of adolescent deviance; parents should be their children's best friends to prevent delinquency.",
      "original_point_number": [
        5,
        10
      ]
    },
    {
      "point_number": 6,
      "point_content": "Family separation and parental neglect can lead to child deviant behavior.",
      "original_point_number": [
        6
      ]
    },
    {
      "point_number": 7,
      "point_content": "Parents often do not fully supervise their children and are unaware of their children's peer groups, which can lead to delinquency; therefore, parents should have knowledge of their child's peers to prevent undue peer influence.",
      "original_point_number": [
        7,
        11
      ]
    },
    {
      "point_number": 8,
      "point_content": "Children tend to share more secrets with friends than with parents, which can contribute to delinquent behavior.",
      "original_point_number": [
        8
      ]
    },
    {
      "point_number": 9,
      "point_content": "A mutual relationship and friendly bonding between parents and children can prevent delinquent behavior.",
      "original_point_number": [
        9
      ]
    },
    {
      "point_number": 10,
      "point_content": "Lack of intimacy, lack of parental involvement, blaming, anger, and bad parenting are compelling causes for delinquent behavior among adolescents.",
      "original_point_number": [
        12,
        13
      ]
    }
  ]
}