{
  "question": "why are prices going up?",
  "key_points": [
    {
      "point_number": 1,
      "point_content": "There are two main causes of inflation: demand-pull and cost-push. Demand-pull inflation occurs when consumer demand for goods and services increases so much that it outstrips supply, causing producers to raise prices. Cost-push inflation occurs when supply costs force prices higher, which can happen when supply decreases creating a shortage, and producers raise prices to meet increasing demand.",
      "original_point_number": [
        1,
        2,
        3,
        4,
        5
      ]
    },
    {
      "point_number": 2,
      "point_content": "Factors that can cause cost-push inflation include global supply chain disruptions, monopolies, natural disasters, government regulations, and currency exchange rates.",
      "original_point_number": [
        6
      ]
    },
    {
      "point_number": 3,
      "point_content": "Inflation is causing prices to rise, making groceries more expensive than last year.",
      "original_point_number": [
        7
      ]
    },
    {
      "point_number": 4,
      "point_content": "The COVID-19 pandemic has caused shipping costs, truck driver shortages, supply shortages, and disrupted supply chains, contributing to price increases and food price rises in 2020.",
      "original_point_number": [
        8,
        9,
        15
      ]
    },
    {
      "point_number": 5,
      "point_content": "High oil prices raise shipping costs and affect farming costs through fertilizer prices, contributing to higher food prices. Oil price increases raise transportation costs, contributing to higher food prices. Energy prices have soared recently worldwide, including natural gas, electricity, and coal, with wholesale European gas prices rising over 300% last year, pushing up electricity costs and causing provider bankruptcies in the UK.",
      "original_point_number": [
        10,
        17,
        26,
        28
      ]
    },
    {
      "point_number": 6,
      "point_content": "Climate change causes extreme weather events like hurricanes, floods, and droughts that damage crops and reduce supply, leading to higher food prices and temporary price spikes.",
      "original_point_number": [
        11,
        16
      ]
    },
    {
      "point_number": 7,
      "point_content": "Government policies such as subsidies for biofuels divert crops like corn, reducing food supply and raising prices. WTO limits on stockpiles reduce food availability during shortages, increasing price volatility.",
      "original_point_number": [
        12,
        13
      ]
    },
    {
      "point_number": 8,
      "point_content": "Increased meat consumption raises demand for grain to feed animals, driving up grain and food prices.",
      "original_point_number": [
        14
      ]
    },
    {
      "point_number": 9,
      "point_content": "Disease outbreaks like avian influenza can cause sharp increases in prices of affected food products.",
      "original_point_number": [
        18
      ]
    },
    {
      "point_number": 10,
      "point_content": "Commodity speculation during crises can drive food prices higher. Rising commodity costs are partially behind surging prices, with the Bloomberg Commodity Spot Index at its highest level in almost a decade, indicating increased raw material costs.",
      "original_point_number": [
        19,
        20,
        21
      ]
    },
    {
      "point_number": 11,
      "point_content": "Surging transport costs and supply chain disruptions are contributing to higher prices.",
      "original_point_number": [
        22
      ]
    },
    {
      "point_number": 12,
      "point_content": "Continued increased consumer demand, such as more Americans cooking at home, is driving prices up. Grocers have not had to discount as many items due to elevated demand, leading to less price promotion and higher prices.",
      "original_point_number": [
        23,
        24
      ]
    },
    {
      "point_number": 13,
      "point_content": "Higher transportation, labor, and input costs flow through the whole chain to the consumer, causing inflation.",
      "original_point_number": [
        25
      ]
    },
    {
      "point_number": 14,
      "point_content": "Energy prices fell when COVID-19 lockdowns were introduced, but demand returned strongly as the world eased restrictions and adapted to the new normal.",
      "original_point_number": [
        27
      ]
    },
    {
      "point_number": 15,
      "point_content": "The supply side of the gas market has been complicated by the push to reduce fossil fuel use, international political factors, unreliable wind output causing gas shortfalls, outages at nuclear plants, and a fire shutting down a vital electricity interconnector, all increasing demand for gas and causing higher prices and even food shortages in the UK.",
      "original_point_number": [
        29,
        30,
        31
      ]
    },
    {
      "point_number": 16,
      "point_content": "Unusually high demand for liquefied natural gas (LNG) from Asian countries has driven up prices.",
      "original_point_number": [
        32
      ]
    },
    {
      "point_number": 17,
      "point_content": "European gas production has been falling due to delayed maintenance and early shutdown of the Groningen field in the Netherlands.",
      "original_point_number": [
        33
      ]
    },
    {
      "point_number": 18,
      "point_content": "The UK has much less gas storage compared to its European peers, limiting its ability to buffer supply shocks.",
      "original_point_number": [
        34
      ]
    },
    {
      "point_number": 19,
      "point_content": "Investments in oil and natural gas have declined in recent years, making supply more vulnerable to exceptional circumstances.",
      "original_point_number": [
        35
      ]
    },
    {
      "point_number": 20,
      "point_content": "Russia provides one third of Europe’s natural gas and geopolitical tensions with Ukraine are causing market jitters and potential supply risks.",
      "original_point_number": [
        36
      ]
    }
  ]
}