{
  "question": "are abortions harmful to women",
  "key_points": [
    {
      "point_number": 1,
      "point_content": "Abortion carries significant physical health risks including infection, hemorrhage, injury to reproductive organs, anesthesia complications, need for repeat surgery, possible hysterectomy, and death, with some complications being underreported due to follow-up care by primary doctors or emergency rooms and secrecy about abortions.",
      "original_point_number": [
        1,
        2,
        5,
        16,
        20,
        25,
        27,
        39,
        41,
        42,
        43,
        45,
        46,
        47,
        50,
        51
      ]
    },
    {
      "point_number": 2,
      "point_content": "Abortion increases the risk of specific reproductive complications such as placenta previa (increased by 50%, occurring 6 to 15 times more often), ectopic pregnancy (increased by 30% after one abortion and 160% after two or more), pelvic inflammatory disease (PID) which can lead to infertility and ectopic pregnancy, cervical lacerations (3% in second-trimester abortions), uterine perforation (0.1 to 3.0 per 1,000 abortions), uterine synechiae, incompetent cervix, and sterility in approximately 3-5% of women, with increased risks in future pregnancies including miscarriage, premature birth, and placenta previa.",
      "original_point_number": [
        3,
        6,
        7,
        8,
        9,
        10,
        12,
        26,
        37,
        38,
        48,
        50
      ]
    },
    {
      "point_number": 3,
      "point_content": "Abortion is associated with increased risk of breast cancer, with some studies showing a 40% to 89% increased risk depending on the number of abortions, and the risk increases with the number of abortions; however, some sources claim having an abortion does not increase the risk of breast cancer.",
      "original_point_number": [
        11,
        17,
        22,
        35
      ]
    },
    {
      "point_number": 4,
      "point_content": "Abortion entails psychological risks including Post-Abortion Syndrome, a type of PTSD with symptoms like guilt, anxiety, suicidal thoughts, and substance abuse; it is a real condition confirmed by Dr. C. Everett Koop, and abortion is linked to increased mental health problems, substance abuse, increased risk of suicide and suicidal thoughts, and long-term mental health struggles such as anxiety and depression for some women.",
      "original_point_number": [
        13,
        14,
        15,
        18,
        19,
        23,
        24,
        49
      ]
    },
    {
      "point_number": 5,
      "point_content": "Many women who have had abortions experience serious physical and emotional problems in the future, with countless post-abortive women reporting negative effects on their lives after abortion.",
      "original_point_number": [
        21,
        40
      ]
    },
    {
      "point_number": 6,
      "point_content": "Abortions are generally very safe and most women will not experience any problems, with a small risk of complications that increases the later in pregnancy the abortion is carried out.",
      "original_point_number": [
        29,
        30
      ]
    },
    {
      "point_number": 7,
      "point_content": "Medical abortion before 14 weeks can require another procedure in about 70 out of 1,000 women and serious complications occur in about 1 out of 1,000 women; medical abortion after 14 weeks has higher risks including needing another procedure in about 13 out of 100 women and infection or injury to the womb in a small number of women.",
      "original_point_number": [
        31,
        32
      ]
    },
    {
      "point_number": 8,
      "point_content": "Surgical abortion before 14 weeks can require another procedure in about 35 out of 1,000 women and serious complications occur in about 1 out of 1,000 women; surgical abortion after 14 weeks has risks including needing another procedure in about 3 out of 100 women, very heavy bleeding in 1 to 10 out of 100 women, infection, and injury to the womb or cervix in a small number of women.",
      "original_point_number": [
        33,
        34
      ]
    }
  ]
}