{
  "question": "does strategic management involve long-term or short-term activities?",
  "key_points": [
    {
      "point_number": 1,
      "point_content": "Strategic management is essential for long-term business success, involving formulating, implementing, evaluating, and improving strategies to achieve an organization’s long-term objectives and ensure long-term survival.",
      "original_point_number": [
        1,
        2,
        3,
        4,
        5,
        6,
        14,
        15
      ]
    },
    {
      "point_number": 2,
      "point_content": "Long-term objectives are derived from the organization's mission statement and guide the formulation and implementation of all business strategies, typically spanning two to five years, providing a consistent timeframe for resulting strategies.",
      "original_point_number": [
        7,
        8,
        9
      ]
    },
    {
      "point_number": 3,
      "point_content": "Without long-term objectives, an organization lacks proper direction, leading activities toward an unknown destination, and no organization can succeed without developing and communicating long-term objectives.",
      "original_point_number": [
        10,
        11
      ]
    },
    {
      "point_number": 4,
      "point_content": "A strategy is a long-term plan that relates an organization's strategic advantages to environmental challenges, involving determination of long-term objectives and adoption of courses of action, including resource allocation to achieve those objectives.",
      "original_point_number": [
        12,
        13,
        16
      ]
    },
    {
      "point_number": 5,
      "point_content": "Long-term strategies focus on establishing brand awareness, maintaining and nurturing existing customer relationships, and allow marketers to improve and adjust based on what works over time, producing results over years rather than immediately.",
      "original_point_number": [
        17,
        18,
        19,
        20
      ]
    },
    {
      "point_number": 6,
      "point_content": "Without long-term strategies, the success of short-term strategies can be short-lived; long-term strategies safeguard the future of the brand.",
      "original_point_number": [
        21
      ]
    }
  ]
}