{
  "question": "how did herbert hoover respond to the demands of the bonus army?",
  "key_points": [
    {
      "point_number": 1,
      "point_content": "The Bonus Army was a group of World War I veterans who demanded early payment of a bonus promised to them because of the problems they were having due to the Depression.",
      "original_point_number": [
        2,
        7
      ]
    },
    {
      "point_number": 2,
      "point_content": "Congress considered a bill to pay the bonus early, but it was rejected by the Senate, and President Hoover recommended that they again decline any early payments because he felt taxes would have to be raised to fund them.",
      "original_point_number": [
        8,
        9,
        18
      ]
    },
    {
      "point_number": 3,
      "point_content": "President Hoover believed that most of the Bonus Army marchers were honest veterans and should be allowed to assemble peacefully, and he quietly ordered the police and National Guard to distribute Army rations, tents, cots, and medical supplies to them.",
      "original_point_number": [
        16,
        17
      ]
    },
    {
      "point_number": 4,
      "point_content": "The District of Columbia Board of Commissioners concluded that the police were overwhelmed and asked President Hoover to send troops to help restore order; Hoover ordered the Secretary of War, Patrick Hurley, to cooperate with the police.",
      "original_point_number": [
        19,
        20
      ]
    },
    {
      "point_number": 5,
      "point_content": "Hurley ordered Army Chief of Staff Douglas MacArthur to cooperate fully with the District of Columbia police, surround the affected area, and clear it without delay; MacArthur assembled infantry, cavalry, and tanks to deploy against the rioters.",
      "original_point_number": [
        21,
        22
      ]
    },
    {
      "point_number": 6,
      "point_content": "On July 28, 1932, after veterans resisted removal from government property and two veterans died, MacArthur’s forces began to advance slowly, ordering groups of rioters to disperse, using tear gas when groups refused to cooperate.",
      "original_point_number": [
        4,
        23
      ]
    },
    {
      "point_number": 7,
      "point_content": "The soldiers arrived at Anacostia Flats after 9 p.m.; most protesters had fled, and the empty shacks and abandoned campsites were set on fire; MacArthur ordered his forces to demolish remaining campsites to prevent fire spread and to gather remaining Army tents, cots, and supplies given to the Bonus Army by the government.",
      "original_point_number": [
        24,
        25
      ]
    },
    {
      "point_number": 8,
      "point_content": "The troops led by General Perry L. Miles used teargas and tanks to remove the veterans, resulting in casualties and destruction of campsites; the military action resulted in one protester being killed and the veterans not receiving their bonuses.",
      "original_point_number": [
        5,
        12
      ]
    },
    {
      "point_number": 9,
      "point_content": "Herbert Hoover responded to the Bonus Army demands by rejecting them and using military force against its members, ordering the army to clear the veterans' camps and evict them violently from the camps; he sent General MacArthur with troops to control them and remove the Bonus Army protesters from Washington D.C.",
      "original_point_number": [
        1,
        3,
        6,
        10,
        11,
        13,
        14,
        15
      ]
    }
  ]
}