{
  "question": "how did herbert hoover respond to the demands of the bonus army?",
  "key_points": {
    "clueweb22-en0038-07-13937": [
      {
        "point_number": 1,
        "point_content": "Herbert Hoover responded to the Bonus Army by ordering the army to clear the veterans' camps.",
        "spans": [
          "Herbert Hoover responded to the Bonus Army by ordering the army to clear the veterans' camps."
        ]
      },
      {
        "point_number": 2,
        "point_content": "The Bonus Army was a group of World War I veterans who demanded early payment of a bonus promised to them.",
        "spans": [
          "The Bonus Army was a group of World War I veterans who demanded early payment of a bonus promised to them."
        ]
      }
    ],
    "clueweb22-en0011-27-02917": [
      {
        "point_number": 1,
        "point_content": "Herbert Hoover responded to the demands of the Bonus Army by using military force against its members.",
        "spans": [
          "How did Herbert Hoover respond to the demands of the Bonus Army? by using military force against its members",
          "By using military force against its members"
        ]
      },
      {
        "point_number": 2,
        "point_content": "On July 28, 1932, after veterans resisted removal from government property and two veterans died, Hoover ordered the US army to clear the Bonus Army's campsite.",
        "spans": [
          "It was on July 28, 1932, that the Attorney general of the United States ordered the veterans to be removed from the government property but the Washington police department was met with resistance from these veterans and in this resistance, two veterans died. Post that, President of the United States during that time, Herbert Hoover ordered the US army to take control over the situation and clear march’s campsite."
        ]
      },
      {
        "point_number": 3,
        "point_content": "The troops led by General Perry L. Miles used teargas and tanks to remove the veterans, resulting in casualties and destruction of campsites.",
        "spans": [
          "Herbert Hoover intervened by calling the troops which were led by General Perry L. Miles. While removing the veterans one veteran got killed and many more were wounded. The troops destroyed their campsites by using teargas and tanks."
        ]
      }
    ],
    "clueweb22-en0014-69-14990": [
      {
        "point_number": 1,
        "point_content": "Hoover responded to these demands by rejecting them.",
        "spans": [
          "In essence, Hoover responded to these demands by rejecting them."
        ]
      },
      {
        "point_number": 2,
        "point_content": "The Bonus Army wanted to get their monetary bonus in 1932 because of the problems that they were having due to the Depression.",
        "spans": [
          "The Bonus Army wanted to get that money in 1932 because of the problems that they were having due to the Depression."
        ]
      },
      {
        "point_number": 3,
        "point_content": "Congress considered a bill to pay the bonus early, but it was rejected by the Senate.",
        "spans": [
          "Congress considered a bill to do this, but it was rejected by the Senate."
        ]
      },
      {
        "point_number": 4,
        "point_content": "Hoover opposed payments because he felt taxes would have to be raised to fund them.",
        "spans": [
          "Hoover did not want the bonus paid out in 1932.  He opposed payments because he felt taxes would have to be raised to fund them."
        ]
      },
      {
        "point_number": 5,
        "point_content": "After the bill was rejected, Hoover ordered the army to move against the Bonus Army and evict them violently from the camps.",
        "spans": [
          "After the bill was rejected, Hoover ordered the army to move against the Bonus Army and evict them violently from the camps that they had erected while they waited to see what would happen with the bill."
        ]
      }
    ],
    "clueweb22-en0041-59-06470": [],
    "clueweb22-en0003-03-14539": [
      {
        "point_number": 1,
        "point_content": "Herbert Hoover responded to the Bonus Army by sending General MacArthur with troops to control them.",
        "spans": [
          "President Hoover's response was to send General MacArthur with his troops to control them."
        ]
      },
      {
        "point_number": 2,
        "point_content": "The military action resulted in one protester being killed and the veterans not receiving their bonuses.",
        "spans": [
          "This resulted in one of the protesters being killed, veterans not getting their bonus"
        ]
      },
      {
        "point_number": 3,
        "point_content": "Hoover used the military to disperse the Bonus Army protesters.",
        "spans": [
          "He used the military to disperse protesters"
        ]
      },
      {
        "point_number": 4,
        "point_content": "President Hoover gave the order to have General MacArthur clear the Bonus Army from its camp in the nation's capital.",
        "spans": [
          "Which president gave the order to remove the bonus army from its camp in the nations capitol? Herbert Hoover",
          "Which president gave the order to have general MacArthur clear the bonus army? President Herbert Hoover"
        ]
      },
      {
        "point_number": 5,
        "point_content": "President Hoover told the military to remove the Bonus Army protesters from Washington D.C.",
        "spans": [
          "he told the miltitary to kick them out but they would move.",
          "He sent the U.S. army to chase them out of Washington D.C."
        ]
      }
    ],
    "null": [],
    "clueweb22-en0042-09-07169": [
      {
        "point_number": 1,
        "point_content": "President Hoover believed that most of the marchers were honest veterans, and should be allowed to assemble, as long as they did so peacefully.",
        "spans": [
          "President Hoover believed that most of the marchers were honest veterans, and should be allowed to assemble, as long as they did so peacefully."
        ]
      },
      {
        "point_number": 2,
        "point_content": "The President quietly ordered the police and National Guard to distribute Army rations, tents, cots and medical supplies to the Bonus Army.",
        "spans": [
          "The President quietly ordered the police and National Guard to distribute Army rations, tents, cots and medical supplies to the Bonus Army."
        ]
      },
      {
        "point_number": 3,
        "point_content": "Congress had previously rejected proposals for early payment of the bonus, and the President recommended that they again decline any early payments.",
        "spans": [
          "Congress had previously rejected proposals for early payment of the bonus, and the President recommended that they again decline any early payments."
        ]
      },
      {
        "point_number": 4,
        "point_content": "The District of Columbia Board of Commissioners quickly concluded that the police were overwhelmed, and asked President Hoover to send troops to help restore order.",
        "spans": [
          "The District of Columbia Board of Commissioners quickly concluded that the police were overwhelmed, and asked President Hoover to send troops to help restore order."
        ]
      },
      {
        "point_number": 5,
        "point_content": "Hoover ordered the Secretary of War, Patrick Hurley, to cooperate with the police.",
        "spans": [
          "Hoover ordered the Secretary of War, Patrick Hurley, to cooperate with the police."
        ]
      },
      {
        "point_number": 6,
        "point_content": "Hurley ordered Douglas MacArthur, Army Chief of Staff, to “cooperate fully with the District of Columbia police force which is now in charge. Surround the affected area and clear it without delay.",
        "spans": [
          "Hurley ordered Douglas MacArthur, Army Chief of Staff, to “cooperate fully with the District of Columbia police force which is now in charge.  Surround the affected area and clear it without delay."
        ]
      },
      {
        "point_number": 7,
        "point_content": "MacArthur assembled a battalion of infantry, a squadron of cavalry and a platoon of tanks to deploy against the rioters.",
        "spans": [
          "MacArthur assembled a battalion of infantry, a squadron of cavalry and a platoon of tanks to deploy against the rioters."
        ]
      },
      {
        "point_number": 8,
        "point_content": "At 4:30 p.m., MacArthur’s forces began to advance slowly, ordering groups of rioters to disperse as they encountered them. Tear gas was used when groups refused to cooperate.",
        "spans": [
          "At 4:30 p.m., MacArthur’s forces began to advance slowly, ordering groups of rioters to disperse as they encountered them.  Tear gas was used when groups refused to cooperate."
        ]
      },
      {
        "point_number": 9,
        "point_content": "The soldiers arrived at Anacostia Flats a little after 9 p.m. Most of the protesters had fled the area. Soon the empty shacks and abandoned campsites were in flames.",
        "spans": [
          "The soldiers arrived at Anacostia Flats a little after 9 p.m.  Most of the protesters had fled the area.  Soon the empty shacks and abandoned campsites were in flames."
        ]
      },
      {
        "point_number": 10,
        "point_content": "MacArthur ordered his forces to demolish the remaining campsites in order to prevent the fire from spreading out of control, and to gather any remaining Army tents, cots, and supplies that had been given to the Bonus Army by the government.",
        "spans": [
          "He ordered his forces to demolish the remaining campsites in order to prevent the fire from spreading out of control, and to gather any remaining Army tents, cots, and supplies that had been given to the Bonus Army by the government."
        ]
      }
    ]
  }
}