{
  "question": "why is there an ammo shortage",
  "key_points": {
    "clueweb22-en0012-40-06949": [
      {
        "point_number": 1,
        "point_content": "The ammo shortage is primarily caused by increased demand due to the recent pandemic, which brought about riots and civil unrest, leading people to buy guns for protection.",
        "spans": [
          "The shortage generally stemmed from the recent pandemic, which brought about riots and civil unrest. People wanted guns for protection."
        ]
      },
      {
        "point_number": 2,
        "point_content": "The number of new gun owners in 2020 grew by more than five million, contributing to the increased demand for ammunition.",
        "spans": [
          "In fact, statistics show that the number of new gun owners in 2020 grew by more than five million."
        ]
      },
      {
        "point_number": 3,
        "point_content": "Manufacturers are working overtime and increasing production, but demand has skyrocketed to the point that they need to double or triple production over several months to normalize supply.",
        "spans": [
          "Every gun and ammunition manufacturer will say that they are working overtime to address the current shortage.",
          "the demand for these products has skyrocketed to the point that major manufacturers will have to double or triple their production over the span of several months to normalize the supply-demand ratio."
        ]
      },
      {
        "point_number": 4,
        "point_content": "The ammo shortage is expected to last a few more months or even years because manufacturers cannot catch up with the market's demand.",
        "spans": [
          "most gun experts do not see manufacturers catching up to the market’s demand for ammo. So you can expect the ammo shortage this 2021 to last a few more months—or even years."
        ]
      }
    ],
    "clueweb22-en0006-49-07364": [
      {
        "point_number": 1,
        "point_content": "The scarcity of ammunition is the result of a perfect storm that initially formed during the first quarter of 2020 as the effects of a worldwide pandemic took hold.",
        "spans": [
          "The scarcity of ammunition is the result of a perfect storm that initially formed during the first quarter of 2020 as the effects of a worldwide pandemic took hold."
        ]
      },
      {
        "point_number": 2,
        "point_content": "The COVID-19 outbreak and the restrictions that came with it put the brakes on a roaring US economy, causing supply chain disruptions and increased demand for guns and ammo.",
        "spans": [
          "In one fell swoop, the COVID-19 outbreak and the restrictions that came with it put the brakes on a roaring US economy. Businesses, many of which were considered financially sound prior to the pandemic, closed their doors for good. The worldwide supply chain snapped like a dry twig as we frantically searched for masks, hand sanitizer, isopropyl alcohol, toilet paper, food staples, and, yes, guns."
        ]
      },
      {
        "point_number": 3,
        "point_content": "Widespread civil unrest and fear of riots, food shortages, and the virus led to increased gun and ammo purchases, including many first-time buyers.",
        "spans": [
          "Widespread civil unrest swept the nation by summer, with intensity the likes of which we haven’t seen since the 1960s. Buildings burned, stores were looted, and reports of violence and rising crime rates made national headlines. All the while, some called to defund local and regional law enforcement agencies, and several municipalities followed through. Fear of the virus, fear of food shortages, and fear of riots — real or imagined — gripped many American hearts and minds. Guns and the ammo to feed them flew off the shelves in record numbers — and continue to do so — many going to people making their very first firearms purchase."
        ]
      },
      {
        "point_number": 4,
        "point_content": "The contentious 2020 election and gun control proposals heightened awareness and demand for guns and ammo, fueling misinformation and conspiracy theories about ammo shortage.",
        "spans": [
          "The storm was upgraded to hurricane status in the face of what was arguably the most contentious national election in US history. Among other polarizing political topics of the 2020 election was gun control. During the presidential campaign, Joe Biden proposed a federal gun registration under the National Firearms Act (NFA) and a $200 tax stamp for modern sporting rifles such as AR-15s, along with magazines with a capacity of 10 rounds or more. Whether these proposals will gain any traction or hold up in the courts is another question. Yet with a pro-gun-control majority now in Washington, firearms owners new and old are paying extra attention. This heightened state of awareness has created fertile ground for misinformation to take root regarding the lack of ammunition on store shelves."
        ]
      },
      {
        "point_number": 5,
        "point_content": "The ammunition shortage is due to unprecedented demand that supply cannot keep up with, not due to government conspiracy or hoarding by manufacturers.",
        "spans": [
          "According to Tom Taylor, chief marketing officer and executive vice president for commercial sales with Sig Sauer, there is no sinister plot afoot. “Contrary to what you may hear from the rumor mill, the ammunition situation is not the result of some government conspiracy,” he said. “Sig is not a huge ammunition manufacturer, but we do a good amount of business with certain retailers and our direct-to-consumer channel. There is no shortage of guns and ammo — we are manufacturing more than ever. [The problem] is actually a massive increase in demand, on an unprecedented scale. Supply can simply not keep up with demand.”"
        ]
      },
      {
        "point_number": 6,
        "point_content": "Large manufacturers like Vista Outdoor are working hard to meet demand but face challenges including ramping up production, training staff, and shortages of raw materials like primers and brass.",
        "spans": [
          "Ramping up to meet these demands does not happen overnight. Expanding production means additional shifts, which, in turn, require a larger staff that must be trained. Complicating these efforts is Vista’s work to spin up the recently acquired Remington factory in Lonoke, Arkansas, which had been idle since Remington Outdoors filed for bankruptcy. Finally, Vanderbrink pointed out his beefed-up infrastructure only works efficiently when a commensurate inventory of raw material is available — in particular, primers and brass are in short supply."
        ]
      },
      {
        "point_number": 7,
        "point_content": "Hoarding and scalping by customers contribute to the shortage and price inflation of ammunition.",
        "spans": [
          "Ammunition manufacturing plants being pushed beyond production capacity is only one part of the problem. Hungry and (in some cases) greedy customers share some of the blame as well.",
          "Much as the “Black Tuesday” stock market crash of 1929 caused Americans to panic and make a run on banks, the combined events of 2020 motivated gun owners to stockpile ammunition.",
          "While hoarding is certainly not helping the situation, one can understand that type of response, especially considering the past 12 months have been such a roller coaster of anxiety.",
          "A greater concern is the opportunistic individuals who have chosen to take advantage of a crisis to line their own pockets. Scalping is a process that’s typically associated with buying hard-to-find sporting event and concert tickets at face value, then reselling them at inflated prices.",
          "Sadly, certain brick-and-mortar stores across the country are in cahoots with scalpers as well."
        ]
      }
    ],
    "null": [],
    "clueweb22-en0006-74-07283": [
      {
        "point_number": 1,
        "point_content": "Increased demand for ammunition due to people buying and using guns for reasons related to Constitutional themes of individualism, freedom, and self-defense amid rising crime.",
        "spans": [
          "People buy and use guns for reasons that value Constitutional themes of individualism and freedom.",
          "There is also a yearning for greater self-defense where crime is rising throughout the country.",
          "These factors lead to more demand for ammunition."
        ]
      },
      {
        "point_number": 2,
        "point_content": "Remote locations, such as in Alaska, face ammo shortages due to supply difficulties and hoarding.",
        "spans": [
          "In Alaska, where outdoor enthusiasts often carry powerful .300 WinMag rifles to protect against bear attacks, and use handguns for backup, people are facing bare shelves.",
          "A reporter for the Alaska Daily News pointed out in December that more people are hoarding bullets because they are worried about supplies that cannot reach remote Alaska locations."
        ]
      },
      {
        "point_number": 3,
        "point_content": "The Covid-19 pandemic caused factory shutdowns and labor shortages, reducing ammo production and supply.",
        "spans": [
          "Two years of the pandemic have taken their toll on ammo supplies and the current omicron variant is causing more laborers in the ammunition industry to miss work.",
          "Factories were forced to shut down during the initial stages of the pandemic and this affected the amount of ammo made.",
          "The firms are bouncing back to increase production but are having trouble keeping up.",
          "News of the shortfall increased the number of panic buyers.",
          "The global supply chain crunch is not helping either."
        ]
      },
      {
        "point_number": 4,
        "point_content": "More hunters have increased demand for ammunition, especially for popular rifle rounds during hunting seasons.",
        "spans": [
          "There are also more hunters who need ammunition.",
          "Around 2.5 million people bought hunting licenses across the country in 2020.",
          "Demand for ammunition every November for deer season usually trends upward.",
          "Popular rifle rounds such as .30-06, .308, 7mm, and .270 fly off the shelves."
        ]
      },
      {
        "point_number": 5,
        "point_content": "Gun purchases remain strong, contributing to ammo demand.",
        "spans": [
          "Gun Purchases Are Still Strong",
          "The FBI did nearly 39 million checks last year – slightly down from 2020."
        ]
      },
      {
        "point_number": 6,
        "point_content": "Changing gun laws, such as Constitutional Carry laws, lead to more gun and ammo purchases.",
        "spans": [
          "Gun regulations and laws often change from state to state, and this can lead to more gun and ammo purchases.",
          "Texas has a Constitutional Carry which means, “if you can legally own a handgun, you can carry it, open or concealed, without a permit,” according to the Texas Gun Owners of America.",
          "More states are instituting similar laws."
        ]
      },
      {
        "point_number": 7,
        "point_content": "Ammo industry consolidation into a duopoly limits supply diversity and can affect availability.",
        "spans": [
          "The ammo industry has been consolidated.",
          "Only two firms, Olin Corporation and Vista Outdoor own the major brands such as Remington, Winchester, Cascade Cartridge, and Federal Premium.",
          "This lack of diversity in ownership can affect supply."
        ]
      },
      {
        "point_number": 8,
        "point_content": "Ammo manufacturers must also supply the military and law enforcement, increasing demand.",
        "spans": [
          "Don’t forget ammunition manufacturers must provide for the military and law enforcement too, which increases demand."
        ]
      }
    ],
    "clueweb22-en0013-43-02783": [
      {
        "point_number": 1,
        "point_content": "The ammo shortage is more about supply issues than demand, despite massive demand triggered by pandemic boredom, fears about social unrest, and worries about gun restrictions.",
        "spans": [
          "The reason for the shortage seems to be more about supply than demand–the combination of pandemic boredom fears about social unrest, and worry that a Democratic presidential administration would enact gun restrictions appear to have sparked massive demand for guns and ammunition."
        ]
      },
      {
        "point_number": 2,
        "point_content": "Millions of new gun buyers have increased demand for ammunition beyond previous levels.",
        "spans": [
          "The result of this was millions of new gun buyers, which led to much more demand for ammo than before."
        ]
      },
      {
        "point_number": 3,
        "point_content": "Despite record production levels, the demand for ammunition still overwhelms supply, and panic buying worsens the shortage.",
        "spans": [
          "production of ammunition has reached record levels, but many looking for ammunition are still having trouble finding it.",
          "The bottom line is we’re producing more ammunition today than we ever have for hunting and recreational shooting, but the appetite for ammunition is still overwhelming demand"
        ]
      },
      {
        "point_number": 4,
        "point_content": "The bankruptcy and asset sale of Remington Arms in 2020 caused manufacturing capacity to sit idle for months, contributing to the shortage.",
        "spans": [
          "Oliva also cited one factor not often mentioned in coverage of the ammo shortage phenomenon–the bankruptcy, in 2020, of Remington Arms.",
          "But during that process, its manufacturing capacity sat idle for months, which helped contribute to the shortage."
        ]
      },
      {
        "point_number": 5,
        "point_content": "Manufacturers are maxing out production and working 24/7, but increasing production capacity takes years to establish.",
        "spans": [
          "If you put a shovel in the dirt today, you’re looking at three to five years before you can turn the lights on in that facility.",
          "What we have seen is manufacturers are maxing out the production they have. They’re keeping those machines running 24/7."
        ]
      },
      {
        "point_number": 6,
        "point_content": "The arrival of hunting season increases demand, making the market tougher.",
        "spans": [
          "The problem is being exasperated by the arrival of hunting season .",
          "A lot of effort has been made to meet the demand, but now that we’re back into hunting seasons some of those ammunition providers are trying to be sure they can meet that demand for hunters, but it’s still a really tough market"
        ]
      }
    ],
    "clueweb22-en0003-67-09843": [
      {
        "point_number": 1,
        "point_content": "The ammo shortage is caused by unprecedented, exponential increase in demand that manufacturers cannot quickly meet.",
        "spans": [
          "No industry can be prepared for a sudden, unprecedented, exponential increase in demand."
        ]
      },
      {
        "point_number": 2,
        "point_content": "COVID-19 related quarantines and shutdowns have disrupted production lines, causing delays in ammunition manufacturing.",
        "spans": [
          "Manufacturing is not without hiccups; there have been COVID-required quarantines, causing plant and production line shutdowns."
        ]
      },
      {
        "point_number": 3,
        "point_content": "Shortages in components like primers, cases, propellant, or projectiles delay production since few manufacturers make all components themselves.",
        "spans": [
          "Few ammunition brands manufacture all four components of a metallic cartridge (primer, case, propellant and projectile). When one component runs short, product is delayed."
        ]
      },
      {
        "point_number": 4,
        "point_content": "There has been a large influx of new gun owners, increasing demand for ammunition significantly.",
        "spans": [
          "Reports suggest there are at least 7 million new gun owners!"
        ]
      },
      {
        "point_number": 5,
        "point_content": "Hoarding and buying more ammo than needed by consumers exacerbate the shortage.",
        "spans": [
          "Our new gun owners are a factor, but hoarding may be a bigger concern."
        ]
      },
      {
        "point_number": 6,
        "point_content": "Supply chain complications and increased costs in distribution contribute to higher prices and shortages.",
        "spans": [
          "Distribution cost has gone up because of increased loss in shipments, increased labor cost in hazard pay, plus freight surge surcharge by FedEx and UPS."
        ]
      },
      {
        "point_number": 7,
        "point_content": "Opportunists and scalpers buying ammo in bulk to resell at higher prices worsen availability and price issues.",
        "spans": [
          "On the internet, they may use “bots,” or programs to expand their ability to search for ammo."
        ]
      }
    ],
    "clueweb22-en0011-28-06920": [
      {
        "point_number": 1,
        "point_content": "The ammo shortage began in early 2020 and has now stretched into 2021 with no end in sight.",
        "spans": [
          "It began in early 2020 and has now stretched into 2021 with no end in sight."
        ]
      },
      {
        "point_number": 2,
        "point_content": "Smaller ammunition manufacturers and suppliers have been hit particularly hard by component shortages.",
        "spans": [
          "These smaller ammo companies are spread across the country, and they have been hit particularly hard by component shortages."
        ]
      },
      {
        "point_number": 3,
        "point_content": "There are only a few primer manufacturers in the US, and demand has far exceeded their production capabilities, causing a bottleneck in ammunition production.",
        "spans": [
          "There are only a few primer manufacturers here in the US, and demand has far exceeded their production capabilities.",
          "Without primers, you cannot produce ammunition.",
          "primers are not something you can simply “add another production line” to instantly increase production. This is a very difficult item to safely make on a huge scale."
        ]
      },
      {
        "point_number": 4,
        "point_content": "Inventories of cartridge cases and powder were depleted, and even with increased production, demand still far outstripped supply.",
        "spans": [
          "Then the inventories of cartridge cases and powder across the country were depleted, and manufacturers responded by increasing their production.",
          "The industry responded by adding shifts, hiring more workers, buying more machinery and expanding. Yet still, demand far outstripped supply."
        ]
      },
      {
        "point_number": 5,
        "point_content": "Demand is high because people are scared and stockpiling, and millions of first-time gun buyers have entered the market.",
        "spans": [
          "Why is demand so high? That is a relatively simple question to answer, people are scared and stockpiling.",
          "In addition, literally millions of first-time gun buyers been added to the pool of consumers over the past year."
        ]
      },
      {
        "point_number": 6,
        "point_content": "The COVID-19 pandemic hit Russian factories hard, decreasing their output of primers and ammunition, reducing the amount of Russian commercial ammunition on the US market.",
        "spans": [
          "Another factor which added to the shortage is COVID-19 and the pandemic.",
          "This hit the Russian factories particularly hard, and decreased their output.",
          "Primer output was especially hard hit and slowed down.",
          "All of this added up to decreasing the amount of Russian commercial ammunition on the US market."
        ]
      },
      {
        "point_number": 7,
        "point_content": "Increased demand due to political factors such as President Biden's gun control efforts further increased ammunition demand.",
        "spans": [
          "Then-President Biden began demanding Gun Control, and made it a quest for his administration.",
          "This had the immediate effect one would expect, demand for ammunition increased."
        ]
      }
    ],
    "clueweb22-en0023-03-01710": [
      {
        "point_number": 1,
        "point_content": "The ammunition shortage started due to an unexpected pandemic and civil unrest in 2020, causing a surge in demand.",
        "spans": [
          "An unexpected pandemic and civil unrest in 2020 kicked the supply issues off"
        ]
      },
      {
        "point_number": 2,
        "point_content": "New policies enacted by President Biden caused a second rush on the limited ammo supply.",
        "spans": [
          "new policies enacted by President Biden that set off a second rush on the limited supply"
        ]
      },
      {
        "point_number": 3,
        "point_content": "The National Shooting Sports Foundation reported 6.2 million new gun owners in 2020, increasing demand for guns and ammo.",
        "spans": [
          "The National Shooting Sports Foundation reported a massive influx of new gun owners in 2020, totaling 6.2 million. New shooters purchasing guns and ammunition caused a significant drop in supply."
        ]
      },
      {
        "point_number": 4,
        "point_content": "Manufacturers struggled to keep up with demand due to lockdowns and temporary factory closures, running at lower capacity.",
        "spans": [
          "But coupled with lockdowns and temporary closures of factories due to COVID-19, manufacturers were forced to run at lower capacity despite ballooning sales."
        ]
      },
      {
        "point_number": 5,
        "point_content": "There was a lack of critical components like primers, which further impacted manufacturers' ability to produce enough ammo.",
        "spans": [
          "In addition to spikes in demand and scaled manufacturing, the industry also underwent a lack of critical components, like primers."
        ]
      },
      {
        "point_number": 6,
        "point_content": "The U.S. State Department placed sanctions on Russia in 2021, banning imports of Russian firearms and ammunition, which affects 30% of ammo imports.",
        "spans": [
          "the U.S. State Department placed new sanctions on Russia in 2021 – resulting in a ban on future imports of Russian firearms and ammunition.",
          "Kyle Reade, president of Arizona-based online ammunition retailer TrueShot Gun Club, explained that 30% of all ammunition coming into the U.S. is from Russia…so the impact of the sanctions will eventually be felt."
        ]
      },
      {
        "point_number": 7,
        "point_content": "The ammo shortage is expected to continue for a few years due to high demand, supply chain issues, and political factors.",
        "spans": [
          "TrueShot Gun Club’s Reade told Pew Pew Tactical that the industry wouldn’t see things stabilize for a few years.",
          "“I’ve talked to [major ammo maker], and without missing a beat, they said three years. We have a hostile administration to our industry, and they’re 12 months out to fill big box retail. Then we had the Russian import disaster…And demand is at an all-time high. Supply is still outpacing demand.”"
        ]
      }
    ],
    "clueweb22-en0009-78-18184": [
      {
        "point_number": 1,
        "point_content": "Firearms sales in the U.S. soared in 2020, leading to increased demand for ammunition.",
        "spans": [
          "Firearms sales in the U.S. soared in 2020.",
          "both vendors and researchers have reported rising demand for the better part of this year."
        ]
      },
      {
        "point_number": 2,
        "point_content": "Ammunition sales rose more significantly than gun sales, causing backlogs and shortages.",
        "spans": [
          "Additional analyses note ammunition sales rose more significantly than gun sales alone.",
          "Ammunition manufacturers are reporting backlogs as a result of elevated demand, and some suggest shortages could last until at least January."
        ]
      },
      {
        "point_number": 3,
        "point_content": "Ammo Incorporated reported a record backlog of $80.1 million in purchases due to heightened consumer demand.",
        "spans": [
          "Ammo Incorporated, an ammunition manufacturer based in Scottsdale, Arizona, is one of the most recent vendors to confirm a significant backlog due to heightened demand from consumers.",
          "Last week, the company said its backlogged orders amounted to $80.1 million in purchases as of August 31, which set a new record after months of increasing numbers."
        ]
      },
      {
        "point_number": 4,
        "point_content": "Federal background checks for purchasing firearms increased 72% year-over-year, indicating increased demand for firearms and ammunition.",
        "spans": [
          "[the Federal Bureau of Investigation's National Instant Criminal Background Check System] data shows federal background checks for purchasing firearms have increased 72% year-over-year and we don't anticipate consumer demand for firearms or ammunition slowing anytime soon,"
        ]
      },
      {
        "point_number": 5,
        "point_content": "Suppliers are struggling to keep up with demand, leading to tight inventory and backlogs.",
        "spans": [
          "inventory [was] extremely tight",
          "it's clear suppliers are struggling to keep up with demand right now."
        ]
      },
      {
        "point_number": 6,
        "point_content": "U.S. ammunition purchases increased by 139 percent during the first half of 2020 compared to the same period in 2019.",
        "spans": [
          "According to the National Shooting Sports Foundation (NSSF), retailer surveys indicated that U.S. ammunition purchases increased by 139 percent during the first half of 2020 compared to the same time period in 2019."
        ]
      },
      {
        "point_number": 7,
        "point_content": "Firearms sales increased by 95 percent during the first half of 2020 compared to last year, with 5 million first-time gun buyers.",
        "spans": [
          "Survey responses also suggested firearms sales increased by 95 percent during the first half of this year compared to last year.",
          "NSSF estimated 5 million people purchased guns for the first time between January and July."
        ]
      },
      {
        "point_number": 8,
        "point_content": "The FBI reported 28.8 million background checks initiated through NICS during the first eight months of 2020, exceeding any previous year.",
        "spans": [
          "The most recent data regarding firearms background checks, released by the FBI at the end of September, showed 28.8 million background checks were initiated through NICS during the first eight months of 2020.",
          "That figure exceeded total background checks initiated through the system during any previous year."
        ]
      }
    ],
    "clueweb22-en0012-21-00536": [
      {
        "point_number": 1,
        "point_content": "The ammo shortage is caused by artificially over-inflated demand due to people buying lots of ammo and sitting on it, just in case.",
        "spans": [
          "I believe that the ammo situation is similar to how people have been hoarding toilet paper since the start of the pandemic: through what’s known as artificially over-inflated demand.",
          "While more people than ever are buying guns and ammo is flying off the shelves, I haven’t seen any evidence that people are shooting more than they were last year. That means people are buying lots of ammo (as well as reloading components) and sitting on it, just in case."
        ]
      },
      {
        "point_number": 2,
        "point_content": "The pandemic, widespread protests, and an election year caused a spike in gun and ammo sales, leading to ammo being bought up quickly.",
        "spans": [
          "At least a slight spike in gun and ammo sales was already expected in 2020, mainly since it was an election year.",
          "But when the coronavirus pandemic began, along with widespread protests and rioting across the country, current gun owners and new gun owners bought up all the ammunition they could find."
        ]
      },
      {
        "point_number": 3,
        "point_content": "Retailers bought out all the ammo their distributors had in stock and placed limits on purchases, making ammo seem even more scarce.",
        "spans": [
          "Since it was selling immediately, retailers bought out everything their distributors had in stock, putting pretty much everything on backorder.",
          "To add to that, many retailers started placing limits on how many boxes of certain calibers that each customer could buy, which makes it seem like ammunition is even more scarce."
        ]
      },
      {
        "point_number": 4,
        "point_content": "Ammo manufacturers are producing record amounts but face production capacity limits and pandemic-related disruptions.",
        "spans": [
          "Most companies have done what they can to produce as much of the in-demand cartridges as possible.",
          "The NRA’s American Rifleman reports that the top three ammo manufacturers in the country are reporting that they’ve produced record amounts of ammunition this year.",
          "Also, due to the pandemic, ammunition manufacturers have to consider the safety of their work force and any limitations that may include. Plus supply chains of all kinds, including for the raw materials needed to make ammunition, have been disrupted by the pandemic."
        ]
      },
      {
        "point_number": 5,
        "point_content": "Building new ammo production capacity is expensive, regulated, and time-consuming, so manufacturers cannot quickly increase supply.",
        "spans": [
          "An ammo manufacturer can’t just magically add production capacity. For one, it’s extremely expensive to do, and because the ammo making procedure deals with hazardous chemicals and explosives, zoning and environmental regulations are strict.",
          "Truthfully, the process for building a new ammo plant could take months or even years."
        ]
      }
    ],
    "clueweb22-en0041-50-06470": [
      {
        "point_number": 1,
        "point_content": "The shortage of .22LR ammo is due to high demand from the civilian market, not government purchases.",
        "spans": [
          "NSSF, public affairs director Mike B. notes that there are a lot of stories about the ammunition shortage, with some people even blaming the U.S. government for buying up all the ammo. But according to Bazinet, that's simply not the case. In fact, government purchases have gone down over last three years.",
          "ATK subsidiary Federal Cartridge Company attributes ammo shortages to \"high demand for our products,\" and said flat out that the biggest increases in ammunition purchases are coming from \"the civilian market.\" (This means you).",
          "Olin Corp 's Winchester Ammunition agrees it is \"that experiencing an extremely high demand.\"",
          "And privately held Freedom Group, which manufactures Remington cartridges, says \"it's clear to us that any lack of supply in the marketplace has been from consumer demand.\"]},{",
          "point_number",
          "point_content",
          "spans",
          "Panic and prudent price-comparison habits rarely go hand-in-hand, of course. This results in higher prices for ammunition."
        ]
      },
      {
        "point_number": 3,
        "point_content": "The surge in ammunition sales started as gun sales began surging in the run-up to the 2008 Presidential election.",
        "spans": [
          "The dollar value of ammunition sales in America doubled between 2007 and 2012. Highlighting the obvious, the NRA noted that sales really \"started to climb fast as gun sales began surging\" in the run-up to the 2008 Presidential election."
        ]
      }
    ],
    "clueweb22-en0035-57-16677": [
      {
        "point_number": 1,
        "point_content": "Firearm sales continue to set new records, and show little to no sign of slowing down anytime soon, ammunition is likely going to remain expensive and likely difficult to find.",
        "spans": [
          "As firearm sales continue to set new records, and show little to no sign of slowing down anytime soon, ammunition is likely going to remain expensive and likely difficult to find."
        ]
      },
      {
        "point_number": 2,
        "point_content": "Brick and mortar and online retailers alike continue to sell out as fast as supplies arrive.",
        "spans": [
          "Brick and mortar and online retailers alike continue to sell out as fast as supplies arrive"
        ]
      },
      {
        "point_number": 3,
        "point_content": "9mm is so widely used by law enforcement, so that just adds to the demand across the country.",
        "spans": [
          "One factor driving up prices is that 9mm is so widely used by law enforcement, so that just adds to the demand across the country."
        ]
      }
    ],
    "clueweb22-en0030-57-01041": [
      {
        "point_number": 1,
        "point_content": "There is a deep ammo shortage currently.",
        "spans": [
          "Gun sales remain at elevated levels and there's a deep ammo shortage currently."
        ]
      },
      {
        "point_number": 2,
        "point_content": "Demand for firearms continues to trend higher and with that growth in gun sales comes rising demand for ammunition, leading to an ammo shortage for over a year.",
        "spans": [
          "Demand for firearms continues to trend higher even if it ebbs and flows from year to year, and with that growth in gun sales comes rising demand for ammunition. There has been an ammo shortage for over a year, and it's showing no signs of letting up."
        ]
      },
      {
        "point_number": 3,
        "point_content": "Gun stores report that ammo is still hard to find, indicating the shortage persists.",
        "spans": [
          "Gun stores report that ammo is still hard to find."
        ]
      }
    ],
    "clueweb22-en0023-13-18399": [
      {
        "point_number": 1,
        "point_content": "The ammo shortage is due to supply not keeping up with demand, panic buying, increased demand, hoarding, and rising costs of base materials.",
        "spans": [
          "According to bullet and ammo manufacturers, they’re still turning the stuff out by the barrels, but supply doesn’t seem to be keeping up with demand.",
          "Given limited supplies and rising costs of base materials — combined with panic buying, increased demand, hoarding, and our increasingly chaotic times — ammunition shortages could become chronic."
        ]
      },
      {
        "point_number": 2,
        "point_content": "Our dependence on an elaborate global supply chain makes us vulnerable to ammo shortages, unlike the Comanche who could produce their own weapons.",
        "spans": [
          "What does this history have to do with us and our frequent ammo shortages? It dramatizes our dependence as opposed to the Comanche’s independence. We, like the Rangers, are dependent on an elaborate supply chain stretching around the world. The Comanche, on the other hand, could withdraw deep into the backcountry, rebuild their arsenals of spears and arrows, and be back in the fight. Endlessly."
        ]
      }
    ],
    "clueweb22-en0022-50-04716": [
      {
        "point_number": 1,
        "point_content": "Nationwide ammo shortages, sky-high demand, and record-setting gun sales have caused ammunition prices to soar.",
        "spans": [
          "amid nationwide ammo shortages, sky-high demand, and record-setting gun sales, it is not surprising to see prices for ammunition continue to soar"
        ]
      },
      {
        "point_number": 2,
        "point_content": "Manufacturers cannot keep up with demand due to a spike in interest and factory shutdowns during COVID.",
        "spans": [
          "manufacturers just can’t keep up with the demand due to the spike in interest and the fact that factories were shut down during COVID"
        ]
      },
      {
        "point_number": 3,
        "point_content": "Certain popular calibers like .38 and .380 are very difficult to get due to shortages.",
        "spans": [
          "popular calibers like .38 and .380 are “very, very difficult to get, if you can get it at all"
        ]
      },
      {
        "point_number": 4,
        "point_content": "More than ten million people purchased guns for the first time during the pandemic, increasing demand for ammo.",
        "spans": [
          "According to Smith & Wesson, more than ten million people have purchased guns for the first time during the pandemic"
        ]
      }
    ],
    "clueweb22-en0029-94-18939": [
      {
        "point_number": 1,
        "point_content": "The unprecedented pandemic of the past year has led to all sorts of unusual supply chain bottlenecks, which have led to shortages.",
        "spans": [
          "The unprecedented pandemic of the past year has led to all sorts of unusual supply chain bottlenecks, which have led to shortages."
        ]
      },
      {
        "point_number": 2,
        "point_content": "The shortage has gotten so bad that many gun owners have simply stopped shooting for months on end, and some ranges have run out of ammo to sell.",
        "spans": [
          "the shortage has gotten so bad that “many gun owners have simply stopped shooting for months on end,” and that some ranges have run out of ammo to sell."
        ]
      },
      {
        "point_number": 3,
        "point_content": "The shortage is caused by manufacturers not being able to meet rising demand driven by worries about safety during the pandemic, increased recreational shooting, and fears of gun restrictions under a Democratic administration.",
        "spans": [
          "What is it that caused the shortage? The Reload says it’s about manufacturers not being able to meet rising demand.",
          "There were three things driving that demand: Worries about safety during the pandemic, an increase in recreational shooting while people were bored during the pandemic, and fears that the election of a Democratic administration would enact gun restrictions."
        ]
      },
      {
        "point_number": 4,
        "point_content": "There has been unprecedented demand for ammunition with more than 21 million firearms sold in the past year, including over 9 million to first-time gun buyers.",
        "spans": [
          "We have certainly experienced unprecedented demand for all categories of ammunition over the past year—rimfire, centerfire rifle and pistol, as well as our shotshell products,” Flaugher told the site.",
          "Over the past year, we’ve seen more than 21 million firearms sold, with over 9 million to first-time gun buyers."
        ]
      },
      {
        "point_number": 5,
        "point_content": "Manufacturing has been affected by COVID-required quarantines causing plant and production line shutdowns, and shortages of components delay production.",
        "spans": [
          "Manufacturing is not without hiccups; there have been COVID-required quarantines, causing plant and production line shutdowns,” the Guns and Ammo story said.",
          "Few ammunition brands manufacture all four components of a metallic cartridge (primer, case, propellant and projectile). When one component runs short, product is delayed."
        ]
      },
      {
        "point_number": 6,
        "point_content": "Manufacturers are cautious about overproducing ammo to avoid being stuck with extra inventory once demand decreases, and hoarding has become a concern.",
        "spans": [
          "Another explanation is that while ammunition manufacturers are ramping up production as much as they can, they don’t want to be stuck with extra inventory once the demand curve goes back down.",
          "The Guns and Ammo story also suggested that, like with many supply bottlenecks, hoarding has become a concern."
        ]
      }
    ],
    "clueweb22-en0035-30-07811": [
      {
        "point_number": 1,
        "point_content": "Record gun sales have reportedly led to a shortage of ammunition in the United States.",
        "spans": [
          "Record gun sales have reportedly led to a shortage of ammunition in the United States."
        ]
      },
      {
        "point_number": 2,
        "point_content": "Ammunition is reportedly flying off of shelves across the country as anxious Americans — who purchased a record number of firearms during the pandemic — lock and load up in response to social unrest and an increase in violence.",
        "spans": [
          "Ammunition is reportedly flying off of shelves across the country as anxious Americans — who purchased a record number of firearms during the pandemic — lock and load up in response to social unrest and an increase in violence."
        ]
      },
      {
        "point_number": 3,
        "point_content": "The shortage is now impacting law enforcement agencies, as ammunition shelves are bare despite manufacturers saying they are producing as much as they can.",
        "spans": [
          "The shortage is now impacting law enforcement agencies, The Associated Press reported, as ammunition shelves are bare despite manufacturers saying they are producing as much as they can."
        ]
      },
      {
        "point_number": 4,
        "point_content": "The National Shooting Sports Foundation says more than 50 million people participate in shooting sports in the US and estimates that 20 million guns were sold last year, with 8 million of those sales made by first-time buyers.",
        "spans": [
          "The National Shooting Sports Foundation says more than 50 million people participate in shooting sports in the US and estimates that 20 million guns were sold last year, with 8 million of those sales made by first-time buyers, the AP reported."
        ]
      },
      {
        "point_number": 5,
        "point_content": "The FBI has reported a record number of background reports for gun purchases this year, indicating a high demand for firearms and consequently ammunition.",
        "spans": [
          "The FBI has reported a record number of background reports for gun purchases this year."
        ]
      },
      {
        "point_number": 6,
        "point_content": "People and gun stores began stockpiling ammunition in the initial early days of the pandemic, contributing to the shortage.",
        "spans": [
          "Freilich said that like toilet paper, ammunition was one of the first things people and gun stores began stockpiling in the initial early days of the pandemic."
        ]
      }
    ]
  }
}