{
  "question": "how did canada get involved in ww2",
  "key_points": [
    {
      "point_number": 1,
      "point_content": "Canada declared war on Germany in 1939, 8 days after Germany invaded Poland, and 10 days after Britain had declared war, choosing to enter the war as a separate nation commanding its own troops, motivated by the threat Nazi Germany posed to Western civilization, the desire to help the Allies especially Britain, economic recovery, and job creation, after parliamentary debate and decision.",
      "original_point_number": [
        1,
        6,
        13,
        15,
        16,
        17,
        18,
        35
      ]
    },
    {
      "point_number": 2,
      "point_content": "Canada was part of the British Commonwealth with strong ties to Britain and had been under British command for a long time, which posed a risk of attack from Germany if Britain could not hold their ground.",
      "original_point_number": [
        7,
        14
      ]
    },
    {
      "point_number": 3,
      "point_content": "Canada was involved in the fighting almost from the beginning, especially in the air through the British Commonwealth Air Training Plan, with more than 100 Canadian pilots fighting alongside their allies in the Battle of Britain.",
      "original_point_number": [
        2,
        19
      ]
    },
    {
      "point_number": 4,
      "point_content": "The Royal Canadian Navy started from scratch in 1939 and participated in early actions such as the rescue at Dunkirk and convoy work across the North Atlantic, becoming one of the largest Allied naval forces by the end of the war.",
      "original_point_number": [
        3,
        12
      ]
    },
    {
      "point_number": 5,
      "point_content": "The Canadian army had about half a million men in 1944, many volunteered for overseas service, and participated in major battles including Dieppe, Sicily, Italy, and the Normandy landing, contributing to liberating Italy and taking part in D-Day and the Battle of Normandy.",
      "original_point_number": [
        4,
        11,
        21,
        22,
        23
      ]
    },
    {
      "point_number": 6,
      "point_content": "Canadian units were present in Hong Kong when Japan attacked in 1941, marking Canada's first major engagement in the Second World War, and Canada declared war on Japan before the US did, playing a role in defending Hong Kong against Japan.",
      "original_point_number": [
        5,
        9,
        20
      ]
    },
    {
      "point_number": 7,
      "point_content": "Canada was involved in joint military operations with the Allies, such as the Devil’s Brigade, a joint commando unit with Americans, and participated in the European Theater of World War II alongside the United States and other Allied forces, including an agreement with the US for the defence of North America.",
      "original_point_number": [
        8,
        10,
        25
      ]
    },
    {
      "point_number": 8,
      "point_content": "Prime Minister William Lyon Mackenzie King hoped to steer Canada along a path of neutrality, sought to avoid war at any cost, even meeting Hitler in 1937, and allowed limited rearmament for home defence while avoiding full military buildup to not alienate Quebec, reflecting concerns about Canada's fragile unity and the isolationist stance of Quebec.",
      "original_point_number": [
        26,
        27,
        28,
        30,
        31,
        32,
        34
      ]
    },
    {
      "point_number": 9,
      "point_content": "King strengthened economic ties with the United States and developed a close relationship with Roosevelt, who worried about Canada's weak armed forces.",
      "original_point_number": [
        33
      ]
    },
    {
      "point_number": 10,
      "point_content": "Canada played a small part in international affairs before the war, rejecting sanctions against Italy in 1935, reflecting reluctance to get involved in European conflicts.",
      "original_point_number": [
        29
      ]
    }
  ]
}