{
  "question": "why do some people age faster than others",
  "key_points": [
    {
      "point_number": 1,
      "point_content": "Genetic and environmental influences can cause your biology to rack up signs of age much faster or slower than your birth date might predict, and there is a great deal of environmental influence on aging, so aging is not totally determined by genes.",
      "original_point_number": [
        1,
        8
      ]
    },
    {
      "point_number": 2,
      "point_content": "Some participants aged at an equal biological pace, but some were gaining three biological years for every one chronological year, while others had their biological age essentially on \"pause.\" Some subjects were aging normally, but some were aging as fast as three years per chronological year, and those aging faster had other age-specific problems.",
      "original_point_number": [
        2,
        6
      ]
    },
    {
      "point_number": 3,
      "point_content": "Some people are years older on the inside, which affects how they age externally. Those who were aging faster internally were also perceived to be older externally.",
      "original_point_number": [
        3,
        7
      ]
    },
    {
      "point_number": 4,
      "point_content": "Real aging occurs within your organs and might translate to your appearance.",
      "original_point_number": [
        4
      ]
    },
    {
      "point_number": 5,
      "point_content": "A study looked at 18 different biological factors that impact the aging process, including kidney, liver, metabolic function, cholesterol, and fitness levels.",
      "original_point_number": [
        5
      ]
    },
    {
      "point_number": 6,
      "point_content": "Minding your health and keeping diseases at bay could keep you looking and feeling young. Healthy habits like a balanced diet, meditation, and exercise could reverse cell aging, while unhealthy habits like drinking sugary sodas speed up aging.",
      "original_point_number": [
        9,
        10
      ]
    }
  ]
}