{
  "question": "does selling your home affect social security",
  "key_points": [
    {
      "point_number": 1,
      "point_content": "Selling your house will not cause you to lose your Social Security benefits coverage, but the income from the sale may affect your eligibility for Medicaid and SSI, and proceeds from the sale could potentially make you ineligible for SSI payments at least temporarily.",
      "original_point_number": [
        1,
        14
      ]
    },
    {
      "point_number": 2,
      "point_content": "If you lose Medicaid and SSI due to increased income from selling your home, you would have to pay for benefits through regular Medicare and lose Extra Help supports.",
      "original_point_number": [
        2
      ]
    },
    {
      "point_number": 3,
      "point_content": "If your income and assets later decline, you could become eligible again for Medicaid and SSI benefits.",
      "original_point_number": [
        3
      ]
    },
    {
      "point_number": 4,
      "point_content": "Selling your home while receiving SSI benefits requires following specific procedures to maintain eligibility, including buying a new home within three months if your bank balance is under the limit.",
      "original_point_number": [
        4,
        5
      ]
    },
    {
      "point_number": 5,
      "point_content": "If you do not buy a new home within three months and your bank balance exceeds $2,000/$3,000, your SSI benefits will be discontinued.",
      "original_point_number": [
        6
      ]
    },
    {
      "point_number": 6,
      "point_content": "To reinstate SSI benefits, you must spend down excess funds within 12 months and provide records of purchases made with the proceeds; transferring money to a family member is not allowed to spend down funds for SSI reinstatement.",
      "original_point_number": [
        7,
        8
      ]
    },
    {
      "point_number": 7,
      "point_content": "The capital gain from selling a property will be included in the calculation that determines whether and how much of your Social Security checks will be taxed; the sale of a property can cause up to 85% of your Social Security benefit to be taxable in the year of the sale.",
      "original_point_number": [
        9,
        10
      ]
    },
    {
      "point_number": 8,
      "point_content": "Medicare premiums are likely to rise based on higher modified adjusted gross income from the property sale, but the increase is not immediate and depends on income from two years earlier; if income returns to normal after the year of the sale, Medicare premiums should revert to normal two years later.",
      "original_point_number": [
        11,
        12
      ]
    },
    {
      "point_number": 9,
      "point_content": "Selling a house would have no effect on Social Security disability benefits (SSDI).",
      "original_point_number": [
        13
      ]
    }
  ]
}