{
  "question": "why was feminism created",
  "key_points": {
    "clueweb22-en0008-60-11787": [
      {
        "point_number": 1,
        "point_content": "Feminism is a belief in the political, economic and cultural equality of women.",
        "spans": [
          "Feminism, a belief in the political, economic and cultural equality of women"
        ]
      },
      {
        "point_number": 2,
        "point_content": "Feminism has roots in the earliest eras of human civilization and is typically separated into three waves addressing different issues.",
        "spans": [
          "Feminism, a belief in the political, economic and cultural equality of women, has roots in the earliest eras of human civilization. It is typically separated into three waves: first wave feminism, dealing with property rights and the right to vote; second wave feminism, focusing on equality and anti-discrimination, and third wave feminism, which started in the 1990s as a backlash to the second wave’s perceived privileging of white, straight women."
        ]
      },
      {
        "point_number": 3,
        "point_content": "Early feminists like Plato, Christine de Pizan, Margaret Cavendish, and Mary Wollstonecraft argued for women's equality and protested misogyny.",
        "spans": [
          "In his classic Republic, Plato advocated that women possess “natural capacities” equal to men for governing and defending ancient Greece.",
          "In The Book of the City of Ladies, 15th-century writer Christine de Pizan protested misogyny and the role of women in the Middle Ages.",
          "Years later, during the Enlightenment, writers and philosophers like Margaret Cavendish, the Duchess of Newcastle-upon-Tyne, and Mary Wollstonecraft, author of A Vindication of the Rights of Woman, argued vigorously for greater equality for women."
        ]
      },
      {
        "point_number": 4,
        "point_content": "Abigail Adams saw access to education, property and the ballot as critical to women’s equality and warned of rebellion if women were not given a voice.",
        "spans": [
          "Abigail Adams, first lady to President John Adams, specifically saw access to education, property and the ballot as critical to women’s equality.",
          "In letters to her husband John Adams, Abigail Adams warned, “If particular care and attention is not paid to the Ladies we are determined to foment a Rebellion, and will not hold ourselves bound by any Laws in which we have no voice.”"
        ]
      },
      {
        "point_number": 5,
        "point_content": "The 19th century saw calls for greater freedom for women join with voices demanding the end of slavery, highlighting the irony of women advocating for rights they did not have.",
        "spans": [
          "The “Rebellion” that Adams threatened began in the 19th century, as calls for greater freedom for women joined with voices demanding the end of slavery.",
          "Indeed, many women leaders of the abolitionist movement found an unsettling irony in advocating for African Americans rights that they themselves could not enjoy."
        ]
      },
      {
        "point_number": 6,
        "point_content": "The first wave feminism focused on women's suffrage and property rights, exemplified by the 1848 Seneca Falls Convention and the Declaration of Sentiments.",
        "spans": [
          "It is typically separated into three waves: first wave feminism, dealing with property rights and the right to vote",
          "At the 1848 Seneca Falls Convention, abolitionists like Elizabeth Cady Stanton and Lucretia Mott boldly proclaimed in their now-famous Declaration of Sentiments that “We hold these truths to be self-evident; that all men and women are created equal.” Controversially, the feminists demanded “their sacred right to the elective franchise,” or the right to vote."
        ]
      },
      {
        "point_number": 7,
        "point_content": "The women's suffrage movement began in earnest after the Seneca Falls Convention and led to women gaining the right to vote in various countries, culminating in the 19th Amendment in the US in 1920.",
        "spans": [
          "When the resolution passed, the women’s suffrage movement began in earnest, and dominated much of feminism for several decades.",
          "In 1920, thanks largely to the work of suffragists like Susan B. Anthony and Carrie Chapman Catt, the 19th Amendment passed. American women finally earned the right to vote."
        ]
      },
      {
        "point_number": 8,
        "point_content": "Women entered the workforce in greater numbers during the Great Depression and World War II, leading to increased calls for equal pay and workplace rights.",
        "spans": [
          "Women began to enter the workplace in greater numbers following the Great Depression, when many male breadwinners lost their jobs, forcing women to find “ women’s work ” in lower paying but more stable careers like housework, teaching and secretarial roles.",
          "During World War II, many women actively participated in the military or found work in industries previously reserved for men, making Rosie the Riveter a feminist icon.",
          "Following the civil rights movement, women sought greater participation in the workplace, with equal pay at the forefront of their efforts"
        ]
      },
      {
        "point_number": 9,
        "point_content": "Second wave feminism, or women's liberation, focused on cultural obstacles, unfulfilling roles, legal equality, and reproductive rights.",
        "spans": [
          "Second Wave Feminism: Women's Liberation",
          "But cultural obstacles remained, and with the 1963 publication of The Feminine Mystique, Betty Friedan —who later co-founded the National Organization for Women —argued that women were still relegated to unfulfilling roles in homemaking and child care.",
          "The Equal Rights Amendment, which sought legal equality for women and banned discrimination on the basis of sex, was passed by Congress in 1972",
          "One year later, feminists celebrated the Supreme Court decision in Roe v. Wade, the landmark ruling that guaranteed a woman’s right to choose an abortion."
        ]
      },
      {
        "point_number": 10,
        "point_content": "Third wave feminism arose as a backlash to the second wave's perceived privileging of white, straight women and addressed concerns of women of color, lesbians, immigrants, and religious minorities.",
        "spans": [
          "third wave feminism, which started in the 1990s as a backlash to the second wave’s perceived privileging of white, straight women.",
          "Critics have argued that the benefits of the feminist movement, especially the second wave, are largely limited to white, college-educated women, and that feminism has failed to address the concerns of women of color, lesbians, immigrants and religious minorities."
        ]
      },
      {
        "point_number": 11,
        "point_content": "The #MeToo movement and women's marches in the 2010s highlighted ongoing issues of sexual assault, rape culture, and threats to women's rights.",
        "spans": [
          "By the 2010s, feminists pointed to prominent cases of sexual assault and “rape culture” as emblematic of the work still to be done in combating misogyny and ensuring women have equal rights.",
          "The #MeToo movement gained new prominence in October 2017, when the New York Times published a damning investigation into allegations of sexual harassment made against influential film producer Harvey Weinstein.",
          "On January 21, 2017, the first full day of Trump’s presidency, hundreds of thousands of people joined the Women’s March on Washington in D.C., a massive protest aimed at the new administration and the perceived threat it represented to reproductive, civil and human rights."
        ]
      }
    ],
    "null": [],
    "clueweb22-en0000-89-08159": [
      {
        "point_number": 1,
        "point_content": "Feminist claims are primarily political claims for change in specific settings; they erupt frequently in times of political unrest.",
        "spans": [
          "Feminist claims are primarily political claims for change in specific settings; they erupt frequently in times of political unrest."
        ]
      },
      {
        "point_number": 2,
        "point_content": "The history of feminism is a gendered narrative of political history that goes well beyond the adding and stirring in of an occasional queen, a comment on \"new woman\" fashion, or a photograph of a demonstration for the right to vote.",
        "spans": [
          "The history of feminism is a gendered narrative of political history that goes well beyond the adding and stirring in of an occasional queen, a comment on \"new woman\" fashion, or a photograph of a demonstration for the right to vote."
        ]
      },
      {
        "point_number": 3,
        "point_content": "The history of feminism as political history necessarily embraces women's ongoing quests for educational equity, economic opportunity, civil rights, and political inclusion.",
        "spans": [
          "The history of feminism as political history necessarily embraces women's ongoing quests for educational equity, economic opportunity, civil rights, and political inclusion."
        ]
      },
      {
        "point_number": 4,
        "point_content": "Historians of feminism have argued that, historically speaking, \"the personal is political,\" a slogan that authorizes the wholesale rethinking of the \"old\" history, including the history of politics, and turns it inside out.",
        "spans": [
          "Historians of feminism have argued that, historically speaking, \"the personal is political,\" a slogan that authorizes the wholesale rethinking of the \"old\" history, including the history of politics, and turns it inside out."
        ]
      },
      {
        "point_number": 5,
        "point_content": "In this rethinking of \"politics,\" historians of feminism highlight the struggle to rebalance the equations of power between the sexes in many diverse human societies by reclaiming publicly expressed criticism of male dominated gender relations as well as political organization and action directed to achieving their goals.",
        "spans": [
          "In this rethinking of \"politics,\" historians of feminism highlight the struggle to rebalance the equations of power between the sexes in many diverse human societies by reclaiming publicly expressed criticism of male dominated gender relations as well as political organization and action directed to achieving their goals."
        ]
      },
      {
        "point_number": 6,
        "point_content": "The struggle was engendered in the context of a heightened awareness of relations between governors and governed—the \"governed\" in this case being women who were then embedded in and constrained by male-dominated familial structures.",
        "spans": [
          "The struggle was engendered in the context of a heightened awareness of relations between governors and governed—the \"governed\" in this case being women who were then embedded in and constrained by male-dominated familial structures."
        ]
      },
      {
        "point_number": 7,
        "point_content": "Women and a few important male feminist allies took up this language to campaign for acknowledgement of women's rights within the societies in which they lived and to claim their empowerment, their access to authority, and their inclusion in decisionmaking at every level.",
        "spans": [
          "Women and a few important male feminist allies took up this language to campaign for acknowledgement of women's rights within the societies in which they lived and to claim their empowerment, their access to authority, and their inclusion in decisionmaking at every level."
        ]
      },
      {
        "point_number": 8,
        "point_content": "From the very beginning of the French Revolution, feminists had challenged the claims made for the \"universality\" of the Rights of \"Man,\" that far from evicting women from \"politics\" into a strictly \"private\" or \"domestic\" sphere in 1793, the French revolutionaries actually mandated a new, quasipublic role for women as mother-educators of new generations of citizens.",
        "spans": [
          "from the very beginning of the French Revolution, feminists had challenged the claims made for the \"universality\" of the Rights of \"Man,\" that far from evicting women from \"politics\" into a strictly \"private\" or \"domestic\" sphere in 1793, the French revolutionaries actually mandated a new, quasipublic role for women as mother-educators of new generations of citizens"
        ]
      },
      {
        "point_number": 9,
        "point_content": "The \"women question\" was at the center of state-building concerns, and political figures from Talleyrand and Napoleon to Mussolini and Hitler disagreed fundamentally with the demands of feminists (men and women alike) and did everything in their power to smother their campaigns.",
        "spans": [
          "The \"women question\" was at the center of state-building concerns, and political figures from Talleyrand and Napoleon to Mussolini and Hitler disagreed fundamentally with the demands of feminists (men and women alike) and did everything in their power to smother their campaigns."
        ]
      }
    ],
    "clueweb22-en0006-18-04903": [
      {
        "point_number": 1,
        "point_content": "Feminism was created as an effort of women to live to their full humanity in a world shaped by and for men.",
        "spans": [
          "There have been multiple feminisms representing the efforts of women to live to their full humanity in a world shaped by and for men"
        ]
      },
      {
        "point_number": 2,
        "point_content": "Mary Wollstonecraft's 1792 book 'A Vindication of the Rights of Woman' represents the beginning of first-wave American feminism, responding to the European Enlightenment's focus on men's rights.",
        "spans": [
          "A Vindication of the Rights of Woman in 1792",
          "it arguably represents the beginning of first-wave American feminism"
        ]
      },
      {
        "point_number": 3,
        "point_content": "The first-wave feminist movement in the U.S. began at the Seneca Falls Convention of 1848, asserting fundamental rights often denied to women, including the right to vote.",
        "spans": [
          "the first-wave feminist movement probably began at the Seneca Falls Convention of July 1848",
          "it asserted fundamental rights often denied to women, including the right to vote"
        ]
      },
      {
        "point_number": 4,
        "point_content": "The 19th-century feminist movement had its roots in the abolitionist movement and faced challenges regarding prioritizing Black civil rights over women's rights.",
        "spans": [
          "The 19th-century feminist movement had its roots in the abolitionist movement",
          "the central question of 19th-century feminism was whether it was acceptable to promote Black civil rights over women's rights"
        ]
      },
      {
        "point_number": 5,
        "point_content": "Women took over many jobs traditionally held by men during World War I and World War II, leading to the resurgence and birth of the second wave of American feminism.",
        "spans": [
          "As 4 million young men were drafted to serve as U.S. troops in World War I, women took over many jobs traditionally held by men",
          "When the war was over, it became clear that American women could work just as hard and effectively as American men, and the second wave of American feminism was born"
        ]
      },
      {
        "point_number": 6,
        "point_content": "Betty Friedan's 1963 book 'The Feminine Mystique' addressed cultural gender roles and discrimination, leading to the founding of the National Organization for Women (NOW) in 1966.",
        "spans": [
          "Betty Friedan's book The Feminine Mystique, published in 1963, took on \"the problem that has no name\"",
          "Friedan co-founded NOW in 1966, the first and still the largest major women's liberation organization"
        ]
      }
    ],
    "clueweb22-en0006-73-00217": [
      {
        "point_number": 1,
        "point_content": "Modern feminism is a direct outgrowth of American Communism.",
        "spans": [
          "modern feminism is a direct outgrowth of American Communism"
        ]
      },
      {
        "point_number": 2,
        "point_content": "Ideas, activists and traditions that emanated from the Communist movement of the forties and fifties continued to shape the direction of the new women’s movement of the 1960s and later.",
        "spans": [
          "Ideas, activists and traditions that emanated from the Communist movement of the forties and fifties continued to shape the direction of the new women’s movement of the 1960s and later."
        ]
      },
      {
        "point_number": 3,
        "point_content": "Many second-wave feminist leaders were “red diaper babies,” the children of Communist Jews.",
        "spans": [
          "Many second-wave feminist leaders were “red diaper babies,” the children of Communist Jews."
        ]
      },
      {
        "point_number": 4,
        "point_content": "Communists pioneered the political and cultural analysis of woman’s oppression.",
        "spans": [
          "Communists pioneered the political and cultural analysis of woman’s oppression."
        ]
      },
      {
        "point_number": 5,
        "point_content": "They originated “women’s studies,” and advocated public daycare, birth control, abortion and even children’s rights.",
        "spans": [
          "They originated “women’s studies,” and advocated public daycare, birth control, abortion and even children’s rights."
        ]
      },
      {
        "point_number": 6,
        "point_content": "They forged key feminist concepts such as “the personal is the political” and techniques such as “consciousness raising.”",
        "spans": [
          "They forged key feminist concepts such as “the personal is the political” and techniques such as “consciousness raising.”"
        ]
      },
      {
        "point_number": 7,
        "point_content": "In the late 1940’s, CPUSA leaders realized that the labor movement was becoming increasingly hostile to Communism. They began to focus on women and African Americans.",
        "spans": [
          "In the late 1940’s, CPUSA leaders realized that the labor movement was becoming increasingly hostile to Communism. They began to focus on women and African Americans."
        ]
      },
      {
        "point_number": 8,
        "point_content": "The feminist pursuit of “equal rights” is a mask for an invidious Communist agenda.",
        "spans": [
          "the feminist pursuit of “equal rights” is a mask for an invidious Communist agenda."
        ]
      },
      {
        "point_number": 9,
        "point_content": "Feminism’s roots in Marxist Communism explain a great deal about this curious but dangerous movement.",
        "spans": [
          "Feminism’s roots in Marxist Communism explain a great deal about this curious but dangerous movement."
        ]
      },
      {
        "point_number": 10,
        "point_content": "It’s hard to escape the conclusion that feminism is Communism by another name.",
        "spans": [
          "It’s hard to escape the conclusion that feminism is Communism by another name."
        ]
      }
    ],
    "clueweb22-en0042-83-05348": [
      {
        "point_number": 1,
        "point_content": "Feminism focuses on the idea that since women comprise one-half of the world population, true social progress can never be achieved without the complete and spontaneous participation of women.",
        "spans": [
          "Feminism focuses on the idea that since women comprise one-half of the world population, true social progress can never be achieved without the complete and spontaneous participation of women."
        ]
      }
    ],
    "clueweb22-en0021-27-19484": [
      {
        "point_number": 1,
        "point_content": "Feminism in it’s modern form began in the last hundred years, when industrialization moved our economic survival from requiring hard labor to requiring skilled labor.",
        "spans": [
          "Feminism in it’s modern form began in the last hundred years, when industrialization moved our economic survival from requiring hard labor to requiring skilled labor."
        ]
      },
      {
        "point_number": 2,
        "point_content": "This transition made it possible for even the weakest women to work.",
        "spans": [
          "This transition made it possible for even the weakest women to work."
        ]
      },
      {
        "point_number": 3,
        "point_content": "Early feminist movements – even Marxist feminists – were bankrolled by major capitalists in order to increase the workforce and lower wages.",
        "spans": [
          "As the book Revolution From Above chronicles, early feminist movements – even Marxist feminists – were bankrolled by major capitalists in order to increase the workforce and lower wages."
        ]
      },
      {
        "point_number": 4,
        "point_content": "Feminism is a product of capitalism.",
        "spans": [
          "Feminism is a product of capitalism."
        ]
      },
      {
        "point_number": 5,
        "point_content": "The “you can have it all” message is an attempt by corporations to swindle women out of their biological needs.",
        "spans": [
          "The “you can have it all” message is an attempt by corporations to swindle women out of their biological needs."
        ]
      }
    ]
  }
}