{
  "question": "why was feminism created",
  "key_points": [
    {
      "point_number": 1,
      "point_content": "Feminism is a belief in the political, economic and cultural equality of women.",
      "original_point_number": [
        1
      ]
    },
    {
      "point_number": 2,
      "point_content": "Feminism has roots in the earliest eras of human civilization and is typically separated into three waves addressing different issues.",
      "original_point_number": [
        2
      ]
    },
    {
      "point_number": 3,
      "point_content": "Early feminists like Plato, Christine de Pizan, Margaret Cavendish, and Mary Wollstonecraft argued for women's equality and protested misogyny.",
      "original_point_number": [
        3
      ]
    },
    {
      "point_number": 4,
      "point_content": "Abigail Adams saw access to education, property and the ballot as critical to women’s equality and warned of rebellion if women were not given a voice.",
      "original_point_number": [
        4
      ]
    },
    {
      "point_number": 5,
      "point_content": "The 19th century saw calls for greater freedom for women join with voices demanding the end of slavery, highlighting the irony of women advocating for rights they did not have.",
      "original_point_number": [
        5
      ]
    },
    {
      "point_number": 6,
      "point_content": "The first wave feminism focused on women's suffrage and property rights, exemplified by the 1848 Seneca Falls Convention and the Declaration of Sentiments.",
      "original_point_number": [
        6
      ]
    },
    {
      "point_number": 7,
      "point_content": "The women's suffrage movement began in earnest after the Seneca Falls Convention and led to women gaining the right to vote in various countries, culminating in the 19th Amendment in the US in 1920.",
      "original_point_number": [
        7
      ]
    },
    {
      "point_number": 8,
      "point_content": "Women entered the workforce in greater numbers during the Great Depression and World War II, leading to increased calls for equal pay and workplace rights.",
      "original_point_number": [
        8
      ]
    },
    {
      "point_number": 9,
      "point_content": "Second wave feminism, or women's liberation, focused on cultural obstacles, unfulfilling roles, legal equality, and reproductive rights.",
      "original_point_number": [
        9
      ]
    },
    {
      "point_number": 10,
      "point_content": "Third wave feminism arose as a backlash to the second wave's perceived privileging of white, straight women and addressed concerns of women of color, lesbians, immigrants, and religious minorities.",
      "original_point_number": [
        10
      ]
    },
    {
      "point_number": 11,
      "point_content": "The #MeToo movement and women's marches in the 2010s highlighted ongoing issues of sexual assault, rape culture, and threats to women's rights.",
      "original_point_number": [
        11
      ]
    },
    {
      "point_number": 12,
      "point_content": "Feminist claims are primarily political claims for change in specific settings; they erupt frequently in times of political unrest.",
      "original_point_number": [
        12
      ]
    },
    {
      "point_number": 13,
      "point_content": "The history of feminism is a gendered narrative of political history that goes well beyond the adding and stirring in of an occasional queen, a comment on \"new woman\" fashion, or a photograph of a demonstration for the right to vote.",
      "original_point_number": [
        13
      ]
    },
    {
      "point_number": 14,
      "point_content": "The history of feminism as political history necessarily embraces women's ongoing quests for educational equity, economic opportunity, civil rights, and political inclusion.",
      "original_point_number": [
        14
      ]
    },
    {
      "point_number": 15,
      "point_content": "Historians of feminism have argued that, historically speaking, \"the personal is political,\" a slogan that authorizes the wholesale rethinking of the \"old\" history, including the history of politics, and turns it inside out.",
      "original_point_number": [
        15
      ]
    },
    {
      "point_number": 16,
      "point_content": "In this rethinking of \"politics,\" historians of feminism highlight the struggle to rebalance the equations of power between the sexes in many diverse human societies by reclaiming publicly expressed criticism of male dominated gender relations as well as political organization and action directed to achieving their goals.",
      "original_point_number": [
        16
      ]
    },
    {
      "point_number": 17,
      "point_content": "The struggle was engendered in the context of a heightened awareness of relations between governors and governed—the \"governed\" in this case being women who were then embedded in and constrained by male-dominated familial structures.",
      "original_point_number": [
        17
      ]
    },
    {
      "point_number": 18,
      "point_content": "Women and a few important male feminist allies took up this language to campaign for acknowledgement of women's rights within the societies in which they lived and to claim their empowerment, their access to authority, and their inclusion in decisionmaking at every level.",
      "original_point_number": [
        18
      ]
    },
    {
      "point_number": 19,
      "point_content": "From the very beginning of the French Revolution, feminists had challenged the claims made for the \"universality\" of the Rights of \"Man,\" that far from evicting women from \"politics\" into a strictly \"private\" or \"domestic\" sphere in 1793, the French revolutionaries actually mandated a new, quasipublic role for women as mother-educators of new generations of citizens.",
      "original_point_number": [
        19
      ]
    },
    {
      "point_number": 20,
      "point_content": "The \"women question\" was at the center of state-building concerns, and political figures from Talleyrand and Napoleon to Mussolini and Hitler disagreed fundamentally with the demands of feminists (men and women alike) and did everything in their power to smother their campaigns.",
      "original_point_number": [
        20
      ]
    },
    {
      "point_number": 21,
      "point_content": "Feminism was created as an effort of women to live to their full humanity in a world shaped by and for men.",
      "original_point_number": [
        21
      ]
    },
    {
      "point_number": 22,
      "point_content": "Mary Wollstonecraft's 1792 book 'A Vindication of the Rights of Woman' represents the beginning of first-wave American feminism, responding to the European Enlightenment's focus on men's rights.",
      "original_point_number": [
        22
      ]
    },
    {
      "point_number": 23,
      "point_content": "The first-wave feminist movement in the U.S. began at the Seneca Falls Convention of 1848, asserting fundamental rights often denied to women, including the right to vote.",
      "original_point_number": [
        23
      ]
    },
    {
      "point_number": 24,
      "point_content": "The 19th-century feminist movement had its roots in the abolitionist movement and faced challenges regarding prioritizing Black civil rights over women's rights.",
      "original_point_number": [
        24
      ]
    },
    {
      "point_number": 25,
      "point_content": "Women took over many jobs traditionally held by men during World War I and World War II, leading to the resurgence and birth of the second wave of American feminism.",
      "original_point_number": [
        25
      ]
    },
    {
      "point_number": 26,
      "point_content": "Betty Friedan's 1963 book 'The Feminine Mystique' addressed cultural gender roles and discrimination, leading to the founding of the National Organization for Women (NOW) in 1966.",
      "original_point_number": [
        26
      ]
    },
    {
      "point_number": 27,
      "point_content": "Modern feminism is a direct outgrowth of American Communism.",
      "original_point_number": [
        27
      ]
    },
    {
      "point_number": 28,
      "point_content": "Ideas, activists and traditions that emanated from the Communist movement of the forties and fifties continued to shape the direction of the new women’s movement of the 1960s and later.",
      "original_point_number": [
        28
      ]
    },
    {
      "point_number": 29,
      "point_content": "Many second-wave feminist leaders were “red diaper babies,” the children of Communist Jews.",
      "original_point_number": [
        29
      ]
    },
    {
      "point_number": 30,
      "point_content": "Communists pioneered the political and cultural analysis of woman’s oppression.",
      "original_point_number": [
        30
      ]
    },
    {
      "point_number": 31,
      "point_content": "They originated “women’s studies,” and advocated public daycare, birth control, abortion and even children’s rights.",
      "original_point_number": [
        31
      ]
    },
    {
      "point_number": 32,
      "point_content": "They forged key feminist concepts such as “the personal is the political” and techniques such as “consciousness raising.”",
      "original_point_number": [
        32
      ]
    },
    {
      "point_number": 33,
      "point_content": "In the late 1940’s, CPUSA leaders realized that the labor movement was becoming increasingly hostile to Communism. They began to focus on women and African Americans.",
      "original_point_number": [
        33
      ]
    },
    {
      "point_number": 34,
      "point_content": "The feminist pursuit of “equal rights” is a mask for an invidious Communist agenda.",
      "original_point_number": [
        34
      ]
    },
    {
      "point_number": 35,
      "point_content": "Feminism’s roots in Marxist Communism explain a great deal about this curious but dangerous movement.",
      "original_point_number": [
        35
      ]
    },
    {
      "point_number": 36,
      "point_content": "It’s hard to escape the conclusion that feminism is Communism by another name.",
      "original_point_number": [
        36
      ]
    },
    {
      "point_number": 37,
      "point_content": "Feminism focuses on the idea that since women comprise one-half of the world population, true social progress can never be achieved without the complete and spontaneous participation of women.",
      "original_point_number": [
        37
      ]
    },
    {
      "point_number": 38,
      "point_content": "Feminism in its modern form began in the last hundred years, when industrialization moved our economic survival from requiring hard labor to requiring skilled labor.",
      "original_point_number": [
        38
      ]
    },
    {
      "point_number": 39,
      "point_content": "This transition made it possible for even the weakest women to work.",
      "original_point_number": [
        39
      ]
    },
    {
      "point_number": 40,
      "point_content": "Early feminist movements – even Marxist feminists – were bankrolled by major capitalists in order to increase the workforce and lower wages.",
      "original_point_number": [
        40
      ]
    },
    {
      "point_number": 41,
      "point_content": "Feminism is a product of capitalism.",
      "original_point_number": [
        41
      ]
    },
    {
      "point_number": 42,
      "point_content": "The “you can have it all” message is an attempt by corporations to swindle women out of their biological needs.",
      "original_point_number": [
        42
      ]
    }
  ]
}