{
  "question": "what impact did the protestant reformation have on society in the 16th century?",
  "key_points": {
    "clueweb22-en0015-47-01702": [
      {
        "point_number": 1,
        "point_content": "The Reformation was a religious revolution in the 16th century, which changed Catholic teaching, and created Protestant churches.",
        "spans": [
          "The Reformation was a religious revolution in the 16th century, which changed Catholic teaching, and created Protestant churches."
        ]
      },
      {
        "point_number": 2,
        "point_content": "The Reformation expanded opportunities by opening education to both men and women whilst promoting humanism.",
        "spans": [
          "The Reformation expanded opportunities by opening education to both men and women whilst promoting humanism."
        ]
      },
      {
        "point_number": 3,
        "point_content": "Economically in the era of the Reformation, the middle class expanded and strengthened, which brought about the beginning of capitalism.",
        "spans": [
          "Economically in the era of the Reformation, the middle class expanded and strengthened, which brought about the beginning of capitalism."
        ]
      },
      {
        "point_number": 4,
        "point_content": "The printing press allowed ideas to rapidly spread throughout Europe, increasing literacy and making books more affordable and available.",
        "spans": [
          "Most notably the printing press allowed ideas to rapidly spread throughout Europe.",
          "Thanks to Johannes Gutenber, his invention in 1440 allowed texts and pamphlets to reach millions of readers and listeners.",
          "Not only did the moveable type increase literacy but it also made books and manuscripts more affordable and available."
        ]
      },
      {
        "point_number": 5,
        "point_content": "The Reformation was a pioneering movement that had countless impacts on society and religion in early modern Europe, starting as a doctrinal dispute and turning into a social revolt.",
        "spans": [
          "What started as a doctrinal dispute hastily turned into a social revolt.",
          "Hence, the Reformation was a pioneering movement that had countless impacts on society and religion in early modern"
        ]
      }
    ],
    "clueweb22-en0019-84-14056": [
      {
        "point_number": 1,
        "point_content": "The Protestant Reformation allowed society to begin to get out from under the control and corruption of the Catholic Church.",
        "spans": [
          "It had a very beneficial effect in that it allowed society to begin to get out from under the control and corruption of the Catholic Church."
        ]
      },
      {
        "point_number": 2,
        "point_content": "The Catholic Church had been controlling kings by threatening excommunication, influencing political power.",
        "spans": [
          "For centuries the Catholic Church had been controlling the kings (and sometimes queens) of European countries from behind the scenes, what’s known as ‘eminence grise’. They did this by threatening excommunication of the king if he didn’t follow the dictates of the Church."
        ]
      },
      {
        "point_number": 3,
        "point_content": "The Reformation caused division and hostility leading to Christian breakdown.",
        "spans": [
          "Division and hostility eventually leading to Christian breakdown."
        ]
      },
      {
        "point_number": 4,
        "point_content": "The Reformation took the Bible out of the hands of priests and made it available to anyone who could read.",
        "spans": [
          "It took the Bible out of the hands of priests and made it available to anyone who could read, or listen to someone who could read."
        ]
      },
      {
        "point_number": 5,
        "point_content": "It destroyed the Middle Ages and was a stepping stone to the secular humanist, left-liberal world today.",
        "spans": [
          "It destoryed the Middle Ages and was a stepping stone to our secular humanist, left-liberal world that exists today."
        ]
      },
      {
        "point_number": 6,
        "point_content": "The Reformation helped speed up the mass printing and distribution of Bibles and increased literacy throughout Europe.",
        "spans": [
          "Some of the positive effects of the Reformation is that it, along with Johannes Gutenberg, helped speed up the mass printing and distribution of Bibles into the hands of the common man. The Reformation helped spur greater rates for literacy throughout Europe, where many schools were formed, initially, only so that"
        ]
      },
      {
        "point_number": 7,
        "point_content": "Politically, the Reformation led to the rise and consolidation of State absolutism in England.",
        "spans": [
          "Politically I would say that the main feature under Henry VIII, Edward VI and Elizabeth I was the rise and consolidation of State absolutism."
        ]
      },
      {
        "point_number": 8,
        "point_content": "The Catholic Church was a real power in the land during the Middle Ages, protecting common people and holding society together.",
        "spans": [
          "During the Middle Ages, the Church had been a real power in the land, able at times to challenge the monarch, and in its best aspects, to protect the common people.",
          "The parish churches were the centre of town and village life. They were the heart of the community. The Church provided the glue which held society as"
        ]
      },
      {
        "point_number": 9,
        "point_content": "The Counter Reformation led to education as a lasting good effect, as Protestants insisted on the importance of the Bible and literacy.",
        "spans": [
          "The main good thing that came from the counter reformation is education. You see us pesky protestants insisted that the bible was like really important. That is why we translated it into languages we could understand. We and our “papist” brothers were largely illiterate and thus unable to read the bible regardless of language. The answer to this problem? Education.",
          "The Catholics did not sit idly by while we were educating our people for heretical purposes."
        ]
      },
      {
        "point_number": 10,
        "point_content": "The Reformation led to sweeping and fundamental changes in regions that became Protestant, sometimes called a revolution.",
        "spans": [
          "In his book From Dawn to Decadence, historian Jacques Barzun does indeed call the Protestant Reformation a revolution, on the basis that it was responsible for sweeping and fundamental changes in those regions that became Protestant."
        ]
      },
      {
        "point_number": 11,
        "point_content": "The Reformation was triggered by widespread corruption and abuse in the Church, including selling indulgences.",
        "spans": [
          "There are quite a few causes, although the cause of reform had been pushed for centuries by that point, and several church councils had made half-hearted efforts which inevitably failed.",
          "I guess you could read Luther’s laundry list of issues. However, I think the spark was “selling indulgences.”"
        ]
      },
      {
        "point_number": 12,
        "point_content": "The Reformation led to religious wars and conflicts, causing major disruption and loss of life in Europe.",
        "spans": [
          "Religion gave kings and princes a brand new reason to go to war against each other. They did this so much that they had to invent whole new ways of conducting warfare: instead of buying off mercenaries left and right, and calling up aristo",
          "At least initially, the Reformation led to bloodshed that was (proportionally) at least as bad as World War II in Europe. Whole cities like Magdeburg were obliterated, literally millions died, by far most of them in Germany in the Thirty Years' War."
        ]
      }
    ],
    "null": [],
    "clueweb22-en0045-13-07748": [
      {
        "point_number": 1,
        "point_content": "The Reformation effected everyone in the country as they were forced into a new religion headed by the King.",
        "spans": [
          "The Reformation effected everyone in the country as they were forced into a new religion headed by the King."
        ]
      },
      {
        "point_number": 2,
        "point_content": "In 1534, the English Parliament passed the Act of Supremacy effectively placing Henry the 8th as the head of the English Church.",
        "spans": [
          "In 1534, the English Parliament passed the Act of Supremacy effectively placing Henry the 8th as the head of the English Church."
        ]
      },
      {
        "point_number": 3,
        "point_content": "The government began dissolving the monasteries which provided a number of services to their communities around them, such as education and several acted as hospitals.",
        "spans": [
          "the government began dissolving the monasteries which provided a number of services to their communities around them, such as education and several acted as hospitals."
        ]
      },
      {
        "point_number": 4,
        "point_content": "A large chunk of the population refused to follow the newly created church, and several clergymen who didn’t recognize Henry as the new head of the church were executed for not swearing loyalty to him.",
        "spans": [
          "a large chunk of the population refused to follow the newly created church. Several clergymen who didn’t recognize Henry as the new head of the church were executed for not swearing loyalty to him."
        ]
      },
      {
        "point_number": 5,
        "point_content": "Thousands of people would rise up through the years in rebellion against the state for the reason of religion, such as the Pilgrimage of Grace which rose to 40,000 people demanding the Supremacy Act be reversed.",
        "spans": [
          "thousands of people would rise up through the years in rebellion against the state for the reason of religion. The Pilgrimage of Grace for example rose to 40,000 people demanding the Supremacy Act be reversed"
        ]
      }
    ],
    "clueweb22-en0020-50-00495": [
      {
        "point_number": 1,
        "point_content": "The Protestant Reformation ignited a religious reform movement that separated the western Christian church into Catholic and Protestant groups.",
        "spans": [
          "The Protestant Reformation ignited a religious reform movement that separated the western Christian church into Catholic and Protestant groups."
        ]
      },
      {
        "point_number": 2,
        "point_content": "The Protestant Reformation allowed for Protestantism to flourish throughout Europe, united the Roman Catholic Church with Christian denominations, enabled people to develop independent thinking and creative, fostered determination in people to attain religious and political freedom, and allowed for Christianity to evolve permanently throughout history.",
        "spans": [
          "The Protestant Reformation allowed for Protestantism to flourish throughout Europe, united the Roman Catholic Church with Christian denominations, enabled people to develop independent thinking and creative, fostered etermination in people to attain religious and political freedom, and allowed for Christianity to evolve permanently throughout history."
        ]
      },
      {
        "point_number": 3,
        "point_content": "Printing allowed the European civilization to disperse new religious ideals and played a major role in enabling people to acquire newfound knowledge and formulate beliefs of their own.",
        "spans": [
          "Printing allowed the European civilization to disperse new religious ideals. This communication throughout Europe played a major role in enabling people to acquire newfound knowledge and formulate beliefs of their own."
        ]
      },
      {
        "point_number": 4,
        "point_content": "Christian humanism encouraged people to believe in themselves and fight for freedom of religion, opposing the corruption of the Catholic Church.",
        "spans": [
          "The opposition towards a dogmatic religion encouraged the Christian and northern Renaissance humanists to stand against the orruption of the Catholic Church; they gave mankind hope and encouragement to believe in themselves, and to fight for freedom of religion."
        ]
      },
      {
        "point_number": 5,
        "point_content": "The corruption and abuse of power within the Catholic Church outraged many people and stimulated the idea for change and reform.",
        "spans": [
          "Another factor that influenced people to start a reform was the corruption of the Catholic Church.",
          "The realization that many popes were not committing to the needs of the church and people outraged many people in Europe.",
          "This ignited hate and bitterness towards the Catholic Church and stimulated the idea for change and reform."
        ]
      },
      {
        "point_number": 6,
        "point_content": "Martin Luther's belief in salvation through faith alone opposed Catholic teachings and sparked the Protestant Reformation.",
        "spans": [
          "He believed that through a powerful faith and the sacrifice of Jesus Christ, that alone was enough for people to achieve salvation.",
          "Justification by Faith\" (PBS 1) became the primary belief of the Protestant Reformation.",
          "Luther's repulsion of Catholic Church teachings enabled him to create the Ninety-Five Theses, which opposed the sale of indulgences and revolted against clerical abuses."
        ]
      },
      {
        "point_number": 7,
        "point_content": "Luther's ideas led to a religious revolution that changed European civilization forever and diminished the Catholic Church's dominance.",
        "spans": [
          "A revolution was manifested upon Luther's religious ideals; this revolution changed the European Civilization forever.",
          "Luther's popularity fostered from hatred and dissatisfaction with the greed of wealth power, corruption and dogmatic ideals of the Roman Catholic Church."
        ]
      },
      {
        "point_number": 8,
        "point_content": "The Peace of Augsburg granted freedom to German states to choose between Catholicism and Lutheranism, ending religious unity in Europe.",
        "spans": [
          "This failure encouraged Charles V to create the Peace of Augsburg, which granted freedom to German states to choose between Catholicism and Lutheranism.",
          "The expeditious spread of Lutheranism and Protestant beliefs reassured that Christian unity was no longer a possibility."
        ]
      },
      {
        "point_number": 9,
        "point_content": "John Calvin promoted the idea of predestination and organized Protestant reform, expanding it to Geneva and beyond.",
        "spans": [
          "John Calvin was a practical theologian who organized the Protestant reform.",
          "A unique belief that he promoted was the idea of predestination.",
          "In 1536, he expanded his revolutionary Protestant reform to the city of Geneva."
        ]
      },
      {
        "point_number": 10,
        "point_content": "The Anabaptists promoted equality among believers and separation of Church and State, but were heavily persecuted.",
        "spans": [
          "The Anabaptists were radical promoters of the Protestant faith, who also played a pivotal role in the reformation.",
          "Separation of Church and State was something they strongly advocated.",
          "The Anabaptists opposed the idea of baptism in infants.",
          "Magisterial Protestants and Roman Catholics grew hostility and hatred towards the Anabaptists because of that belief. That is why they were heavily persecuted in the sixteenth century."
        ]
      },
      {
        "point_number": 11,
        "point_content": "The English Reformation was more political than religious, leading to the Church of England's separation from Rome and Protestant reforms.",
        "spans": [
          "The English Reformation played a pivotal part in the Protestant reformation.",
          "His attention then focused on the archbishop of Canterbury, head of the highest court in England.",
          "The archbishop condoned a divorce and annulled King Henry VII's first marriage.",
          "His anger encouraged Henry VII to promote separation of the Church of England with Rome.",
          "This was known as the Act of Supremacy in 1534, it declared that the King was in complete control of the doctrine and Church of England.",
          "Cranmer took advantage of this situation by directing the Church ot England in a Protestant direction.",
          "T manifested new Protestant services and ideals in the Church of England."
        ]
      },
      {
        "point_number": 12,
        "point_content": "The Catholic Church underwent its own reformation, known as the Catholic Reformation, to counter Protestantism.",
        "spans": [
          "Due to this nature, the Catholic Church underwent a reformation of its own known as the Catholic Reformation.",
          "The Catholic is divided in to three parts known as the Jesuits, a reformed papacy, and the Council of Trent."
        ]
      },
      {
        "point_number": 13,
        "point_content": "The Protestant Reformation had significant impacts on political and religious views, challenged Catholic authority, and led to modern democracy concepts.",
        "spans": [
          "The Protestant Reformation had significant impacts in the foundation of our world nations.",
          "This impact allowed for the re-establishment of political and religious views throughout the European civilization, challenged the authority of the Catholic popes, and led to modern concepts of democracy."
        ]
      }
    ]
  }
}