{
  "question": "what factors affect cognitive development in middle childhood",
  "key_points": {
    "null": [],
    "clueweb22-en0001-08-18329": [
      {
        "point_number": 1,
        "point_content": "Children develop at different rates based on biological, environmental, and other factors.",
        "spans": [
          "Children develop at different rates based on biological, environmental, and other factors."
        ]
      },
      {
        "point_number": 2,
        "point_content": "Biological factors include the child's gender, health, prenatal care, and nutrition.",
        "spans": [
          "Biological factors include the child's gender, health, prenatal care, and nutrition."
        ]
      },
      {
        "point_number": 3,
        "point_content": "Environmental factors can also influence child development, including whether the child feels safe, loved, and stimulated.",
        "spans": [
          "Environmental factors can also influence child development.",
          "The environment in which a child grows determines whether the child feels safe, loved, and stimulated."
        ]
      },
      {
        "point_number": 4,
        "point_content": "Other factors such as family or cultural gender roles may impact how successful a student will be at some tasks.",
        "spans": [
          "Other Factors",
          "for example, gender is a biological factor that influences how children develop, but if the child's family or culture dictates strong gender roles, that may impact how successful a student will be at some tasks."
        ]
      }
    ],
    "clueweb22-en0016-31-03230": [
      {
        "point_number": 1,
        "point_content": "Inadequate caregiving, environmental stressors, and other negative risk factors can significantly delay developmental milestones including cognitive development.",
        "spans": [
          "All of these milestones can be significantly delayed when young children experience inadequate caregiving, environmental stressors, and other negative risk factors."
        ]
      },
      {
        "point_number": 2,
        "point_content": "Stressors and negative factors can affect the brain and seriously compromise a child's cognitive growth and development.",
        "spans": [
          "These stressors and factors can affect the brain and may seriously compromise a child’s physical, social-emotional, and cognitive growth and development."
        ]
      },
      {
        "point_number": 3,
        "point_content": "Experiences in early and middle childhood are extremely important for a child’s healthy development and lifelong learning, affecting future cognitive development.",
        "spans": [
          "Evidence shows that experiences in early and middle childhood are extremely important for a child’s healthy development and lifelong learning. How a child develops during this time affects future cognitive, social, emotional, language, and physical development, which in turn influences school readiness and later success in life."
        ]
      }
    ],
    "clueweb22-en0014-91-09776": [
      {
        "point_number": 1,
        "point_content": "Development in middle childhood is the outcome of interaction between the milestones achieved and ongoing learning experiences.",
        "spans": [
          "Development in middle childhood is the outcome of interaction between the milestones achieved and ongoing learning experiences."
        ]
      },
      {
        "point_number": 2,
        "point_content": "Motor skills, language proficiency and cognitive capabilities attained in the previous years are further mastered during the formative years of middle childhood.",
        "spans": [
          "Motor skills, language proficiency and cognitive capabilities attained in the previous years are further mastered during the formative years of middle childhood."
        ]
      },
      {
        "point_number": 3,
        "point_content": "Middle childhood development helps children to cope with the increasing demands of the classroom curriculum.",
        "spans": [
          "Middle childhood development helps children to cope with the increasing demands of the classroom curriculum."
        ]
      },
      {
        "point_number": 4,
        "point_content": "Middle childhood development is the concrete operational stage, when the focus is on logical thinking, intelligence and psychosocial development.",
        "spans": [
          "Middle childhood development is the concrete operational stage, when the focus is on logical thinking, intelligence and psychosocial development."
        ]
      },
      {
        "point_number": 5,
        "point_content": "The thinking process during middle childhood years gets more logical, flexible, and organized than it was during early childhood development.",
        "spans": [
          "The thinking process during middle childhood years gets more logical, flexible, and organized than it was during early childhood development."
        ]
      },
      {
        "point_number": 6,
        "point_content": "Development of information processing: Decline in time needed to process information and so increase in information processing capacity.",
        "spans": [
          "Development of information processing\nDecline in time needed to process information and so increase in information processing capacity."
        ]
      },
      {
        "point_number": 7,
        "point_content": "The attention span increases during middle childhood development as a result of more controlled an adaptable thought process of children at this age.",
        "spans": [
          "The attention span increases during middle childhood development as a result of more c ontrolled an adaptable thought process of children at this age."
        ]
      },
      {
        "point_number": 8,
        "point_content": "Memory capacity shows a steady developmental increase during middle childhood years as: Capacity of short term memory improves significantly. Increase in long term memory. Meta-memory: Understanding the processes underlying memory emerges and continues to improve during middle childhood development.",
        "spans": [
          "Memory capacity shows a steady developmental increase during middle childhood years as:\nCapacity of short term memory improves significantly.\nIncrease in long term memory\nMeta-memory: Understanding the processes underlying memory emerges and continues to improve during middle childhood development."
        ]
      },
      {
        "point_number": 9,
        "point_content": "Warm, responsive parenting during middle childhood development helps children develop self-regulatory skills and achieve their desired objectives.",
        "spans": [
          "Warm, responsive parenting during middle childhood development helps children develop self-regulatory skills and achieve their desired objectives."
        ]
      }
    ],
    "clueweb22-en0035-55-19941": [
      {
        "point_number": 1,
        "point_content": "Cognitive development in school-age children is influenced by the collaboration of child and environment, with environmental support affecting the child's competence and performance.",
        "spans": [
          "The central unresolved issue in the study of cognitive development today seems to be the manner in which child and environment collaborate in development.",
          "Competence as traditionally assessed is a joint function of child and environment.",
          "Competence varies with degree of support."
        ]
      },
      {
        "point_number": 2,
        "point_content": "Developmental sequences in cognitive development vary among children and across contexts due to individual differences and environmental factors.",
        "spans": [
          "developmental sequences will vary among children and across contexts.",
          "different children and different situations do in fact produce different sequences",
          "developmental sequences are relative, changing with the child, the immediate situation, and the culture."
        ]
      },
      {
        "point_number": 3,
        "point_content": "Emotional development is closely related to cognitive development during middle childhood, with children developing the ability to understand multiple emotions and integrate emotions into abstract categories.",
        "spans": [
          "Children's Conceptions Of Emotions",
          "During the school years, several major changes take place, as children become able to understand that a person can experience two distinct emotions at the same time and then to integrate emotions into abstract categories for interpreting behavior.",
          "Children's conceptions of emotions and related social and personality categories develop in a sequence during school years."
        ]
      },
      {
        "point_number": 4,
        "point_content": "Social interaction, especially guided reinvention and embedded teaching, plays a central role in cognitive development during middle childhood.",
        "spans": [
          "Much of the course of normal cognitive development seems to involve a process of guided reinvention, in which the child constructs new skills with the help of constant support and guidance from the social environment, especially from dyadic interactions.",
          "Under normal conditions it seems that every child receives a steady diet of what might be called embedded teaching—elaborative and corrective acts responsively embedded by parents in the flow of joint goal-directed activity."
        ]
      },
      {
        "point_number": 5,
        "point_content": "Schooling and literate practices provide environmental supports that extend cognitive development, amplifying basic abilities and broadening intelligence during middle childhood.",
        "spans": [
          "Schooling and the literate practices associated with it seem to produce major extensions of human intelligence.",
          "Not only are basic cognitive abilities amplified, but the scope of intelligence broadens greatly, and a new capacity arises to conceive of representational systems and to analyze them.",
          "These effects of schooling and literate practices illustrate the central role of the environment in supporting cognitive growth."
        ]
      }
    ],
    "clueweb22-en0032-42-09364": [
      {
        "point_number": 1,
        "point_content": "Countless factors, from family and environment to genes and biology, influence a child’s growth and development.",
        "spans": [
          "Countless factors, from family and environment to genes and biology, influence a child’s growth and development."
        ]
      },
      {
        "point_number": 2,
        "point_content": "Children with poorer social skills at age 4 behaved more anxiously and aggressively at age 10 and more aggressively at age 14, suggesting social skills training in preschool benefits later development.",
        "spans": [
          "children with poorer social skills at age 4 behaved more anxiously and aggressively at age 10 and more aggressively at age 14"
        ]
      },
      {
        "point_number": 3,
        "point_content": "Feeling accepted or rejected by parents affects children's behavior, with rejection linked to aggression, anxiety, trouble in school, and difficulty connecting with others.",
        "spans": [
          "children who felt rejected by their parents were more likely to behave aggressively and anxiously, have trouble in school, and have a hard time connecting with others"
        ]
      },
      {
        "point_number": 4,
        "point_content": "Sociodemographic factors such as age, gender, ethnicity, culture, and income level strongly relate to development and risk for later problems.",
        "spans": [
          "young girls and boys develop at different rates",
          "Ethnic and cultural groups are differentially affected by the same experiences",
          "low-income families are more at risk for later problems than middle- and high-income families"
        ]
      },
      {
        "point_number": 5,
        "point_content": "Mother-child relationships in adoptive families were less harmonious by age 4 compared to non-adoptive families, despite adopted children being healthy and well-adjusted.",
        "spans": [
          "by the time the child was 4 years old, mother-child relationships in adoptive families were less harmonious",
          "the adopted children were just as healthy and well-adjusted as their peers"
        ]
      },
      {
        "point_number": 6,
        "point_content": "Universal maternal behaviors such as picking up, holding, and talking to crying babies suggest an evolutionary basis for caregiving responses.",
        "spans": [
          "mothers in all 11 countries preferentially responded to their babies’ cries by picking them up, holding them, and talking to them"
        ]
      },
      {
        "point_number": 7,
        "point_content": "Neuroscience research shows babies’ brains respond differently to their mothers’ faces than to strangers’ faces as early as 3 months, with connections deepening by 6 months.",
        "spans": [
          "babies’ brains respond differently to images of their mothers’ faces than to the faces of similar-looking female strangers",
          "those connections deepen between 3 months and 6 months of age"
        ]
      }
    ]
  }
}