{
  "question": "why we strive for status",
  "key_points": [
    {
      "point_number": 1,
      "point_content": "All human beings desire a high level of social status; status is something that all people crave and covet, even if they don't realize it; the desire for status is a fundamental human motive.",
      "original_point_number": [
        1,
        2,
        4
      ]
    },
    {
      "point_number": 2,
      "point_content": "Status is considered universally important because it influences how people think and behave.",
      "original_point_number": [
        3
      ]
    },
    {
      "point_number": 3,
      "point_content": "Low status negatively impacts health, causing depression, chronic anxiety, and cardiovascular disease; individuals with low status feel less respected and valued and more ignored by others.",
      "original_point_number": [
        5,
        6
      ]
    },
    {
      "point_number": 4,
      "point_content": "The desire for status drives goal-oriented behavior aimed at attaining and maintaining status and influences social preferences and reactions.",
      "original_point_number": [
        7
      ]
    }
  ]
}