{
  "question": "how anxiety affects family and friends",
  "key_points": [
    {
      "point_number": 1,
      "point_content": "Friends and family are affected by the sufferer's anxiety even if the sufferer hasn't told them about it, and they may misunderstand the sufferer's behavior due to anxiety, leading to incorrect assumptions about their personality or feelings.",
      "original_point_number": [
        1,
        2
      ]
    },
    {
      "point_number": 2,
      "point_content": "Keeping anxiety a secret adds to the stress and affects relationships with friends and family.",
      "original_point_number": [
        3
      ]
    },
    {
      "point_number": 3,
      "point_content": "Confiding in friends or family can bring relief, but may also lead to feelings of guilt or resentment if support is insufficient.",
      "original_point_number": [
        4
      ]
    },
    {
      "point_number": 4,
      "point_content": "Friends and family can unintentionally maintain the sufferer's anxiety by accommodating anxiety-driven behaviors, providing temporary help that can be counterproductive if it prevents recovery.",
      "original_point_number": [
        5,
        6
      ]
    },
    {
      "point_number": 5,
      "point_content": "In cases of OCD, friends and family may be involved in rituals or reassurance, affecting their daily life.",
      "original_point_number": [
        7
      ]
    },
    {
      "point_number": 6,
      "point_content": "Friends and family can become exhausted if they take on a carer role for someone with extreme anxiety.",
      "original_point_number": [
        8
      ]
    },
    {
      "point_number": 7,
      "point_content": "Social anxiety disorder negatively affects self-perceptions of the quality of specific friendships, but friends of people with SAD don't see the friendships in such a negative light; friends of people with SAD said they were less dominant in the friendship and less well-adjusted.",
      "original_point_number": [
        9,
        10
      ]
    },
    {
      "point_number": 8,
      "point_content": "Social anxiety can influence friendships in various ways, with those having SAD reporting lower overall friendship quality than those with other types of anxiety disorders.",
      "original_point_number": [
        11
      ]
    },
    {
      "point_number": 9,
      "point_content": "People with social anxiety may have blown-out-of-proportion negative perceptions of their friendships, and there is some unique impact of having SAD on these friendships that doesn't occur with other types of anxiety; they may have impairments in their friendships that wouldn't be present if they had a different type of anxiety disorder.",
      "original_point_number": [
        12,
        13
      ]
    },
    {
      "point_number": 10,
      "point_content": "People with social anxiety understand and accept each other in a way that people without the disorder might not.",
      "original_point_number": [
        14
      ]
    },
    {
      "point_number": 11,
      "point_content": "Anxiety can have adverse effects on the sufferer and those around them, making dealing with an anxiety disorder exhausting not just for the sufferer but also for the sufferer’s family.",
      "original_point_number": [
        15,
        16
      ]
    },
    {
      "point_number": 12,
      "point_content": "Anxiety symptoms can trouble interpersonal relationships, making it hard to maintain functioning interactions with others.",
      "original_point_number": [
        17
      ]
    },
    {
      "point_number": 13,
      "point_content": "People with social anxiety have a constant fear of public embarrassment that can lead them to completely abandon any human contact or public situations.",
      "original_point_number": [
        18
      ]
    },
    {
      "point_number": 14,
      "point_content": "Some people who suffer from generalized anxiety disorder (GAD) can be overly dependent on their family and loved ones, seeking assurance, love, and support, which can put huge pressure on the relationship and sometimes lead to paranoia and suspicion of their loved ones' feelings or intentions, causing distress.",
      "original_point_number": [
        19,
        20,
        21
      ]
    },
    {
      "point_number": 15,
      "point_content": "Others with GAD deal by being avoidant, nearly detached, fearing any real connection or closeness and isolating themselves, which might cause family and friends to view them as cold, distant, or emotionally unavailable.",
      "original_point_number": [
        22,
        23
      ]
    },
    {
      "point_number": 16,
      "point_content": "Anxiety disorders can negatively impact a person’s relationships with friends, family members, or romantic partners by causing excessive worrying, heightened stress, and fear of negative experiences, leading to irrational thoughts that affect how a person views their relationships.",
      "original_point_number": [
        24,
        25
      ]
    },
    {
      "point_number": 17,
      "point_content": "Anxiety makes maintaining healthy relationships difficult through dependence and avoidance; some with generalized anxiety disorder may try too hard to please others desiring close bonds, while others may close themselves off from friends and family members.",
      "original_point_number": [
        26,
        27
      ]
    },
    {
      "point_number": 18,
      "point_content": "Other anxiety disorders like agoraphobia, panic disorders, and social anxiety can strain relationships by causing avoidance of social interaction or fear of embarrassment in front of friends or family.",
      "original_point_number": [
        28
      ]
    },
    {
      "point_number": 19,
      "point_content": "Social anxiety can cause fear of negative judgment, feelings of jealousy and inferiority, leading to closing off from others and unhealthy dependence on validation from friends or family.",
      "original_point_number": [
        29
      ]
    }
  ]
}