{
  "question": "what makes a hostile work environment",
  "key_points": [
    {
      "point_number": 1,
      "point_content": "A hostile work environment is a specific form of harassment based on membership in a legally recognized protected class, such as race, color, religion, sex (including pregnancy), national origin, age (40 or older), disability, genetic information, gender identity, sexual orientation, or other protected characteristics.",
      "original_point_number": [
        1,
        2,
        4,
        11,
        19,
        22,
        27,
        30,
        36,
        41,
        44,
        51,
        57,
        62,
        65
      ]
    },
    {
      "point_number": 2,
      "point_content": "Harassment is unwelcome conduct that is severe or pervasive enough to create an intimidating, hostile, or abusive work environment, which negatively impacts an employee's ability to perform their job or alters the terms, conditions, or reasonable expectations of the work environment.",
      "original_point_number": [
        2,
        5,
        6,
        8,
        9,
        13,
        14,
        18,
        21,
        27,
        28,
        29,
        33,
        38,
        47,
        48,
        49,
        56,
        60,
        61,
        62,
        63,
        66,
        67
      ]
    },
    {
      "point_number": 3,
      "point_content": "To establish a hostile work environment claim, the complainant must prove they belong to a protected class, were subjected to harassment based on that class, the harassment affected employment conditions or created a hostile environment, the behavior was severe or pervasive, and the employer knew or had reason to know about the hostile behavior and failed to take appropriate steps to investigate or intervene, making the employer liable.",
      "original_point_number": [
        3,
        10,
        15,
        16,
        17,
        20,
        39,
        52,
        54,
        58,
        59,
        63,
        68
      ]
    },
    {
      "point_number": 4,
      "point_content": "A hostile work environment is generally ongoing and pervasive; isolated incidents usually do not qualify unless they are extremely severe, such as sexual assault, which can create a hostile environment even if it happens only once.",
      "original_point_number": [
        7,
        8,
        31,
        33,
        37,
        55,
        66
      ]
    },
    {
      "point_number": 5,
      "point_content": "A hostile work environment can be created by anyone in the workplace, including coworkers, supervisors, managers, owners, independent contractors, clients, vendors, or visitors, through actions, communications, or behaviors that impede an employee's ability to do their job.",
      "original_point_number": [
        9,
        17,
        24,
        28,
        50,
        61
      ]
    },
    {
      "point_number": 6,
      "point_content": "Hostile work environment includes various forms of misconduct such as sexual harassment, discrimination, inappropriate sexual conduct, violence victimization, offensive jokes, name-calling, physical or verbal threats, ridicule, displaying offensive materials, consistent aggressiveness, and other offensive behaviors that are severe or pervasive and based on protected traits.",
      "original_point_number": [
        6,
        23,
        32,
        35,
        51,
        65
      ]
    },
    {
      "point_number": 7,
      "point_content": "A workplace is legally required to be safe and comfortable, free from discrimination and harassment, and employees are protected by law if the primary motivation for creating or allowing an unhealthy workplace is discrimination based on protected characteristics.",
      "original_point_number": [
        25,
        26
      ]
    },
    {
      "point_number": 8,
      "point_content": "Signs of a hostile work environment include employee burnout symptoms, frequent arguments, complaints of being underappreciated or underpaid, lack of resources, absenteeism, job insecurity, apprehension, fear, and official complaints to HR about discrimination or bullying.",
      "original_point_number": [
        34,
        35,
        43,
        45,
        46,
        47,
        48,
        49
      ]
    },
    {
      "point_number": 9,
      "point_content": "Not every unpleasant work environment is illegal; petty slights, annoyances, and isolated incidents that are not extreme do not constitute a hostile work environment, and inappropriate, rude, or obnoxious behavior alone does not meet the legal definition unless it is discriminatory and severe.",
      "original_point_number": [
        4,
        31,
        55,
        64
      ]
    },
    {
      "point_number": 10,
      "point_content": "The experience of a hostile work environment is pervasive and limits the victim's ability to perform or advance at work, causing feelings of being unsafe, intimidated, unvalued, and may interfere with success at work such as preventing access to work areas or denying promotions due to discrimination.",
      "original_point_number": [
        42,
        43,
        46
      ]
    },
    {
      "point_number": 11,
      "point_content": "Hostile behavior must be unwelcome to the employee experiencing it and have sufficient intensity, including causing physical harm or discomfort, using racial epithets or slurs, resulting in negative employment actions, or disrupting work performance.",
      "original_point_number": [
        59,
        60
      ]
    },
    {
      "point_number": 12,
      "point_content": "The hostile behavior must seriously disrupt the employee’s work or ability to work or interfere with career progress, and the employer is liable if they knew about the behavior and did not sufficiently intervene.",
      "original_point_number": [
        67,
        68
      ]
    }
  ]
}