{
  "question": "are dream catchers cultural appropriation",
  "key_points": {
    "null": [],
    "clueweb22-en0032-10-13898": [
      {
        "point_number": 1,
        "point_content": "It is recommended to buy a dream catcher from an indigenous person or store to support indigenous people and ensure authenticity.",
        "spans": [
          "the best thing to do is actually buy one or get one from an indigenous person or store because the ones who aren’t native are just benefiting from us which makes the dream catcher fake that hold no value in it. You also be supporting the indigenous people"
        ]
      },
      {
        "point_number": 2,
        "point_content": "Buying or using a dream catcher from Native Americans is considered cultural appreciation, not appropriation, especially if you support indigenous craftsmen.",
        "spans": [
          "You can buy them from Native Americans directly if you want to support the tribes. It would also be way more powerful if made by Native craftsmen and not in China."
        ]
      },
      {
        "point_number": 3,
        "point_content": "Using a dream catcher respectfully and learning about its history is important and generally accepted.",
        "spans": [
          "if you're worried about pissing someone off, just learn the history of dreamcatchers and you're in the clear."
        ]
      },
      {
        "point_number": 4,
        "point_content": "Some people believe cultural appropriation is not a valid concept and that using dream catchers is not cultural appropriation.",
        "spans": [
          "Anyone that says that is cultural appropriation, you should not be listening to ANYTHING they say. “Cultural appropriation” in general is bullshit"
        ]
      },
      {
        "point_number": 5,
        "point_content": "Dream catchers are a part of Native American culture and using them to seek positive ways of dealing with stress is not wrong.",
        "spans": [
          "Dream catchers are a part of the Native American Indian culture. I give to a home for Lakota children who are underprivileged; they send dream catchers as gifts to me."
        ]
      },
      {
        "point_number": 6,
        "point_content": "Dream catchers originated from the Ojibwe people and were originally for infants and small children; commercialization has led to misuse.",
        "spans": [
          "Real dream catchers come from the Ojibwe people and according to the Ojibwes I know, are strictly for small children and babies. Dream catchers used outside that context are a perfect example of a gross commercialization of a part of a Native culture for profit"
        ]
      },
      {
        "point_number": 7,
        "point_content": "Buying dream catchers from big brands or non-indigenous sources is considered cultural appropriation, while buying from indigenous craftsmen is cultural appreciation.",
        "spans": [
          "Buying from a big brand, such as Walmart, is culture appropriation. Buying from a small Indigenous craftsmen is not only culture appreciation"
        ]
      },
      {
        "point_number": 8,
        "point_content": "Using a dream catcher is not cultural appropriation if done respectfully and with understanding of its cultural significance.",
        "spans": [
          "Is it cultural appropriation to use a dream catcher even if I have done research on the origins and respect those origins? I don’t want to be offensive."
        ]
      }
    ],
    "clueweb22-en0018-62-18341": [
      {
        "point_number": 1,
        "point_content": "Some Native people consider the marketing and casual use of dream catchers as cultural appropriation and disrespectful.",
        "spans": [
          "This woman is guilty of cultural appropriation.",
          "Though some tribal members say they see no problem with the practice, others regard the marketing of dream catchers as another example of their culture being picked apart.",
          "It has gotten out of hand. It's disrespectful for our people. It means something to us, it's a tradition.",
          "It's lost a lot of meaning, even in our own tribe. It's like losing our language, our culture -- another symptom of a larger thing."
        ]
      },
      {
        "point_number": 2,
        "point_content": "Dream catchers are traditionally sacred items made with ceremonial steps and have specific cultural significance.",
        "spans": [
          "According to Indian tradition, dream catchers should resemble a spider web and are to be placed above a baby's cradle.",
          "A dream catcher is supposed to be made in intricate, ceremonial steps that include giving thanks for the spirit of the wood used in it.",
          "The dream catcher, to us, is a sacred item."
        ]
      },
      {
        "point_number": 3,
        "point_content": "Some Native people sell dream catchers and do not see them as sacred objects, but rather as cultural items that can be shared and sold.",
        "spans": [
          "Heminger-Cordell says she's never known anyone to be upset by her dream catchers, even though she sometimes embellishes them beyond the traditionally simple twine-and-wood design to satisfy personal requests.",
          "Red Eagle, 79, said no one has objected to his work. He would never sell sacred objects like medicine pouches and ceremonial pipes, he said.",
          "A dream catcher is supposed to serve a purpose as far as dreams are concerned, as far as children are concerned, and that's not something that's meant to be sacred."
        ]
      },
      {
        "point_number": 4,
        "point_content": "There is a diversity of opinion among Native people about the use and commercialization of dream catchers.",
        "spans": [
          "Though some tribal members say they see no problem with the practice, others regard the marketing of dream catchers as another example of their culture being picked apart.",
          "Benjamin isn't the only American Indian dismayed by the marketing of dream catchers.",
          "Heminger-Cordell says she's never known anyone to be upset by her dream catchers."
        ]
      },
      {
        "point_number": 5,
        "point_content": "Non-Native people should be careful and respectful when using or displaying Native American cultural items like dream catchers.",
        "spans": [
          "I think that non natives should be careful and respectful in regard to Native American Culture and how it is part of their life.",
          "People tend to adopt things they like from other cultures, of course, but they may just put it on because of what it looks like without thinking where it comes from and what it's for. You don't really care for that culture then."
        ]
      }
    ],
    "clueweb22-en0016-66-18798": [
      {
        "point_number": 1,
        "point_content": "Some Native people consider the marketing and casual use of dream catchers as cultural appropriation and disrespectful.",
        "spans": [
          "This woman is guilty of cultural appropriation.",
          "It's disrespectful for our people. It means something to us, it's a tradition.",
          "others regard the marketing of dream catchers as another example of their culture being picked apart."
        ]
      },
      {
        "point_number": 2,
        "point_content": "Dream catchers are traditionally sacred items made with ceremonial steps and have specific cultural significance.",
        "spans": [
          "According to Indian tradition, dream catchers should resemble a spider web and are to be placed above a baby's cradle.",
          "A dream catcher is supposed to be made in intricate, ceremonial steps that include giving thanks for the spirit of the wood used in it.",
          "The dream catcher, to us, is a sacred item"
        ]
      },
      {
        "point_number": 3,
        "point_content": "Some Native people sell dream catchers and do not see a problem with it, sometimes modifying designs for personal or commercial reasons.",
        "spans": [
          "Heminger-Cordell says she's never known anyone to be upset by her dream catchers, even though she sometimes embellishes them beyond the traditionally simple twine-and-wood design",
          "Red Eagle, 79, said no one has objected to his work."
        ]
      },
      {
        "point_number": 4,
        "point_content": "There is a concern that non-Native people use dream catchers without understanding their cultural significance, which can be seen as disrespectful.",
        "spans": [
          "People tend to adopt things they like from other cultures, of course, but they may just put it on because of what it looks like without thinking where it comes from and what it's for.",
          "It's kind of like they're making a mockery of it because it's a sacred item and sold in convenience stores all over."
        ]
      },
      {
        "point_number": 5,
        "point_content": "Some Native people believe dream catchers should be given away and not sold commercially.",
        "spans": [
          "Jourdain, who is a cultural assistant with the Fond du Lac tribe in northern Minnesota, thinks dream catchers should be given away, not sold."
        ]
      }
    ]
  }
}