{
  "question": "how would flexibility in labour laws help companies?",
  "key_points": {
    "clueweb22-en0030-27-08906": [
      {
        "point_number": 1,
        "point_content": "The text does not provide a direct answer to how flexibility in labour laws would help companies.",
        "spans": [
          "How would flexibility in labour laws help companies? - GK Q&A",
          "How would flexibility in labour laws help companies?",
          "Answer: The correct answer is option C – The ownership of enterprises."
        ]
      }
    ],
    "null": [],
    "clueweb22-en0020-97-01218": [
      {
        "point_number": 1,
        "point_content": "Formal flexibility and improved compliance would help to attract more foreign direct investment particularly in the manufacturing sector.",
        "spans": [
          "formal flexibility and improved compliance would help to attract more foreign direct investment particularly in the manufacturing sector"
        ]
      },
      {
        "point_number": 2,
        "point_content": "The government allowed companies to ignore the labour laws instead of hiring workers on a regular basis, enabling them to hire labourers for short duration at low wage rate and to work overtime when there is more pressure to complete the work.",
        "spans": [
          "The government allowed companies to ignore the labour laws instead of hiring workers on a regular basis. They hire labourers for short duration at low wage rate as well as to work overtime when there is more pressure to complete the work"
        ]
      },
      {
        "point_number": 3,
        "point_content": "Existing companies, including MNC subsidiaries have learnt to manage the constraints in the labour market.",
        "spans": [
          "Existing companies, including MNC subsidiaries have learnt to manage the constraints in the labour market"
        ]
      }
    ],
    "clueweb22-en0023-52-07637": [
      {
        "point_number": 1,
        "point_content": "Companies hire workers flexibly for short periods when there is intense pressure of work to reduce the cost of labour.",
        "spans": [
          "companies hire workers flexibly for short periods when there is intense pressure of work"
        ]
      },
      {
        "point_number": 2,
        "point_content": "Flexibility in labour laws reduces cost and increases benefits for companies.",
        "spans": [
          "Flexibility in labour laws reduce cost and increase benefits of companies"
        ]
      }
    ]
  }
}