{
  "question": "should high schools be able to dispense contraceptives to students? why or why not?",
  "key_points": [
    {
      "point_number": 1,
      "point_content": "Teenagers are going to have sex if they wish to do so, regardless of whether or not they have been properly educated on the subject.",
      "original_point_number": [
        1
      ]
    },
    {
      "point_number": 2,
      "point_content": "Some teenagers want to use protection but are unable to get it due to embarrassment, fear, or unwillingness to talk to parents; providing contraceptives in schools helps reduce this barrier by offering easy, confidential access.",
      "original_point_number": [
        2,
        25,
        30
      ]
    },
    {
      "point_number": 3,
      "point_content": "Schools that promote abstinence-only education have higher teen pregnancy rates because teens are more likely to have sex without proper knowledge or access to contraception; teaching teens to be safe and use contraception is more important than just teaching abstinence because sex is natural and will happen.",
      "original_point_number": [
        3,
        32
      ]
    },
    {
      "point_number": 4,
      "point_content": "High schools should provide contraception to students to allow them to protect themselves and reduce teen pregnancy and STI rates; public high schools distribute contraceptives such as condoms and birth control pills to students to prevent teen pregnancy and STIs; schools already encourage sex education, so they should also encourage safe sex by providing contraceptives to prevent pregnancy and STDs.",
      "original_point_number": [
        4,
        5,
        33
      ]
    },
    {
      "point_number": 5,
      "point_content": "Sex education programs in public schools aim to provide young people with complete, accurate, and age-appropriate sex education to reduce risks of HIV/AIDS, STIs, and unintended pregnancy.",
      "original_point_number": [
        6
      ]
    },
    {
      "point_number": 6,
      "point_content": "About 1,300 U.S. public schools have health centers staffed by medical professionals who can provide contraceptives or prescriptions, but this is less than 2 percent of total schools.",
      "original_point_number": [
        7
      ]
    },
    {
      "point_number": 7,
      "point_content": "Only 3 states require parental consent for children to participate in sex education programs; in 47 states, parental consent is optional.",
      "original_point_number": [
        8
      ]
    },
    {
      "point_number": 8,
      "point_content": "Parents have the responsibility and authority to make medical decisions on behalf of their children who are minors and lack the capacity to make serious health decisions; parents should be involved in their child's health decisions because minors are not capable of making serious decisions alone.",
      "original_point_number": [
        9,
        16
      ]
    },
    {
      "point_number": 9,
      "point_content": "Many minors feel uncomfortable discussing sexual health issues with their parents due to fear of reactions, embarrassment, or not knowing how to bring up the subject; many minors will not seek important sexual health services if forced to involve their parents, so states permit minors to make decisions about their own medical care without parental authorization.",
      "original_point_number": [
        10,
        11
      ]
    },
    {
      "point_number": 10,
      "point_content": "The ethical dilemma arises between the school's responsibility to protect students' well-being and parents' rights to direct their child's upbringing and health decisions.",
      "original_point_number": [
        12
      ]
    },
    {
      "point_number": 11,
      "point_content": "The Common Good approach supports schools providing contraceptives to protect the welfare of the community and students, while the Rights approach supports parents' rights to make decisions for their children and decline contraceptives if they morally oppose them.",
      "original_point_number": [
        13,
        14
      ]
    },
    {
      "point_number": 12,
      "point_content": "Many teens become pregnant and infected with STIs due to lack of knowledge and access to contraceptives; sex education and contraceptive distribution aim to reduce this; giving teenagers contraceptives prevents bad things like pregnancy or STDs from unprotected sex; providing contraceptives in schools helps reduce teen pregnancy and saves taxpayer money.",
      "original_point_number": [
        15,
        26,
        28
      ]
    },
    {
      "point_number": 13,
      "point_content": "Promoting birth control in schools can decrease rates of pregnancy among teens, welfare dependence, and dropouts from school; birth control in schools helps prevent dropouts due to pregnancy, allowing teens to continue their education and contribute economically.",
      "original_point_number": [
        17,
        18
      ]
    },
    {
      "point_number": 14,
      "point_content": "Schools dispensing contraception allows teens to make informed choices about sexual activity and helps them decide when they are ready to have children; teens' transition to sexual maturity is inevitable, so teaching them to protect themselves from pregnancy is an effective approach.",
      "original_point_number": [
        19,
        20
      ]
    },
    {
      "point_number": 15,
      "point_content": "Birth control in schools is ineffective in controlling STDs among teens, as STDs continue to exist despite its implementation.",
      "original_point_number": [
        21
      ]
    },
    {
      "point_number": 16,
      "point_content": "Distribution of contraceptives in schools does not promote healthy family relationships, formation, and marriage.",
      "original_point_number": [
        22
      ]
    },
    {
      "point_number": 17,
      "point_content": "Birth control in schools is associated with substance abuse and poor academic performance among teens, affecting dropout rates.",
      "original_point_number": [
        23
      ]
    },
    {
      "point_number": 18,
      "point_content": "Birth control can help girls with their periods and help lower their risk of pregnancy and condoms help prevent the spread of an STD or an HIV.",
      "original_point_number": [
        24
      ]
    },
    {
      "point_number": 19,
      "point_content": "Teenagers are having sex at a younger age without protection, so providing contraceptives is necessary to protect them from disease and premature fatherhood.",
      "original_point_number": [
        27
      ]
    },
    {
      "point_number": 20,
      "point_content": "Providing teens with easy, confidential access to contraception is part of preparing youth for a healthy life and minimizing harm from sexual activity.",
      "original_point_number": [
        29
      ]
    },
    {
      "point_number": 21,
      "point_content": "Providing condoms in high schools is about safety, not encouraging sex.",
      "original_point_number": [
        31
      ]
    }
  ]
}