{
  "question": "why are people getting vaccinated",
  "key_points": [
    {
      "point_number": 1,
      "point_content": "Vaccine-preventable diseases still exist, can be deadly, and can be passed on to those not protected by vaccines, including young and healthy people who can get very sick.",
      "original_point_number": [
        1,
        4,
        7
      ]
    },
    {
      "point_number": 2,
      "point_content": "Vaccines help keep you healthy by protecting against many infections and are a vital part of overall health, comparable to diet and exercise.",
      "original_point_number": [
        2,
        3
      ]
    },
    {
      "point_number": 3,
      "point_content": "Vaccines are safe, with uncommon and less severe side effects than the diseases they prevent, and do not cause the diseases they prevent.",
      "original_point_number": [
        5,
        6
      ]
    },
    {
      "point_number": 4,
      "point_content": "Vaccine-preventable diseases are costly to individuals and society.",
      "original_point_number": [
        8
      ]
    },
    {
      "point_number": 5,
      "point_content": "Getting vaccinated protects your family and community, including those who cannot be vaccinated, and helps prevent missed work and allows you to care for those who depend on you.",
      "original_point_number": [
        9,
        10
      ]
    },
    {
      "point_number": 6,
      "point_content": "People get vaccinated to protect themselves and others from COVID-19, to help beat back the coronavirus, to help the US get back to post-pandemic normal, and to protect their family and friends and return to normalcy.",
      "original_point_number": [
        18,
        26,
        32
      ]
    },
    {
      "point_number": 7,
      "point_content": "COVID-19 vaccines might protect you from getting COVID-19, prevent serious illness, hospitalization or death, and limit the spread of COVID-19.",
      "original_point_number": [
        15,
        16,
        17
      ]
    },
    {
      "point_number": 8,
      "point_content": "Vaccination protects individuals from the virus and helps prevent the spread among the unvaccinated, reducing risks of outbreaks and new variants, and is important to protect those who can’t get vaccinated or don’t receive sufficient protection from vaccines.",
      "original_point_number": [
        19,
        27,
        28
      ]
    },
    {
      "point_number": 9,
      "point_content": "COVID-19 vaccines are developed primarily to avoid developing the most severe impacts of the disease and continue to do their job in preventing severe disease, especially in those who have received the booster dose.",
      "original_point_number": [
        20,
        21
      ]
    },
    {
      "point_number": 10,
      "point_content": "Two doses of Pfizer-BioNTech or Moderna, or one of Johnson & Johnson’s, provide strong protection against severe cases of omicron, and booster doses increase antibody levels to help prevent disease.",
      "original_point_number": [
        22,
        23
      ]
    },
    {
      "point_number": 11,
      "point_content": "Vaccinated people infected are more likely to suffer mild symptoms since vaccines activate multiple defenses in the immune system, making it much more likely that you will not die or have to go to the hospital even if you contract the virus.",
      "original_point_number": [
        24,
        25
      ]
    },
    {
      "point_number": 12,
      "point_content": "The vaccine is the most effective tool in getting to a place where we are able to live with COVID-19.",
      "original_point_number": [
        29
      ]
    },
    {
      "point_number": 13,
      "point_content": "Ninety-three per cent of recent COVID-19 cases were people not yet fully vaccinated, highlighting the effectiveness of vaccines.",
      "original_point_number": [
        30
      ]
    },
    {
      "point_number": 14,
      "point_content": "The best way to protect yourself, your family, and those not yet eligible for a vaccine is to get the recommended vaccine doses as soon as possible.",
      "original_point_number": [
        31
      ]
    },
    {
      "point_number": 15,
      "point_content": "People are getting vaccinated because politicians, media, and celebrities promote it as a moral and civic duty, with intense campaigns portraying vaccination as essential, beneficial, and socially responsible, despite some distrust and opposition.",
      "original_point_number": [
        11,
        12,
        13,
        14,
        34
      ]
    },
    {
      "point_number": 16,
      "point_content": "Some people get vaccinated because of their job, such as healthcare workers who had early access.",
      "original_point_number": [
        33
      ]
    }
  ]
}