{
  "question": "how online learning affects students",
  "key_points": {
    "clueweb22-en0019-60-10013": [
      {
        "point_number": 1,
        "point_content": "Many students struggle to do their work in school, so what is the incentive for them to do their work outside of school?",
        "spans": [
          "many students struggle to do their work in school, so what is the incentive for them to do their work outside of school?"
        ]
      },
      {
        "point_number": 2,
        "point_content": "The amount of work in online learning seems to be more than what would have been received in school, with work for each class nearly every day.",
        "spans": [
          "even the amount of work that we’re getting, in many ways, seems to be more than what we would have received in school as we have work for each class nearly every day"
        ]
      },
      {
        "point_number": 3,
        "point_content": "Personal experiences with online learning include doing less work than in school and struggling with communication with teachers.",
        "spans": [
          "My own personal experiences with online learning haven’t been great.",
          "I have managed to do less work than I would have done in school.",
          "Communication is also an issue. I struggle with communicating with my teachers."
        ]
      },
      {
        "point_number": 4,
        "point_content": "One pro of online learning is that students can do their work at their own pace.",
        "spans": [
          "One pro of online learning is that you can do your work at your own pace."
        ]
      },
      {
        "point_number": 5,
        "point_content": "A major con of online learning is balancing each class, as work from one class may take longer than expected, causing stress and falling behind in other classes.",
        "spans": [
          "one major con of online learning is trying to balance each class.",
          "Sometimes work from one class may take much longer than expected to complete, forcing me to fall behind in another class. That can be very stressful"
        ]
      },
      {
        "point_number": 6,
        "point_content": "Online learning is more stressful due to pressure to get everything done on time, and lacks the structure and time frame that school provides.",
        "spans": [
          "It is far more stressful to get everything in on time and it adds more pressure to students.",
          "I’d rather be in school so I have structure and a time frame to get all my work done."
        ]
      }
    ],
    "null": [],
    "clueweb22-en0026-68-14312": [
      {
        "point_number": 1,
        "point_content": "Many students felt that while it was extremely difficult to make the switch to distance learning, an abbreviated grading system helped ease the workload and give students more free time to help their families, study, or focus on their mental health.",
        "spans": [
          "a lot of students felt that while it was extremely difficult to make the switch to distance learning, an abbreviated grading system helped ease the workload and give students more free time to help their families, study, or focus on their mental health"
        ]
      },
      {
        "point_number": 2,
        "point_content": "Students are losing education, mental health is suffering, and we are losing a majority of our social contact and growth.",
        "spans": [
          "Students are losing education, mental health is suffering, and we are losing a majority of our social contact and growth"
        ]
      },
      {
        "point_number": 3,
        "point_content": "Up to eleven months of learning could be lost throughout the lives of young children because of the pandemic, with younger students impacted more because they are not gaining knowledge as fast as they should.",
        "spans": [
          "One such study, from the Center for Research on Education Outcomes, said that up to eleven months of learning could be lost throughout the lives of young children because of the pandemic.",
          "Younger students are impacted more because they are not gaining knowledge as fast as they should"
        ]
      },
      {
        "point_number": 4,
        "point_content": "Students in elementary school and kindergarten are learning crucial functions, such as reading and problem solving, much slower than they typically would.",
        "spans": [
          "Students in elementary school and kindergarten are learning crucial functions, such as reading and problem solving, much slower than they typically would"
        ]
      },
      {
        "point_number": 5,
        "point_content": "Students who attempted credit recovery had lower rates of success online than in person.",
        "spans": [
          "A study from The American Institutes for Research and the University of Chicago Consortium on School Research showed that students who attempted credit recovery had lower rates of success online than in person"
        ]
      },
      {
        "point_number": 6,
        "point_content": "Many students have also said that they are unmotivated during distance learning.",
        "spans": [
          "Many students have also said that they are unmotivated during distance learning"
        ]
      },
      {
        "point_number": 7,
        "point_content": "The four-by-four distance learning system has caused students to have a lot more material in a smaller period, leading to learning just enough to get the grade or take the test but not thoroughly understanding the topics.",
        "spans": [
          "Our four-by-four distance learning system has caused students to have a lot more material in a smaller period.",
          "We learn just enough to get the grade or take the test, but a lot of students cannot thoroughly understand the topics enough to keep that knowledge"
        ]
      },
      {
        "point_number": 8,
        "point_content": "Students are not nearly as engaged in their classes now, with many getting distracted and worn out from looking at screens for long periods.",
        "spans": [
          "Students are also not nearly as engaged in their classes now.",
          "Being on screens for long periods for me is hard. I tend to get distracted and worn out from looking at my screen"
        ]
      },
      {
        "point_number": 9,
        "point_content": "Distance learning has increased the equity gap, with many BIPOC and low-income families lacking access to resources like computers and high broadband internet connection.",
        "spans": [
          "Distance learning has also increased the equity gap.",
          "Many BIPOC families and low-income families may not have access to the same resources like computers and a high broadband internet connection"
        ]
      },
      {
        "point_number": 10,
        "point_content": "Students of color may have a more difficult time engaging in class due to the constant display of violent and tragic deaths of people of color across the country, causing trauma.",
        "spans": [
          "Many students, mainly students of color, also may have a more difficult time engaging in class as violent and tragic deaths of people of color are being constantly displayed across the country"
        ]
      },
      {
        "point_number": 11,
        "point_content": "Students lose a large part of their usual forum for discourse, such as Student Senate, student-admin meetings, and clubs, which are made much more difficult or aren’t happening altogether.",
        "spans": [
          "With online school, students lose a large part of their usual forum for discourse.",
          "The Student Senate, student-admin meetings, and clubs are made much more difficult or aren’t even happening altogether"
        ]
      },
      {
        "point_number": 12,
        "point_content": "Elective classes that depend on in-person, hands-on experience have lost a large amount of their meaning to some students.",
        "spans": [
          "Electives that many students find as valuable outlets for creativity have lost a large amount of their meaning to some students.",
          "Classes such as band, ceramics, industrial technology, woodworking, and more, are classes that depend on in-person, hands-on experience"
        ]
      },
      {
        "point_number": 13,
        "point_content": "Distance learning has impacted the mental health of students, with nearly 3 in 10 parents saying their child was experiencing harm to their mental health because of closures.",
        "spans": [
          "According to a Gallup poll conducted in June, nearly 3 in 10 parents said that their child was already “experiencing harm to their mental health” because of closures"
        ]
      },
      {
        "point_number": 14,
        "point_content": "Anxiety and mental health issues can impact entire families, with students acting out, secluding themselves, and not communicating with families as much.",
        "spans": [
          "Anxiety and mental health issues can also have an impact on entire families.",
          "Students may act out, seclude themselves, and not communicate with their families as much"
        ]
      },
      {
        "point_number": 15,
        "point_content": "Students are spending several extra hours on screens for their meetings, and excessive screen time has been linked to anxiety and depression.",
        "spans": [
          "Students are also spending several extra hours on screens for their meetings.",
          "Excessive time on screens has been linked to anxiety and depression"
        ]
      },
      {
        "point_number": 16,
        "point_content": "It is much more difficult for teachers to reach out to students who are having trouble, and many students feel left behind.",
        "spans": [
          "It is also much more difficult for teachers to reach out to their students if they are having trouble",
          "Because of this, many students feel left behind"
        ]
      },
      {
        "point_number": 17,
        "point_content": "Mental health services are of great importance, especially during this time, as many students struggle with depression and lack of support in online learning.",
        "spans": [
          "Distance learning has shown even more that mental health services are of great importance, especially during this time"
        ]
      }
    ],
    "clueweb22-en0017-55-06424": [
      {
        "point_number": 1,
        "point_content": "Online learning disrupts student sleep, especially for those in different time zones who sacrifice sleep to attend classes.",
        "spans": [
          "Students in different time zones than their institutions are now sacrificing sleep to wake up for classes on Zoom."
        ]
      },
      {
        "point_number": 2,
        "point_content": "Increased screen time from online learning negatively impacts student mental health, increasing depression, anxiety, and attention problems.",
        "spans": [
          "Increased screen time usage, especially for non-academic activities, has been found to be linked with increases in depression, anxiety and perceived attention problems."
        ]
      },
      {
        "point_number": 3,
        "point_content": "Altered sleep cycles due to online learning affect the body's circadian rhythm, leading to difficulties in sleep and daytime fatigue.",
        "spans": [
          "Altering regular sleep patterns affects the body’s circadian rhythm, or internal biological clock.",
          "Health effects associated with not sticking to a regular sleep cycle include difficulties falling asleep, staying asleep, waking up and daytime fatigue."
        ]
      },
      {
        "point_number": 4,
        "point_content": "Online learning increases time spent on digital devices, which can disrupt sleep and overall health.",
        "spans": [
          "Virtual learning has inevitably increased the amount of time students spend on digital devices everyday.",
          "I spend around eight to 10 more hours on my laptop on a weekly basis because of the switch to remote instruction."
        ]
      },
      {
        "point_number": 5,
        "point_content": "Online learning reduces physical activity as students remain stationary for long periods, leading to feelings of sluggishness.",
        "spans": [
          "Not walking between classes has made some students stationary for hours on end in front of their computers.",
          "I really do miss the walks, and just sitting at my laptop makes me feel extremely sluggish and lazy."
        ]
      }
    ],
    "clueweb22-en0022-10-11909": [
      {
        "point_number": 1,
        "point_content": "The Covid-19 pandemic has impacted students' learning environment.",
        "spans": [
          "I feel like the Covid-19 pandemic has impacted my learning environment."
        ]
      },
      {
        "point_number": 2,
        "point_content": "The Covid-19 pandemic has negatively impacted students' learning environment.",
        "spans": [
          "I feel like the Covid-19 pandemic has negatively impacted my learning environment."
        ]
      },
      {
        "point_number": 3,
        "point_content": "Most students do not feel they are doing better in school since the switch to online learning.",
        "spans": [
          "I am doing better in school since the online switch because I am at home."
        ]
      },
      {
        "point_number": 4,
        "point_content": "Students feel more stressed out at home during online learning.",
        "spans": [
          "I feel more stressed out at home."
        ]
      },
      {
        "point_number": 5,
        "point_content": "It is harder for students to find the effort to do homework since the Covid-19 pandemic.",
        "spans": [
          "It is harder to find the effort to do homework since the Covid-19 pandemic."
        ]
      },
      {
        "point_number": 6,
        "point_content": "Students find school harder since the Covid-19 pandemic and the switch to online learning.",
        "spans": [
          "I find school harder since the Covid-19 pandemic."
        ]
      },
      {
        "point_number": 7,
        "point_content": "Students are working harder to maintain their grades since the Covid-19 pandemic.",
        "spans": [
          "I am working harder to maintain my grades since the Covid-19 pandemic."
        ]
      },
      {
        "point_number": 8,
        "point_content": "Students are more focused on their mental and physical health since the Covid-19 pandemic.",
        "spans": [
          "I am more focused on my mental health since the Covid-19 pandemic.",
          "I am more focused on my physical health since the Covid-19 pandemic."
        ]
      },
      {
        "point_number": 9,
        "point_content": "Professors are more understanding about workload and due dates since the beginning of the Covid-19 pandemic.",
        "spans": [
          "My professors are more understanding about workload and due dates since the beginning of Covid-19 pandemic."
        ]
      },
      {
        "point_number": 10,
        "point_content": "The majority of participants concluded the switch to online learning is negatively impacting their learning, grades, motivation levels and stress levels.",
        "spans": [
          "The majority of the participants in this study concluded the switch to online learning is negatively impacting their learning, grades, motivation levels and stress levels."
        ]
      }
    ],
    "clueweb22-en0019-11-18594": [
      {
        "point_number": 1,
        "point_content": "Online meetings became smaller as more and more students didn’t logon because they didn’t feel it was important to come to class, digitally or not.",
        "spans": [
          "online meetings became smaller as more and more students didn’t logon because they didn’t feel it was important to come to class, digitally or not"
        ]
      },
      {
        "point_number": 2,
        "point_content": "Students used to the day to day interaction with classmates were missing the social experience.",
        "spans": [
          "Students used to the day to day interaction with classmates were missing the social experience"
        ]
      },
      {
        "point_number": 3,
        "point_content": "Traditional classroom based learning was trying to adapt their model into a digital platform for online learning, which was an alien environment that students did not fully understand and had to adapt to.",
        "spans": [
          "traditional classroom based learning was trying to adapt their model into a digital platform for online learning",
          "taking students who were half way through a year and transporting them into an alien environment that they did not fully understand and had to adapt to"
        ]
      },
      {
        "point_number": 4,
        "point_content": "Online courses designed specifically for distance learning offer flexibility and control, allowing students to study when and where they want and revisit previous stages to understand the material.",
        "spans": [
          "our courses have been designed around offer a high quality distance learning programme that you control",
          "It means that you study when you want and where you want",
          "You can revisit previous stages of a course to make sure that you have understood it"
        ]
      },
      {
        "point_number": 5,
        "point_content": "Online learning courses may replace traditional learning systems due to changes in education, job market, and cost effectiveness.",
        "spans": [
          "There is a growing argument that online learning courses may replace traditional learning systems both because of the way that education and the job marketing are going but also because of the costs"
        ]
      },
      {
        "point_number": 6,
        "point_content": "Learning online is significantly cheaper than traditional classroom based learning while providing flexibility in where and how you learn.",
        "spans": [
          "Learning a GCSE, A-Level or Interest Course online is significantly cheaper that traditional classroom based learning while providing flexibility in where and how you learn"
        ]
      },
      {
        "point_number": 7,
        "point_content": "Online learning allows studying at your own pace and in a location and time that suits you, which is invaluable for career advancement and gaining qualifications.",
        "spans": [
          "the ability to study a course topic at your own pace and in a location and time that suits you has proven invaluable to those looking at taking the next step in their careers and gaining a GCSE or A Level online degree"
        ]
      },
      {
        "point_number": 8,
        "point_content": "Advantages of Distance Learning include flexibility, studying at your own pace, online access, and real support from experienced tutors.",
        "spans": [
          "Flexibility: You can choose to study when you want, using online access to provide a flexible learning platform that fits your busy life and daily schedule",
          "Your Pace: You can fit your studies around your schedule and existing work commitments",
          "Online Access: Our courses are completely accessibly online",
          "Real Support: Our online courses are all run by experienced real world tutors"
        ]
      }
    ],
    "clueweb22-en0011-07-07946": [
      {
        "point_number": 1,
        "point_content": "80% of online learning is interesting for students.",
        "spans": [
          "80% of online learning is interesting for students."
        ]
      },
      {
        "point_number": 2,
        "point_content": "65% of students answer that online learning class are easier that regular class.",
        "spans": [
          "65% of students answer that online learning class are easier that regular class"
        ]
      },
      {
        "point_number": 3,
        "point_content": "85% of students always prepare their learning with taking notes or record it.",
        "spans": [
          "85% of students always prepare their learning with taking notes or record it."
        ]
      },
      {
        "point_number": 4,
        "point_content": "90% of students answer online learning practical for them.",
        "spans": [
          "90% of students answer online learning practical for them."
        ]
      },
      {
        "point_number": 5,
        "point_content": "7% of students feel disturb and hurry but 70% are not during online learning time.",
        "spans": [
          "When talking about the time of online learning 7% of students feel disturb and hurry but 70% are not."
        ]
      },
      {
        "point_number": 6,
        "point_content": "75% of students ask that online learning is cheaper than they should go to class, because they need to pay for bus fare, lunch, clothes etc.",
        "spans": [
          "75% of students ask that online learning is cheaper than they should go to class, because they need to pay for bus fare, lunch, clothes etc."
        ]
      },
      {
        "point_number": 7,
        "point_content": "68% of students always join discussion along the online learning.",
        "spans": [
          "68% of students always join discussion along the online learning."
        ]
      },
      {
        "point_number": 8,
        "point_content": "75% of students feel more confidence joining online learning that face to face in class.",
        "spans": [
          "75% of students feel more confidence joining online learning that face to face in class."
        ]
      },
      {
        "point_number": 9,
        "point_content": "60% of students think online learning can improve high quality of learning.",
        "spans": [
          "60% of students think online learning can improve high quality of learning."
        ]
      },
      {
        "point_number": 10,
        "point_content": "70% of the teacher always accomodate their students in learning and give them feedback after they send their assignment.",
        "spans": [
          "70% of the teacher always accomodate their students in learning. They teacher also give them feedback after they send their assignment"
        ]
      },
      {
        "point_number": 11,
        "point_content": "Online learning provide students practical and flexible way in learning, it also make them more creative and active.",
        "spans": [
          "online learning provide students practical and flexible way in learning, it also make them more creative and active."
        ]
      },
      {
        "point_number": 12,
        "point_content": "Online learning give them some benefit in learning.",
        "spans": [
          "Online learning give them some benefit in learning."
        ]
      },
      {
        "point_number": 13,
        "point_content": "Teachers faced problems during online classes due to lack of technical skills, absence of student's interest and drop in participation.",
        "spans": [
          "teachers faced problems during online classes due to lack of technical skills, absence of student's interest and drop in participation."
        ]
      },
      {
        "point_number": 14,
        "point_content": "Students made a lot of excuses which were difficult for the teachers to identify the genuine reasons.",
        "spans": [
          "Students made a lot of excuses which were difficult for the teachers to identify the genuine reasons"
        ]
      },
      {
        "point_number": 15,
        "point_content": "Challenges in moving from conventional teaching to virtual learning include actively engaging students and encouraging them to participate and developing quality content for teaching.",
        "spans": [
          "variety of issues from the perspective of teachers in moving from conventional teaching to virtual learning such as actively engaging students and encouraging them to participate in the online teaching-learning process and developing quality content for teaching."
        ]
      },
      {
        "point_number": 16,
        "point_content": "Some teachers felt they can be taught better in conventional teaching because of inadequate training and efficiency in virtual teaching.",
        "spans": [
          "they felt that they can be taught better in conventional teaching because of inadequate training and efficiency in virtual teaching"
        ]
      },
      {
        "point_number": 17,
        "point_content": "Online learning is more stressful than regular classroom sessions because students have to study alone and absence of structured and systematic learning steps makes it difficult to focus.",
        "spans": [
          "online learning is more stressful than regular Manuscript classroom sessions because students have to study alone. The absence of structured and systematic learning steps also makes it difficult to focus"
        ]
      },
      {
        "point_number": 18,
        "point_content": "Online content is theoretical and mediocre and does not allow students to practice and study effectively.",
        "spans": [
          "Online content is theoretical and mediocre and does not allow students to practice and study effectively"
        ]
      }
    ],
    "clueweb22-en0045-76-17710": [
      {
        "point_number": 1,
        "point_content": "Online education eliminates the ability to have face-to-face interaction with a professor, creating more of a 'monologue and not a real dialogue.'",
        "spans": [
          "online education eliminates the ability to have that face-to-face interaction with a professor",
          "online education creates more of a “monologue and not a real dialogue.”"
        ]
      },
      {
        "point_number": 2,
        "point_content": "Online education requires a high level of self-discipline and time management skills, increasing the temptation to procrastinate.",
        "spans": [
          "The problem is the time management and organization skills necessary to stay on top of your work, allot an appropriate amount of time to complete each task and balance your coursework against other priorities in your life",
          "If you struggle with procrastination, then online education online increases the temptation to procrastinate."
        ]
      },
      {
        "point_number": 3,
        "point_content": "Online education requires self-direction as students must rely on themselves without the opportunity to meet with an academic advisor.",
        "spans": [
          "In an on-line format, a student must rely on themselves if they are receiving their entire degree online",
          "There is no opportunity to meet with an advisor and get the help that you need, you must completely rely on yourself"
        ]
      },
      {
        "point_number": 4,
        "point_content": "Online education allows students to learn at their own pace, which can be beneficial for those who struggle to keep up in traditional settings.",
        "spans": [
          "The most significant, and possible the most important factor for online education is the ability to go at your own pace"
        ]
      },
      {
        "point_number": 5,
        "point_content": "Online education can adapt to different learning styles by providing various types of instructional materials such as video lectures, diagrams, photos, and interactive games.",
        "spans": [
          "In an online environment, teachers can reach students with different learning styles more easily",
          "For example, they could post a video lecture for those who learn best by listening, a diagram, photos or video for those who learn best by seeing and an interactive game for those who learn by doing."
        ]
      },
      {
        "point_number": 6,
        "point_content": "Online education allows for confidential communication between students and teachers, reducing fear of embarrassment and helping students focus on their work.",
        "spans": [
          "With the opportunity to ask questions online one-on-one to their professors, a student no longer has to face that fear of embarrassment",
          "Having confidentially and trust with their teachers can allow a student to focus on their work and their education instead of what others may think of them."
        ]
      },
      {
        "point_number": 7,
        "point_content": "Online education has a positive environmental impact by reducing CO2 emissions due to less travel.",
        "spans": [
          "their hypothesis that they were testing was whether online education would decrease the amount of CO2 emitted into the air",
          "each student could prevent anywhere from 100-350 pounds of CO2",
          "That total accumulates to nearly 5-7 tons of CO2 being prevented from entering the atmosphere over the course of a single semester"
        ]
      }
    ],
    "clueweb22-en0008-21-02431": [
      {
        "point_number": 1,
        "point_content": "Online education allows students to learn from anywhere at any time, saving time and energy and providing comfort especially for students with physical challenges.",
        "spans": [
          "Online education allows students to learn from anywhere at any time.",
          "They can study from any part of the world with just a personal computer and a good internet connection.",
          "Furthermore, students with physical challenges have more freedom while participating in class in an online format."
        ]
      },
      {
        "point_number": 2,
        "point_content": "Online learning offers flexibility in time and pace, allowing students to access courses anytime and learn at their own speed.",
        "spans": [
          "Another advantage of online learning is its time efficiency.",
          "It allows students to attend classes whenever they are available and at any time.",
          "Similarly, it is not necessary to attend online education at any standard curriculum pace.",
          "Apart from that, you can access the lectures, notes, or any resources at any time.",
          "You can increase/decrease the pace of the course or repeat the same course as many times you want."
        ]
      },
      {
        "point_number": 3,
        "point_content": "Online education can improve concentration by reducing social pressures and distractions, allowing customized learning experiences and direct contact with teachers.",
        "spans": [
          "Since students can attend online education at any place and time, they can be free from distractions and focus on their studies.",
          "Online education encourages student participation in discussion on course materials and helps them to understand the topic easily.",
          "Apart from that, online learning also offers students direct contact with the teacher via message, email, etc., to avoid harassment from classmates"
        ]
      },
      {
        "point_number": 4,
        "point_content": "Online learning reduces bullying and discrimination, providing a safer and more focused learning environment for students who have been victims of harassment.",
        "spans": [
          "Online learning somewhat helps the student to avoid such situations at school.",
          "Students have a certain degree of anonymity within an online environment.",
          "Discrimination and bullying are largely absent in online learning environments.",
          "Instead, online education is more focused on the course material and discussion and knowledge sharing.",
          "This helps greatly to the student who has been a victim of physical harassment and bullying."
        ]
      },
      {
        "point_number": 5,
        "point_content": "Online education provides easy access to course materials and resources, including guest experts and resources from various countries.",
        "spans": [
          "Online education allows the student to access all the course material at any time.",
          "With an online course, guests from other institutions or distinguished guest experts are easy to include.",
          "Moreover, today’s students have access to computer resources and resources in several countries around the world.",
          "An online resource section with links to resources relevant to the course can be created by instructors for students to use as a resource when studying course material, extending their learning, or analyzing it further."
        ]
      },
      {
        "point_number": 6,
        "point_content": "Online education lacks expert monitoring and direct interaction, making it harder for teachers to assess student understanding and progress.",
        "spans": [
          "Students have direct contact with a physical teacher during class.",
          "In contrast, online education offers little opportunity for direct interaction.",
          "Furthermore, no one will be able to understand you or keep track of your progress.",
          "Although a tutor may see you via video chat or audio call, it is still inferior to a personal tutor."
        ]
      },
      {
        "point_number": 7,
        "point_content": "Students may lack interest and motivation in online education, which affects their ability to complete studies effectively.",
        "spans": [
          "Students need to be interested in their studies.",
          "They won’t be able to complete their study with as many videos or books as they would wish.",
          "Online education works this way. The material will be available, but the students will have no real interest."
        ]
      },
      {
        "point_number": 8,
        "point_content": "Online education increases vulnerability to online dangers such as exposure to inappropriate content and exploitation.",
        "spans": [
          "Students often spend more than six hours online a day for online classes and for entertainment.",
          "Many families have no filters to prevent inappropriate content from being broadcast on their networks, which can result in sensitive material being spread on the Internet.",
          "As video conferencing has grown in popularity, malicious actors (including pedophiles) have tried to exploit its use.",
          "Children can become incited to participate in inappropriate sexual behavior if they are exposed to them.",
          "The nature of online education means that most children have unrestricted access to the internet and the sheer abundance of pornographic content makes it increasingly likely that they’ll be exposed to it."
        ]
      },
      {
        "point_number": 9,
        "point_content": "Online learning can increase social isolation and reduce interaction among students, potentially leading to mental health issues.",
        "spans": [
          "In an online learning platform, students can attend classes from any place, decreasing participants’ interaction, reducing their contemplation, and making them more remote.",
          "Thus, many students and teachers who have to spend so much time online can begin to feel socially isolated since they cannot interact with their peers.",
          "Lack of communication and social isolation often result in mental health issues such as stress, anxiety, and negative thoughts."
        ]
      },
      {
        "point_number": 10,
        "point_content": "Online education may hinder the development of communication skills due to lack of face-to-face interaction.",
        "spans": [
          "Online courses often neglect the development of communication skills among students.",
          "Students have no opportunity to communicate face-to-face with their peers, teachers, and classmates.",
          "In online learning, students cannot communicate with their instructors face-to-face, which causes social isolation and may make them feel unfocused.",
          "It is possible that students will not be able to work effectively in a team setting."
        ]
      },
      {
        "point_number": 11,
        "point_content": "Online education lacks practical experience opportunities which are important for effective learning and memory.",
        "spans": [
          "Online education lacks practical education because the source of online education is virtual presentation, animation, videos, images, etc.",
          "But if students attend a class in school, then they will be able to use the instruments or any object to experiment.",
          "The practical touch helps students study more effectively, improves memory, and increases interest in the subject matter."
        ]
      },
      {
        "point_number": 12,
        "point_content": "Online education may lead to lack of discipline and motivation due to absence of structured environment and external guidance.",
        "spans": [
          "In school, students are taught the importance of discipline.",
          "The traditional education system encourages students to concentrate and maintain discipline.",
          "But, to attend online classes, students just need to dress up in appropriate casual clothing.",
          "Similarly, it is less likely that online students will be motivated by external forces to perform well.",
          "In many cases, students are left to pursue their own learning activities without constant guidance from teachers."
        ]
      }
    ],
    "clueweb22-en0002-09-01967": [
      {
        "point_number": 1,
        "point_content": "The online learning environment improved students’ attention and made learning more engaging through interactive educational games.",
        "spans": [
          "the online learning environment actually improved students’ attention",
          "Several online learning platforms have options to share interactive educational games to engage students"
        ]
      },
      {
        "point_number": 2,
        "point_content": "Online learning made it easier for students with social anxiety to interact and promoted a more positive space by removing potential bullying.",
        "spans": [
          "Online learning made this easier for those with social anxiety to interact",
          "It removes the potential for bullying or name-calling"
        ]
      },
      {
        "point_number": 3,
        "point_content": "Students from disadvantaged communities and SEN pupils faced difficulties due to lack of access to technology and need for 1:1 assistance, leading to a wider education gap.",
        "spans": [
          "Many students from disadvantaged communities didn’t have access to the necessary technology",
          "SEN pupils also found it difficult to concentrate"
        ]
      },
      {
        "point_number": 4,
        "point_content": "Some students excelled in the online learning environment, with increased test scores and quicker learning from mistakes.",
        "spans": [
          "data suggests that other students excelled in the online learning environment",
          "Test scores steadily increased",
          "children were learning from their incorrect answers quicker when re-tested later on"
        ]
      },
      {
        "point_number": 5,
        "point_content": "Online learning helps students practise IT skills, enhancing their digital proficiency important for future careers.",
        "spans": [
          "The online learning environment helps students to practise their IT skills",
          "these skills are incredibly important for careers"
        ]
      },
      {
        "point_number": 6,
        "point_content": "Online learning led to poor work-life balance, less outdoor activity, and blurred lines between work and play, which may affect academic performance and social wellbeing.",
        "spans": [
          "With both school and social interaction online, this meant students were less likely to go outside",
          "The lines are also blurred with home learning",
          "Some students found the online learning environment distracting and boring"
        ]
      }
    ],
    "clueweb22-en0018-87-19175": [
      {
        "point_number": 1,
        "point_content": "Online coursework generally yields worse student performance than in-person coursework, especially for less-academically prepared students and bachelor’s degree students.",
        "spans": [
          "Online coursework generally yields worse student performance than in-person coursework.",
          "The negative effects of online course-taking are particularly pronounced for less-academically prepared students and for students pursuing bachelor’s degrees."
        ]
      },
      {
        "point_number": 2,
        "point_content": "Randomized control trials show online instruction results in lower student performance relative to in-person instruction, with negative effects driven by students with lower academic ability.",
        "spans": [
          "Virtually all of these studies found that online instruction resulted in lower student performance relative to in-person instruction",
          "Their work also confirms the results of previous papers, finding that the negative effect of online learning was driven by students with lower academic ability."
        ]
      },
      {
        "point_number": 3,
        "point_content": "Online students had trouble concentrating and felt less connected to peers and instructors compared to in-person students.",
        "spans": [
          "A follow-up survey of students’ experiences suggests that online students had trouble concentrating on their coursework and felt less connected to both their peers and instructors relative to their in-person peers."
        ]
      },
      {
        "point_number": 4,
        "point_content": "Access to live-streamed lectures can improve achievement for high-ability students but lower it for low-ability students, depending on whether it substitutes for no attendance or in-person attendance.",
        "spans": [
          "The authors find that having access to a live-streamed lecture in addition to an in-person option improves the achievement of high-ability students, but lowers the achievement of low-ability students."
        ]
      },
      {
        "point_number": 5,
        "point_content": "Students in online courses generally get lower grades, are less likely to perform well in follow-on coursework, and are less likely to graduate than similar students taking in-person classes.",
        "spans": [
          "Students in online courses generally get lower grades, are less likely to perform well in follow-on coursework, and are less likely to graduate than similar students taking in-person classes."
        ]
      },
      {
        "point_number": 6,
        "point_content": "Bachelor’s degree students in online programs perform worse on exit exams than their on-campus counterparts, with mixed results for shorter technical certificates.",
        "spans": [
          "We find that bachelor’s degree students in online programs perform worse on nearly all test score measures—including math, reading, writing, and English—relative to their counterparts in similar on-campus programs.",
          "Results for shorter technical certificates, however, are more mixed."
        ]
      },
      {
        "point_number": 7,
        "point_content": "Taking courses required for a major online can increase the likelihood of graduating in four years and decrease time-to-degree.",
        "spans": [
          "They find reason to be optimistic about online coursework: When students take courses required for their major online, they are more likely to graduate in four years and see a small decrease in time-to-degree relative to students taking the requirements in-person."
        ]
      },
      {
        "point_number": 8,
        "point_content": "The switch to online instruction during the pandemic led to an 8.5% reduction in course completion, with increased withdrawals and failures, especially among less-academically-prepared students.",
        "spans": [
          "Looking at student outcomes in spring 2020 in Virginia’s community college system, Bird et al. find that the switch to online instruction resulted in an 8.5% reduction in course completion.",
          "They find that both withdrawals and failures rose.",
          "They also confirm findings in the literature that negative impacts are more extreme among less-academically-prepared students."
        ]
      },
      {
        "point_number": 9,
        "point_content": "College students pushed online may be less prepared for future classes, have lower GPAs, suffer in course completion, and have overall declined learning compared to in-person cohorts.",
        "spans": [
          "For now, college professors and administrators should consider that college students pushed online may be less prepared for future follow-on classes, their GPAs may be lower, course completion may suffer, and overall learning may have declined relative to in-person cohorts in previous years."
        ]
      },
      {
        "point_number": 10,
        "point_content": "The negative impacts of online learning could reduce college completion rates, but online classes may also allow students to progress through degree requirements more quickly.",
        "spans": [
          "The negative learning impacts, reduced course completion, and lack of connection with other students and faculty in a virtual environment could ultimately reduce college completion rates.",
          "On the other hand, there is also evidence that the availability of online classes may allow students to move through their degree requirement more quickly."
        ]
      }
    ],
    "clueweb22-en0018-43-01148": [
      {
        "point_number": 1,
        "point_content": "Online learning reduces face-to-face social interaction, leading some students to feel isolated.",
        "spans": [
          "various understudies report missing face-to-face cooperation with their peers and teachers",
          "this absence of social collaboration can start sentiments of seclusion"
        ]
      },
      {
        "point_number": 2,
        "point_content": "Breakout rooms in online classes are intended to facilitate social interaction but often feel forced and ineffective.",
        "spans": [
          "students still have to answer questions and join breakout rooms with fellow peers",
          "breakout rooms don’t appear to be all that helpful for making “social interaction.”",
          "Some teachers put us into a breakout room to work on assignments but not many people talk, and you can’t really make a connection. They also feel forced."
        ]
      },
      {
        "point_number": 3,
        "point_content": "Social anxiety and lack of motivation to engage on camera hinder social interaction in online learning.",
        "spans": [
          "social anxiety comes into play when talking to new people",
          "just even the motivation to turn on the camera and talk with your peers can cause reluctance"
        ]
      },
      {
        "point_number": 4,
        "point_content": "Some students find breakout rooms helpful for peer interaction, especially for academic help, but experiences vary.",
        "spans": [
          "Breakout rooms for the most part do help me interact with my peers in English as when placed in them my classmates usually help each other out with our papers by giving valuable tips",
          "in a different breakout room, I was placed into an awkward room. Everyone had their camera’s off except for me, and no one barely said anything."
        ]
      },
      {
        "point_number": 5,
        "point_content": "Clubs and extracurricular activities provide alternative ways for students to interact socially online.",
        "spans": [
          "clubs have helped with interaction",
          "Encarnacion joined Don Lugo’s Hearts and Hero’s Club and found it a place in which she could chat and connect with classmates",
          "As an ASB officer too, she got to contact her other officers by text outside of class"
        ]
      },
      {
        "point_number": 6,
        "point_content": "Students suggest turning on cameras and microphones during online meetings to improve social interaction.",
        "spans": [
          "the only suggestion is turning on your camera and mic in a meeting or room, saying that “it would make one of our only sources of interaction a lot more memorable.”"
        ]
      },
      {
        "point_number": 7,
        "point_content": "Chat functions in online classes are preferred by some students over speaking in breakout rooms due to less pressure and nervousness.",
        "spans": [
          "The only experience I’ve had this year in which I felt I got to know my classmates was actually in the class chat",
          "Typically, teachers just use the zoom chat bar to give links to presentations or to answer questions",
          "I like typing in the chat better than breakout rooms, I think that some people would feel the same way because we may feel nervous or pressured to talk. The chat is personally more fun for me."
        ]
      }
    ],
    "clueweb22-en0018-80-01636": [
      {
        "point_number": 1,
        "point_content": "The COVID-19 pandemic has left 87% of the world's student population affected by school closures.",
        "spans": [
          "The COVID-19 pandemic has left 87% of the world's student population affected by school closures (data source: UNESCO)."
        ]
      },
      {
        "point_number": 2,
        "point_content": "Students with previous online class experience are more prepared for the shift to remote learning.",
        "spans": [
          "Students Who Have Previously Taken Online Classes Are More Prepared",
          "Previous experience with eLearning seems to be a key factor in the preparedness, as reported by Barnes & Noble Education [1]. The survey conducted in March 2020 found that 60% of respondents found the switch to be relatively easy."
        ]
      },
      {
        "point_number": 3,
        "point_content": "Many students struggle with motivation and focus due to distractions in their home environment.",
        "spans": [
          "The setting of their learning environments is another reason for worry. Not everyone has a home environment that will allow them to work or study from home. 64% of students expressed concern over staying motivated and maintaining focus, as they get easily distracted."
        ]
      },
      {
        "point_number": 4,
        "point_content": "Students miss the social aspects of learning, which affects their academic performance and mental health.",
        "spans": [
          "Students Miss The Social Aspects Of The Learning Experience",
          "While teachers are focusing on providing engaging eLearning experiences, 55% of students still find the lack of social interactions troubling. They learn better with fellow students, and for 45% of students, this could lead to underperforming in their academics.",
          "Students have a strong desire to return to in-person connections. Not seeing other students and faculty in person is having an impact, and even contributes to anxiety, nervousness, and worry."
        ]
      },
      {
        "point_number": 5,
        "point_content": "In-person courses are generally more effective than remote lessons due to the motivating social environment.",
        "spans": [
          "Most research on remote lessons shows that in-person courses are, on average, more effective. The social environment motivates students to engage and perform better. Students who already struggle in in-person classes are likely to struggle even more with eLearning."
        ]
      },
      {
        "point_number": 6,
        "point_content": "Students in different countries face different challenges with remote learning, including lack of internet and devices.",
        "spans": [
          "Global Impact Of Remote learning",
          "Lack of reliable internet connection, access to smart devices, and the absence of a proper learning environment could all lead to students struggling to cope up with remote learning."
        ]
      },
      {
        "point_number": 7,
        "point_content": "Some governments have used alternative methods like TV classrooms to deliver lessons during lockdowns.",
        "spans": [
          "In some countries, such as India and China, the government has taken the initiative to deliver online classes through televisions [3]."
        ]
      },
      {
        "point_number": 8,
        "point_content": "Students find eLearning challenging due to lack of routine, overwhelming workload, and confusion over course requirements.",
        "spans": [
          "Coping With Remote Learning",
          "Students find that eLearning is not without its challenges, and the most important one is not having a routine to follow. The only way to manage classes and motivate oneself is by staying organized. There is also an overwhelming workload, including homework and preparing for exams. There is widespread confusion over course requirements as well."
        ]
      },
      {
        "point_number": 9,
        "point_content": "Some students appreciate the flexibility of eLearning and are willing to take up the challenge.",
        "spans": [
          "That being said, there are indeed students who are quite fond of the eLearning opportunity. Being able to set their routine has had a positive impact on many, and they are willing to take up the challenge of remote learning."
        ]
      }
    ],
    "clueweb22-en0003-80-15268": [
      {
        "point_number": 1,
        "point_content": "The impact of online learning on students’ course outcomes",
        "spans": [
          "The impact of online learning on students’ course outcomes: Evidence from a large community and technical college system"
        ]
      }
    ],
    "clueweb22-en0023-11-09772": [
      {
        "point_number": 1,
        "point_content": "Online learning allows students to participate in high quality learning situations when distance and schedule make on-ground learning difficult-to-impossible.",
        "spans": [
          "The main advantage of asynchronous online learning is that it allows students to participate in high quality learning situations when distance and schedule make on-ground learning difficult-to-impossible."
        ]
      },
      {
        "point_number": 2,
        "point_content": "Students can participate in classes from anywhere in the world, provided they have a computer and Internet connection.",
        "spans": [
          "Students can participate in classes from anywhere in the world, provided they have a computer and Internet connection."
        ]
      },
      {
        "point_number": 3,
        "point_content": "The Virtual Classroom is accessible 24 hours a day, seven days a week, allowing students to access courses at any time and pace.",
        "spans": [
          "The Virtual Classroom is accessible 24 hours a day, seven days a week.",
          "Students can access their courses at any time of day or night."
        ]
      },
      {
        "point_number": 4,
        "point_content": "Online learning allows dynamic interaction and synergy between instructor and students and among students themselves.",
        "spans": [
          "The online format allows a dynamic interaction between the instructor and students and among the students themselves.",
          "The synergy that exists in the student-centered Virtual Classroom is one of the most unique and vital traits that the online learning format possesses."
        ]
      },
      {
        "point_number": 5,
        "point_content": "Online asynchronous discussion allows learners to reflect on comments before responding, leading to deeper and more thoughtful dialogue.",
        "spans": [
          "Within an online asynchronous discussion structure, the learner may reflect on comments from others before responding or moving on to the next item.",
          "This structure allows students time to articulate responses with much more depth and forethought than in a traditional face-to-face discussion situation"
        ]
      },
      {
        "point_number": 6,
        "point_content": "Students control their own learning experience and tailor class discussions to meet their specific needs in online learning.",
        "spans": [
          "Students control their own learning experience and tailor the class discussions to meet their own specific needs."
        ]
      },
      {
        "point_number": 7,
        "point_content": "Online learning provides a level playing field where factors like age, dress, physical appearance, disabilities, race, and gender are largely absent, focusing on content and contribution.",
        "spans": [
          "In the online environment, learners have a certain measure of anonymity.",
          "Discriminating factors such as age, dress, physical appearance, disabilities, race, and gender are largely absent."
        ]
      },
      {
        "point_number": 8,
        "point_content": "Online learning offers access to resources and materials from anywhere in the world and can include guest experts or students from other institutions.",
        "spans": [
          "Today’s students have access to resources and materials that may be physically located anywhere in the world.",
          "It is easy to include distinguished guest experts or students from other institutions in an online class."
        ]
      },
      {
        "point_number": 9,
        "point_content": "Online learning requires students to be well organized, self-motivated, and possess high time management skills; it is not appropriate for younger or dependent learners.",
        "spans": [
          "In order to successfully participate in an online program, students must be well organized, self-motivated, and possess a high degree of time management skills.",
          "Online education is not appropriate for younger students (i.e. elementary or secondary school age) and other students who are dependent learners."
        ]
      },
      {
        "point_number": 10,
        "point_content": "Successful online instruction requires facilitators to be properly trained in online delivery and methodologies and to create a supportive virtual environment.",
        "spans": [
          "If facilitators are not properly trained in online delivery and methodologies, the success of the online program will be compromised.",
          "An online instructor must be able to compensate for lack of physical presence by creating a supportive environment in the Virtual Classroom where all students feel comfortable participating."
        ]
      },
      {
        "point_number": 11,
        "point_content": "Technology issues such as lack of access, computer literacy, and reliability can negatively affect online learning.",
        "spans": [
          "Lack of access, whether it be for economic or logistic reasons, will exclude otherwise eligible students from the course.",
          "Both students and facilitators must possess a minimum level of computer knowledge in order to function successfully in an online environment.",
          "Even the most sophisticated technology is not 100% reliable."
        ]
      },
      {
        "point_number": 12,
        "point_content": "Online learning may not be suitable for subjects requiring hands-on practice or physical movement, such as public speaking, surgery, or sports.",
        "spans": [
          "Some subjects should not be taught online because the electronic medium does not permit the best method on instruction.",
          "Examples include: hands-on subjects such as public speaking, surgery, dental hygiene, and sports where physical movement and practice contribute to the achievement of the learning objectives."
        ]
      }
    ]
  }
}