{
  "question": "how governments control people",
  "key_points": {
    "clueweb22-en0033-66-13970": [
      {
        "point_number": 1,
        "point_content": "The government controls people through fear and intimidation by getting rid of anybody who goes against or speaks out against the government.",
        "spans": [
          "They control them through fear and intimidation.",
          "the government will get rid of anybody who goes against, or speaks out, against the government."
        ]
      },
      {
        "point_number": 2,
        "point_content": "The government uses the mechanical hound to intimidate its people by sensing out any differences throughout the society.",
        "spans": [
          "One mechanism they use throughout the story to intimidate its people is with the mechanical hound.",
          "This creature can sense out any differences throughout the society."
        ]
      },
      {
        "point_number": 3,
        "point_content": "The main way the government controls its people is by burning any source of information, including books and magazines, to keep people ignorant and prevent debate.",
        "spans": [
          "the main way that the government controls its people is by burning any source of information; this includes books and magazines.",
          "They burn the books so people will not view what life could be like.",
          "Also they burn books so people will remain ignorant and so they cannot debate on certain topics that can be brought up by reading this information."
        ]
      }
    ],
    "clueweb22-en0007-42-15631": [
      {
        "point_number": 1,
        "point_content": "The government protects evil industries by creating laws that enslave people while creating fewer laws for criminals in corporations.",
        "spans": [
          "They “claim” they are doing it to protect the people, but they are really only doing this to protect the EVIL INDUSTRIES that control society because that’s what the government is here for. To protect them from US.",
          "The more money these EVIL INDUSTRIES throw at people in government, the more the government controls us by creating more laws to enslave us, while they create LESS laws for the criminals who run these industries and corporations."
        ]
      },
      {
        "point_number": 2,
        "point_content": "The government forces websites that oppose mainstream medical views to put disclaimers, showing control over information.",
        "spans": [
          "In this case, the government FORCES sites that don’t even believe in the mainstream medical community to put a disclaimer on their sites.",
          "If that’s NOT government control, we don’t know what is."
        ]
      },
      {
        "point_number": 3,
        "point_content": "The government enforces laws by fining and jailing people, such as for not wearing seatbelts.",
        "spans": [
          "Instead of educating people on why it’s a good idea to wear a seatbelt, they stop you and fine you. Then if you don’t pay the fine, they send you off to jail. If you don’t want to go to jail, you end up getting beaten or killed."
        ]
      },
      {
        "point_number": 4,
        "point_content": "The government restricts traditional activities like fishing and selling produce without licenses.",
        "spans": [
          "It used to be that you could fish in any body of water. Now the government doesn’t even let you do THAT in many areas.",
          "I used to sell about $500 a month in tomatoes from my garden to a couple of small Italian restaurants. Can’t do that today, don’t have a “commercial farmer’s license”.",
          "My brother-in-law grew up in Satellite Beach and paid his way through school by surf fishing a couple of afternoons and on Saturday and selling what he caught to the wholesale fish market. Can’t do that today, he doesn’t have a “commercial fishing license”…",
          "My grandfather used to sell produce out of his garden in his front yard every weekend, and made more money doing that than he made in his job at the cotton mill…can’t do that today, it is against local “code”"
        ]
      },
      {
        "point_number": 5,
        "point_content": "The government allows harmful corporate mergers that concentrate control over food supply.",
        "spans": [
          "Bayer Monsanto Merger – the government has allowed this TERRIBLE merger.",
          "And of course, the government that protects ALL EVIL CORPS is letting this happen. This means even MORE of the worldwide food supply will be owned by ONE EVIL CORPORATION."
        ]
      }
    ],
    "clueweb22-en0040-05-01676": [
      {
        "point_number": 1,
        "point_content": "Governments in dystopian literature maintain control through oppressive societal control and the illusion of a perfect society.",
        "spans": [
          "a dystopian world can be defined as an “imagined universe in which oppressive societal control and the illusion of a perfect society are maintained through corporate, bureaucratic, technological, moral, or totalitarian control”"
        ]
      },
      {
        "point_number": 2,
        "point_content": "Government control is often exerted through controlling people's beliefs and perceptions of reality.",
        "spans": [
          "the idea of control over what people think (“brain” and “mind”) and what people believe (“beliefs”)",
          "“reality” was the second most similar word used in context with “government” and “control”",
          "If the government has the ability to control people’s realities, then they can control people’s thoughts and actions.",
          "by controlling people’s beliefs about reality, the government can control them."
        ]
      },
      {
        "point_number": 3,
        "point_content": "Examples of government control include censorship and rewriting information to control truth.",
        "spans": [
          "an extreme form of reality control is seen in Fahrenheit 451, where the dominant ideology is that all books should be burned because they are offensive.",
          "In 1984, the government rewrites information in the newspapers in order to control the truth"
        ]
      },
      {
        "point_number": 4,
        "point_content": "Ignorance can be both a form of freedom and a form of slavery under government control.",
        "spans": [
          "the word “ignorance” appeared close to both “freedom” and “slavery”",
          "ignorance can function as a coping mechanism in the controlled society described in dystopias",
          "ignorance serves as a form of “false consciousness”, where people are oblivious to the dangerous forces that are working against their interests."
        ]
      },
      {
        "point_number": 5,
        "point_content": "Those in power circulate ideologies, slogans, and propaganda to maintain control and keep the working class compliant.",
        "spans": [
          "those in power circulate their own ideologies, slogans, and propaganda to keep the working class hard at work."
        ]
      },
      {
        "point_number": 6,
        "point_content": "Religious institutions can be used to enforce government ideologies and control people's beliefs and behaviors.",
        "spans": [
          "“church” appears to be the most similar word in this query",
          "the church can use ideologies to dictate what people should believe, how they should act, and what is deemed as good religious behavior."
        ]
      }
    ],
    "clueweb22-en0033-74-18958": [
      {
        "point_number": 1,
        "point_content": "The government is attempting to exert full spectrum dominance over our lives, watching, tracking, and controlling us.",
        "spans": [
          "the government has become a gluttonous, out of control behemoth that is gobbling up everything in sight and that is attempting to exert full spectrum dominance over our lives",
          "the government seems to have an insatiable hunger to watch us, track us and control us"
        ]
      },
      {
        "point_number": 2,
        "point_content": "The government is increasing control over food through broad and vague legislation like S. 510, the Food Safety Modernization Act.",
        "spans": [
          "S. 510, “The Food Safety Modernization Act”, is another huge power grab by the FDA and the federal government over our food supply",
          "The bill is written so broadly and so vaguely that nobody really knows what it means"
        ]
      },
      {
        "point_number": 3,
        "point_content": "The government uses invasive security measures in air travel, such as full body scanners and enhanced pat-downs, to control people.",
        "spans": [
          "If you want to get on an airplane in the United States, you will now be forced to either let TSA agents gawk at your naked body or let TSA agents grope your entire body including your genitals",
          "TSA agents are actually reaching down the pants of male travelers and up the skirts of female travelers"
        ]
      },
      {
        "point_number": 4,
        "point_content": "The government controls health care by forcing participation in regulated health insurance and restricting doctors' treatment options.",
        "spans": [
          "Americans are now forced to participate in the officially-sanctioned health care system by purchasing health insurance",
          "doctors in America no longer have the freedom to treat patients however they see fit",
          "Only “approved” treatments are permissible"
        ]
      },
      {
        "point_number": 5,
        "point_content": "The government controls money by increasing and inventing taxes, draining Americans through multiple levels of government.",
        "spans": [
          "Americans are being drained by the federal government, state governments and local governments in dozens upon dozens of different ways",
          "Each year it seems like they find more ways to stick it to us"
        ]
      },
      {
        "point_number": 6,
        "point_content": "The government controls businesses through thousands of regulations and red tape, making entrepreneurship difficult.",
        "spans": [
          "Most small businesses are literally being strangled by hordes of red tape",
          "The Federal Register is over 80,000 pages long",
          "The U.S. Food and Drug Administration is projecting that the food service industry will have to spend an additional 14 million hours every single year just to comply with new federal regulations"
        ]
      },
      {
        "point_number": 7,
        "point_content": "The government controls the environment by using the green movement to track and fine citizens for trash and recycling.",
        "spans": [
          "The government is using the “green movement” as an excuse to take an unprecedented amount of control over our lives",
          "communities have been given government grants to track our trash with RFID microchips",
          "some cities are now starting to fine citizens for not recycling properly"
        ]
      },
      {
        "point_number": 8,
        "point_content": "The government creates dependency through welfare programs, reducing individual independence and increasing control.",
        "spans": [
          "tens of millions of Americans have literally become completely dependent on the government for survival",
          "Over 42 million Americans are now on food stamps",
          "Approximately one out of every six Americans is enrolled in a federal anti-poverty program"
        ]
      },
      {
        "point_number": 9,
        "point_content": "The government restricts patriotism and freedom of expression, such as banning the American flag or national anthem in schools.",
        "spans": [
          "a group of high school students will be forbidden from singing the national anthem at the Lincoln Memorial",
          "areas of our nation will ever become so anti-American that they will forbid students from riding to school with an American flag on their bikes"
        ]
      }
    ],
    "clueweb22-en0001-11-10528": [
      {
        "point_number": 1,
        "point_content": "Mr. de Blasio wants the city government to control buildings, including where they go, how high they are, who lives in them, and what the rent will be.",
        "spans": [
          "I think people all over this city, of every background, would like to have the city government be able to determine which building goes where, how high it will be, who gets to live in it, what the rent will be."
        ]
      },
      {
        "point_number": 2,
        "point_content": "Mr. de Blasio expresses a desire to improve people's lives on his terms, implying control over individuals without their real say.",
        "spans": [
          "I have an activist’s desire to improve people’s lives",
          "he means to “improve” your life on his terms, leaving you with no real say in the matter."
        ]
      },
      {
        "point_number": 3,
        "point_content": "Socialists like Mr. de Blasio support shifting power away from the people and toward the government, advocating for planned control according to people's needs.",
        "spans": [
          "Many liberals soft-pedal their love of big government. They avoid using the s-word, of course, but they go further, using hard cases to justify policies that shift power away from the people and toward the government.",
          "I think there’s a socialistic impulse, which I hear every day, in every kind of community, that they would like things to be planned in accordance to their needs."
        ]
      }
    ],
    "null": [],
    "clueweb22-en0029-05-12553": [
      {
        "point_number": 1,
        "point_content": "The government wants to control its population as it is easier to operate when the masses are subdued and there is no chance of resistance.",
        "spans": [
          "The government wants to control its population as it is easier to operate when the masses are subdued and there is no chance of resistance."
        ]
      },
      {
        "point_number": 2,
        "point_content": "With the advent of the electricity and the television and the radio, it is easier to control the entire population now.",
        "spans": [
          "with the advent of the electricity and the television and the radio, it is easier to control the entire population now."
        ]
      },
      {
        "point_number": 3,
        "point_content": "Governments all around the world have been lying to us for their sinister agendas.",
        "spans": [
          "From the start of the world wars to today, governments all around the world have been lying to us for their sinister agendas."
        ]
      },
      {
        "point_number": 4,
        "point_content": "The government wants to control our thoughts and actions and make us think in a certain way, all because they don’t want a revolution.",
        "spans": [
          "The government wants to control our thoughts and actions and make us think in a certain way, all because they don’t want a revolution."
        ]
      },
      {
        "point_number": 5,
        "point_content": "Governments also routinely carry out false flag terrorist attacks to scare the general population, as fear is a great motivator of control.",
        "spans": [
          "Governments also routinely carry out false flag terrorist attacks to scare the general population, as fear is a great motivator of control."
        ]
      },
      {
        "point_number": 6,
        "point_content": "They scare us into giving up our freedoms and to live in fear.",
        "spans": [
          "They scare us into giving up our freedoms and to live in fear."
        ]
      },
      {
        "point_number": 7,
        "point_content": "With the advent of social media, lies can be spread like wildfire and propaganda can be spread to all corners of the global with the click of a button.",
        "spans": [
          "With the advent of social media, lies can be spread like wildfire and propaganda can be spread to all corners of the global with the click of a button."
        ]
      },
      {
        "point_number": 8,
        "point_content": "Our governments don’t represent our best interest, they only serve the elites who fund them.",
        "spans": [
          "Our governments don’t represent our best interest, they only serve the elites who fund them."
        ]
      },
      {
        "point_number": 9,
        "point_content": "When you turn on the TV, you are being brainwashed by the media and the government.",
        "spans": [
          "When you turn on the TV, you are being brainwashed by the media and the government."
        ]
      }
    ]
  }
}