{
  "question": "how governments control people",
  "key_points": [
    {
      "point_number": 1,
      "point_content": "The government controls people through fear and intimidation by eliminating dissenters, using tools like the mechanical hound to detect differences, and carrying out false flag terrorist attacks to instill fear and prevent revolution.",
      "original_point_number": [
        1,
        2,
        31,
        32,
        30
      ]
    },
    {
      "point_number": 2,
      "point_content": "The government controls information by burning books and magazines, enforcing censorship, rewriting information, forcing disclaimers on websites opposing mainstream views, and using media to brainwash the population.",
      "original_point_number": [
        3,
        5,
        11,
        35
      ]
    },
    {
      "point_number": 3,
      "point_content": "The government maintains control by circulating ideologies, slogans, propaganda, and using religious institutions to enforce ideologies and control beliefs and behaviors.",
      "original_point_number": [
        13,
        14
      ]
    },
    {
      "point_number": 4,
      "point_content": "The government enforces control through laws and regulations, including fining and jailing people for minor offenses, restricting traditional activities without licenses, and increasing regulations that hinder entrepreneurship.",
      "original_point_number": [
        6,
        7,
        20
      ]
    },
    {
      "point_number": 5,
      "point_content": "The government exerts control over food by allowing harmful corporate mergers that concentrate control over the food supply and increasing control through broad legislation like the Food Safety Modernization Act (S. 510).",
      "original_point_number": [
        8,
        16
      ]
    },
    {
      "point_number": 6,
      "point_content": "The government controls health care by mandating participation in regulated health insurance and restricting doctors' treatment options.",
      "original_point_number": [
        18
      ]
    },
    {
      "point_number": 7,
      "point_content": "The government controls money by increasing and inventing taxes, draining citizens through multiple levels of government.",
      "original_point_number": [
        19
      ]
    },
    {
      "point_number": 8,
      "point_content": "The government controls the environment by using the green movement to track and fine citizens for trash and recycling.",
      "original_point_number": [
        21
      ]
    },
    {
      "point_number": 9,
      "point_content": "The government creates dependency through welfare programs, reducing individual independence and increasing control.",
      "original_point_number": [
        22
      ]
    },
    {
      "point_number": 10,
      "point_content": "The government restricts patriotism and freedom of expression, such as banning the American flag or national anthem in schools.",
      "original_point_number": [
        23
      ]
    },
    {
      "point_number": 11,
      "point_content": "Mr. de Blasio and socialists support increasing government control over people's lives, including control over buildings, living conditions, and shifting power away from the people toward planned government control according to people's needs.",
      "original_point_number": [
        24,
        25,
        26
      ]
    },
    {
      "point_number": 12,
      "point_content": "Governments in dystopian literature and in reality maintain control through oppressive societal control, controlling beliefs and perceptions of reality, and creating the illusion of a perfect society.",
      "original_point_number": [
        9,
        10
      ]
    },
    {
      "point_number": 13,
      "point_content": "Ignorance under government control can be both a form of freedom and a form of slavery.",
      "original_point_number": [
        12
      ]
    },
    {
      "point_number": 14,
      "point_content": "The government attempts full spectrum dominance over lives by watching, tracking, and controlling people, including invasive security measures in air travel like full body scanners and enhanced pat-downs.",
      "original_point_number": [
        15,
        17
      ]
    },
    {
      "point_number": 15,
      "point_content": "Governments worldwide have been lying to the public for sinister agendas, serving elites who fund them, and with the advent of electricity, television, radio, and social media, it is easier to control and spread propaganda to the entire population.",
      "original_point_number": [
        28,
        29,
        33,
        34
      ]
    }
  ]
}