{
  "question": "how ableism effects men in dating",
  "key_points": {
    "null": [],
    "clueweb22-en0005-75-01529": [
      {
        "point_number": 1,
        "point_content": "Men are often taught to be stoic and showing emotional weakness or vulnerability is seen as a failure to their title of a man.",
        "spans": [
          "men are often taught to be stoic",
          "If you show any emotional weakness or vulnerability, that’s a failure to your title of a man"
        ]
      },
      {
        "point_number": 2,
        "point_content": "The pressure to stifle emotions and avoid contact with other men can cause men to become hostile and self-destructive, even avoiding medical care or relying on drugs or violence to cope.",
        "spans": [
          "the pressure to stifle their emotions and avoid contact with other men can cause men to become hostile and self-destructive, even avoiding medical care or relying on drugs or violence to cope"
        ]
      },
      {
        "point_number": 3,
        "point_content": "Cuddling groups are becoming more popular for people with disabilities who may not receive much physical comfort or intimacy as a result of fear and ableism.",
        "spans": [
          "cuddling groups are becoming more popular across the U.S., including for women and people with disabilities who may not receive much physical comfort or intimacy as a result of fear and ableism"
        ]
      }
    ],
    "clueweb22-en0024-91-09551": [
      {
        "point_number": 1,
        "point_content": "Patriarchy enforces rigid gender roles that negatively impact men's emotional expression and relationships.",
        "spans": [
          "We all live under patriarchy, which is a rigid dichotomy of gender roles. And we all know what the dichotomy is. Traditionally, men are supposed to be strong and feel independent, unemotional, logical and confident. Women are supposed to be expressive, nurturant, weak and dependent."
        ]
      },
      {
        "point_number": 2,
        "point_content": "The essence of masculinity under patriarchy involves contempt for the feminine, which affects men's behavior and relationships.",
        "spans": [
          "What I’ve seen is that the essence of masculinity is contempt for the feminine. Misogyny and masculinity are flip sides of the same coin. What it means to be a “man” today is to NOT be a girl. Not be feminine. The contempt for the feminine is part of the patriarchal culture."
        ]
      },
      {
        "point_number": 3,
        "point_content": "Men need to develop 'remedial empathy' to understand how their words and actions affect women, especially in dating and relationships.",
        "spans": [
          "When I counsel men, I advise them that before you speak to a woman, stop and think about what it's going feel like to them. I call that “remedial empathy.” Stop and think about what this is going to feel like and ask yourself, “I this respectful or is it disrespectful?” If you're not clear, ask."
        ]
      },
      {
        "point_number": 4,
        "point_content": "Patriarchy creates a power imbalance that complicates consensual relationships, which is important in understanding dating dynamics.",
        "spans": [
          "If there is a clear power imbalance between the two where one stands to lose or gain based on the good will of the other, then you really cannot talk about a consensual relationship."
        ]
      },
      {
        "point_number": 5,
        "point_content": "Men can be whole by embracing both strength and vulnerability, which can improve their dating and relationship experiences.",
        "spans": [
          "I want men and boys to be strong and big-hearted and vulnerable and sensitive and confident and aware and heartfelt all at the same time. What we need are whole people."
        ]
      }
    ],
    "clueweb22-en0033-35-10737": [
      {
        "point_number": 1,
        "point_content": "People with disabilities are often not taken seriously or treated as equals to “normal” people.",
        "spans": [
          "People with disabilities are often not taken seriously or treated as equals to “normal” people."
        ]
      },
      {
        "point_number": 2,
        "point_content": "There is a divide between disabled and non-disabled people, often due to subconscious bias.",
        "spans": [
          "While it is usually a subconscious bias, it is obvious there is a divide between disabled and non-disabled people."
        ]
      },
      {
        "point_number": 3,
        "point_content": "The media propagates a narrative that people with disabilities are to be pitied or inspirational rather than just normal human beings.",
        "spans": [
          "The media continues to propagate a narrative that people with disabilities are to be pitied or inspirational rather than just normal human beings."
        ]
      },
      {
        "point_number": 4,
        "point_content": "Ableism is defeated by actually talking to people with disabilities and realizing they are people first.",
        "spans": [
          "Ableism is defeated by actually talking to people with disabilities and realizing they are people first."
        ]
      }
    ]
  }
}