{
  "question": "how ableism effects men in dating",
  "key_points": [
    {
      "point_number": 1,
      "point_content": "Men are often taught to be stoic and showing emotional weakness or vulnerability is seen as a failure to their title of a man, with patriarchy enforcing rigid gender roles that negatively impact men's emotional expression and relationships, including an essence of masculinity involving contempt for the feminine which affects men's behavior and relationships.",
      "original_point_number": [
        1,
        4,
        5
      ]
    },
    {
      "point_number": 2,
      "point_content": "The pressure to stifle emotions and avoid contact with other men can cause men to become hostile and self-destructive, even avoiding medical care or relying on drugs or violence to cope.",
      "original_point_number": [
        2
      ]
    },
    {
      "point_number": 3,
      "point_content": "Men need to develop 'remedial empathy' to understand how their words and actions affect women, especially in dating and relationships, as patriarchy creates a power imbalance that complicates consensual relationships, which is important in understanding dating dynamics.",
      "original_point_number": [
        6,
        7
      ]
    },
    {
      "point_number": 4,
      "point_content": "Men can be whole by embracing both strength and vulnerability, which can improve their dating and relationship experiences.",
      "original_point_number": [
        8
      ]
    },
    {
      "point_number": 5,
      "point_content": "Cuddling groups are becoming more popular for people with disabilities who may not receive much physical comfort or intimacy as a result of fear and ableism, with people with disabilities often not taken seriously or treated as equals to “normal” people, and there is a divide between disabled and non-disabled people, often due to subconscious bias.",
      "original_point_number": [
        3,
        9,
        10
      ]
    },
    {
      "point_number": 6,
      "point_content": "The media propagates a narrative that people with disabilities are to be pitied or inspirational rather than just normal human beings, and ableism is defeated by actually talking to people with disabilities and realizing they are people first.",
      "original_point_number": [
        11,
        12
      ]
    }
  ]
}