{
  "question": "how can the concept of happiness impact biological factors and health across different cultures?",
  "key_points": [
    {
      "point_number": 1,
      "point_content": "The relationship between different cultures and happiness is complex and varies greatly across countries, influenced by cultural, social, and environmental factors including beliefs, socialization, and cultural practices.",
      "original_point_number": [
        1,
        14,
        20,
        35
      ]
    },
    {
      "point_number": 2,
      "point_content": "In some cultures, such as Chinese culture, happiness is not necessarily a desirable state and may be associated with events like funerals or defined as 'having a good death', contrasting with Western views where happiness is actively pursued.",
      "original_point_number": [
        2,
        9,
        10
      ]
    },
    {
      "point_number": 3,
      "point_content": "Western societies often link happiness to income, wealth, freedom, and personal achievement, whereas Eastern cultures associate happiness more with personal relationships, social harmony, good luck, moderation, and factors beyond material possessions.",
      "original_point_number": [
        3,
        5,
        11
      ]
    },
    {
      "point_number": 4,
      "point_content": "Family ties, social roles, and strong human connections are top priorities for happiness globally, with social support, healthy life expectancy, freedom, trust, and generosity being common building blocks aside from income.",
      "original_point_number": [
        6,
        7,
        21
      ]
    },
    {
      "point_number": 5,
      "point_content": "Cultural differences influence how happiness is experienced and expressed, with Westerners preferring high-arousal positive emotions and East Asians preferring low-arousal positive emotions, reflecting differing emotional regulation and well-being.",
      "original_point_number": [
        13,
        16,
        17
      ]
    },
    {
      "point_number": 6,
      "point_content": "Beliefs about social obligations, approval from others, and dialectical beliefs associating happiness with potential negative outcomes affect emotional experience, decision-making, and well-being across cultures.",
      "original_point_number": [
        18,
        19
      ]
    },
    {
      "point_number": 7,
      "point_content": "Definitions and understandings of happiness vary across cultures, with some equating it to good fortune and external conditions, others to internally derived positive emotions, and in Asian cultures, happiness is conceptualized within harmony and social engagement balancing positive and negative emotions.",
      "original_point_number": [
        8,
        22,
        23,
        24
      ]
    },
    {
      "point_number": 8,
      "point_content": "The concept of peace of mind in Asian cultures reflects an internal state of harmony and balance, feeling that various life aspects are well managed and under control.",
      "original_point_number": [
        25
      ]
    },
    {
      "point_number": 9,
      "point_content": "Well-being is a core human goal related to happiness, meaning in life, and mental health, studied from subjective and psychological perspectives, and influenced by cultural, social, and environmental factors.",
      "original_point_number": [
        26,
        35
      ]
    },
    {
      "point_number": 10,
      "point_content": "Happiness is linked to various health benefits including lower heart rate and blood pressure, healthier heart rate variability, stronger immune system, reduced stress hormone cortisol, protection against disease and disability, and longer lifespan.",
      "original_point_number": [
        27,
        28,
        29,
        30,
        31,
        32
      ]
    },
    {
      "point_number": 11,
      "point_content": "Happiness is a subjective experience measurable by positive emotions, absence of negative emotions, and life satisfaction, and can be assessed by models like the Four Qualities of Life which consider biological and social factors across cultures.",
      "original_point_number": [
        33,
        34
      ]
    },
    {
      "point_number": 12,
      "point_content": "The human brain is wired for happiness and positive social connections, influencing biological factors such as stress hormones and cardiovascular response, and this wiring can be trained and influenced by cultural practices.",
      "original_point_number": [
        37
      ]
    },
    {
      "point_number": 13,
      "point_content": "Happiness lowers risk for cardiovascular disease, blood pressure, improves sleep, diet, body weight maintenance, and reduces stress, with optimism and vitality critical to well-being, linked to satisfaction with job, relationships, and self-care.",
      "original_point_number": [
        38,
        39
      ]
    },
    {
      "point_number": 14,
      "point_content": "Happiness encompasses multiple constructs including affective, eudaimonic, and evaluative well-being, each with different biological correlates and health implications.",
      "original_point_number": [
        40
      ]
    },
    {
      "point_number": 15,
      "point_content": "Associations between happiness and mortality have been observed across various countries and cultures including the US, Canada, Europe, and Pacific Asian countries like Japan, South Korea, and Taiwan.",
      "original_point_number": [
        41
      ]
    },
    {
      "point_number": 16,
      "point_content": "Mechanisms linking happiness with health include lifestyle factors such as physical activity and diet, and biological processes involving neuroendocrine, inflammatory, and metabolic pathways.",
      "original_point_number": [
        42
      ]
    },
    {
      "point_number": 17,
      "point_content": "Physical activity is positively associated with happiness and mediates the relationship between happiness and mortality.",
      "original_point_number": [
        43
      ]
    },
    {
      "point_number": 18,
      "point_content": "Biological correlates of happiness include lower cortisol levels, lower inflammation markers, and favorable metabolic parameters, which may impact health outcomes, with cultural differences affecting relationships between positive affect and biological markers like HDL cholesterol.",
      "original_point_number": [
        44,
        45
      ]
    },
    {
      "point_number": 19,
      "point_content": "Happiness interventions have potential to improve behavioral and biological processes relevant to health, but sustained improvements in subjective well-being and direct impact on physical health outcomes have yet to be demonstrated.",
      "original_point_number": [
        46
      ]
    }
  ]
}