{
  "question": "how can the concept of happiness impact biological factors and health across different cultures?",
  "key_points": {
    "clueweb22-en0029-15-10301": [
      {
        "point_number": 1,
        "point_content": "The relationship between different cultures and happiness is far from simple and can vary enormously from country to country.",
        "spans": [
          "the relationship between different cultures and happiness is far from simple and can vary enormously from country to country"
        ]
      },
      {
        "point_number": 2,
        "point_content": "In some parts of the world happiness is not necessarily a desirable state, such as in Chinese culture where funerals are a happy occasion.",
        "spans": [
          "in some parts of the world happiness is not necessarily a desirable state",
          "in Chinese culture, funerals are a happy occasion"
        ]
      },
      {
        "point_number": 3,
        "point_content": "In Western societies, income and wealth are often considered important factors when it comes to achieving happiness, but in Eastern countries happiness is closely associated with factors other than income and material possessions, such as personal relationships.",
        "spans": [
          "In Western societies, income and wealth are often considered important factors when it comes to achieving happiness",
          "in Eastern countries poor people are actually happier, possibly because in those cultures happiness is closely associated with factors other than income and material possessions, such as personal relationships"
        ]
      },
      {
        "point_number": 4,
        "point_content": "Happiness levels seem to decline as developing countries become wealthier, as is the case in India.",
        "spans": [
          "happiness levels seem to decline as developing countries become wealthier, as is the case in India"
        ]
      },
      {
        "point_number": 5,
        "point_content": "In the USA, freedom and personal achievement are strong factors in the construction of happiness, whereas in Japan, the concept is linked to good luck, moderation and social harmony.",
        "spans": [
          "In the USA, freedom and personal achievement are strong factors in the construction of happiness",
          "in Japan, the concept is linked to good luck, moderation and social harmony"
        ]
      },
      {
        "point_number": 6,
        "point_content": "Family ties and social roles are top priorities for happiness in different cultures, and strong human connections and interpersonal relationships are important globally.",
        "spans": [
          "family ties and social roles are top priorities for happiness in different cultures",
          "Strong human connections and interpersonal relationships are important in places like Switzerland, Iceland and Australia, just as much as they are in East Asian countries or in Latin America"
        ]
      },
      {
        "point_number": 7,
        "point_content": "The five most common building blocks of happiness (aside from income) are having social support, a healthy life expectancy, freedom and being surrounded by an environment of trust and generosity.",
        "spans": [
          "the five most common “building blocks” (aside from income) are having social support, a healthy life expectancy, freedom and being surrounded by an environment of trust and generosity"
        ]
      },
      {
        "point_number": 8,
        "point_content": "Words like ‘happiness’ and ‘happy’ carry different connotations in Eastern and Western cultures and can't always be directly translated, reflecting different experiences of happiness.",
        "spans": [
          "Words like ‘happiness’ and ‘happy’ carry different connotations in Eastern and Western cultures and can't always be directly translated"
        ]
      },
      {
        "point_number": 9,
        "point_content": "In Mandarin, happiness is also defined as “having a good death”, which contrasts with English-speaking cultures.",
        "spans": [
          "in Mandarin, happiness is also defined as “having a good death”"
        ]
      },
      {
        "point_number": 10,
        "point_content": "People in Eastern cultures like China, Japan and Taiwan don't strive for happiness and may be averse to the idea because they believe they'll be faced with misfortune if they do so.",
        "spans": [
          "people in Eastern cultures like China, Japan and Taiwan don't strive for happiness",
          "they may actually be averse to the idea because they believe they'll be faced with misfortune if they do so"
        ]
      },
      {
        "point_number": 11,
        "point_content": "In some cultures, happiness is associated with luck or chance, so people may see no reason to actively pursue it as a goal, unlike in the US where it's seen as a human right worth pursuing.",
        "spans": [
          "In other cultures, happiness is associated with luck or chance, so people may see no reason to actively pursue it as a goal",
          "this is the case in Russia, Germany, France and Norway",
          "perceptions differ from the US concept of happiness, where it's seen as a human right worth pursuing"
        ]
      },
      {
        "point_number": 12,
        "point_content": "Pursuing individual happiness may cause conflict with other values, like preserving social harmony, so it's less important to chase it in some cultures.",
        "spans": [
          "pursuing individual happiness may cause conflict with other values, like preserving social harmony, so it's less important to chase it"
        ]
      }
    ],
    "null": [],
    "clueweb22-en0036-50-10692": [
      {
        "point_number": 1,
        "point_content": "Culture influences how we seek happiness and regulate our emotions, with Westerners preferring high-arousal positive emotions and East Asians preferring low-arousal positive emotions.",
        "spans": [
          "culture influences how we seek happiness and regulate our emotions: European Americans typically want to feel peppy emotions like excitement and cheerfulness, while Hong Kong Chinese prefer calmer states like peace and serenity"
        ]
      },
      {
        "point_number": 2,
        "point_content": "The concept of happiness varies across cultures, affecting how well-being is measured and understood.",
        "spans": [
          "If we’re going to define happiness in terms of excitement and being cheerful and being merry and joyful, then Westerners are going to report higher levels of these kinds of emotions, and Easterners may tend not to.",
          "If we’re not sensitive to some of these differences, we might come to a skewed understanding of the well-being of East Asians—that they’re just not happy. But, actually, maybe it’s not that they’re not happy; it’s the way we’re assessing their well-being."
        ]
      },
      {
        "point_number": 3,
        "point_content": "Cultural differences affect the design of interventions to promote well-being, such as the emphasis on self-esteem in Western cultures versus skepticism in East Asian cultures.",
        "spans": [
          "In the ‘90s or so, there was this movement in California to cultivate self-esteem and make every student feel like they’re special. But we wouldn’t be able to borrow that approach wholesale in an East Asian culture. How much a culture is willing to emphasize self-esteem varies; I think there would be more skepticism in East Asian cultures to this idea of just making students feel good and special for its own sake."
        ]
      },
      {
        "point_number": 4,
        "point_content": "Collectivist cultures focus more on social roles and relationships, influencing emotional expression and well-being.",
        "spans": [
          "A lot of Asian cultures tend to be more collectivistic, and your attention is more often going to be placed on a social situation. It’s going to be focused on the people around you. The way you behave is influenced by your social roles, and your social roles are different depending on who you’re with."
        ]
      },
      {
        "point_number": 5,
        "point_content": "In collectivist cultures, calm and peaceful emotions are preferred to maintain social harmony, impacting happiness expression.",
        "spans": [
          "if it’s important for you to pay attention to the social situation so that you can figure out how to accommodate and not risk offending anybody, then being too enthusiastic and too excited may not be that good of a strategy. It might be more helpful to be calm and peaceful and relaxed so you can notice how other people are reacting, how they’re feeling"
        ]
      },
      {
        "point_number": 6,
        "point_content": "Beliefs about social obligations and approval from others influence well-being and differ across cultures.",
        "spans": [
          "our beliefs about our obligations to people and our responsibilities to others influence our well-being. If you feel like your self-worth is contingent on approval from other people, that is something that affects well-being, and that may account for cultural differences in well-being."
        ]
      },
      {
        "point_number": 7,
        "point_content": "Dialectical beliefs in some cultures associate happiness with potential negative outcomes, affecting emotional experience and decision-making.",
        "spans": [
          "Japanese students are more likely to believe that bad things can happen if you’re too happy.",
          "European American students and Asian students who did well all felt really happy. The next day, European American students were still pretty happy, but, for the Asian American students, their levels of happiness decreased much more—and it was tied into this idea that if you’re too happy, bad things can happen."
        ]
      },
      {
        "point_number": 8,
        "point_content": "Cultural differences in well-being are complex and influenced by multiple factors including beliefs, socialization, and cultural practices.",
        "spans": [
          "It’s complex. A culture is a whole system of beliefs and attitudes and practices. We have different studies showing how particular ideas, particular beliefs, and particular socialization practices can influence well-being—but, most likely, it’s not any single one thing."
        ]
      },
      {
        "point_number": 9,
        "point_content": "Similarities across cultures include the importance of income and social relationships for well-being.",
        "spans": [
          "income matters. Economic wealth matters across cultures. In every culture, wealthier people generally are happier than less wealthy people.",
          "happy people also tend to have good relationships. They have social support. Generally, the happiest people are the ones that have people that they can turn to in times of need."
        ]
      }
    ],
    "clueweb22-en0043-19-03978": [
      {
        "point_number": 1,
        "point_content": "Individuals' understanding of happiness is a central mechanism in how they will behave to achieve such happiness and by the effect on well-being.",
        "spans": [
          "individuals' understanding of happiness is a central mechanism in how they will behave to achieve such happiness and by the effect on well-being"
        ]
      },
      {
        "point_number": 2,
        "point_content": "Definitions of happiness vary across cultures, with some equating happiness with good fortune and external conditions, and others defining it as internally derived positive emotions.",
        "spans": [
          "while some cultures equated happiness with good fortune and external conditions, others defined it as internally derived positive emotions"
        ]
      },
      {
        "point_number": 3,
        "point_content": "In Asian cultures, happiness is conceptualized within the context of harmony and social engagement to achieve a balance between positive and negative emotions.",
        "spans": [
          "happiness in Asian cultures is conceptualized within the context of harmony and social engagement to achieve a balance between positive and negative emotions"
        ]
      },
      {
        "point_number": 4,
        "point_content": "The concept of peace of mind in Asian cultures reflects an internal state of harmony and feeling that varied aspects of life are well managed, in balance and under control.",
        "spans": [
          "In Asian cultures, the concept of peace of mind reflects an internal state of harmony and feeling that varied aspects of life are well managed, in balance and under control"
        ]
      },
      {
        "point_number": 5,
        "point_content": "Well-being is a core human goal and is related to happiness, meaning in life, and mental health, studied from subjective and psychological perspectives.",
        "spans": [
          "well-being also emerged as a field of research related to the study of happiness, meaning in life and mental health"
        ]
      }
    ],
    "clueweb22-en0034-77-08090": [
      {
        "point_number": 1,
        "point_content": "Happiness is linked to lower heart rate and blood pressure, as well as healthier heart rate variability.",
        "spans": [
          "Happiness is linked to lower heart rate and blood pressure, as well as healthier heart rate variability."
        ]
      },
      {
        "point_number": 2,
        "point_content": "Happiness can act as a barrier between you and germs – happier people are less likely to get sick.",
        "spans": [
          "Happiness can also act as a barrier between you and germs – happier people are less likely to get sick."
        ]
      },
      {
        "point_number": 3,
        "point_content": "People who are happier enjoy greater protection against stress and release less of the stress hormone cortisol.",
        "spans": [
          "People who are happier enjoy greater protection against stress and release less of the stress hormone cortisol."
        ]
      },
      {
        "point_number": 4,
        "point_content": "Happiness acts as a protective factor against disease and disability.",
        "spans": [
          "Happiness acts as a protective factor against disease and disability (in general, of course)."
        ]
      },
      {
        "point_number": 5,
        "point_content": "Those who are happiest tend to live significantly longer than those who are not.",
        "spans": [
          "Those who are happiest tend to live significantly longer than those who are not."
        ]
      },
      {
        "point_number": 6,
        "point_content": "Happiness boosts our immune system, which can help us fight and fend off the common cold.",
        "spans": [
          "Happiness boosts our immune system, which can help us fight and fend off the common cold."
        ]
      },
      {
        "point_number": 7,
        "point_content": "Happiness is a subjective experience and can be measured by the presence of positive emotions, absence of negative emotions, and life satisfaction.",
        "spans": [
          "Happiness can be measured by these three factors: the presence of positive emotions, the absence of negative emotions, and life satisfaction (Ryan et al., 2001)."
        ]
      },
      {
        "point_number": 8,
        "point_content": "The Four Qualities of Life model by Ruut Veenhoven can assess happiness in various dimensions including liveability of environment, life-ability of individuals, and utility of life, which relate to biological and social factors across cultures.",
        "spans": [
          "Four Qualities of Life: A South African Happiness Case Study",
          "Another measurement of happiness was developed by Ruut Veenhoven. He constructed the model of Four Qualities of Life which positions and describes the construct of happiness in various dimensions (Veenhoven, 2010)."
        ]
      },
      {
        "point_number": 9,
        "point_content": "Happiness is influenced by cultural, social, and environmental factors, as seen in the South African case study where political, social, and historical contexts impact happiness.",
        "spans": [
          "In South Africa, the race divide is widening as it is being used as a political motivator to wield power to the detriment of the average individual. Violent crime, intolerance, and poverty also threaten the presence of love and compassion for each other.",
          "South Africa has come through a very unsettled and violent history of imperialism and apartheid. In both accounts, a minority population was ‘protected’ and experienced a ‘good life,’ whilst the oppression of the majority fuelled that good life."
        ]
      },
      {
        "point_number": 10,
        "point_content": "The global pursuit of happiness includes initiatives like Bhutan's Gross National Happiness and the United Nations' World Happiness Report, reflecting cultural differences in valuing happiness over economic growth.",
        "spans": [
          "In 1972, Bhutan chose to pursue a policy of happiness rather than a focus on economic growth tracked via their gross domestic product (GDPP). Subsequently, this little nation has been among the happiest, ranking amongst nations with far superior wealth (Kelly, 2012).",
          "The United Nations inviting nations to take part in a happiness survey, resulting in the “ World Happiness Report ,” a basis from which to steer public policy."
        ]
      },
      {
        "point_number": 11,
        "point_content": "The human brain is wired for happiness and positive connections with others, which can influence biological factors like stress hormones and cardiovascular response, and this wiring can be trained and influenced by cultural practices.",
        "spans": [
          "The human brain is wired for happiness and positive connections with others. It is actually possible to experience and learn happiness despite what has been genetically hardwired.",
          "Our brains also regulate chemicals like oxytocin.",
          "These behaviors reduce stress which lowers production of hormones like cortisol and inhibits the cardiovascular response to stress (Kosfeld, Heinrichs, Zak, Fischbacher, & Fehr, 2005)."
        ]
      }
    ],
    "clueweb22-en0002-34-03625": [
      {
        "point_number": 1,
        "point_content": "Happiness lowers your risk for cardiovascular disease, lowers your blood pressure, enables better sleep, improves your diet, allows you to maintain a normal body weight through regular exercise and reduces stress.",
        "spans": [
          "Happiness lowers your risk for cardiovascular disease, lowers your blood pressure, enables better sleep, improves your diet, allows you to maintain a normal body weight through regular exercise and reduces stress."
        ]
      },
      {
        "point_number": 2,
        "point_content": "Optimism and vitality are critical to a person’s well-being and happiness is closely tied to being happy with your job, your closest relationships and taking care of yourself physically and emotionally.",
        "spans": [
          "Optimism and vitality are critical to a person’s well-being.",
          "happiness is closely tied to being happy with your job, your closest relationships and taking care of yourself physically and emotionally."
        ]
      }
    ],
    "clueweb22-en0003-23-17383": [
      {
        "point_number": 1,
        "point_content": "Happiness encompasses several constructs, including affective well-being, eudaimonic well-being, and evaluative well-being, which may have different biological correlates and implications for health.",
        "spans": [
          "Happiness encompasses several constructs, including affective well-being (feelings of joy and pleasure), eudaimonic well-being (sense of meaning and purpose in life), and evaluative well-being (life satisfaction).",
          "there are potentially important differences in the biological correlates of the three dimensions of subjective well-being, and implications for intervention may also differ."
        ]
      },
      {
        "point_number": 2,
        "point_content": "Associations between happiness and mortality have been observed across different countries and cultures, including the United States, Canada, Europe, and Pacific Asian countries such as Japan, South Korea, and Taiwan.",
        "spans": [
          "Associations have been reported both in men and women and in samples recruited in the United States and Canada, in several countries in Europe, and in Pacific Asian countries, including Japan, South Korea, and Taiwan"
        ]
      },
      {
        "point_number": 3,
        "point_content": "The mechanisms linking happiness with health include lifestyle factors such as physical activity and dietary choice, and biological processes involving neuroendocrine, inflammatory, and metabolic pathways.",
        "spans": [
          "The mechanisms potentially linking happiness with health include lifestyle factors, such as physical activity and dietary choice, and biological processes, involving neuroendocrine, inflammatory, and metabolic pathways."
        ]
      },
      {
        "point_number": 4,
        "point_content": "Physical activity is positively associated with happiness and mediates the relationship between happiness and mortality.",
        "spans": [
          "The behavior that has been studied most extensively in this context is physical activity.",
          "Evidence also shows that physical activity mediates, in part, the association between positive affect and survival.",
          "Positive affect was also associated with physical activity, and when activity was entered into the statistical models, the relationship between well-being and mortality was no longer significant."
        ]
      },
      {
        "point_number": 5,
        "point_content": "Biological correlates of happiness include lower cortisol levels, lower inflammation markers, and favorable metabolic parameters, which may impact health outcomes.",
        "spans": [
          "The most consistent evidence relates affective well-being with cortisol output, showing lower cortisol levels and steeper salivary decline over the day [a marker of reduced disease vulnerability (2 )] in people reporting greater well-being.",
          "Evidence relating happiness with lower inflammation has been less consistent.",
          "there do, however, appear to be associations between different aspects of subjective well-being and metabolic parameters such as plasma cholesterol and glycated hemoglobin after controlling for a range of covariates, including adiposity and distress"
        ]
      },
      {
        "point_number": 6,
        "point_content": "Cultural differences affect the relationship between positive affect and biological markers such as HDL cholesterol.",
        "spans": [
          "HDL positively ∝ PA in US but not Japanese sample"
        ]
      },
      {
        "point_number": 7,
        "point_content": "Happiness interventions have shown potential to improve behavioral and biological processes relevant to health, but sustained improvements in subjective well-being and direct impact on physical health outcomes have yet to be demonstrated.",
        "spans": [
          "No happiness interventions have yet been shown to prevent illness onset or improve prognosis in people with existing physical illness in a scientifically robust study, but this field is relatively new.",
          "Some evidence has indicated that happiness interventions can have an effect on behavioral and biological processes relevant to health."
        ]
      }
    ]
  }
}