{
  "question": "is media bias fact check credible",
  "key_points": [
    {
      "point_number": 1,
      "point_content": "Media Bias Fact Check (MBFC) initially published a review of Just Facts containing demonstrable falsehoods and simplistic critiques, which Just Facts criticized as misleading, leading to a re-review and revision by MBFC; despite revisions, Just Facts maintains MBFC cannot be taken seriously due to ongoing inaccuracies and illogical arguments.",
      "original_point_number": [
        1,
        5,
        6
      ]
    },
    {
      "point_number": 2,
      "point_content": "Media Bias Fact Check declared PolitiFact as the gold standard for political fact checking, but Just Facts documented PolitiFact's extensive record of propagating falsehoods; MBFC updated PolitiFact's rating to 'Left-Center Bias' in 2021, but the author still questions the objectivity of this rating; Van Zandt's rating of PolitiFact as 'Least-biased' is contradicted by his own poll and other sources.",
      "original_point_number": [
        2,
        9,
        11
      ]
    },
    {
      "point_number": 3,
      "point_content": "Media Bias Fact Check re-reviewed Just Facts and rated it as Least Biased with high factual reporting but noted a slight rightward bias based on story choices and ownership bias; MBFC rated Just Facts Daily as having a right-center bias with high factual reporting but noted excessive use of loaded emotional words in headlines favoring conservative causes.",
      "original_point_number": [
        3,
        4
      ]
    },
    {
      "point_number": 4,
      "point_content": "Media Bias/Fact Check is run by Dave Van Zandt, who has limited formal qualifications, admitted misrepresenting himself as a seasoned journalist, and uses a subjective rating system with a 0-10 scale in four categories that lacks objective measures.",
      "original_point_number": [
        7,
        8,
        17,
        43,
        45
      ]
    },
    {
      "point_number": 5,
      "point_content": "The author criticizes Media Bias/Fact Check's methodology as subjective and lacking objective backing data, advising caution in trusting its ratings; MBFC admits its methodology is not a tested scientific method and is subjective; it has been criticized for its methodology and accuracy; assessments are characterized as subjective, leaving room for human biases and inconsistencies.",
      "original_point_number": [
        10,
        18,
        44,
        49,
        48
      ]
    },
    {
      "point_number": 6,
      "point_content": "Media Bias Fact Check is used and recommended by various universities and fact-checking sites, publishes its methodology and research on each page, uses other well-known fact checking sites for research, is generally found to be reliable and closely mirrors other reliable fact checking sites, and has critics addressing common issues over time.",
      "original_point_number": [
        12,
        13,
        14,
        15,
        16,
        32,
        33,
        34,
        35
      ]
    },
    {
      "point_number": 7,
      "point_content": "Media Bias/Fact Check was served with a cease and desist legal notice for publishing unsubstantiated and defamatory claims against Principia Scientific International (PSI), labeling PSI as conspiracy-pseudoscience without providing specific evidence.",
      "original_point_number": [
        19,
        20
      ]
    },
    {
      "point_number": 8,
      "point_content": "Media Bias Fact Check is the most comprehensive media bias resource on the internet with over 4500 media sources and journalists listed in their database; it selects and publishes fact checks from around the world each day; categorizes sources by bias and trustworthiness including categories like Conspiracy-Pseudoscience, Right-Center Bias, Right Bias, Left Bias, Questionable Source, and Least Biased.",
      "original_point_number": [
        21,
        22,
        23
      ]
    },
    {
      "point_number": 9,
      "point_content": "FactCheck.org is a least biased credible fact-checker with very high factual reporting due to impeccable sourcing, minimal bias, and few loaded words; it is a nonprofit project of the Annenberg Public Policy Center, funded and owned by the Annenberg Foundation which receives grants from the Bill and Melinda Gates Foundation; it provides well-sourced unbiased fact-checking and is used by Media Bias Fact Check as a resource and is on their Top 10 Fact Checker list.",
      "original_point_number": [
        24,
        25,
        26,
        27,
        28
      ]
    },
    {
      "point_number": 10,
      "point_content": "Media Bias/Fact Check rates Rumble as Right Biased and Questionable with Low Credibility; Rumble promotes right-wing propaganda, conspiracy theories, false information, lacks transparency, and its video content has failed numerous fact checks.",
      "original_point_number": [
        29,
        30,
        31
      ]
    },
    {
      "point_number": 11,
      "point_content": "Media Bias/Fact Check's methodology involves a 0-10 scale rating sites for biased wording, headlines, actuality, sourcing, story choices, and political affiliation; there is a criteria for factual accuracy based on failed fact checks; the site has been used by University of Michigan researchers to create the 'Iffy Quotient' tool tracking fake news and questionable sources on social media.",
      "original_point_number": [
        43,
        45,
        46,
        47
      ]
    },
    {
      "point_number": 12,
      "point_content": "Media Bias/Fact Check is an American fact-checking website founded in 2015 by editor Dave M. Van Zandt.",
      "original_point_number": [
        42
      ]
    },
    {
      "point_number": 13,
      "point_content": "There is some degree of bias and subjectivity in Media Bias/Fact Check's rating criteria, but they recognize this and are upfront with their methodology and admitted limitations, which is a strong sign; they also list reputable fact-checkers, giving some credence to their motives.",
      "original_point_number": [
        33,
        34,
        35
      ]
    },
    {
      "point_number": 14,
      "point_content": "Some critics argue that Media Bias Fact Check is biased with a hard lean to the left, lacks transparency in their ratings, and gives low factual ratings based on unsound criteria rather than political leaning.",
      "original_point_number": [
        38,
        39,
        40,
        41
      ]
    },
    {
      "point_number": 15,
      "point_content": "Before submitting fact checks, it is advised to verify that other credible services like Politifact, Snopes, and Factcheck.org have not already fact checked the topic; it is accurate to some extent but ratings should be taken with a grain of salt and users should do their own fact checking.",
      "original_point_number": [
        36,
        37
      ]
    }
  ]
}