{
  "question": "why was the revolutionary war fought",
  "key_points": {
    "clueweb22-en0004-96-19235": [
      {
        "point_number": 1,
        "point_content": "The Revolutionary War was an insurrection by American Patriots in the 13 colonies to British rule, resulting in American independence.",
        "spans": [
          "The Revolutionary War was an insurrection by American Patriots in the 13 colonies to British rule, resulting in American independence."
        ]
      },
      {
        "point_number": 2,
        "point_content": "The war arose from growing tensions between residents of Great Britain’s 13 North American colonies and the colonial government, which represented the British crown.",
        "spans": [
          "The Revolutionary War (1775-83), also known as the American Revolution, arose from growing tensions between residents of Great Britain’s 13 North American colonies and the colonial government, which represented the British crown."
        ]
      },
      {
        "point_number": 3,
        "point_content": "Attempts by the British government to raise revenue by taxing the colonies met with heated protest among many colonists, who resented their lack of representation in Parliament and demanded the same rights as other British subjects.",
        "spans": [
          "Attempts by the British government to raise revenue by taxing the colonies (notably the Stamp Act of 1765, the Townshend Acts of 1767 and the Tea Act of 1773) met with heated protest among many colonists, who resented their lack of representation in Parliament and demanded the same rights as other British subjects."
        ]
      },
      {
        "point_number": 4,
        "point_content": "Colonial resistance led to violence in 1770, when British soldiers opened fire on a mob of colonists, killing five men in what was known as the Boston Massacre.",
        "spans": [
          "Colonial resistance led to violence in 1770, when British soldiers opened fire on a mob of colonists, killing five men in what was known as the Boston Massacre."
        ]
      },
      {
        "point_number": 5,
        "point_content": "After December 1773, Bostonians dumped 342 chests of tea into Boston Harbor during the Boston Tea Party, leading to Parliament passing the Intolerable Acts to reassert imperial authority.",
        "spans": [
          "After December 1773, when a band of Bostonians altered their appearance to hide their identity boarded British ships and dumped 342 chests of tea into Boston Harbor during the Boston Tea Party, an outraged Parliament passed a series of measures (known as the Intolerable, or Coercive Acts) designed to reassert imperial authority in Massachusetts."
        ]
      },
      {
        "point_number": 6,
        "point_content": "The First Continental Congress met in 1774 to give voice to grievances against the British crown, denouncing taxation without representation and the maintenance of the British army in the colonies without consent.",
        "spans": [
          "In response, a group of colonial delegates (including George Washington of Virginia, John and Samuel Adams of Massachusetts, Patrick Henry of Virginia and John Jay of New York) met in Philadelphia in September 1774 to give voice to their grievances against the British crown. This First Continental Congress did not go so far as to demand independence from Britain, but it denounced taxation without representation, as well as the maintenance of the British army in the colonies without their consent."
        ]
      },
      {
        "point_number": 7,
        "point_content": "The Battles of Lexington and Concord in April 1775 marked the start of the Revolutionary War.",
        "spans": [
          "On April 19, local militiamen clashed with British soldiers in the Battles of Lexington and Concord in Massachusetts, marking the “shot heard round the world” that signified the start of the Revolutionary War."
        ]
      }
    ],
    "clueweb22-en0011-89-18069": [
      {
        "point_number": 1,
        "point_content": "The colonists wanted to achieve independence and have their own government.",
        "spans": [
          "The British Empire was very far from America and the people living in the United States at that time wanted to have their own government.",
          "The first answer to the question, why did the Revolutionary War start is because of the colonists wanting to achieve independence."
        ]
      },
      {
        "point_number": 2,
        "point_content": "The British Empire imposed high taxes on the American colonists to pay off debts from a war with the French, which angered the colonists.",
        "spans": [
          "Another answer to the question, why did the Revolutionary War start is because of the debts that the British Empire got after they fought a big war between the French.",
          "They tried to pay their debts by imposing high taxes on the American colonists and with this the colonist got angry.",
          "The British put high taxes on products like paper and sugar."
        ]
      },
      {
        "point_number": 3,
        "point_content": "Events in Boston such as the Boston Tea Party and the Boston Massacre escalated tensions leading to the war.",
        "spans": [
          "The First event was the Boston Tea Party.",
          "The British rulers submitted a rule that colonists may only buy tea from the East India Company.",
          "The angry colonists retaliated by destroying the ship that had the tea.",
          "Then they threw all the crates that had the tea into the sea.",
          "The second event was the massacre that happened in Boston.",
          "Some soldiers of the British Parliament killed some colonists who were not armed at all and soon after that protesters marched in Boston."
        ]
      },
      {
        "point_number": 4,
        "point_content": "The British Parliament sent more soldiers to American towns, leading to clashes with militia groups and the formation of the Continental Army.",
        "spans": [
          "The fourth answer on the question, why did the Revolutionary War start is because of the escalating tension that was created because the British Parliament sent in more soldiers to man the American towns.",
          "The British Empire soldiers also learned about militia groups collecting ammunitions in a place in Lexington.",
          "Then some soldiers were ordered to capture the militia group but they got killed instead in retaliation.",
          "The British forces retreated and then more British soldiers were sent to America.",
          "The United States colonial government soon made the Continental Army."
        ]
      }
    ],
    "null": [],
    "clueweb22-en0045-31-08971": [
      {
        "point_number": 1,
        "point_content": "The Revolutionary War was fought between Great Britain and the thirteen colonies of America for America's independence.",
        "spans": [
          "The American Revolution or Revolutionary War, was a battle fought between the years of 1775-1783. In this battle, Great Britain and the original thirteen colonies of America, fought for America’s independence."
        ]
      },
      {
        "point_number": 2,
        "point_content": "The war began because the British controlled the colonies and imposed heavy taxes and laws that upset the colonists.",
        "spans": [
          "There were a large number of reasons as to why the Revolutionary War began. First, the British were still in control of the thirteen North American colonies.  Second, they continued to place heavy taxes on the colonists and would pass laws such as the Stamp Act, the Townshend Tariffs, and the Tea Act to increase the taxes for the colonists. The colonists, of course, were very upset by this and felt that they were being treated unfair."
        ]
      },
      {
        "point_number": 3,
        "point_content": "The colonists protested against the British taxation and laws, leading to conflict between loyalists and patriots.",
        "spans": [
          "This resulted in major conflict between the British supporters, which were called “loyalists,” and the colonists that protested against the British, that were known as the “patriots.”"
        ]
      },
      {
        "point_number": 4,
        "point_content": "The Boston Massacre and other events escalated tensions leading to the war.",
        "spans": [
          "Other important and disastrous events soon followed with all of the taxation such as, the Boston Massacre"
        ]
      },
      {
        "point_number": 5,
        "point_content": "The Battles of Lexington and Concord marked the beginning of the Revolutionary War.",
        "spans": [
          "The Battles of Lexington and Concord marked the beginning of the Revolutionary War, with its killing of 73 and injuring of 174 British soldiers."
        ]
      }
    ],
    "clueweb22-en0007-44-13391": [
      {
        "point_number": 1,
        "point_content": "The war followed more than a decade of growing estrangement between the British crown and a large and influential segment of its North American colonies that was caused by British attempts to assert greater control over colonial affairs after having long adhered to a policy of salutary neglect.",
        "spans": [
          "The war followed more than a decade of growing estrangement between the British crown and a large and influential segment of its North American colonies that was caused by British attempts to assert greater control over colonial affairs after having long adhered to a policy of salutary neglect."
        ]
      },
      {
        "point_number": 2,
        "point_content": "The colony of Massachusetts was seen by King George III and his ministers as the hotbed of disloyalty. After the Boston Tea Party (December 16, 1773), Parliament responded with the Intolerable Acts (1774), a series of punitive measures that were intended to cow the restive population into obedience.",
        "spans": [
          "The colony of Massachusetts was seen by King George III and his ministers as the hotbed of disloyalty. After the Boston Tea Party (December 16, 1773), Parliament responded with the Intolerable Acts (1774), a series of punitive measures that were intended to cow the restive population into obedience."
        ]
      },
      {
        "point_number": 3,
        "point_content": "The 1691 charter of the Massachusetts Bay Colony was abrogated, and the colony’s elected ruling council was replaced with a military government under Gen. Thomas Gage, the commander of all British troops in North America.",
        "spans": [
          "The 1691 charter of the Massachusetts Bay Colony was abrogated, and the colony’s elected ruling council was replaced with a military government under Gen. Thomas Gage, the commander of all British troops in North America."
        ]
      },
      {
        "point_number": 4,
        "point_content": "Beginning in the late summer of 1774, Gage attempted to suppress the warlike preparations throughout New England by seizing stores of weapons and powder.",
        "spans": [
          "Beginning in the late summer of 1774, Gage attempted to suppress the warlike preparations throughout New England by seizing stores of weapons and powder."
        ]
      },
      {
        "point_number": 5,
        "point_content": "Although the colonials were initially taken by surprise, they soon mobilized. Groups such as the Sons of Liberty uncovered advance details of British actions, and Committees of Correspondence aided in the organization of countermeasures.",
        "spans": [
          "Although the colonials were initially taken by surprise, they soon mobilized. Groups such as the Sons of Liberty uncovered advance details of British actions, and Committees of Correspondence aided in the organization of countermeasures."
        ]
      },
      {
        "point_number": 6,
        "point_content": "On April 14, 1775, Gage received a letter from Dartmouth informing him that Massachusetts had been declared to be in a state of open revolt and ordering him to “arrest and imprison the principal Actors and Abettors in the [Massachusetts] Provincial Congress.”",
        "spans": [
          "On April 14, 1775, Gage received a letter from Dartmouth informing him that Massachusetts had been declared to be in a state of open revolt and ordering him to “arrest and imprison the principal Actors and Abettors in the [Massachusetts] Provincial Congress.”"
        ]
      },
      {
        "point_number": 7,
        "point_content": "The Battles of Lexington and Concord on April 19, 1775, marked the outbreak of open armed conflict between the colonies and Britain.",
        "spans": [
          "Battles of Lexington and Concord\nApril 19, 1775"
        ]
      },
      {
        "point_number": 8,
        "point_content": "The American Revolution was an insurrection by which 13 of Great Britain’s North American colonies won political independence and went on to form the United States of America.",
        "spans": [
          "American Revolution, also called United States War of Independence or American Revolutionary War,  (1775–83), insurrection by which 13 of Great Britain ’s North American colonies won political independence and went on to form the United States of America."
        ]
      }
    ],
    "clueweb22-en0012-38-04901": [
      {
        "point_number": 1,
        "point_content": "The Revolutionary War was fought because the colonists wanted to cease paying taxes to the King of England, which they perceived as unfair treatment.",
        "spans": [
          "Colonial America was mostly an agrarian society. Most landowners were farmers. But whether they were farmers or merchants serving the farming community, they all had the same objective at the time of the Revolution, to cease paying taxes to the King of England.",
          "By the middle of the 1770s, perceived unfair treatment in regard to having to pay revenue to a king across the ocean could not be accepted by a large portion of English colonists. Therefore, they revolted."
        ]
      },
      {
        "point_number": 2,
        "point_content": "The militia, composed mostly of farmers and landowners, had a tangible incentive to fight for independence because it would relieve them from paying taxes to the Crown.",
        "spans": [
          "And, the fact that farmers, themselves a tradition in colonial America, were so influential in the militia movement, they stood to gain the most from extricating the rule of the Crown, by eliminating a perceived unfair tax. This possessed the militia soldier with more passion and incentive to win the war than the common British soldier."
        ]
      },
      {
        "point_number": 3,
        "point_content": "The initial hostilities of the Revolutionary War began with the Massachusetts Militia engaging the British in April 1775, motivated by frustration over taxation and failed negotiations.",
        "spans": [
          "The incentive to take up arms by 1775 commenced after years of frustration and failed negotiation over tax relief from the king to the American farmer. This frustration led to the Massachusetts Militia first engaging the British in April 1775 initiating the Revolutionary War."
        ]
      },
      {
        "point_number": 4,
        "point_content": "The events at Lexington and Concord, fought by militias of irate citizens and embattled farmers, decisively moved the colonies toward revolution.",
        "spans": [
          "The events perpetrated by the Massachusetts Militias at Lexington and Concord, decisively moved the colonies toward revolution.",
          "In the end it was as John Galvin has termed it, a war fought and won by “irate citizens and embattled farmers.”"
        ]
      }
    ],
    "clueweb22-en0042-54-07667": [
      {
        "point_number": 1,
        "point_content": "Captain Levi Preston stated that the reason for fighting was the desire to remain free, as they always had been free and meant to be free always, but the British did not intend for them to be free.",
        "spans": [
          "Young man, what we meant in going for those Redcoats was this: we always had been free, and we meant to be free always. They didn’t mean we should."
        ]
      },
      {
        "point_number": 2,
        "point_content": "Captain Levi Preston denied being motivated by specific taxes or philosophical writings, indicating a more straightforward motivation for fighting.",
        "spans": [
          "I never saw any stamps",
          "I never drank a drop of the stuff. The boys threw it all overboard.",
          "I never heard of these men. The only books we had were the Bible, the Catechism, Watts’s Psalms, and hymns and the almanacs."
        ]
      }
    ],
    "clueweb22-en0035-31-16060": [
      {
        "point_number": 1,
        "point_content": "The American Revolution began as a disagreement over the way Great Britain governed the colonies and the way the colonies thought they should be treated.",
        "spans": [
          "The American Revolution began in 1775 as an open conflict between the United Thirteen Colonies and Great Britain.",
          "Essentially, it began as a disagreement over the way Great Britain governed the colonies and the way the colonies thought they should be treated."
        ]
      },
      {
        "point_number": 2,
        "point_content": "Americans felt they deserved all the rights of Englishmen, while the British thought the colonies were created to be used in ways that best suited the Crown and Parliament.",
        "spans": [
          "Americans felt they deserved all the rights of Englishmen.",
          "The British, on the other hand, thought that the colonies were created to be used in ways that best suited the Crown and Parliament."
        ]
      },
      {
        "point_number": 3,
        "point_content": "The slogan 'No Taxation Without Representation' embodied the conflict between the colonies and Britain.",
        "spans": [
          "This conflict is embodied in one of the rallying cries of the ​ American Revolution: \"No Taxation Without Representation.\""
        ]
      },
      {
        "point_number": 4,
        "point_content": "The Enlightenment ideas influenced the revolutionary leaders and their desire to rebel against unjust laws.",
        "spans": [
          "A number of the revolutionary leaders had studied major writings of the Enlightenment, including those of Thomas Hobbes, John Locke, Jean-Jacques Rousseau, and the Baron de Montesquieu.",
          "Together, these innovative ways of thinking led many in this era to consider it their duty to rebel against laws they viewed as unjust."
        ]
      },
      {
        "point_number": 5,
        "point_content": "The geography and distance from Great Britain contributed to a sense of independence among the colonists.",
        "spans": [
          "The geography of the colonies also contributed to the revolution.",
          "Their distance from Great Britain naturally created a sense of independence that was hard to overcome."
        ]
      },
      {
        "point_number": 6,
        "point_content": "The British government attempted to curtail the powers of colonial legislatures, which the colonists viewed as a loss of their rights.",
        "spans": [
          "The British government had different ideas and attempted to curtail the powers of these newly elected bodies."
        ]
      },
      {
        "point_number": 7,
        "point_content": "Economic troubles and new taxes imposed by Britain after the French and Indian War angered the colonists.",
        "spans": [
          "The French and Indian War led to considerable economic trouble for the British government.",
          "They levied new taxes on the colonists and increased trade regulations.",
          "New taxes were enforced, including the Sugar Act and the Currency Act, both in 1764.",
          "Feeling underrepresented, overtaxed, and unable to engage in free trade, the colonists rallied to the slogan, \"No Taxation Without Representation.\""
        ]
      },
      {
        "point_number": 8,
        "point_content": "British officials and soldiers were given more control over the colonists, leading to widespread corruption and abuses of power.",
        "spans": [
          "The British government's presence became increasingly more visible in the years leading to the revolution.",
          "British officials and soldiers were given more control over the colonists and this led to widespread corruption.",
          "Among the most glaring of these issues were the \"Writs of Assistance.\"",
          "These documents allowed British soldiers to enter, search, and seize warehouses, private homes, and ships whenever necessary. However, many abused this power."
        ]
      },
      {
        "point_number": 9,
        "point_content": "The colonists endured a corrupt justice system and loss of rights to fair trials, which fueled discontent.",
        "spans": [
          "American colonists also had to endure a corrupt justice system.",
          "After six British soldiers were acquitted and two dishonorably discharged for the Boston Massacre... the British government changed the rules.",
          "From then on, officers accused of any offense in the colonies would be sent to England for trial.",
          "Jury trials were replaced with verdicts and punishments handed down directly by colonial judges.",
          "The right to a fair trial by a jury of their peers was no longer possible for many colonists."
        ]
      }
    ]
  }
}