{
  "question": "why was the revolutionary war fought",
  "key_points": [
    {
      "point_number": 1,
      "point_content": "The Revolutionary War was an insurrection by American Patriots in the 13 colonies to British rule, resulting in American independence; it was fought between Great Britain and the thirteen colonies of America for America's independence; 13 of Great Britain’s North American colonies won political independence and went on to form the United States of America.",
      "original_point_number": [
        1,
        12,
        24
      ]
    },
    {
      "point_number": 2,
      "point_content": "The war arose from growing tensions between residents of Great Britain’s 13 North American colonies and the colonial government representing the British crown, following more than a decade of estrangement caused by British attempts to assert greater control after a long policy of salutary neglect.",
      "original_point_number": [
        2,
        17
      ]
    },
    {
      "point_number": 3,
      "point_content": "Attempts by the British government to raise revenue by taxing the colonies met with heated protest among many colonists, who resented their lack of representation in Parliament and demanded the same rights as other British subjects; the British Empire imposed high taxes on the American colonists to pay off debts from a war with the French, which angered the colonists; economic troubles and new taxes imposed by Britain after the French and Indian War angered the colonists.",
      "original_point_number": [
        3,
        9,
        37
      ]
    },
    {
      "point_number": 4,
      "point_content": "Colonial resistance led to violence in 1770, when British soldiers opened fire on a mob of colonists, killing five men in what was known as the Boston Massacre; events in Boston such as the Boston Tea Party and the Boston Massacre escalated tensions leading to the war.",
      "original_point_number": [
        4,
        10,
        15
      ]
    },
    {
      "point_number": 5,
      "point_content": "After December 1773, Bostonians dumped 342 chests of tea into Boston Harbor during the Boston Tea Party, leading to Parliament passing the Intolerable Acts to reassert imperial authority; the colony of Massachusetts was seen by King George III and his ministers as the hotbed of disloyalty, and Parliament responded with the Intolerable Acts (1774), a series of punitive measures intended to cow the population into obedience.",
      "original_point_number": [
        5,
        18
      ]
    },
    {
      "point_number": 6,
      "point_content": "The First Continental Congress met in 1774 to give voice to grievances against the British crown, denouncing taxation without representation and the maintenance of the British army in the colonies without consent.",
      "original_point_number": [
        6
      ]
    },
    {
      "point_number": 7,
      "point_content": "The Battles of Lexington and Concord in April 1775 marked the start of the Revolutionary War and the outbreak of open armed conflict between the colonies and Britain; these battles were fought by militias of irate citizens and embattled farmers, decisively moving the colonies toward revolution.",
      "original_point_number": [
        7,
        16,
        23,
        28
      ]
    },
    {
      "point_number": 8,
      "point_content": "The colonists wanted to achieve independence and have their own government; they wanted to cease paying taxes to the King of England, which they perceived as unfair treatment; the militia, composed mostly of farmers and landowners, had a tangible incentive to fight for independence because it would relieve them from paying taxes to the Crown.",
      "original_point_number": [
        8,
        25,
        26
      ]
    },
    {
      "point_number": 9,
      "point_content": "The British Parliament sent more soldiers to American towns, leading to clashes with militia groups and the formation of the Continental Army; British officials and soldiers were given more control over the colonists, leading to widespread corruption and abuses of power.",
      "original_point_number": [
        11,
        38
      ]
    },
    {
      "point_number": 10,
      "point_content": "The war began because the British controlled the colonies and imposed heavy taxes and laws that upset the colonists; the colonists protested against the British taxation and laws, leading to conflict between loyalists and patriots.",
      "original_point_number": [
        13,
        14
      ]
    },
    {
      "point_number": 11,
      "point_content": "The colony of Massachusetts had its 1691 charter abrogated, and its elected ruling council was replaced with a military government under Gen. Thomas Gage, the commander of all British troops in North America; beginning in late summer 1774, Gage attempted to suppress warlike preparations by seizing stores of weapons and powder.",
      "original_point_number": [
        19,
        20
      ]
    },
    {
      "point_number": 12,
      "point_content": "Although the colonials were initially taken by surprise by British actions, they soon mobilized; groups such as the Sons of Liberty uncovered advance details of British actions, and Committees of Correspondence aided in organizing countermeasures.",
      "original_point_number": [
        21
      ]
    },
    {
      "point_number": 13,
      "point_content": "On April 14, 1775, Gage received a letter from Dartmouth informing him that Massachusetts had been declared in a state of open revolt and ordering him to arrest and imprison the principal actors and abettors in the Massachusetts Provincial Congress.",
      "original_point_number": [
        22
      ]
    },
    {
      "point_number": 14,
      "point_content": "The initial hostilities of the Revolutionary War began with the Massachusetts Militia engaging the British in April 1775, motivated by frustration over taxation and failed negotiations.",
      "original_point_number": [
        27
      ]
    },
    {
      "point_number": 15,
      "point_content": "Captain Levi Preston stated that the reason for fighting was the desire to remain free, as they always had been free and meant to be free always, but the British did not intend for them to be free; he denied being motivated by specific taxes or philosophical writings, indicating a more straightforward motivation for fighting.",
      "original_point_number": [
        29,
        30
      ]
    },
    {
      "point_number": 16,
      "point_content": "The American Revolution began as a disagreement over the way Great Britain governed the colonies and the way the colonies thought they should be treated; Americans felt they deserved all the rights of Englishmen, while the British thought the colonies were created to be used in ways that best suited the Crown and Parliament.",
      "original_point_number": [
        31,
        32
      ]
    },
    {
      "point_number": 17,
      "point_content": "The slogan 'No Taxation Without Representation' embodied the conflict between the colonies and Britain.",
      "original_point_number": [
        33
      ]
    },
    {
      "point_number": 18,
      "point_content": "Enlightenment ideas influenced the revolutionary leaders and their desire to rebel against unjust laws.",
      "original_point_number": [
        34
      ]
    },
    {
      "point_number": 19,
      "point_content": "The geography and distance from Great Britain contributed to a sense of independence among the colonists.",
      "original_point_number": [
        35
      ]
    },
    {
      "point_number": 20,
      "point_content": "The British government attempted to curtail the powers of colonial legislatures, which the colonists viewed as a loss of their rights; the colonists endured a corrupt justice system and loss of rights to fair trials, which fueled discontent.",
      "original_point_number": [
        36,
        39
      ]
    }
  ]
}