{
  "question": "how was the american revolution revolutionary",
  "key_points": [
    {
      "point_number": 1,
      "point_content": "The American Revolution was revolutionary and radical, marked by the Founding Fathers' belief in a new world order, the assertion of radical principles about equality, rights, and government by consent, and the creation of a sustainable republic based on democratic principles, unlike other revolutions that replaced one form of control with another.",
      "original_point_number": [
        1,
        3,
        4,
        5,
        6,
        7,
        14,
        23,
        24,
        46,
        47,
        48,
        49
      ]
    },
    {
      "point_number": 2,
      "point_content": "The American Revolution was an insurrection by American Patriots in the 13 colonies against British rule, resulting in American independence after a decade of growing estrangement and conflict, including a civil war within the British Empire that became an international war with France and Spain joining the colonies.",
      "original_point_number": [
        26,
        27,
        28,
        31,
        35,
        36,
        37
      ]
    },
    {
      "point_number": 3,
      "point_content": "The American Revolution defeated the world’s most powerful military, with key battles such as Saratoga and Yorktown serving as turning points that led to French alliance and ultimately American victory.",
      "original_point_number": [
        12,
        19,
        21,
        29,
        30,
        33,
        34
      ]
    },
    {
      "point_number": 4,
      "point_content": "France allied with the American colonies in 1778, providing critical financial and military aid that transformed the conflict into an international war and helped secure American independence.",
      "original_point_number": [
        20,
        29,
        37
      ]
    },
    {
      "point_number": 5,
      "point_content": "The Declaration of Independence, adopted by the Second Continental Congress and mainly written by Jefferson, included revolutionary democratic ideals such as equality and government deriving power from the consent of the governed, marking a radical break from the old order.",
      "original_point_number": [
        7,
        18,
        32
      ]
    },
    {
      "point_number": 6,
      "point_content": "The ratification of the Constitution in 1789 put democratic principles into practice by guaranteeing civil rights and restraining the state, with the first peaceful transfer of power in 1796 setting a precedent for elected presidents by the will of the people.",
      "original_point_number": [
        8,
        9
      ]
    },
    {
      "point_number": 7,
      "point_content": "The most revolutionary democratic ideals of equality and full representation were achieved through a slow evolution, including the eradication of slavery and extension of voting rights.",
      "original_point_number": [
        10
      ]
    },
    {
      "point_number": 8,
      "point_content": "The American Revolution laid the groundwork for a nation attempting to create itself, providing change-seekers with a working example of a successful and moderately peaceful revolution.",
      "original_point_number": [
        13,
        22
      ]
    },
    {
      "point_number": 9,
      "point_content": "The costs of the war and maintaining an army led the British government to impose new taxes on its colonists, such as the Stamp Act, which was the first direct tax and was hotly resisted, leading to increased colonial cooperation and the development of a national identity.",
      "original_point_number": [
        15,
        16,
        17
      ]
    },
    {
      "point_number": 10,
      "point_content": "The American military effort included the Continental Army and state militias fighting on land, while British forces were professional but often lacked imagination; British use of foreign mercenaries caused antagonism in America, and sea power was vital in the war's outcome, enabling the French to help bring about the final British surrender at Yorktown.",
      "original_point_number": [
        38,
        39,
        40,
        41
      ]
    },
    {
      "point_number": 11,
      "point_content": "Colonial leaders mobilized quickly against British attempts to seize weapons and powder, with groups such as the Sons of Liberty and Committees of Correspondence aiding in organization and resistance, exemplified by Paul Revere’s ride and the Battles of Lexington and Concord, which marked the start of open conflict.",
      "original_point_number": [
        17,
        43,
        44,
        28
      ]
    },
    {
      "point_number": 12,
      "point_content": "The Battle of Bunker Hill was a moral victory for the Americans despite the British eventually clearing the hill at a high cost, demonstrating the determination and capability of the colonial forces.",
      "original_point_number": [
        45
      ]
    }
  ]
}