{
  "question": "how was the american revolution revolutionary",
  "key_points": {
    "clueweb22-en0026-46-19025": [
      {
        "point_number": 1,
        "point_content": "America’s Founding Fathers believed their struggle for independence was revolutionary and marked the beginning of a new world order.",
        "spans": [
          "America’s Founding Fathers had little doubt regarding the revolutionary character of their undertaking.",
          "America’s struggle for independence was not simply a local matter of concern to a handful of colonists on the shores of North America but a world-historical event, and the year 1776 would therefore be remembered as the beginning of a novus ordo seclorum –“a new order of the ages.”"
        ]
      },
      {
        "point_number": 2,
        "point_content": "The American Revolution was revolutionary because it aimed to prove John Locke's theory that legitimate government must rest on the consent of the governed.",
        "spans": [
          "The American Revolution was rendered revolutionary in part by its proponents’ fierce desire to prove Locke right by demonstrating the human capacity for self-government.",
          "Instead, to be legitimate, government must rest on the consent of the governed."
        ]
      },
      {
        "point_number": 3,
        "point_content": "The Declaration of Independence asserted radical principles about equality, rights, and government by consent, making the revolution a radical break from the old order.",
        "spans": [
          "In their Declaration of Independence, the former colonists recognized certain “Truths to be self-evident”: that all Men are created equal, that they are endowed by their Creator with certain unalienable Rights, that among these are Life, Liberty, and the Pursuit of Happiness–That to secure these Rights, Governments are instituted among Men, deriving their just Powers from the Consent of the Governed, that whenever any Form of Government becomes destructive of these Ends, it is the Right of the People to alter or to abolish it, and to institute new Government, laying its Foundation on such Principles, and organizing its Powers in such Form, as to them shall seem most likely to effect their Safety and Happiness."
        ]
      },
      {
        "point_number": 4,
        "point_content": "The American Revolution was unique in that it led to a sustainable republic based on individual and collective responsibility, unlike other revolutions which replaced one form of control with another.",
        "spans": [
          "If the American Revolution has any unequivocal meaning at all, it is that the citizens, acting individually with regard to their private affairs and collectively with regard to the public interest, take full responsibility for their own well-being.",
          "Great revolutions that followed in Europe and elsewhere, though putatively more radical and certainly more violent, aimed at or at least resulted in the substitution of one form of tutelage for another, preserving the essence of the old order while pretending its overthrow.",
          "It is in no way fortuitous that, of all the modern revolutions, only the American can still be appealed to as providing a standard for judging political regimes and the conduct of government within them."
        ]
      }
    ],
    "clueweb22-en0040-84-06775": [
      {
        "point_number": 1,
        "point_content": "The American Revolution was revolutionary because it didn't end in a regime change only, but in the creation of an entirely new nation founded on democratic principles.",
        "spans": [
          "But what really made the American Revolution so revolutionary was that it didn't end in a regime change only, but in the creation of an entirely new nation founded on democratic principles."
        ]
      },
      {
        "point_number": 2,
        "point_content": "The American Revolution was considered revolutionary and radical in its time compared to European nations ruled by monarchs and aristocrats.",
        "spans": [
          "Even though it wasn't the first democratic experiment in history, the American Revolution was still considered revolutionary (even radical) in its time, especially when compared to the most powerful European nations of the day, which continued to be ruled by old-world monarchs and wealthy aristocrats."
        ]
      },
      {
        "point_number": 3,
        "point_content": "The Declaration of Independence included revolutionary democratic ideals such as 'all men are created equal' and government deriving power from the consent of the governed.",
        "spans": [
          "Certainly, the concepts that Thomas Jefferson included in the Declaration Independence – that \"all men are created equal,\" and that government derives its power from the \"consent of the governed\" – were revolutionarily democratic ideals"
        ]
      },
      {
        "point_number": 4,
        "point_content": "The ratification of the Constitution in 1789 put the democratic principles of the new nation into practice, guaranteeing civil rights and restraining the state.",
        "spans": [
          "Yet it wasn't until the ratification of the Constitution more than a decade later in 1789 that the democratic principles of the new nation were put into practice. Without the Constitution, the document that guaranteed the protection of civil rights and the restraints put on the state, the democracy birthed by the Declaration would have existed only in rhetoric."
        ]
      },
      {
        "point_number": 5,
        "point_content": "The first peaceful transfer of power in 1796, when George Washington stepped down, set a precedent for regularly elected presidents by the will of the people.",
        "spans": [
          "Other historians have argued that American democracy wasn't truly born until 1796, when George Washington voluntarily stepped down after two terms as America's first president",
          "It marked the first peaceful transfer of power in the new nation and set a precedent that American presidents weren't leaders for life, but regularly elected by the will of the people."
        ]
      },
      {
        "point_number": 6,
        "point_content": "The most revolutionary democratic ideals of equality and full representation were achieved through a slow evolution, including the eradication of slavery and extension of voting rights.",
        "spans": [
          "A strong case can also be made that the most revolutionary aspects of the American Revolution — lofty democratic ideals of equality and full representation — were obtained through a slow evolution rather than a one-time revolution.",
          "Only after the eradication of slavery, the extension of voting rights to African-American men and all women, and the passing of Civil Rights legislation barring discriminatory poll taxes and citizenship tests, could America rightfully call itself a democracy."
        ]
      }
    ],
    "clueweb22-en0003-25-13871": [
      {
        "point_number": 1,
        "point_content": "The American Revolution was an experiment which overthrew the rule of a foreign power.",
        "spans": [
          "an experiment: an experiment which overthrew the rule of a foreign power"
        ]
      },
      {
        "point_number": 2,
        "point_content": "The American Revolution defeated the world’s most powerful military.",
        "spans": [
          "an experiment which defeated the world’s most powerful military"
        ]
      },
      {
        "point_number": 3,
        "point_content": "The American Revolution laid the groundwork for a nation attempting to create itself.",
        "spans": [
          "an experiment which laid the groundwork for a nation attempting to create itself"
        ]
      },
      {
        "point_number": 4,
        "point_content": "The forefathers fought for liberty, freedom, and republican ideals the likes of which had never before been seen in any style of organized government preceding them.",
        "spans": [
          "Our forefathers fought for liberty, freedom, and republican ideals the likes of which had never before been seen in any style of organized government preceding them"
        ]
      }
    ],
    "clueweb22-en0036-23-01484": [
      {
        "point_number": 1,
        "point_content": "The costs of the war and maintaining an army will lead the British government to impose new taxes on its colonists, with world-shaking results.",
        "spans": [
          "The costs of the war and maintaining an army will lead the British government to impose new taxes on its colonists, with world-shaking results."
        ]
      },
      {
        "point_number": 2,
        "point_content": "Britain passes the Stamp Act, imposing a tax on legal documents, newspapers, even playing cards. This is the first direct tax on the American colonists and is hotly resisted.",
        "spans": [
          "Britain passes the Stamp Act, imposing a tax on legal documents, newspapers, even playing cards. This is the first direct tax on the American colonists and is hotly resisted."
        ]
      },
      {
        "point_number": 3,
        "point_content": "Committees of Correspondence are established throughout the colonies to coordinate American response to British colonial policy. This represents an important move toward cooperation, mutual action, and the development of a national identity among Americans.",
        "spans": [
          "Committees of Correspondence are established throughout the colonies to coordinate American response to British colonial policy. This represents an important move toward cooperation, mutual action, and the development of a national identity among Americans."
        ]
      },
      {
        "point_number": 4,
        "point_content": "The Declaration of Independence is adopted by the Second Continental Congress. Following a decade of agitation over taxes and a year of war, representatives make the break with Britain.",
        "spans": [
          "The Declaration of Independence is adopted by the Second Continental Congress. Following a decade of agitation over taxes and a year of war, representatives make the break with Britain."
        ]
      },
      {
        "point_number": 5,
        "point_content": "The surrender of 6,000 British regulars at Saratoga will shock London and help induce France to enter the war on the American side.",
        "spans": [
          "The surrender of 6,000 British regulars at Saratoga will shock London and help induce France to enter the war on the American side."
        ]
      },
      {
        "point_number": 6,
        "point_content": "France allies itself with the new American government. French financial and military aid will prove critical in winning the war.",
        "spans": [
          "France allies itself with the new American government. French financial and military aid will prove critical in winning the war."
        ]
      },
      {
        "point_number": 7,
        "point_content": "A joint French and American force traps a large British army on Virginia's Yorktown peninsula. Unable to evacuate or receive reinforcements because a French fleet has driven off a British fleet, General Cornwallis is forced to surrender.",
        "spans": [
          "A joint French and American force traps a large British army on Virginia's Yorktown peninsula. Unable to evacuate or receive reinforcements because a French fleet has driven off a British fleet, General Cornwallis is forced to surrender."
        ]
      }
    ],
    "clueweb22-en0015-93-08384": [
      {
        "point_number": 1,
        "point_content": "The American Revolution provided change-seekers with a working example of a successful and moderately peaceful revolution.",
        "spans": [
          "The American Revolution became a model for those seeking change in France. It provided change-seekers with a working example of a successful and moderately peaceful revolution."
        ]
      },
      {
        "point_number": 2,
        "point_content": "The American Revolution was founded on Enlightenment ideas and values, emphasizing natural rights and government by consent.",
        "spans": [
          "On July 4th 1776 the American revolutionaries, through the pen of Thomas Jefferson, declared their independence with a stirring synthesis of Enlightenment ideas and values:",
          "“When in the course of human events, it becomes necessary for one people to dissolve the political bands which have connected them with another… they should declare the causes which impel them to the separation. We hold these truths to be self-evident: that all men are created equal, that they are endowed by their Creator with certain unalienable Rights, that among these [rights] are Life, Liberty and the pursuit of Happiness. That to secure these rights, governments are instituted among men, deriving their just powers from the consent of the governed. [And] whenever any form of government becomes destructive of these ends, it is the right of the people to alter or to abolish it.”"
        ]
      },
      {
        "point_number": 3,
        "point_content": "The American Revolution showed that Enlightenment political ideas could serve as a blueprint for modern government.",
        "spans": [
          "The political ideas of the Enlightenment – Locke’s natural rights, Rousseau’s popular sovereignty, Montesquieu’s separation of powers – had once been political abstractions, little more than ideas in books. But the birth of the United States showed that these ideas could serve as a blueprint for modern government."
        ]
      },
      {
        "point_number": 4,
        "point_content": "The American Revolution had a multifaceted effect in France, extending the national debt, contributing to political radicalism and showing how revolution can successfully transform a nation.",
        "spans": [
          "The American Revolution had a multifaceted effect in France, extending the national debt, contributing to political radicalism and showing how revolution can successfully transform a nation."
        ]
      }
    ],
    "clueweb22-en0004-96-19235": [
      {
        "point_number": 1,
        "point_content": "The Revolutionary War was an insurrection by American Patriots in the 13 colonies to British rule, resulting in American independence.",
        "spans": [
          "The Revolutionary War was an insurrection by American Patriots in the 13 colonies to British rule, resulting in American independence."
        ]
      },
      {
        "point_number": 2,
        "point_content": "The American Revolution arose from growing tensions between residents of Great Britain’s 13 North American colonies and the colonial government, which represented the British crown.",
        "spans": [
          "The Revolutionary War (1775-83), also known as the American Revolution, arose from growing tensions between residents of Great Britain’s 13 North American colonies and the colonial government, which represented the British crown."
        ]
      },
      {
        "point_number": 3,
        "point_content": "By the following summer, the rebels were waging a full-scale war for their independence.",
        "spans": [
          "by the following summer, the rebels were waging a full-scale war for their independence."
        ]
      },
      {
        "point_number": 4,
        "point_content": "France entered the American Revolution on the side of the colonists in 1778, turning what had essentially been a civil war into an international conflict.",
        "spans": [
          "France entered the American Revolution on the side of the colonists in 1778, turning what had essentially been a civil war into an international conflict."
        ]
      },
      {
        "point_number": 5,
        "point_content": "After French assistance helped the Continental Army force the British surrender at Yorktown, Virginia, in 1781, the Americans had effectively won their independence.",
        "spans": [
          "After French assistance helped the Continental Army force the British surrender at Yorktown, Virginia, in 1781, the Americans had effectively won their independence"
        ]
      },
      {
        "point_number": 6,
        "point_content": "The American Revolution, which had begun as a civil conflict between Britain and its colonies, had become a world war.",
        "spans": [
          "The American Revolution, which had begun as a civil conflict between Britain and its colonies, had become a world war."
        ]
      },
      {
        "point_number": 7,
        "point_content": "The Continental Congress voted to adopt the Declaration of Independence, drafted by a five-man committee including Franklin and John Adams but written mainly by Jefferson.",
        "spans": [
          "the Continental Congress voted to adopt the Declaration of Independence, drafted by a five-man committee including Franklin and John Adams but written mainly by Jefferson."
        ]
      },
      {
        "point_number": 8,
        "point_content": "The American victory Saratoga would prove to be a turning point of the American Revolution, as it prompted France to enter the war openly on the American side.",
        "spans": [
          "The American victory Saratoga would prove to be a turning point of the American Revolution, as it prompted France (which had been secretly aiding the rebels since 1776) to enter the war openly on the American side"
        ]
      },
      {
        "point_number": 9,
        "point_content": "The movement for American independence effectively triumphed at the Battle of Yorktown.",
        "spans": [
          "Though the movement for American independence effectively triumphed at the Battle of Yorktown"
        ]
      }
    ],
    "clueweb22-en0007-44-13391": [
      {
        "point_number": 1,
        "point_content": "The American Revolution was an insurrection by which 13 of Great Britain’s North American colonies won political independence and went on to form the United States of America.",
        "spans": [
          "American Revolution, also called United States War of Independence or American Revolutionary War,  (1775–83), insurrection by which 13 of Great Britain ’s North American colonies won political independence and went on to form the United States of America."
        ]
      },
      {
        "point_number": 2,
        "point_content": "The war followed more than a decade of growing estrangement between the British crown and a large and influential segment of its North American colonies caused by British attempts to assert greater control over colonial affairs after having long adhered to a policy of salutary neglect.",
        "spans": [
          "The war followed more than a decade of growing estrangement between the British crown and a large and influential segment of its North American colonies that was caused by British attempts to assert greater control over colonial affairs after having long adhered to a policy of salutary neglect."
        ]
      },
      {
        "point_number": 3,
        "point_content": "Until early in 1778 the conflict was a civil war within the British Empire, but afterward it became an international war as France (in 1778) and Spain (in 1779) joined the colonies against Britain.",
        "spans": [
          "Until early in 1778 the conflict was a civil war within the British Empire, but afterward it became an international war as France (in 1778) and Spain (in 1779) joined the colonies against Britain."
        ]
      },
      {
        "point_number": 4,
        "point_content": "Sea power was vital in determining the course of the war, lending to British strategy a flexibility that helped compensate for the comparatively small numbers of troops sent to America and ultimately enabling the French to help bring about the final British surrender at Yorktown.",
        "spans": [
          "From the beginning, sea power was vital in determining the course of the war, lending to British strategy a flexibility that helped compensate for the comparatively small numbers of troops sent to America and ultimately enabling the French to help bring about the final British surrender at Yorktown."
        ]
      },
      {
        "point_number": 5,
        "point_content": "Americans fought the war on land with essentially two types of organization: the Continental (national) Army and the state militias, with small field armies and difficulties in maintaining an adequate Continental force due to traditional antipathy toward regular armies and other factors.",
        "spans": [
          "Americans fought the war on land with essentially two types of organization: the Continental (national) Army and the state militias.",
          "The war was therefore one fought by small field armies.",
          "Reasons for the difficulty in maintaining an adequate Continental force included the colonists’ traditional antipathy toward regular armies, the objections of farmers to being away from their fields, the competition of the states with the Continental Congress to keep men in the militia, and the wretched and uncertain pay in a period of inflation."
        ]
      },
      {
        "point_number": 6,
        "point_content": "The British army was a reliable steady force of professionals, but British generals tended toward a lack of imagination and initiative, while those who demonstrated such qualities often were rash.",
        "spans": [
          "By contrast, the British army was a reliable steady force of professionals.",
          "British generals, however, tended toward a lack of imagination and initiative, while those who demonstrated such qualities often were rash."
        ]
      },
      {
        "point_number": 7,
        "point_content": "The use of foreign mercenaries by the British crown roused much antagonism in America.",
        "spans": [
          "Few acts by the crown roused so much antagonism in America as that use of foreign mercenaries."
        ]
      },
      {
        "point_number": 8,
        "point_content": "The colony of Massachusetts was seen by King George III and his ministers as the hotbed of disloyalty, leading to punitive measures such as the Intolerable Acts and military government under Gen. Thomas Gage.",
        "spans": [
          "The colony of Massachusetts was seen by King George III and his ministers as the hotbed of disloyalty.",
          "After the Boston Tea Party (December 16, 1773), Parliament responded with the Intolerable Acts (1774), a series of punitive measures that were intended to cow the restive population into obedience.",
          "the colony’s elected ruling council was replaced with a military government under Gen. Thomas Gage, the commander of all British troops in North America."
        ]
      },
      {
        "point_number": 9,
        "point_content": "Colonial leaders mobilized quickly against British attempts to seize weapons and powder, with groups such as the Sons of Liberty and Committees of Correspondence aiding in organization and resistance.",
        "spans": [
          "Beginning in the late summer of 1774, Gage attempted to suppress the warlike preparations throughout New England by seizing stores of weapons and powder.",
          "Groups such as the Sons of Liberty uncovered advance details of British actions, and Committees of Correspondence aided in the organization of countermeasures."
        ]
      },
      {
        "point_number": 10,
        "point_content": "Paul Revere’s ride provided the colonists with vital information about British intentions, helping them prepare for the Battles of Lexington and Concord, which marked the start of open conflict.",
        "spans": [
          "Paul Revere’s ride and the Battles of Lexington and Concord",
          "Revere’s “midnight ride” provided the colonists with vital information about British intentions, and it was later immortalized in a poem by Henry Wadsworth Longfellow."
        ]
      },
      {
        "point_number": 11,
        "point_content": "The Battle of Bunker Hill was a moral victory for the Americans despite the British eventually clearing the hill at a high cost, demonstrating the determination and capability of the colonial forces.",
        "spans": [
          "The Battle of Bunker Hill and the patriots' retreat took place on a small peninsula north of Boston.",
          "The British eventually cleared the hill but at the cost of more than 40 percent of the assault force, and the battle was a moral victory for the Americans."
        ]
      }
    ],
    "clueweb22-en0032-87-10658": [
      {
        "point_number": 1,
        "point_content": "The American Revolution was seen as revolutionary by the nationalist or patriotic school because it was a quest for liberty and self-rule.",
        "spans": [
          "The nationalist or patriotic school was the first one to develop after the Revolution.",
          "The theme of this this school was that “American history was the quest for liberty.”",
          "They believe the Revolution was solely to achieve the goal of self-rule."
        ]
      },
      {
        "point_number": 2,
        "point_content": "The Imperial school believed the American Revolution was revolutionary due to political and constitutional issues between Britain and the colonies.",
        "spans": [
          "The Imperial school believed that political and constitutional issues caused the revolution.",
          "Concluding that despite the Beer, Andrews and Gipson’s softer view of Britain during the colonial milestone the Imperial school still believed that the American Revolution was revolutionary."
        ]
      },
      {
        "point_number": 3,
        "point_content": "The Progressive school saw the American Revolution as a result of economic and social conflicts, particularly between lower and upper classes, and viewed it as revolutionary.",
        "spans": [
          "The Progressive school was the first school to see a completely different point of view; they believed that the revolution was a result of economic and social issues.",
          "Progressive historians, Carl L. Becker, Charles A. Beard, Arthur M. Schlesinger and J Franklin Jameson believed “materialistic factors – not ideological- were the major determinists in history.”",
          "Becker said the American Revolution was actually two revolutions.",
          "Beard came up with a hypothesis that the events during the era “mirrored a split between American society”, being conflicts between “rich and poor” and the “creditors and debtors”, between the haves and the have-nots."
        ]
      },
      {
        "point_number": 4,
        "point_content": "The Neo-Conservative school believed the American Revolution was a conservative act to preserve existing freedoms and was revolutionary.",
        "spans": [
          "World War II brought upon a new school being the neo-conservative school.",
          "They, unlike the progressive school believed the American society during the colonial era was democratic and that the Revolution was “conservative act“, initiated in order to preserve the life the colonists had began to live.",
          "Concluding the Neo- Conservative School also believed that the revolution was revolutionary."
        ]
      },
      {
        "point_number": 5,
        "point_content": "The Intellectual school believed the American Revolution was not revolutionary but was solely about separation from British rule.",
        "spans": [
          "World War II also brought the Intellectual School who held no group of historians but felt that the revolution was not revolutionary; it was solely about bringing the separation of the colonies from British Rule."
        ]
      }
    ]
  }
}