{
  "question": "why do you think more people give importance to their body than their mind?",
  "key_points": [
    {
      "point_number": 1,
      "point_content": "People give more importance to their bodies than their minds because others judge them based on their physical attributes, not their intellectual capacity.",
      "original_point_number": [
        1,
        4,
        8
      ]
    },
    {
      "point_number": 2,
      "point_content": "Intellectual capacity is not easily identified without involving a person in solving a mental problem, so people focus on physical appearance.",
      "original_point_number": [
        2,
        5,
        9
      ]
    },
    {
      "point_number": 3,
      "point_content": "Most people use cosmetics and other beauty products to take care of their bodies to build a good impression on others.",
      "original_point_number": [
        3,
        6,
        10
      ]
    },
    {
      "point_number": 4,
      "point_content": "People nowadays give more attention to their body than their minds because they see their outer appearance as their asset and by focusing too much on their outer appearance they forget to use their brain.",
      "original_point_number": [
        7
      ]
    },
    {
      "point_number": 5,
      "point_content": "The first impression is used in judging a person, so most people focus on building an impression to others by taking care of their bodies more than their mind.",
      "original_point_number": [
        11
      ]
    },
    {
      "point_number": 6,
      "point_content": "Positive thinking has a powerful effect on the body, including increased immunity and better health outcomes.",
      "original_point_number": [
        12
      ]
    },
    {
      "point_number": 7,
      "point_content": "Positive thinking helps people cope better with stress and improves overall well-being, which can lead to healthier lifestyles.",
      "original_point_number": [
        13
      ]
    },
    {
      "point_number": 8,
      "point_content": "Positive thinking contributes to resilience, enabling people to face crises with strength and resolve, which benefits mental and physical health.",
      "original_point_number": [
        14
      ]
    }
  ]
}