{
  "question": "should abortion be legal or illegal?",
  "key_points": {
    "clueweb22-en0016-40-09141": [
      {
        "point_number": 1,
        "point_content": "Legal or Illegal abortion must never be the decision of the government or any legislation. They are not the ones who will be struggling with raising an unwanted child after birth.",
        "spans": [
          "Legal or Illegal abortion must never be the decision of the government or any legislation. They are not the ones who will be struggling with raising an unwanted child after birth."
        ]
      },
      {
        "point_number": 2,
        "point_content": "As a woman, I am all for abortion being made legal because it gives women choices that will benefit everyone.",
        "spans": [
          "I must add that as a woman, I am all for abortion being made legal.",
          "I truly believe that when we make abortion legal, it will give women choices that will benefit everyone."
        ]
      },
      {
        "point_number": 3,
        "point_content": "Abortion is about a woman having the right to choose what and when she wants to do with her body, and this decision should be hers alone.",
        "spans": [
          "Abortion is about a woman having the right to choose what and when she wants to do with her body. It is her body and this decision should be no one choice but hers."
        ]
      },
      {
        "point_number": 4,
        "point_content": "Legal abortion gives women financial success and enables them to prioritize career and life choices.",
        "spans": [
          "Legal abortion gives women Financial success",
          "Legal abortion will enable a woman to have a better way of life.",
          "Making abortion legal will give women financial advantages. They will be in the position of  putting career first, just like their male counterparts."
        ]
      },
      {
        "point_number": 5,
        "point_content": "Abortion reduces crime and poverty by preventing unwanted teenage pregnancies that lead to financial hardship and crime.",
        "spans": [
          "I strongly believe that abortion reduces crime rate in a community.",
          "Just because the teenager did not have the money to pay for an abortion does not mean that she should have the child.",
          "The result being that the teenager cannot afford to look after herself and now has the added burden of a child. Hunger and need can result in petty theft which will escalate over time."
        ]
      },
      {
        "point_number": 6,
        "point_content": "Legal abortion allows women to avoid bringing babies with life-threatening medical conditions into the world, which helps the healthcare system.",
        "spans": [
          "By making abortion legal, we allow a woman the choice of bringing babies into this world that has life threatening medical conditions or abnormalities that can affect these women lives.",
          "With modern day tests you will be able to tell if a fetus will suffer from these conditions."
        ]
      },
      {
        "point_number": 7,
        "point_content": "Not making abortion legal leads to unsafe illegal abortions and unnecessary deaths.",
        "spans": [
          "Not making abortion legal will not stop it.",
          "Women will go to these illegal places which in most cases are unsafe for both the fetus and the woman. Which can result in unnecessary deaths."
        ]
      },
      {
        "point_number": 8,
        "point_content": "A woman should not be punished with an unwanted child because she enjoys sexual intercourse; accidents happen even with contraceptives.",
        "spans": [
          "A woman should not be punished with an unwanted child because she enjoys sexual intercourse.",
          "Even when we take the necessary precautions accidents happen because not all contraceptives are 100% effective."
        ]
      },
      {
        "point_number": 9,
        "point_content": "Bringing a child into this world is a lifetime decision and no one should be forced to bring an unwanted child into the world, especially a woman.",
        "spans": [
          "Bringing a child into this world is an important lifetime decision.",
          "No one should be forced to bring an unwanted child into this world, especially a woman."
        ]
      },
      {
        "point_number": 10,
        "point_content": "Not making abortion legal leads to women staying in abusive relationships and becoming victims of unemployment or welfare.",
        "spans": [
          "Not making abortion legal leads to women staying in abusive relationship because they are burdened with a child they cannot support alone.",
          "Eventually, if they leave the relationship, they become victims of unemployment or welfare."
        ]
      },
      {
        "point_number": 11,
        "point_content": "Making abortion legal benefits lower and middle income families by providing safer options than illegal clinics.",
        "spans": [
          "Making abortion legal is for the benefit of the lower and middle income families.",
          "Whereas the lower income earners cannot and therefore have to go to the unsafe places where they put their lives at risk."
        ]
      },
      {
        "point_number": 12,
        "point_content": "Women should have the right to choose abortion in cases of rape to avoid reliving the trauma every day.",
        "spans": [
          "Should a female family member of yours become pregnant through something like rape, be honest before you answer this.",
          "Why should a woman be forced to relive the memory of something as degrading as rape, every single day of her life, because society is stuck in the dark ages."
        ]
      },
      {
        "point_number": 13,
        "point_content": "Raising a child successfully requires commitment and financial resources; being forced to have a child unprepared is worse than abortion.",
        "spans": [
          "Let me conclude by saying that raising a child successfully, requires commitment and financial resources.",
          "If a woman is not ready and prepared with these resources, it will be in their best interest to not have the child. Being forced to have a child under those conditions is worse than her having an abortion."
        ]
      },
      {
        "point_number": 14,
        "point_content": "Abortion should be legal or illegal based on personal opinion, but education on contraceptives is essential to reduce unwanted pregnancies.",
        "spans": [
          "Abortion should be legal or remain illegal will always be a matter of personal opinion.",
          "It is time that we start educating young adults with regards to contraceptives and responsibilities."
        ]
      }
    ],
    "clueweb22-en0002-18-05114": [
      {
        "point_number": 1,
        "point_content": "A 59% majority of U.S. adults say abortion should be legal in all or most cases, while 39% think abortion should be illegal in all or most cases.",
        "spans": [
          "Today, a 59% majority of U.S. adults say abortion should be legal in all or most cases, while 39% think abortion should be illegal in all or most cases."
        ]
      },
      {
        "point_number": 2,
        "point_content": "Most women believe abortion should be legal because of personal reasons such as financial inability or unplanned pregnancy.",
        "spans": [
          "Most of the women have a mindset of “My body My choice.”",
          "Whether it is because they can not financially take care of a kid or if it wasn’t a pregnancy that they wanted to happen."
        ]
      },
      {
        "point_number": 3,
        "point_content": "Low-income women, young women, and women of color are disproportionately affected by abortion restrictions.",
        "spans": [
          "Low-income women, young women, and women of color are disproportionately affected by abortion restrictions."
        ]
      },
      {
        "point_number": 4,
        "point_content": "75% of abortion patients in the United States are poor or low-income; 60% are in their twenties; racial demographics of abortion patients are 39% white, 28% black, 25% Hispanic, and 6% Asian/Pacific Islander.",
        "spans": [
          "According to the Guttmacher Institute, 75% of abortion patients in the United States are poor or low-income. Sixty percent are in their twenties. While whites make up 39% of abortion patients in the United States, blacks make up 28%, Hispanics make up 25%, and Asian/Pacific Islanders make up 6%."
        ]
      },
      {
        "point_number": 5,
        "point_content": "People who think abortion should be illegal argue that a fetus will grow into a human and question why to participate in sexual activities if one cannot accept the consequences.",
        "spans": [
          "On the other hand, people think it should be illegal because even if it’s a small fetus it’s still going to grow up into a human, the other percent of people who believe it should be illegal determine that by their feelings.",
          "In the main debate, the illegal side always says,  “why to participate in sexual activities if you can’t accept the consequences after.”"
        ]
      },
      {
        "point_number": 6,
        "point_content": "The legal side argues that pregnancy can be unplanned or due to rape, and women should not be forced to take care of a child they never planned for.",
        "spans": [
          "To which the legal side replies with, “it’s not always something planned, pregnancy can also happen due to rape why  should a young girl or a woman have to take care of a kid they never had planned or had intentions to it.”"
        ]
      }
    ],
    "clueweb22-en0024-94-06405": [
      {
        "point_number": 1,
        "point_content": "The US Supreme Court has declared abortion to be a fundamental right guaranteed by the US Constitution.",
        "spans": [
          "The US Supreme Court has declared abortion to be a fundamental right guaranteed by the US Constitution.",
          "The landmark abortion case Roe v. Wade, decided on Jan. 22, 1973 in favor of abortion rights, remains the law of the land."
        ]
      },
      {
        "point_number": 2,
        "point_content": "Proponents argue abortion is a woman’s right that should not be limited by government or religion, and illegal abortion leads to unsafe procedures.",
        "spans": [
          "Proponents, identifying themselves as pro-choice, contend that choosing abortion is a woman’s right that should not be limited by governmental or religious authority, and which outweighs any right claimed for an embryo or fetus.",
          "They say that pregnant women will resort to unsafe illegal abortions if there is no legal option."
        ]
      },
      {
        "point_number": 3,
        "point_content": "Opponents argue abortion is the immoral killing of an innocent human being, as life begins at fertilization.",
        "spans": [
          "Opponents, identifying themselves as pro-life, contend that\u0000individual human life\u0000begins at fertilization, and therefore abortion is the immoral killing of an innocent human being.",
          "They say abortion inflicts suffering on the unborn child, and that it is unfair to allow abortion when couples who cannot biologically conceive are waiting to adopt."
        ]
      },
      {
        "point_number": 4,
        "point_content": "Personhood begins after viability or birth, not at conception, according to pro-choice arguments.",
        "spans": [
          "Personhood begins after a fetus becomes \u00153iable\u00154 (able to survive outside the womb) or after birth, not at conception.",
          "The majority opinion in Roe v. Wade states that \u00153he word \u0002person,\u0002 as used in the Fourteenth Amendment [of the US Constitution], does not include the unborn.\u00154"
        ]
      },
      {
        "point_number": 5,
        "point_content": "Access to legal abortions reduces maternal injury and death caused by unsafe, illegal abortions.",
        "spans": [
          "Access to legal, professionally-performed abortions reduces maternal injury and death caused by unsafe, illegal abortions.",
          "In 1972, there were 39 maternal deaths from illegal abortions. By 1976, after Roe v. Wade had legalized abortion nationwide, this number dropped to two."
        ]
      },
      {
        "point_number": 6,
        "point_content": "Modern abortion procedures are safe and do not cause lasting health issues such as cancer and infertility.",
        "spans": [
          "Modern abortion procedures are safe and do not cause lasting health issues such as cancer and infertility.",
          "A peer-reviewed study published by Obstetrics & Gynecology reported that less than one quarter of one percent of abortions lead to major health complications.",
          "The American Medical Association and the American College of Obstetricians and Gynecologists stated \u00153bortion is one of the safest medical procedures performed in the United States.\u00154"
        ]
      },
      {
        "point_number": 7,
        "point_content": "Women who receive abortions are less likely to suffer mental health problems than women denied abortions.",
        "spans": [
          "Women who receive abortions are less likely to suffer mental health problems than women denied abortions.",
          "A peer-reviewed study comparing the mental health of women who received abortions to women denied abortions found that women who were denied abortions \u00153felt more regret and anger\u00154 and \u00153less relief and happiness\u00154 than women who had abortions."
        ]
      },
      {
        "point_number": 8,
        "point_content": "Abortion is considered murder by opponents, as unborn babies are human beings with a right to life.",
        "spans": [
          "Abortion is murder.",
          "The killing of an innocent human being is wrong, even if that human being has yet to be born.",
          "Life begins at conception, so unborn babies are human beings with a right to life."
        ]
      },
      {
        "point_number": 9,
        "point_content": "Opponents argue fetuses feel pain during abortion procedures.",
        "spans": [
          "Fetuses feel pain during the abortion procedure.",
          "Maureen Condic, PhD, Associate Professor of Neurobiology and Anatomy and Adjunct Associate Professor of Pediatrics at the University of Utah School of Medicine, explains that the \u00153most primitive response to pain, the spinal reflex,\u00154 is developed by eight weeks gestation, and adds that \u00153There is universal agreement that pain is detected by the fetus in the first trimester.\u00154"
        ]
      },
      {
        "point_number": 10,
        "point_content": "The decision in Roe v. Wade was wrong and should be overturned according to some opponents.",
        "spans": [
          "The decision in Roe v. Wade was wrong and should be overturned.",
          "US Supreme Court Justice Antonin Scalia stated that the right to privacy defended in Roe v. Wade is \u00153utterly idiotic\u00154 and should not be considered binding precedent: \u00153There is no right to privacy [in the US Constitution].\u00154"
        ]
      }
    ],
    "clueweb22-en0030-46-09582": [
      {
        "point_number": 1,
        "point_content": "The Supreme Court ruled that an anti-abortion law violated a woman’s constitutional right to privacy.",
        "spans": [
          "the Supreme Court ruled that an anti-abortion law violated a woman’s constitutional right to privacy"
        ]
      },
      {
        "point_number": 2,
        "point_content": "The right to privacy and the choice for abortion is solely dependent on the person(s) involved and should not be rescinded by a superior authority.",
        "spans": [
          "The right to privacy and the choice for abortion is solely dependent on the person(s) involved and should not be rescinded by a superior authority"
        ]
      },
      {
        "point_number": 3,
        "point_content": "Pro-choice argument that if abortion rights are overturned, women will be forced away from safe and reliable sources and into the hands of unsafe and uncaring opportunists.",
        "spans": [
          "women will be forced away from safe and reliable sources and into the hands οf unsafe and uncaring opportunists"
        ]
      },
      {
        "point_number": 4,
        "point_content": "States impose severe restrictions on access to abortion services, particularly for poor women.",
        "spans": [
          "allowing states to impose severe restrictions on access to abortion services, particularly for poor women"
        ]
      },
      {
        "point_number": 5,
        "point_content": "Without the right to take charge of our personal lives and our destinies, our other rights are virtually meaningless.",
        "spans": [
          "without the right to take charge οf our personal lives and our destinies, our other rights are virtually meaningless"
        ]
      },
      {
        "point_number": 6,
        "point_content": "Anti-abortion argument that abortion is not a solution to break poverty or overcome planned goals to education and careers but undermines ideals previous black leaders stood for.",
        "spans": [
          "abortion is not a solution to break poverty or overcome planned goals to ones education and careers but that is undermines the ideals previous black leaders stood for"
        ]
      },
      {
        "point_number": 7,
        "point_content": "400,000 black babies are aborted each year; black people make up 12 percent of the population yet 25 percent of abortions are by black women.",
        "spans": [
          "400,000 black babies are aborted each year",
          "In the United States, black people make up 12 percent οf the population yet 25 percent οf abortions are by black women"
        ]
      },
      {
        "point_number": 8,
        "point_content": "An abortion cheats us of the future that can never be recovered.",
        "spans": [
          "she believes that an abortion cheats us οf the future that can never be recovered"
        ]
      },
      {
        "point_number": 9,
        "point_content": "Pamela Carr is anti-abortion and believes in fixing and coping with the situation and not ending it in termination.",
        "spans": [
          "Carr believes in fixing and coping with the situation and not ending it in termination"
        ]
      },
      {
        "point_number": 10,
        "point_content": "The author favors pro-choice and believes others should make their own decisions in life.",
        "spans": [
          "My decision favors more towards the pro-choice decision. Let others make their own decisions in life"
        ]
      },
      {
        "point_number": 11,
        "point_content": "If someone believes they will not make a good mother or parent, that it is not the right time, that they are unprepared, or a pregnancy will infringe upon their future, they should have that right.",
        "spans": [
          "If someone believes they will not make a good mother or parent, that it is not the right time, that they are unprepared, or a pregnancy will infringe upon their future, they should have that right"
        ]
      },
      {
        "point_number": 12,
        "point_content": "Abortion is extremely safe in this country, far safer than it was prior to Roe v. Wade when the procedure was illegal in many states.",
        "spans": [
          "Abortion is extremely safe in this country-far safer than it was prior to Roe v.Wade, when the procedure was illegal in many states"
        ]
      },
      {
        "point_number": 13,
        "point_content": "Before legalization, women who could not afford to travel to states where abortion was legal turned to illegal, secretive procedures, resulting in serious health complications and sometimes death.",
        "spans": [
          "before it was legalized, less abundant women who could not afford to travel to states where abortion was legal commonly turned to illegal, secretive procedures, which often resulted in serious health complications and sometimes death"
        ]
      },
      {
        "point_number": 14,
        "point_content": "Opponents limit choices by mandatory waiting periods, biased counseling, parental consent laws, limited public funding, making it difficult to obtain safe, legal abortions.",
        "spans": [
          "mandatory waiting periods before the procedure can be performed; biased counseling sessions; parental consent laws; limited public funding for those who can’t afford the procedure. These and other limitations on freedom οf choice have made it increasingly difficult for women to obtain safe, legal abortions"
        ]
      },
      {
        "point_number": 15,
        "point_content": "Unintended pregnancies are a major reason for pro-choice; women are concerned about how having a baby would change their lives.",
        "spans": [
          "Unintended pregnancies are another major supportive focal point for pro-choice. The reasons most often given by women for choosing to have an abortion are concern about how having a baby would change their lives"
        ]
      },
      {
        "point_number": 16,
        "point_content": "Women feel they are not mature enough to have a child and have financial problems, influencing the decision to have an abortion.",
        "spans": [
          "The feeling that they are not mature enough to have a child and having financial problems also is a great concern"
        ]
      },
      {
        "point_number": 17,
        "point_content": "Nearly four in 10 pregnancies worldwide are unplanned.",
        "spans": [
          "of the estimated 210 million pregnancies that occur annually around the world, nearly four in 10 are unplanned"
        ]
      },
      {
        "point_number": 18,
        "point_content": "In the absence of stronger contraceptive programs, women may turn more frequently to abortion, even unsafe abortion, as the primary means to limit childbearing.",
        "spans": [
          "In the absence οf stronger contraceptive programs, however, women may turn more frequently to abortion, even unsafe abortion, if it is the primary means available to limit their childbearing"
        ]
      },
      {
        "point_number": 19,
        "point_content": "Better and more contraceptive services are essential to avoid frequent abortions.",
        "spans": [
          "To avoid this situation, better and more contraceptive services are essential"
        ]
      },
      {
        "point_number": 20,
        "point_content": "Abortion rates have declined or are beginning to decline due to increased availability, acceptance, and effective use of contraceptive services.",
        "spans": [
          "In much οf the world, abortion rates have already declined or are beginning to do so. In most cases, the declines have been made possible by the increased availability, greater acceptance and more effective use οf contraceptive services"
        ]
      }
    ],
    "clueweb22-en0018-14-08347": [
      {
        "point_number": 1,
        "point_content": "A majority of Americans support legal abortion in all or most cases.",
        "spans": [
          "59% majority of U.S. adults say abortion should be legal in all or most cases"
        ]
      },
      {
        "point_number": 2,
        "point_content": "There is a significant partisan divide on abortion, with Democrats more likely to support legal abortion than Republicans.",
        "spans": [
          "Democrats and Democratic-leaning independents are 45 percentage points more likely than Republicans and Republican leaners to say abortion should be legal in all or most cases (80% vs. 35%)"
        ]
      },
      {
        "point_number": 3,
        "point_content": "Support for legal abortion among Democrats has increased over time, while support among Republicans has remained steady.",
        "spans": [
          "Support among Democrats has risen by nearly 20 points since then, and 80% now say abortion should be legal in all or most cases.",
          "Views among Republicans have remained relatively steady during this period. In 2007, around four-in-ten Republicans (39%) said abortion should be legal in all or most cases; today, 35% say this."
        ]
      },
      {
        "point_number": 4,
        "point_content": "There are ideological differences within parties, with conservative Republicans less likely to support legal abortion than moderate and liberal Republicans.",
        "spans": [
          "Among Republicans and Republican-leaning independents, 59% of moderates and liberals say abortion should legal in all or most cases, compared with just 22% of conservative Republicans."
        ]
      },
      {
        "point_number": 5,
        "point_content": "Support for legal abortion varies by race, ethnicity, education, and religious affiliation.",
        "spans": [
          "Majorities of adults across racial and ethnic groups say abortion should be legal in all or most cases.",
          "Support for legal abortion is greater among those with higher levels of education.",
          "White evangelical Protestants continue to be opposed to abortion in all or most cases.",
          "Religious “nones” – those who are religiously unaffiliated – overwhelmingly support legal abortion."
        ]
      },
      {
        "point_number": 6,
        "point_content": "There is a modest gender divide in support for legal abortion, with women slightly more supportive than men.",
        "spans": [
          "56% of men and 62% of women say it should be legal in at least most cases."
        ]
      }
    ],
    "null": [],
    "clueweb22-en0008-13-10774": [
      {
        "point_number": 1,
        "point_content": "Abortion should be illegal because it takes the life of a human being.",
        "spans": [
          "Abortion needs to be eliminated because abortion takes the life of a human being"
        ]
      },
      {
        "point_number": 2,
        "point_content": "Most religions forbid abortion as it is considered killing innocent babies.",
        "spans": [
          "Most religions, if not all, don’t allow abortion or the killing of innocent babies.",
          "Muslims, Christians and Jews believe that abortion is forbidden.",
          "Muslims believe that abortion is wrong and haram (forbidden).",
          "Having an abortion is no different than killing an innocent life.",
          "Not only Muslims prohibit abortion, but Hindu also believe abortion is forbidden.",
          "Hindu scriptures refer to abortion as garha-batta (womb killing) and the Atharva Veda describes abortionists as the greatest of sinners.",
          "many Christians believe that abortion is wrong because of their belief that the act of abortion is murdering an unborn baby."
        ]
      },
      {
        "point_number": 3,
        "point_content": "Abortion has health risks including increased risk of premature birth in future pregnancies.",
        "spans": [
          "Another reason abortion should be illegal is because of health risks.",
          "Research has found that women who have abortions are at risk of severe health problems.",
          "A new study shows that surgical abortion can increase the risk of premature birth in future pregnancy."
        ]
      },
      {
        "point_number": 4,
        "point_content": "Abortion is equivalent to murder as both involve killing a soul that wants to live.",
        "spans": [
          "having an abortion is just like murdering another person.",
          "both are souls that want to live."
        ]
      },
      {
        "point_number": 5,
        "point_content": "Abortion should be illegal except when the mother's life is in danger.",
        "spans": [
          "abortion needs to be eliminated and illegal and be only applicable in law as an option when the mother’s life is in danger."
        ]
      }
    ],
    "clueweb22-en0017-33-03101": [
      {
        "point_number": 1,
        "point_content": "Abortion is the removal of an embryo or fetus from the uterus in order to end a pregnancy.",
        "spans": [
          "An abortion is the removal of an embryo or fetus from the uterus in order to end a pregnancy (Daum, 2012)."
        ]
      },
      {
        "point_number": 2,
        "point_content": "Some people believe abortion should be legal (Pro-abortionist) and others believe it should be illegal (Anti-abortionist).",
        "spans": [
          "Some people are Pro-abortionist, meaning that they believe it should be legal. Others are Anti-abortionist; they believe it should be illegal."
        ]
      },
      {
        "point_number": 3,
        "point_content": "The Roe vs. Wade case in the 1970s was a pivotal moment in the abortion debate, leading to the legalization of abortion in the US.",
        "spans": [
          "The ongoing debate of whether abortion should remain legal or illegal aroused in the 1970’s during the Roe vs. Wade case.",
          "In 1969, Norma L. Mc Corvey known as Jane Roe discovered she was pregnant with her third child.",
          "Abortion was only legal in cases of rape or incest in Texas at the time.",
          "Jane Roe then filed suit in a U.S District Court in Texas, alleging that the abortion law in Texas violated her constitutional rights and the rights of other women.",
          "The Supreme Court sided with Roe and in 1973 “the US Supreme Courts declared the procedure of abortion a fundamental right” (Lewis, 2012), legalizing abortion throughout the US."
        ]
      },
      {
        "point_number": 4,
        "point_content": "There is a debate on whether abortion is murder, with some arguing that human life begins at conception, making abortion the killing of a human being.",
        "spans": [
          "Is abortion murder?",
          "Many Pro-abortionist think that abortion is not murder, but in fact “Dr. Micheline M. Mathews-Roth, Harvard Medical School, referenced medical textbooks that claimed that human life begins at conception” (Rose, 2009).",
          "Therefore, the fetus or embryo is actually a human.",
          "When a woman gets an abortion, it stops the life and growth of a human being, killing them."
        ]
      }
    ]
  }
}