{
  "question": "should abortion be legal or illegal?",
  "key_points": [
    {
      "point_number": 1,
      "point_content": "The decision to have a legal or illegal abortion should not be made by the government or legislation, as they are not the ones who will struggle with raising an unwanted child after birth.",
      "original_point_number": [
        1
      ]
    },
    {
      "point_number": 2,
      "point_content": "Women should have the right to choose abortion, as it benefits them by providing choices, financial success, career prioritization, and the ability to avoid bringing babies with life-threatening conditions into the world.",
      "original_point_number": [
        2,
        3,
        4,
        6
      ]
    },
    {
      "point_number": 3,
      "point_content": "Legal abortion reduces crime and poverty by preventing unwanted teenage pregnancies that lead to financial hardship and crime, and benefits lower and middle income families by providing safer options than illegal clinics.",
      "original_point_number": [
        5,
        11
      ]
    },
    {
      "point_number": 4,
      "point_content": "Not making abortion legal leads to unsafe illegal abortions and unnecessary deaths, women staying in abusive relationships, and becoming victims of unemployment or welfare.",
      "original_point_number": [
        7,
        10
      ]
    },
    {
      "point_number": 5,
      "point_content": "A woman should not be punished with an unwanted child because accidents happen even with contraceptives, and bringing a child into the world is a lifetime decision that no one should be forced to make, especially a woman.",
      "original_point_number": [
        8,
        9
      ]
    },
    {
      "point_number": 6,
      "point_content": "Women should have the right to choose abortion in cases of rape to avoid reliving the trauma every day.",
      "original_point_number": [
        12
      ]
    },
    {
      "point_number": 7,
      "point_content": "Raising a child successfully requires commitment and financial resources; being forced to have a child unprepared is worse than abortion.",
      "original_point_number": [
        13
      ]
    },
    {
      "point_number": 8,
      "point_content": "Abortion should be legal or illegal based on personal opinion, but education on contraceptives is essential to reduce unwanted pregnancies.",
      "original_point_number": [
        14
      ]
    },
    {
      "point_number": 9,
      "point_content": "A majority of U.S. adults (59%) say abortion should be legal in all or most cases, while 39% think abortion should be illegal in all or most cases; most women support legal abortion for personal reasons such as financial inability or unplanned pregnancy.",
      "original_point_number": [
        15,
        16
      ]
    },
    {
      "point_number": 10,
      "point_content": "Low-income women, young women, and women of color are disproportionately affected by abortion restrictions; 75% of abortion patients in the U.S. are poor or low-income, 60% are in their twenties, and racial demographics are 39% white, 28% black, 25% Hispanic, and 6% Asian/Pacific Islander.",
      "original_point_number": [
        17,
        18
      ]
    },
    {
      "point_number": 11,
      "point_content": "Opponents of abortion argue that a fetus will grow into a human and question why to participate in sexual activities if one cannot accept the consequences; they consider abortion immoral killing of an innocent human being, as life begins at fertilization, and that fetuses feel pain during abortion procedures.",
      "original_point_number": [
        19,
        23,
        28,
        29
      ]
    },
    {
      "point_number": 12,
      "point_content": "Proponents argue that pregnancy can be unplanned or due to rape, and women should not be forced to take care of a child they never planned for; abortion is a woman’s right that should not be limited by government or religion, and illegal abortion leads to unsafe procedures.",
      "original_point_number": [
        20,
        22
      ]
    },
    {
      "point_number": 13,
      "point_content": "Personhood begins after viability or birth, not at conception, according to pro-choice arguments.",
      "original_point_number": [
        24
      ]
    },
    {
      "point_number": 14,
      "point_content": "Access to legal abortions reduces maternal injury and death caused by unsafe, illegal abortions; modern abortion procedures are safe and do not cause lasting health issues such as cancer and infertility; women who receive abortions are less likely to suffer mental health problems than women denied abortions.",
      "original_point_number": [
        25,
        26,
        27
      ]
    },
    {
      "point_number": 15,
      "point_content": "Some opponents believe the decision in Roe v. Wade was wrong and should be overturned; the Supreme Court ruled that an anti-abortion law violated a woman’s constitutional right to privacy; the US Supreme Court has declared abortion to be a fundamental right guaranteed by the US Constitution.",
      "original_point_number": [
        30,
        31,
        21
      ]
    },
    {
      "point_number": 16,
      "point_content": "The right to privacy and the choice for abortion is solely dependent on the person(s) involved and should not be rescinded by a superior authority.",
      "original_point_number": [
        32
      ]
    },
    {
      "point_number": 17,
      "point_content": "If abortion rights are overturned, women will be forced away from safe and reliable sources and into the hands of unsafe and uncaring opportunists.",
      "original_point_number": [
        33
      ]
    },
    {
      "point_number": 18,
      "point_content": "States impose severe restrictions on access to abortion services, particularly for poor women; opponents limit choices by mandatory waiting periods, biased counseling, parental consent laws, limited public funding, making it difficult to obtain safe, legal abortions.",
      "original_point_number": [
        34,
        44
      ]
    },
    {
      "point_number": 19,
      "point_content": "Without the right to take charge of personal lives and destinies, other rights are virtually meaningless.",
      "original_point_number": [
        35
      ]
    },
    {
      "point_number": 20,
      "point_content": "Anti-abortion argument that abortion is not a solution to break poverty or overcome planned goals to education and careers but undermines ideals previous black leaders stood for; 400,000 black babies are aborted each year; black people make up 12% of the population yet 25% of abortions are by black women.",
      "original_point_number": [
        36,
        37
      ]
    },
    {
      "point_number": 21,
      "point_content": "An abortion cheats us of the future that can never be recovered; some anti-abortion advocates believe in fixing and coping with the situation rather than termination.",
      "original_point_number": [
        38,
        39
      ]
    },
    {
      "point_number": 22,
      "point_content": "The author favors pro-choice and believes others should make their own decisions in life; if someone believes they will not make a good parent or are unprepared, they should have the right to abortion.",
      "original_point_number": [
        40,
        41
      ]
    },
    {
      "point_number": 23,
      "point_content": "Abortion is extremely safe in the U.S., far safer than prior to Roe v. Wade when it was illegal in many states; before legalization, women who could not afford to travel to states where abortion was legal turned to illegal, secretive procedures, resulting in serious health complications and sometimes death.",
      "original_point_number": [
        42,
        43
      ]
    },
    {
      "point_number": 24,
      "point_content": "Unintended pregnancies are a major reason for pro-choice; women are concerned about how having a baby would change their lives, feeling not mature enough or having financial problems influencing the decision to have an abortion; nearly four in 10 pregnancies worldwide are unplanned.",
      "original_point_number": [
        45,
        46,
        47
      ]
    },
    {
      "point_number": 25,
      "point_content": "In the absence of stronger contraceptive programs, women may turn more frequently to abortion, even unsafe abortion, as the primary means to limit childbearing; better and more contraceptive services are essential to avoid frequent abortions; abortion rates have declined or are beginning to decline due to increased availability, acceptance, and effective use of contraceptive services.",
      "original_point_number": [
        48,
        49,
        50
      ]
    },
    {
      "point_number": 26,
      "point_content": "A majority of Americans support legal abortion in all or most cases; there is a significant partisan divide with Democrats more likely to support legal abortion than Republicans; support among Democrats has increased over time, while support among Republicans has remained steady; ideological differences exist within parties; support varies by race, ethnicity, education, religious affiliation; and there is a modest gender divide with women slightly more supportive than men.",
      "original_point_number": [
        51,
        52,
        53,
        54,
        55,
        56
      ]
    },
    {
      "point_number": 27,
      "point_content": "Abortion should be illegal because it takes the life of a human being; most religions forbid abortion as it is considered killing innocent babies; abortion has health risks including increased risk of premature birth in future pregnancies; abortion is equivalent to murder as both involve killing a soul that wants to live; abortion should be illegal except when the mother's life is in danger.",
      "original_point_number": [
        57,
        58,
        59,
        60,
        61
      ]
    },
    {
      "point_number": 28,
      "point_content": "Abortion is the removal of an embryo or fetus from the uterus in order to end a pregnancy.",
      "original_point_number": [
        62
      ]
    },
    {
      "point_number": 29,
      "point_content": "There is a debate on whether abortion is murder, with some arguing that human life begins at conception, making abortion the killing of a human being; some people believe abortion should be legal (pro-abortionist) and others believe it should be illegal (anti-abortionist).",
      "original_point_number": [
        63,
        65
      ]
    }
  ]
}