{
  "question": "why did gas prices jump",
  "key_points": [
    {
      "point_number": 1,
      "point_content": "Gas prices dropped to historic lows during the height of the pandemic due to a sharp decline in travel and demand, but are now starting to rise again as travel increases and demand recovers.",
      "original_point_number": [
        1,
        2,
        42,
        43,
        13,
        28
      ]
    },
    {
      "point_number": 2,
      "point_content": "OPEC and U.S. independent producers have limited oil production; OPEC cut production quickly in early 2020 but has been slow to increase output, contributing to higher crude and gas prices.",
      "original_point_number": [
        3,
        15,
        17,
        45
      ]
    },
    {
      "point_number": 3,
      "point_content": "Supply disruptions including harsh winter weather, refinery outages, hurricanes (notably Hurricane Ida), cyberattacks, and shortages of tanker drivers have reduced refining and production capacity, impacting gas prices.",
      "original_point_number": [
        5,
        6,
        9,
        10,
        11,
        12,
        46
      ]
    },
    {
      "point_number": 4,
      "point_content": "The loosening of COVID restrictions globally has led to a rapid recovery in global crude oil demand, exceeding expectations and tightening global crude markets.",
      "original_point_number": [
        16
      ]
    },
    {
      "point_number": 5,
      "point_content": "Market perceptions of U.S. policies, including the Biden/Harris administration's actions perceived as inhibiting U.S. oil production, have contributed to tightening the global oil market and driving up crude prices.",
      "original_point_number": [
        18,
        24,
        25
      ]
    },
    {
      "point_number": 6,
      "point_content": "While some believe presidential actions hostile to the oil and gas industry have driven up gasoline prices, these actions (such as Keystone XL cancellation and leasing suspensions) impact oil supplies only in the longer term and did not cause the recent jump in prices.",
      "original_point_number": [
        23,
        24,
        25,
        26,
        29
      ]
    },
    {
      "point_number": 7,
      "point_content": "Gasoline prices are influenced by refinery maintenance and seasonal changeover to summer gasoline blends, which raise refining and transportation costs and are factored into prices during these months.",
      "original_point_number": [
        19
      ]
    },
    {
      "point_number": 8,
      "point_content": "Geopolitical events, including the war in Ukraine and concerns about reduced Russian oil entering the global market, have caused crude prices to increase, affecting gas prices.",
      "original_point_number": [
        20,
        21,
        36
      ]
    },
    {
      "point_number": 9,
      "point_content": "Gasoline prices are higher this year by $1.02 per gallon compared to a year ago, reaching levels not seen since 2014.",
      "original_point_number": [
        22
      ]
    },
    {
      "point_number": 10,
      "point_content": "Gasoline prices are almost exclusively correlated with underlying changes in oil prices, with a 96.8% correlation over the past 20 years.",
      "original_point_number": [
        27
      ]
    },
    {
      "point_number": 11,
      "point_content": "Gasoline prices are influenced by supply and demand dynamics, commodities traders' futures contracts, and the value of the U.S. dollar; for example, increased oil supply in 2014 caused prices to fall, while a declining dollar tends to increase prices.",
      "original_point_number": [
        38,
        39,
        40,
        41
      ]
    },
    {
      "point_number": 12,
      "point_content": "Europe's natural gas prices have spiked due to insufficient gas storage caused by an unusually long winter and cold April, reduced wind power generation, supply disruptions from Russia and Norway, limited LNG from the US, and strategic decisions by Russia affecting gas supply dynamics.",
      "original_point_number": [
        30,
        31,
        32,
        33,
        34,
        35
      ]
    },
    {
      "point_number": 13,
      "point_content": "Natural gas prices jumped higher in early 2022 due to geopolitical tensions involving Russia and Ukraine.",
      "original_point_number": [
        36
      ]
    }
  ]
}