{
  "question": "who do you feel should be responsible for determining how team resources are used?",
  "key_points": [
    {
      "point_number": 1,
      "point_content": "A team leader is responsible for overseeing all activities within a team, including managing and allocating team resources, organizing tasks, employees, and documents, deciding how to approach tasks and develop plans, delegating tasks based on team members' strengths and weaknesses, and managing conflict.",
      "original_point_number": [
        1,
        2,
        3,
        4,
        5,
        11,
        12
      ]
    },
    {
      "point_number": 2,
      "point_content": "Management determines the most effective course of action to maximize the effective use of limited resources and gain the best return on investment.",
      "original_point_number": [
        6
      ]
    },
    {
      "point_number": 3,
      "point_content": "Educating people, especially management, was critical to getting resource management accepted as part of the project planning process.",
      "original_point_number": [
        7
      ]
    },
    {
      "point_number": 4,
      "point_content": "Project managers and their teams communicate through internal project reporting and other channels, schedule staff across different projects based on priorities, and need insight into what everyone is working on and the level of effort involved in all tasks.",
      "original_point_number": [
        8,
        9,
        10
      ]
    }
  ]
}