{
  "question": "how does music influence mood and behaviour",
  "key_points": {
    "clueweb22-en0023-38-01013": [
      {
        "point_number": 1,
        "point_content": "Music can lift mood and reduce anxiety, even sad music can bring pleasure and comfort to most listeners.",
        "spans": [
          "New research shows that even sad music can lift your mood, while other studies suggest music can boost happiness and reduce anxiety.",
          "Even sad music brings most listeners pleasure and comfort, according to recent research from Durham University in the United Kingdom and the University of Jyväskylä in Finland, published in PLOS ONE."
        ]
      },
      {
        "point_number": 2,
        "point_content": "Sad music can cause negative feelings of grief for some people, but it also helps regulate mood and provides comfort, relief, and enjoyment.",
        "spans": [
          "Conversely, the study found that for some people, sad music can cause negative feelings of profound grief.",
          "The results help us to pinpoint the ways people regulate their mood with the help of music, as well as how music rehabilitation and music therapy might tap into these processes of comfort, relief, and enjoyment,",
          "He also said the study may help find reasons for both listening to and avoiding sad music."
        ]
      },
      {
        "point_number": 3,
        "point_content": "People tend to prefer sad music when experiencing deep interpersonal loss as it provides a substitute for the lost relationship, similar to an empathic friend.",
        "spans": [
          "An earlier study, published in the Journal of Consumer Research, found that people tend to prefer sad music when they are experiencing a deep interpersonal loss, like the end of a relationship.",
          "The authors of that study suggested that sad music provides a substitute for the lost relationship. They compared it to the preference most people have for an empathic friend — someone who truly understands what you’re going through."
        ]
      },
      {
        "point_number": 4,
        "point_content": "Upbeat music can improve mood and boost happiness in a short time, which is linked to better physical health, higher income, and greater relationship satisfaction.",
        "spans": [
          "A 2013 study in the Journal of Positive Psychology found that people who listened to upbeat music could improve their moods and boost their happiness in just two weeks.",
          "And a happier mood brings benefits beyond feeling good. In a press release, lead study author, Yuna Ferguson, noted that happiness has been linked to better physical health, higher income, and greater relationship satisfaction."
        ]
      },
      {
        "point_number": 5,
        "point_content": "Music therapy can manage stress, enhance memory, alleviate pain, and reduce anxiety and depression, improving mood and quality of life.",
        "spans": [
          "The American Music Therapy Association (AMTA) reports that music therapy programs can be designed to achieve goals such as managing stress, enhancing memory, and alleviating pain.",
          "A 2015 review in The Lancet found that people who listened to music before, during, or after surgery experienced less pain and anxiety, compared to patients who did not listen to music.",
          "A recent review in the World Journal of Psychiatry found that music therapy can be an effective treatment for mood disorders related to neurological conditions, including Parkinson’s disease, dementia, stroke, and multiple sclerosis.",
          "After reviewing 25 trials, the researchers concluded that music is a valid therapy to potentially reduce depression and anxiety, as well as to improve mood, self-esteem, and quality of life."
        ]
      },
      {
        "point_number": 6,
        "point_content": "Listening to self-chosen music before, during, or after surgery can reduce pain and anxiety and decrease the need for pain medication.",
        "spans": [
          "The people who experienced a slightly greater, but nonsignificant, reduction in pain, and needed the least pain medication, were the ones who got to pick their own music.",
          "A 2015 review in The Lancet found that people who listened to music before, during, or after surgery experienced less pain and anxiety, compared to patients who did not listen to music."
        ]
      },
      {
        "point_number": 7,
        "point_content": "Music can enhance brain functions, evoke emotion, help regain memories, stimulate new neural connections, and activate attention.",
        "spans": [
          "Barry Goldstein, a recording artist who has studied the vibrational effects of music for more than 25 years, says music has a profound impact on the brain.",
          "He said music can evoke emotion, help regain memories, stimulate new neural connections, and active attention."
        ]
      },
      {
        "point_number": 8,
        "point_content": "Creating music can improve mood and self-confidence, as demonstrated by a dementia orchestra project.",
        "spans": [
          "While listening to music may bring greater health benefits, creating it can be an effective therapy, too.",
          "A unique orchestra for people with dementia helped improve their mood and boost their self-confidence, according to researchers at the Bournemouth University Dementia Institute (BUDI) in Dorset, U.K."
        ]
      }
    ],
    "clueweb22-en0041-94-20329": [
      {
        "point_number": 1,
        "point_content": "Music can help you stay focused and active, even when you’re carrying out mundane or repetitive tasks.",
        "spans": [
          "music can help you stay focused and active, even when you’re carrying out mundane or repetitive tasks"
        ]
      },
      {
        "point_number": 2,
        "point_content": "Listening to music can help complete tasks more quickly and produce more creative ideas due to its effect on mood.",
        "spans": [
          "She found that those who listened to music completed certain tasks more quickly and produced more creative ideas than others",
          "Lesiuk believes that a large part of this is due to how music affects one’s mood"
        ]
      },
      {
        "point_number": 3,
        "point_content": "Music in the workplace increases productivity for many workers and businesses.",
        "spans": [
          "seventy-three percent of workers were more productive when background music was being played",
          "sixty-five percent of businesses say music in the workplace makes them more productive"
        ]
      },
      {
        "point_number": 4,
        "point_content": "Music can block out the external world and help students remain concentrated on studying.",
        "spans": [
          "music can block out the external world while helping the student remain concentrated on whatever they are studying"
        ]
      },
      {
        "point_number": 5,
        "point_content": "The pace of music played in a car can affect how the driver performs and how fast they drive.",
        "spans": [
          "the pace of music played in a car can affect how the driver performs and how fast they drive"
        ]
      },
      {
        "point_number": 6,
        "point_content": "Mid-tempo music is the safest to drive to, while hip-hop and metal music can lead to risky or faster driving.",
        "spans": [
          "mid-tempo music, such as The Scientist by Coldplay or Cry Me a River by Justin Timberlake were the safest songs to drive to",
          "Hip-hop music resulted in the most dangerous or risky driving",
          "metal resulted in the fastest driving from the male participants"
        ]
      },
      {
        "point_number": 7,
        "point_content": "Listening to sad music can elicit both joyful and melancholy sentiments and can be comforting during painful loss or breakup.",
        "spans": [
          "listening to sad music was able to elicit both joyful and melancholy sentiments",
          "people tend to listen to sad music when they are going through a painful loss or breakup because music can have a comforting and reassuring feeling"
        ]
      },
      {
        "point_number": 8,
        "point_content": "People connect to music that highlights their situation or expresses the emotion they want to achieve, influencing mood accordingly.",
        "spans": [
          "People tend to connect to music most when it tends to highlight their particular situation or express the emotion they are attempting to achieve"
        ]
      },
      {
        "point_number": 9,
        "point_content": "Slow and soft songs can help one stay relaxed and calm, while hip-hop and rock music can make one feel more energized and self-confident.",
        "spans": [
          "if someone is trying to stay relaxed and calm, playing a slow and soft song can be more appropriate",
          "if you want to feel self-confident and hyped up, playing hip-hop and rock music can make you feel more energized"
        ]
      }
    ],
    "null": [],
    "clueweb22-en0033-20-04138": [
      {
        "point_number": 1,
        "point_content": "Listening to happy and upbeat music can improve mood and overall happiness.",
        "spans": [
          "The Journal of Positive Psychology conducted a study in 2013 that discovered that individuals who listened to music that could be classified as happy and upbeat were able to improve their mood and overall happiness in just a few weeks."
        ]
      },
      {
        "point_number": 2,
        "point_content": "Better overall mood is linked to better physical health, higher income, and greater relationship satisfaction.",
        "spans": [
          "Did you know that a better overall mood and demeanor are linked to the following:\nBetter physical health\nHigher income\nGreater relationship satisfaction"
        ]
      },
      {
        "point_number": 3,
        "point_content": "Music therapy can manage mental stress, boost memory, and eliminate pain.",
        "spans": [
          "The American Music Therapy Association details that music therapy programs can be constructed to manage mental stress, boost memory, and even eliminate pain."
        ]
      },
      {
        "point_number": 4,
        "point_content": "Listening to music before, during, or after surgery can reduce pain and anxiety and reduce the need for pain medication.",
        "spans": [
          "A study in 2015 found that people who listened to music before during, or after surgery experienced less pain and anxiety compared to those who didn't listen to music.",
          "The individuals that listened to music during surgery required less pain medication than those that did not enjoy music."
        ]
      },
      {
        "point_number": 5,
        "point_content": "Music can help with chronic conditions such as dementia, stroke, Parkinson's disease, and multiple sclerosis.",
        "spans": [
          "Music can also help with chronic conditions, including dementia, stroke, Parkinson's disease, and multiple sclerosis."
        ]
      },
      {
        "point_number": 6,
        "point_content": "Music is extremely safe, non-invasive, easily accessible, and non-expensive as a mood and health enhancer.",
        "spans": [
          "Music can improve your mood, quality of life, and self-esteem, but it is also:\nExtremely safe\nNon-invasive\nEasily accessible\nNon-expensive"
        ]
      },
      {
        "point_number": 7,
        "point_content": "Music can release dopamine in the brain areas associated with pleasure, enhancing mood and self-confidence.",
        "spans": [
          "It was discovered that music can release dopamine in two main places in the brain, the dorsal and ventral striatum. When you are having a pleasurable experience, such as listening to your favorite song, these areas of the brain light up."
        ]
      },
      {
        "point_number": 8,
        "point_content": "Music influences perception of emotions in others and can evoke old memories and emotions, shaping current feelings.",
        "spans": [
          "In experiments where people looked at a happy face or a sad face, the music they listened to affected how they perceived it.",
          "Music can also stir up old memories without the intention of doing so, bring back old emotions that were experienced at the time, shaping how we feel in the present moment."
        ]
      },
      {
        "point_number": 9,
        "point_content": "Musical patterns affect the auditory cortex and neural reward system, influencing memory and emotion.",
        "spans": [
          "These things happen because musical patterns affect our auditory cortex, which is part of the neural reward system and other areas involved in memory and emotion."
        ]
      },
      {
        "point_number": 10,
        "point_content": "Listening to upbeat music can improve mood and recalling music from happy times can evoke positive emotions.",
        "spans": [
          "Next time you're feeling down, just press play on some upbeat music.",
          "Then, try to remember what music you listened to back then, and play that.\nYou will be flooded with the emotions you experienced at that time, affecting the way you experience the world around you in the present moment."
        ]
      }
    ],
    "clueweb22-en0013-83-05452": [
      {
        "point_number": 1,
        "point_content": "Music-listening is linked to the dopaminergic pathway and can cause 'chills' and emotional responses.",
        "spans": [
          "the relationship between music-listening and the dopaminergic pathway is also behind the “chills” that many people report experiencing during music-listening"
        ]
      },
      {
        "point_number": 2,
        "point_content": "Positive emotions from music can improve cognitive performance and activate brain areas associated with emotions.",
        "spans": [
          "many of the cognitive benefits people experience from music listening actually stem from its effects on emotions, because positive affect can improve cognitive performance",
          "neuroimaging studies have shown that music can activate brain areas that are typically associated with emotions"
        ]
      },
      {
        "point_number": 3,
        "point_content": "Music activates deep brain structures like the amygdala and hippocampus and dopamine pathways associated with pleasure.",
        "spans": [
          "The deep brain structures that are part of the limbic system like the amygdala and the hippocampus, as well as the pathways that transmit dopamine, is associated for pleasure with music-listening"
        ]
      },
      {
        "point_number": 4,
        "point_content": "Fast and loud music can delay reading comprehension and agitate rather than focus the listener.",
        "spans": [
          "A study from the University of Toronto found out that fast and loud music delays reading comprehension",
          "The music agitates rather than focuses the reader"
        ]
      },
      {
        "point_number": 5,
        "point_content": "Loud music can cause ear damage and loss of focus.",
        "spans": [
          "for those who listen loud music can cause ear damage and lost focus"
        ]
      },
      {
        "point_number": 6,
        "point_content": "Different music genres affect mood differently; some music helps focus and calm down, while some can have negative effects.",
        "spans": [
          "I do think music affects people.  I think the type of music you listen to affects your mood",
          "The music helps me focus and calm down to do the work I need to do",
          "I think some pop music affects negatively and some affects positively",
          "I think that rap and r&b music affect you negatively because it has a hard beat and it is too rough"
        ]
      },
      {
        "point_number": 7,
        "point_content": "Pop music can negatively influence teens by referencing sex, drugs, alcohol, violence, and rebellion, affecting mood and behavior.",
        "spans": [
          "pop music is a concern for teens and is a negative influence on teens",
          "Recent American pop songs include references to sex, drugs, alcohol, or violence",
          "Multiple songs also shine the light on rebellion against authority, the “degradation of women or self-destructive behaviors”",
          "It can affect impressionable listeners and affect their mood",
          "others can cause anger, depression, or poor behavior"
        ]
      }
    ],
    "clueweb22-en0038-47-14385": [
      {
        "point_number": 1,
        "point_content": "Music can influence your mood by affecting the human brain emotionally, causing feelings such as joy or relaxation.",
        "spans": [
          "Music can influence your mood",
          "music can affect the human brain emotionally",
          "Happy, upbeat music causes our brains to produce chemicals like dopamine and serotonin, which evokes feelings of joy, whereas calming music relaxes the mind and the body"
        ]
      },
      {
        "point_number": 2,
        "point_content": "Music can act as a natural antidepressant by releasing dopamine and is used in music therapy to help mental health patients.",
        "spans": [
          "the same reaction and release of dopamine can be considered a natural antidepressant",
          "music therapy relies on sensory stimulation to provoke a positive response to certain situations"
        ]
      },
      {
        "point_number": 3,
        "point_content": "Music can reduce stress levels by relaxing the mind and body, lowering blood pressure and cortisol levels.",
        "spans": [
          "Music can reduce your stress levels",
          "Listening to music has the potential to relax our minds as well as our bodies",
          "research has shown that even heavy metal music can help lower your blood pressure",
          "Research has found that symphonic music can lower cortisol levels"
        ]
      }
    ],
    "clueweb22-en0010-74-02925": [
      {
        "point_number": 1,
        "point_content": "Music can evoke extreme feeling in people and affect their behavior.",
        "spans": [
          "Music can evoke extreme feeling in people.  It can also affect the behavior of people."
        ]
      },
      {
        "point_number": 2,
        "point_content": "Most music listeners find music that soothes them or heeds to their emotion, although sometimes the music can control the emotion of the listener.",
        "spans": [
          "Most music listeners find music that soothes them or heeds to their emotion although sometimes the music can control the emotion of the listener."
        ]
      },
      {
        "point_number": 3,
        "point_content": "R&B music has a calming effect and can bring mental relief and healing to someone in distress.",
        "spans": [
          "R&B  music has been know to calm and rationalize someone in a way that other things cannot.",
          "“ R&B  music has a calming effect.  It can bring mental relief and healing to someone in distress. “"
        ]
      },
      {
        "point_number": 4,
        "point_content": "Music has the ability to elicit various emotions such as happiness, sadness, relaxation, frustration and aggression.",
        "spans": [
          "Music has the ability to elicit emotion from its listeners: happiness, sadness, relaxation, frustration and aggression are feelings conjured up by music."
        ]
      },
      {
        "point_number": 5,
        "point_content": "Violent and sexist lyrics in rap music stimulate aggressive behavior and evoke sexist attitudes in listeners.",
        "spans": [
          "Our research showed  that the violent and sexist lyrics found in rap music is a stimulus for aggressive behavior.",
          "Since music drives emotion the violent angry lyrics presented by rap music elicits an aggressive attitude.",
          "These songs activate awareness of sexist beliefs that already existed in the listeners brain and thus evoke a mental association between rap music and sexist attitudes."
        ]
      }
    ],
    "clueweb22-en0006-15-11528": [
      {
        "point_number": 1,
        "point_content": "Music impacts our feelings and mood through mechanisms discovered by brain scans and psychological research.",
        "spans": [
          "Music impacts our feelings and mood",
          "brain scans and psychological research are discovering the mechanisms that lead to mood changes or mood regulation that are associated with music"
        ]
      },
      {
        "point_number": 2,
        "point_content": "People listen to music primarily to regulate mood and stress and to achieve self-awareness.",
        "spans": [
          "Regulating mood and stress (arousal)",
          "Achieving self-awareness"
        ]
      },
      {
        "point_number": 3,
        "point_content": "Certain features of music are common across cultures and regulate or inspire similar emotional experiences.",
        "spans": [
          "Western listeners could tell whether a song was intended to be happy or sad even when it was from an unfamiliar culture",
          "listeners agreed that when songs were soft or slow, they were supposed to reflect sadness; jaunty and fast-paced music at a moderate volume was interpreted as happy",
          "certain features of music are common to all experiences, suggesting that they developed in similar ways to regulate or inspire similar emotional experiences"
        ]
      },
      {
        "point_number": 4,
        "point_content": "Listening to music triggers physical changes indicating emotional arousal and activates brain areas involved in movement and pleasure.",
        "spans": [
          "Listening to music triggers physical changes indicating emotional arousal",
          "Dilated pupils",
          "Rising blood pressure",
          "Faster pulse",
          "Lowered electrical conductance on the skin",
          "Activation of areas of the brain involved in physical movement",
          "The cerebellum is highly activated by our favorite songs",
          "The region of the brain most impacted by almost every type of music in the world is also the area that makes us want to move"
        ]
      },
      {
        "point_number": 5,
        "point_content": "Favorite music releases dopamine in brain areas associated with pleasure, causing emotional and anticipatory responses.",
        "spans": [
          "favorite music releases dopamine in two places in the brain, the dorsal and ventral striatum",
          "music could effectively trigger this release as well",
          "listening to favorite music caused an “anticipatory effect,” similar to a Pavlovian response of excitement"
        ]
      },
      {
        "point_number": 6,
        "point_content": "Music influences emotional perception through a top-down brain process, affecting how listeners perceive their own emotions.",
        "spans": [
          "music deeply impacted what the listeners perceived were their emotions",
          "They concluded that this represented a “top-down process” in the brain",
          "there was an emotional top-down process, similar to the visual top-down process, which occurred when examining one’s own emotions"
        ]
      },
      {
        "point_number": 7,
        "point_content": "Music can activate the amygdala and mesolimbic reward system, similar to emotional responses in animals.",
        "spans": [
          "both birds and humans experienced changes in their amygdala with some kinds of music",
          "Songs that triggered a rush of limerence or new love tapped into the mesolimbic reward system in both humans and birds"
        ]
      },
      {
        "point_number": 8,
        "point_content": "Ambient noise and music without lyrics at moderate volume can improve creativity, mood, and productivity.",
        "spans": [
          "ambient noise at a moderate volume of about 70 decibels, which is about the volume of a vacuum cleaner, could improve creativity",
          "Music without lyrics could be a form of ambient, soothing noise to improve not just mood, but also productivity and creativity"
        ]
      },
      {
        "point_number": 9,
        "point_content": "Listening to upbeat music intentionally can improve mood and happiness over time.",
        "spans": [
          "people who listened to upbeat music improved their moods and happiness, for the long-term, within two weeks",
          "listening to 12 minutes of music associated with positive mood intentionally elevated mood",
          "Those in the second study who were told to focus on being happier while listening to happy music reported greater elevation in mood"
        ]
      }
    ],
    "clueweb22-en0010-64-07057": [
      {
        "point_number": 1,
        "point_content": "Music expresses and modulates emotions, influencing mood by connecting with the listener's deeper self and current emotional state.",
        "spans": [
          "The main purpose of music is to express and modulate emotions.",
          "Music is your sole friend and that is the moment, when you are sad, you understand the lyrics, the emotion of the songwriter and the singer."
        ]
      },
      {
        "point_number": 2,
        "point_content": "Music affects mood by controlling emotions, boosting memory, learning skills, and influencing mood swings.",
        "spans": [
          "Some studies also show listening to music can boost your memory power, learning skills, and may either lighten up or may end up spoiling your mood.",
          "Music goes into the subconscious part of our brain, so choose your playlist accordingly."
        ]
      },
      {
        "point_number": 3,
        "point_content": "Music can change mood instantly and is connected to our inner self, influencing whether we prefer sad or happy music depending on our mood.",
        "spans": [
          "In some cases, we may not be able to control the music, the music may control us and change our mood instantly.",
          "So music is a mind trick that is directly connected to our inner self and mood."
        ]
      },
      {
        "point_number": 4,
        "point_content": "Music helps in managing stress by reducing stress levels and acting as a motivator.",
        "spans": [
          "Music is also good to reduce stress levels.",
          "Music also works as a motivator."
        ]
      },
      {
        "point_number": 5,
        "point_content": "Motivational music encourages success by energizing and motivating individuals to overcome failure and enhance attention.",
        "spans": [
          "If we start listening to motivational music we will automatically feel energetic and encourage ourselves to do it again, that’s the art of music as a motivator.",
          "Music also enhances our attention."
        ]
      },
      {
        "point_number": 6,
        "point_content": "Music increases consciousness level and focusing power, which improves creativity and mindfulness by releasing certain hormones.",
        "spans": [
          "Music indirectly increases our state of consciousness.",
          "Listening to music releases Adrenocorticotrophic (ACTH), Prolactin, and human growth (HGH) hormones. These hormones reduce stress levels and subsequently improve mindfulness."
        ]
      },
      {
        "point_number": 7,
        "point_content": "Music can have an effect similar to meditation, helping listeners to achieve a meditative state and calm their mood.",
        "spans": [
          "Music provides an effect similar to meditation.",
          "Listening to silent kind of music or meditative music helps to be in meditation."
        ]
      },
      {
        "point_number": 8,
        "point_content": "Natural music, such as sounds from nature, positively affects mood by creating a peaceful and happy state.",
        "spans": [
          "The natural music means music that is produced by nature or by the natural environment.",
          "we feel very positive and enjoy the natural music of lakes, hills and birds sounds and which makes our mood in a silent, peaceful and happy state."
        ]
      }
    ],
    "clueweb22-en0000-52-16255": [
      {
        "point_number": 1,
        "point_content": "Music can influence us a lot. It can impact illness, depression, spending, productivity and our perception of the world.",
        "spans": [
          "Research suggests music can influence us a lot. It can impact illness, depression, spending, productivity and our perception of the world."
        ]
      },
      {
        "point_number": 2,
        "point_content": "Some research has suggested music can increase aggressive thoughts, or encourage crime.",
        "spans": [
          "Some research has suggested it can increase aggressive thoughts, or encourage crime."
        ]
      },
      {
        "point_number": 3,
        "point_content": "Violent songs can lead to more aggressive thoughts and feelings, but these effects may be short-lived and dissipate with nonviolent stimuli.",
        "spans": [
          "Another paper, published in 2003 in the Journal of Personality and Social Psychology, reported that music can incite aggressive thoughts and feelings.",
          "The study showed that violent songs led to more aggressive thoughts in three different measures: More aggressive interpretations when looking at ambiguous words, an increased speed with which people read aggressive compared to non-aggressive words and a greater proportion of people completing aggressive words when filling in blanks on forms given to them during the study.",
          "The study adds that the outcomes of hostile thoughts could be short-lived. If the next song's lyrics are nonviolent or if some other nonviolent event occurs, the effects of violent lyrics will dissipate, states the paper."
        ]
      },
      {
        "point_number": 4,
        "point_content": "People who are already prone to violence might be drawn to violent music, but that doesn't mean everyone who enjoys that music is violent.",
        "spans": [
          "People who are already prone to violence might be drawn to violent music, Levitin explained. But that doesn't mean everybody who enjoys hat music is violent."
        ]
      }
    ],
    "clueweb22-en0033-86-11186": [
      {
        "point_number": 1,
        "point_content": "Music and mood are strongly related and music can affect certain moods such as happiness, or sadness. Different genres of music can also have different effects on your mood. Remember, this all happens in your brain so it can affect also your behaviour.",
        "spans": [
          "Music and mood are strongly related and music can affect certain moods such as happiness, or sadness.",
          "Different genres of music can also have different effects on your mood.",
          "Remember, this all happens in your brain so it can affect also your behaviour."
        ]
      },
      {
        "point_number": 2,
        "point_content": "Music can affect your mood in a handful of different ways. It can range from cheering up the flattest of moods to acting as ambient music whilst studying. It can also allow an emotional release if a little cry or mope is simply just what you need.",
        "spans": [
          "Music can affect your mood in a handful of different ways.",
          "It can range from cheering up the flattest of moods to acting as ambient music whilst studying.",
          "It can also allow an emotional release if a little cry or mope is simply just what you need."
        ]
      },
      {
        "point_number": 3,
        "point_content": "Music can have this impact because it is capable of having a positive influence on how our brain functions. In fact, music can improve skills such as memory, speed and focus.",
        "spans": [
          "Music can have this impact because it is capable of having a positive influence on how our brain functions.",
          "In fact, music can improve skills such as memory, speed and focus."
        ]
      },
      {
        "point_number": 4,
        "point_content": "Our mood, mind and music all to create much of who we are and what we do.",
        "spans": [
          "Essentially, our mood, mind and music all to create much of who we are and what we do."
        ]
      },
      {
        "point_number": 5,
        "point_content": "Different genres of music can most definitely affect your mood, but not always in the way you’d expect.",
        "spans": [
          "Different genres of music can most definitely affect your mood, but not always in the way you’d expect."
        ]
      },
      {
        "point_number": 6,
        "point_content": "Pop usually has a punchy tempo and bright instrumentation, triggering those endorphins (happy hormones) even more.",
        "spans": [
          "Pop usually has a punchy tempo and bright instrumentation, triggering those endorphins (happy hormones) even more."
        ]
      },
      {
        "point_number": 7,
        "point_content": "Music has so many different elements and sounds that it could potentially have you feeling any of these common moods and more.",
        "spans": [
          "Music has so many different elements and sounds that it could potentially have you feeling any of these common moods and more."
        ]
      },
      {
        "point_number": 8,
        "point_content": "Music’s mood can be defined by its tone and qualities such as instrumentation, tempo, style, rhythm and more.",
        "spans": [
          "Music’s mood can be defined by its tone and qualities such as instrumentation, tempo, style, rhythm and more."
        ]
      },
      {
        "point_number": 9,
        "point_content": "Both sides of your brain will be working at the same time when music is played or if you are playing music yourself.",
        "spans": [
          "Both sides of your brain will be working at the same time when music is played or if you are playing music yourself."
        ]
      },
      {
        "point_number": 10,
        "point_content": "Those who are singers or musicians have larger and more well-connected brains than those who do not take part in practising music.",
        "spans": [
          "The scans highlight that those who are singers or musicians have larger and more well-connected brains than those who do not take part in practising music (Be Brain Fit)."
        ]
      },
      {
        "point_number": 11,
        "point_content": "Music is really important for keeping your mood well-looked after and your brain functioning healthily.",
        "spans": [
          "Now you are completely clued up on why music is really important for keeping your mood well-looked after and your brain functioning healthily"
        ]
      },
      {
        "point_number": 12,
        "point_content": "Most relate emotional and memorable experiences within their life to certain sad songs, showing the link between music and mood.",
        "spans": [
          "One experiment by Durham University has been carried out with 2,400 people from the UK and Finland. They found that most relate emotional and memorable experiences within their life to certain sad songs. The link between music and mood is obvious in this case, on a very big scale."
        ]
      },
      {
        "point_number": 13,
        "point_content": "Music affects our mood based on how pleasant or unpleasant the song is and how active or sleepy the song is.",
        "spans": [
          "Interestingly, according to Huff Post Australia, there are two important reasons that enable music to affect our mood. These two triggers are how pleasant, or unpleasant the song is and how active or sleepy the song is."
        ]
      },
      {
        "point_number": 14,
        "point_content": "Listening to the right type of music improves our brain areas needed for studying and essays, such as upbeat and punchy music helping to increase our study speed.",
        "spans": [
          "Research has proven that listening to the right type of music improves our (area of the brain we need for studying and essays), such as upbeat and punchy music helping to increase our study speed ."
        ]
      },
      {
        "point_number": 15,
        "point_content": "Listening to music as background music whilst you’re studying is helpful in steering your mood towards a focused state.",
        "spans": [
          "In particular, it’s been noted that listening to music as background music whilst you’re studying is helpful in steering yo ur mood towards a focused state."
        ]
      },
      {
        "point_number": 16,
        "point_content": "Music can help release dopamine, an important body chemical related to the reward system, which links music to mood.",
        "spans": [
          "Your mood relates to music because of the ‘reward system’. This is the role of an important body chemical called dopamine.",
          "Not only is music enjoyable to listen to and perform but it can also help release this chemical in our brain."
        ]
      },
      {
        "point_number": 17,
        "point_content": "Music causes emotional triggers, linking mood to music, as shown by Leonard Meyer's analysis of Beethoven's music where suspense led to unfulfilled mood and resolution led to fulfilment.",
        "spans": [
          "Interestingly, in 1956 Leonard Meyer listened to an iconic musical piece of Beethoven’s. As he listened to the music and analysed it carefully, he noted that any parts of the music that were hel d in suspense led to an unfulfilled mood. If the tension in the music was resolved, a sense of fulfilment could be identified. Essentially, the music caused emotional triggers, linking mood to music. (Cloud Cover Music)."
        ]
      }
    ],
    "clueweb22-en0022-46-15809": [
      {
        "point_number": 1,
        "point_content": "Music can influence us a lot. It can impact illness, depression, spending, productivity and our perception of the world.",
        "spans": [
          "Research suggests music can influence us a lot. It can impact illness, depression, spending, productivity and our perception of the world."
        ]
      },
      {
        "point_number": 2,
        "point_content": "Music can incite aggressive thoughts and feelings, but these effects may be short-lived and influenced by subsequent nonviolent stimuli.",
        "spans": [
          "Another paper, published in 2003 in the Journal of Personality and Social Psychology, reported that music can incite aggressive thoughts and feelings.",
          "The study adds that the outcomes of hostile thoughts could be short-lived. If the next song’s lyrics are nonviolent or if some other nonviolent event occurs, the effects of violent lyrics will dissipate, states the paper."
        ]
      },
      {
        "point_number": 3,
        "point_content": "Classical music was used to deter loitering by causing people who did not identify with it to leave the area.",
        "spans": [
          "Meanwhile, other types of music been been used in attempts to prevent crime, according to musicologist Lily E. Hirsch’s book “ Music in American Crime Prevention and Punishment. ”",
          "In 1996, she wrote, city leaders decided to play classical music to clear young people from the city’s Old Courthouse Square. Many teens didn’t enjoy the music, according to Hirsch, and left the area, which encouraged the city to keep the background music playing.",
          "If you see classical music as music of the fancy, white elite, you might think, ‘I am not any of those things,’ and then disassociate yourself from the music,” leading to, for example, leaving this area, she said."
        ]
      },
      {
        "point_number": 4,
        "point_content": "Music can bring people together and fuel social bonds, and has been used historically in war for this purpose.",
        "spans": [
          "Music can make us feel all sorts of emotions, some of which are negative, added Laurel Trainor, professor of psychology, neuroscience and behavior and director of the McMaster Institute for music and the mind.",
          "It can “bring people together and fuel these social bonds,” this can be positive as well as negative, according to her. For example, as far back as we have records, music has been used in war, explained Trainor, because it brought people together socially."
        ]
      },
      {
        "point_number": 5,
        "point_content": "Listening to happy or sad music can change mood and perception, influencing what people notice.",
        "spans": [
          "Researchers at the University of Groningen showed in an experiment that listening to sad or happy music can not only put people in a different mood, but also change what people notice.",
          "In a 2011 study, 43 students listened to happy or sad music in the background as they were tasked with identifying happy and sad faces. When happy music was played participants spotted more happy faces and the opposite was true for sad music."
        ]
      },
      {
        "point_number": 6,
        "point_content": "People with clinical depression may feel worse after listening to sad music, while others may feel better; happy music improves mood for both groups.",
        "spans": [
          "Another recent study says it depends. People with clinical depression tendencies were found to feel worse after listening to sad music. On the other hand, those who didn’t have these tendencies reported feeling better after listening to sad music.",
          "The study included people with and without depression and found that both groups felt better after listening to happy music."
        ]
      },
      {
        "point_number": 7,
        "point_content": "Music can help depression by offering distraction, but during clinical depression, a person might not want to engage with music.",
        "spans": [
          "Levitin believes that “the weight of evidence is that music can help depression” because it offers people a distraction.",
          "During clinical depression, however – which is a different thing, Levitin added – the person is disengaged and might not want to engage with music."
        ]
      },
      {
        "point_number": 8,
        "point_content": "Active engagement with music, such as dancing or attending music events, is associated with higher subjective wellbeing.",
        "spans": [
          "People who dance and actively engage with music were found to be happier than others, who didn’t engage with music in that way, according to a 2017 study from Australia.",
          "The people who danced and attended music events had significantly higher subjective wellbeing scores than those who didn’t engage with music in these ways."
        ]
      },
      {
        "point_number": 9,
        "point_content": "Happy music with an upbeat tempo can energize people, improving performance on repetitive or boring tasks, but can distract during complex tasks.",
        "spans": [
          "“At the most fundamental level,” Levitin explained that happy music tends to have an up-beat tempo “and we know neutrons fire in synchrony to the beat of the music and so happy music can actually energize you.”",
          "During repetitive or boring tasks you can get drowsy and music can work as a stimuli “which allows you to do a better job.” If the task is more complex, “music is harmful” because it acts like a distraction to our concentration."
        ]
      },
      {
        "point_number": 10,
        "point_content": "Music triggers hormones responsible for bonding, trust and intimacy, influencing social behavior.",
        "spans": [
          "Music triggers the hormones oxytocin and serotonin, responsible for bonding, trust and intimacy, explained Levitin."
        ]
      }
    ],
    "clueweb22-en0007-17-06875": [
      {
        "point_number": 1,
        "point_content": "Music could certainly give an impact on an individual’s emotional level and result in an effect on the ability of his or her brain to store and recall information.",
        "spans": [
          "Music could certainly give an impact on an individual’s emotional level and result in an effect on the ability of his or her brain to store and recall information."
        ]
      },
      {
        "point_number": 2,
        "point_content": "Music aid for positive change in emotional states that will affect an individual’s recovery from illness.",
        "spans": [
          "music aid for positive change in emotional states that will affect an individual’s recovery from illness."
        ]
      },
      {
        "point_number": 3,
        "point_content": "In one trial, patients who had just received information about their needs for operations were tested for blood Cortisol concentrations after listening to a piece of soothing music, chosen by each patient during a consultation of music therapy; Cortisol levels were reduced 50% compared to the control group that did not hear listen any music.",
        "spans": [
          "In one trial, patients who had just received information about their needs for operations were tested for blood Cortisol concentrations after listening to a piece of soothing music, chosen by each patient during a consultation of music therapy; Cortisol levels were reduced 50% compared to the control group that did not hear listen any music."
        ]
      },
      {
        "point_number": 4,
        "point_content": "Harmony, rhythm, lyrics, melody, timbre and pitch are the musical elements that can together create a strong and profound emotional reaction.",
        "spans": [
          "Harmony, rhythm, lyrics, melody, timbre and pitch are the musical elements that can together create a strong and profound emotional reaction."
        ]
      },
      {
        "point_number": 5,
        "point_content": "Studies have shown that various types of music can have different effects on mood.",
        "spans": [
          "Studies have shown that various types of music can have different effects on mood."
        ]
      },
      {
        "point_number": 6,
        "point_content": "Grunge rock, for example, can increase hostility, tension and anxiety.",
        "spans": [
          "Grunge rock, for example, can increase hostility, tension and anxiety."
        ]
      },
      {
        "point_number": 7,
        "point_content": "Country music can cause a depression whereas classic has the strength to uplift an individual.",
        "spans": [
          "Country music can cause a depression whereas classic has the strength to uplift an individual."
        ]
      },
      {
        "point_number": 8,
        "point_content": "The tempo of music can directly affect an individual’s mood positively.",
        "spans": [
          "Taking all these factors into account it would seem that the tempo of music can directly affect an individual’s mood positively."
        ]
      },
      {
        "point_number": 9,
        "point_content": "Music therapy provides a drug-free-way to set the mood in people with depression or foster socialization in those with limited means of communication.",
        "spans": [
          "music therapist has also proven that music therapy provides a drug-free-way to set the mood in people with depression or foster socialization in those with limited means of communication."
        ]
      },
      {
        "point_number": 10,
        "point_content": "Music therapy can enable those who do not have the language to communicate, participate and express themselves non-verbally.",
        "spans": [
          "Music therapy can enable those who do not have the language to communicate, participate and express themselves non-verbally."
        ]
      },
      {
        "point_number": 11,
        "point_content": "Music therapy is effective in relieving stress and anxiety, promoting relaxation, easing depression, and assist patients cope with illness.",
        "spans": [
          "Research reviews that\u0000music therapy\u0000is effective in relieving stress and anxiety, promoting relaxation, easing depression, and assist patients cope with illness."
        ]
      },
      {
        "point_number": 12,
        "point_content": "Music therapy could reduce everyday stress through active music making like drumming or through passive listening.",
        "spans": [
          "Music therapy could reduce everyday stress through active music making like drumming or through passive listening"
        ]
      },
      {
        "point_number": 13,
        "point_content": "When an individual listens to sentimental music, the patients will feel more calm and relaxed.",
        "spans": [
          "When an individual listens to sentimental music, the patients will feel more calm and relaxed."
        ]
      },
      {
        "point_number": 14,
        "point_content": "Music can reduce sympathetic nervous system activity, decrease anxiety, blood pressure, heart and respiratory rate and may have positive effects on sleep via muscle relaxation and distraction from thoughts.",
        "spans": [
          "Music can reduce sympathetic nervous system activity, decrease anxiety, blood pressure, heart and respiratory rate and may have positive effects on sleep via muscle relaxation and distraction from thoughts"
        ]
      },
      {
        "point_number": 15,
        "point_content": "Music therapy has been used in the treatment of a variety of mental disorders such as depression.",
        "spans": [
          "Music therapy has been used in the treatment of a variety of mental disorders such as depression"
        ]
      },
      {
        "point_number": 16,
        "point_content": "Songs which contains violent lyrics can lead to aggression related thoughts and emotions.",
        "spans": [
          "Songs which contains violent lyrics can lead to aggression related thoughts and emotions."
        ]
      },
      {
        "point_number": 17,
        "point_content": "Music which contains aggressive lyrics increase an individual’s violent thoughts and feelings, which may lead to aggressive behavior and long-term effects.",
        "spans": [
          "music which contains aggressive lyrics increase an individual’s violent thoughts and feelings, which may lead to aggressive behavior and long-term effects."
        ]
      }
    ]
  }
}