{
  "question": "how does music influence mood and behaviour",
  "key_points": [
    {
      "point_number": 1,
      "point_content": "Sad music can evoke both pleasure and negative feelings such as grief; it helps regulate mood, provides comfort, relief, and enjoyment, and is often preferred during deep interpersonal loss as a substitute for lost relationships, similar to an empathic friend.",
      "original_point_number": [
        1,
        2,
        3,
        15
      ]
    },
    {
      "point_number": 2,
      "point_content": "Upbeat and happy music can improve mood, boost happiness, and energize people, leading to better physical health, higher income, greater relationship satisfaction, and improved performance on repetitive or boring tasks.",
      "original_point_number": [
        4,
        18,
        19,
        27,
        51,
        89
      ]
    },
    {
      "point_number": 3,
      "point_content": "Music therapy can manage stress, enhance memory, alleviate pain, reduce anxiety and depression, improve mood and quality of life, and assist patients in coping with illness and communication limitations.",
      "original_point_number": [
        5,
        20,
        21,
        99,
        100,
        101,
        102,
        105
      ]
    },
    {
      "point_number": 4,
      "point_content": "Listening to self-chosen music before, during, or after surgery can reduce pain and anxiety and decrease the need for pain medication.",
      "original_point_number": [
        6,
        21
      ]
    },
    {
      "point_number": 5,
      "point_content": "Music enhances brain functions by evoking emotion, helping regain memories, stimulating new neural connections, activating attention, and improving skills such as memory, speed, and focus.",
      "original_point_number": [
        7,
        66,
        91
      ]
    },
    {
      "point_number": 6,
      "point_content": "Creating music can improve mood and self-confidence, as demonstrated by projects like a dementia orchestra.",
      "original_point_number": [
        8
      ]
    },
    {
      "point_number": 7,
      "point_content": "Music helps maintain focus and productivity during mundane or repetitive tasks, increases workplace productivity, and aids concentration while studying by blocking out external distractions.",
      "original_point_number": [
        9,
        10,
        11,
        12
      ]
    },
    {
      "point_number": 8,
      "point_content": "The pace and genre of music affect driving performance; mid-tempo music is safest, while hip-hop and metal can lead to risky or faster driving.",
      "original_point_number": [
        13,
        14
      ]
    },
    {
      "point_number": 9,
      "point_content": "People connect to music that reflects their situation or desired emotion, influencing mood accordingly; slow and soft songs promote relaxation, while hip-hop and rock energize and boost self-confidence.",
      "original_point_number": [
        16,
        17
      ]
    },
    {
      "point_number": 10,
      "point_content": "Music releases dopamine in brain areas associated with pleasure, enhancing mood and self-confidence, and influences perception of emotions and memory through auditory cortex and neural reward systems.",
      "original_point_number": [
        24,
        25,
        26,
        28,
        29,
        30,
        47,
        48,
        49,
        79
      ]
    },
    {
      "point_number": 11,
      "point_content": "Fast and loud music can delay reading comprehension and agitate listeners, while loud music can cause ear damage and loss of focus.",
      "original_point_number": [
        31,
        32
      ]
    },
    {
      "point_number": 12,
      "point_content": "Different music genres affect mood differently; some help focus and calm, while others, like pop music referencing sex, drugs, alcohol, violence, and rebellion, can negatively influence teens' mood and behavior.",
      "original_point_number": [
        33,
        34,
        64,
        68,
        69
      ]
    },
    {
      "point_number": 13,
      "point_content": "Music influences mood by affecting the brain emotionally, causing feelings such as joy, relaxation, frustration, aggression, and can act as a natural antidepressant by releasing dopamine; it also reduces stress by relaxing mind and body, lowering blood pressure and cortisol levels.",
      "original_point_number": [
        35,
        36,
        37,
        38,
        41,
        53,
        54,
        55
      ]
    },
    {
      "point_number": 14,
      "point_content": "Music can incite aggressive thoughts and feelings, especially violent and sexist lyrics in rap music, which stimulate aggressive behavior and sexist attitudes; however, these effects may be short-lived and influenced by subsequent nonviolent stimuli, and not all listeners of violent music are violent.",
      "original_point_number": [
        42,
        61,
        62,
        63,
        82,
        106,
        107
      ]
    },
    {
      "point_number": 15,
      "point_content": "Music impacts feelings and mood through brain mechanisms discovered by scans and psychological research, triggering physical changes indicating emotional arousal and activating brain areas involved in movement, pleasure, and emotional perception.",
      "original_point_number": [
        43,
        46,
        49
      ]
    },
    {
      "point_number": 16,
      "point_content": "People listen to music primarily to regulate mood and stress, achieve self-awareness, and because certain musical features are common across cultures, inspiring similar emotional experiences.",
      "original_point_number": [
        44,
        45
      ]
    },
    {
      "point_number": 17,
      "point_content": "Ambient noise and music without lyrics at moderate volume can improve creativity, mood, and productivity.",
      "original_point_number": [
        50
      ]
    },
    {
      "point_number": 18,
      "point_content": "Music expresses and modulates emotions, influencing mood by connecting with the listener's deeper self and current emotional state, and can change mood instantly depending on the listener's preference for sad or happy music.",
      "original_point_number": [
        52,
        54,
        80
      ]
    },
    {
      "point_number": 19,
      "point_content": "Motivational music encourages success by energizing and motivating individuals to overcome failure and enhance attention, increasing consciousness level and focusing power, which improves creativity and mindfulness by releasing certain hormones.",
      "original_point_number": [
        56,
        57
      ]
    },
    {
      "point_number": 20,
      "point_content": "Music can have an effect similar to meditation, helping listeners achieve a meditative state and calm their mood; natural music, such as sounds from nature, positively affects mood by creating a peaceful and happy state.",
      "original_point_number": [
        58,
        59
      ]
    },
    {
      "point_number": 21,
      "point_content": "Music is extremely safe, non-invasive, easily accessible, and inexpensive as a mood and health enhancer.",
      "original_point_number": [
        23
      ]
    },
    {
      "point_number": 22,
      "point_content": "Music can help with chronic conditions such as dementia, stroke, Parkinson's disease, and multiple sclerosis.",
      "original_point_number": [
        22
      ]
    },
    {
      "point_number": 23,
      "point_content": "Music has the ability to elicit various emotions such as happiness, sadness, relaxation, frustration, and aggression, and can influence behavior and emotional states, affecting recovery from illness.",
      "original_point_number": [
        38,
        41,
        92
      ]
    },
    {
      "point_number": 24,
      "point_content": "Music triggers hormones responsible for bonding, trust, and intimacy, influencing social behavior and fueling social bonds; it has been used historically in war for this purpose.",
      "original_point_number": [
        84,
        90
      ]
    },
    {
      "point_number": 25,
      "point_content": "Active engagement with music, such as dancing or attending music events, is associated with higher subjective wellbeing.",
      "original_point_number": [
        88
      ]
    },
    {
      "point_number": 26,
      "point_content": "Classical music was used to deter loitering by causing people who did not identify with it to leave the area.",
      "original_point_number": [
        83
      ]
    },
    {
      "point_number": 27,
      "point_content": "Music affects mood based on how pleasant or unpleasant and how active or sleepy the song is, with mood defined by tone and qualities such as instrumentation, tempo, style, and rhythm.",
      "original_point_number": [
        70,
        71,
        76
      ]
    },
    {
      "point_number": 28,
      "point_content": "Both sides of the brain work simultaneously when music is played or created, and musicians have larger and more well-connected brains than non-musicians.",
      "original_point_number": [
        72,
        73
      ]
    },
    {
      "point_number": 29,
      "point_content": "Music is important for maintaining mood and healthy brain function, with many relating emotional and memorable life experiences to certain sad songs.",
      "original_point_number": [
        74,
        75,
        67
      ]
    },
    {
      "point_number": 30,
      "point_content": "Listening to the right type of music improves brain areas needed for studying and essays, with upbeat and punchy music increasing study speed and background music steering mood towards focus.",
      "original_point_number": [
        77,
        78
      ]
    },
    {
      "point_number": 31,
      "point_content": "Music can influence illness, depression, spending, productivity, and perception of the world.",
      "original_point_number": [
        60,
        81
      ]
    },
    {
      "point_number": 32,
      "point_content": "People with clinical depression may feel worse after listening to sad music, while others may feel better; happy music improves mood for both groups; music can help depression by offering distraction, but during clinical depression, a person might not want to engage with music.",
      "original_point_number": [
        86,
        87
      ]
    },
    {
      "point_number": 33,
      "point_content": "In a trial, patients informed about their operation needs who listened to soothing music chosen during music therapy had a 50% reduction in blood cortisol levels compared to controls who did not listen to music.",
      "original_point_number": [
        93
      ]
    },
    {
      "point_number": 34,
      "point_content": "Harmony, rhythm, lyrics, melody, timbre, and pitch are musical elements that together create strong and profound emotional reactions.",
      "original_point_number": [
        94
      ]
    },
    {
      "point_number": 35,
      "point_content": "Various types of music have different effects on mood; for example, grunge rock can increase hostility, tension, and anxiety, while country music can cause depression and classical music can uplift individuals.",
      "original_point_number": [
        95,
        96,
        97
      ]
    },
    {
      "point_number": 36,
      "point_content": "The tempo of music can directly affect an individual's mood positively.",
      "original_point_number": [
        98
      ]
    }
  ]
}