{
  "question": "why are veterans homeless in america",
  "key_points": {
    "clueweb22-en0030-41-13528": [
      {
        "point_number": 1,
        "point_content": "Military service members face a breadth of unique challenges when transitioning out of the military and back into civilian life, and many do not receive adequate training or support to navigate this transition.",
        "spans": [
          "military service members face a breadth of unique challenges when transitioning out of the military and back into civilian life",
          "many do not receive adequate training or support to navigate this transition"
        ]
      },
      {
        "point_number": 2,
        "point_content": "It is estimated that over 40,000 U.S. veterans are currently experiencing homelessness, representing a disproportionate segment of the total homeless population in the United States.",
        "spans": [
          "it is estimated that over 40,000 U.S. veterans are currently experiencing homelessness, which represents a disproportionate segment of the total homeless population in the United States"
        ]
      },
      {
        "point_number": 3,
        "point_content": "A lack of access to transitional resources and full benefits may prevent some service members from securing affordable housing upon separating from the military.",
        "spans": [
          "a lack of access to transitional resources and full benefits may prevent some service members from securing affordable housing upon separating from the military"
        ]
      },
      {
        "point_number": 4,
        "point_content": "Discharge standings are determined subjectively, and standard pre-separation training is often insufficient for ensuring that service members are prepared for civilian life.",
        "spans": [
          "discharge standings are determined subjectively",
          "standard pre-separation training is often insufficient for ensuring that service members are prepared for civilian life"
        ]
      },
      {
        "point_number": 5,
        "point_content": "Service members with other-than-honorable or dishonorable discharges are often prevented from receiving federal benefits through the U.S. Department of Veterans Affairs, making it more difficult to find proper housing, health care, and employment.",
        "spans": [
          "those who receive other-than-honorable or dishonorable discharges are prevented from receiving federal benefits through the U.S. Department of Veterans Affairs (VA)",
          "Their discharge status may also make it more difficult for them to find proper housing, health care and employment"
        ]
      },
      {
        "point_number": 6,
        "point_content": "The DoD Transition Assistance Program (TAP) is a five-day training program that delivers too much information in a compressed period of time, making it difficult for service members to absorb all the information.",
        "spans": [
          "the DoD Transition Assistance Program (TAP) delivers too much information in a compressed period of time",
          "TAP is a five-day training program consisting of PowerPoint presentations, workshops and lectures on various benefits and resources",
          "It can feel rushed, and it is designed to allow very little interactive engagement from service members—which makes it difficult to fully absorb all of the information being presented"
        ]
      },
      {
        "point_number": 7,
        "point_content": "Improving and restructuring transitional processes to be more comprehensive, accessible over a longer period, and interactive could help reduce veteran homelessness.",
        "spans": [
          "transitional processes should be more comprehensive and accessible to service members over a longer period of time",
          "making transitional processes more comprehensive and interactive"
        ]
      },
      {
        "point_number": 8,
        "point_content": "Granting all service members and veterans access to VA health, housing, financial, educational and career resources regardless of discharge type could significantly reduce rates of homelessness among veterans.",
        "spans": [
          "no matter what type of discharge a service member receives, he or she should be eligible for some degree of federal benefits",
          "granting all service members and veterans access to VA health, housing, financial, educational and career resources"
        ]
      }
    ],
    "clueweb22-en0028-21-19569": [
      {
        "point_number": 1,
        "point_content": "There are roughly 50,000 homeless veterans in America, representing roughly 8.6% of the total homeless population.",
        "spans": [
          "there are roughly 50,000 homeless veterans in America, representing roughly 8.6% of the total homeless population"
        ]
      },
      {
        "point_number": 2,
        "point_content": "Veterans should be able to count on the government for the bare minimum of food, clothing, and shelter, and support for transitioning to the private sector with job placement and training.",
        "spans": [
          "veterans should be able to count on the government for the bare minimum of food, clothing, and shelter",
          "The government needs to provide maximum support for those wishing to transition to the private sector with job placement and continued training"
        ]
      },
      {
        "point_number": 3,
        "point_content": "Many veterans who serve less than 20 years fall through the cracks because they do not receive military pension and retiree benefits, and are not prepared to enter the civilian world.",
        "spans": [
          "The group of veterans who seem to fall through the cracks are those who serve less than 20 years, which is the minimum amount required to receive a military pension and retiree benefits",
          "Many veterans are not prepared to leave the military and enter the civilian world"
        ]
      },
      {
        "point_number": 4,
        "point_content": "There is not enough done to give veterans proper training and information regarding benefits they are eligible to receive once they separate, especially for those with little formal education or service related disabilities.",
        "spans": [
          "There is not enough done to give them the proper training and information regarding benefits they are eligible to receive once they separate",
          "The problem can be exacerbated for those with little formal education or service related disabilities"
        ]
      },
      {
        "point_number": 5,
        "point_content": "Some veterans have post traumatic stress disorder and other service related problems which contribute to their difficulties.",
        "spans": [
          "some have post traumatic stress disorder, and other service related problems"
        ]
      },
      {
        "point_number": 6,
        "point_content": "The government spends large amounts of money on other bailouts but is unwilling to spend enough to help homeless veterans with housing, food, medical attention, and education.",
        "spans": [
          "The US government spent roughly $45 billion dollars bailing out Citibank in 2009",
          "If the government just spent $13.1 billion dollars, they could allocate $100,000 to each homeless veteran for housing, food, medical attention, and education and get them back on their feet",
          "Someone please tell me why the government is unwilling to do this?"
        ]
      }
    ],
    "clueweb22-en0034-80-19879": [
      {
        "point_number": 1,
        "point_content": "Several factors played a role in this progress: investments in Veteran-specific programs, a Housing First approach, and strong leadership.",
        "spans": [
          "Several factors played a role in this progress: investments in Veteran-specific programs, a Housing First approach, and strong leadership."
        ]
      },
      {
        "point_number": 2,
        "point_content": "Despite the overall decrease in Veteran homelessness, data shows that progress has stalled since 2016.",
        "spans": [
          "Despite the overall decrease in Veteran homelessness, data shows that progress has stalled since 2016."
        ]
      },
      {
        "point_number": 3,
        "point_content": "50 percent of Veterans experiencing homelessness in the U.S. are located in regions covered by only nine percent of Continuums of Care.",
        "spans": [
          "50 percent of Veterans experiencing homelessness in the U.S. are located in regions covered by only nine percent of Continuums of Care."
        ]
      },
      {
        "point_number": 4,
        "point_content": "A significant obstacle to ending Veteran homelessness is the lack of affordable housing, especially in many urban centers.",
        "spans": [
          "A significant obstacle to ending Veteran homelessness is the lack of affordable housing, especially in many urban centers."
        ]
      },
      {
        "point_number": 5,
        "point_content": "HUD and VA are pursuing new approaches to serve Veterans for whom prior efforts have fallen short, including Veterans with other than honorable discharge status, Native American Veterans (both on and off Tribal lands), and Veterans who are women, members of racial and ethnic minority groups, LGBTQ+, aging, and/or living in rural areas.",
        "spans": [
          "HUD and VA are pursuing new approaches to serve Veterans for whom prior efforts have fallen short, including Veterans with other than honorable discharge status, Native American Veterans (both on and off Tribal lands), and Veterans who are women, members of racial and ethnic minority groups, LGBTQ+, aging, and/or living in rural areas."
        ]
      }
    ],
    "null": [],
    "clueweb22-en0031-79-09895": [
      {
        "point_number": 1,
        "point_content": "Veterans are more likely than civilians to experience homelessness due to low socioeconomic status, mental health disorders, and/or a history of substance abuse.",
        "spans": [
          "Veterans are more likely than civilians to experience homelessness.",
          "Like the general homeless population, veterans are at a significantly increased risk of homelessness if they have low socioeconomic status, a mental health disorder, and/or a history of substance abuse."
        ]
      },
      {
        "point_number": 2,
        "point_content": "Veterans are at higher risk of experiencing traumatic brain injuries (TBI) and Post-Traumatic Stress Disorder (PTSD), which are substantial risk factors for homelessness.",
        "spans": [
          "because of veterans’ military service, this population is at higher risk of experiencing traumatic brain injuries (TBI) and Post-Traumatic Stress Disorder (PTSD), both of which have been found to be among the most substantial risk factors for homelessness."
        ]
      },
      {
        "point_number": 3,
        "point_content": "Veterans with opioid use disorder have a prevalence of homelessness 10 times higher than the general veteran population.",
        "spans": [
          "A 2015 study of veterans initiating medication-administered treatment screened each of these patients for risk of homelessness and found that the prevalence of homelessness in veterans with opioid use disorder is 10 times more than the general veteran population."
        ]
      },
      {
        "point_number": 4,
        "point_content": "Experience of sexual trauma while serving in the military greatly increases the risk of homelessness among recent Iraq and Afghanistan veterans.",
        "spans": [
          "Among the recent Iraq and Afghanistan cohort of veterans—who are more frequently female than their older counterparts—an experience of sexual trauma while serving in the military greatly increases the risk of homelessness."
        ]
      },
      {
        "point_number": 5,
        "point_content": "Difficulty returning to civilian life, lack of strong social support networks, and non-transferable military skills contribute to veteran homelessness.",
        "spans": [
          "veterans often experience difficulty returning to civilian life, particularly those without strong social support networks, and may not have skills that can be easily transferred to employment outside of the military."
        ]
      },
      {
        "point_number": 6,
        "point_content": "Veterans face the same shortage of affordable housing and living wage jobs as all Americans, compounded by increased likelihood of PTSD, substance abuse, or mental illness, increasing their risk of homelessness.",
        "spans": [
          "Veterans face the same shortage of affordable housing options and living wage jobs as all Americans, and these factors—combined with the increased likelihood that veterans will exhibit symptoms of PTSD, substance abuse, or mental illness — can compound to put veterans at a greater risk of homelessness than the general population."
        ]
      }
    ],
    "clueweb22-en0039-62-15325": [
      {
        "point_number": 1,
        "point_content": "About 9 percent of homeless adults, or 57,849, are veterans.",
        "spans": [
          "About 9 percent of homeless adults, or 57,849, are veterans."
        ]
      },
      {
        "point_number": 2,
        "point_content": "These homeless veterans often suffer from mental illness, post-traumatic stress disorder, substance abuse and other conditions that make adjusting to civilian life difficult.",
        "spans": [
          "These homeless veterans often suffer from mental illness, post-traumatic stress disorder, substance abuse and other conditions that make adjusting to civilian life difficult."
        ]
      },
      {
        "point_number": 3,
        "point_content": "During their tours of duty, at least 1 in 5 female veterans experienced sexual assault or repeated harassment, according to the Department of Veterans Affairs. These women are four times more likely to suffer from PTSD and an increasing number end up addicted to drugs and alcohol.",
        "spans": [
          "During their tours of duty, at least 1 in 5 female veterans experienced sexual assault or repeated harassment, according to the Department of Veterans Affairs. These women are four times more likely to suffer from PTSD and an increasing number end up addicted to drugs and alcohol."
        ]
      }
    ],
    "clueweb22-en0017-07-05002": [
      {
        "point_number": 1,
        "point_content": "Veterans are at greater risk for homelessness than non-Veterans due to factors such as substance abuse, severe mental illness, low income, problematic military discharges, low military pay grade, and social isolation after discharge.",
        "spans": [
          "Veterans at greater risk for homelessness than non-Veterans— According to a 2015 study by researchers with the VA Connecticut Health Care System and Yale University, both male and female Veterans are at greater risk for homelessness than their non-Veteran counterparts, although this disparity has declined over time.",
          "The researchers stated that Veterans appear to have many of the same major risk factors for homelessness as other adults, with the strongest and most consistent ones being substance abuse, severe mental illness, and low income.",
          "They identified risk factors unique to Veterans such as problematic military discharges, low military pay grade, and social isolation after their discharge from the military."
        ]
      },
      {
        "point_number": 2,
        "point_content": "Veterans discharged for misconduct have dramatically higher rates of homelessness than those who left under normal circumstances.",
        "spans": [
          "Veterans discharged for misconduct have higher homelessness rates— Researchers with VA's Salt Lake City Health Care System and NCHAV conducted a study published in 2015 indicating that Veterans who had been discharged from the military between 2001 and 2012 for misconduct had dramatically higher rates of homelessness than those who left under normal circumstances.",
          "The study looked at the 448,290 Iraq and Afghanistan Veterans who had used VA for care since their discharge. It found that 5.6 percent of those Veterans had been discharged for misconduct, usually drug or alcohol abuse—but that those patients accounted for 28.1 percent of those who became homeless within a year of their discharge."
        ]
      },
      {
        "point_number": 3,
        "point_content": "Military sexual trauma increases the risk of homelessness among Veterans.",
        "spans": [
          "Homelessness linked to military sexual trauma— Veterans who had experienced military sexual trauma are at greater risk of homelessness, according to researchers at the VA Salt Lake City Health Care System and VA's National Center for PTSD.",
          "In 2016, the team found that 1.6 percent of Veterans who were exposed to sexual trauma during their service were homeless within 30 days of leaving the military. That rate went up to 4.4 percent within one year and was 9.6 percent after five years. That is double the rate for Veterans who had not experienced military sexual trauma."
        ]
      },
      {
        "point_number": 4,
        "point_content": "Substance abuse, including opioid addiction, is a significant risk factor for homelessness among Veterans.",
        "spans": [
          "The researchers stated that Veterans appear to have many of the same major risk factors for homelessness as other adults, with the strongest and most consistent ones being substance abuse, severe mental illness, and low income.",
          "Homeless Veterans more likely to have opioid addiction— A research team led by VA's Center for Health Equity Research and Promotion and NCHAV found, in a study published in 2015, that 10.2 percent of the Veterans screened were homeless, and another 5.3 percent were at risk for homelessness—approximately 10 times the rate of the general Veteran population accessing VA care."
        ]
      },
      {
        "point_number": 5,
        "point_content": "Mental health issues such as PTSD and anxiety disorders are linked to homelessness among Veterans.",
        "spans": [
          "Since 1987, VA's Northeast Program Evaluation Center (NEPEC), based in West Haven, Connecticut, has investigated a range of health issues and VA programs with a significant focus on mental health, including posttraumatic stress disorder (PTSD) and substance abuse. These issues often intertwine with homelessness.",
          "Relationship of PTSD and anxiety disorders to homelessness — Researchers from the VA New England MIRECC and the Yale School of Medicine found in 2017 that 5.6 percent of more than 300,000 Veterans who had been referred to VA anxiety or PTSD clinics experienced homelessness within the one-year time period of the study."
        ]
      },
      {
        "point_number": 6,
        "point_content": "Veterans with serious mental illness, substance use, unstable employment, and incarceration are at higher risk of homelessness.",
        "spans": [
          "Homelessness disproportionately affects Veterans with serious mental illness, such as schizophrenia and bipolar disorder. Many Veterans with serious mental illness are at risk of homelessness because of substance use, unstable employment, and incarceration."
        ]
      },
      {
        "point_number": 7,
        "point_content": "Adverse childhood experiences and family instability are associated with homelessness among Veterans.",
        "spans": [
          "2013: Determined there is an association between homelessness among Veterans and childhood problems such as abuse and family instability"
        ]
      }
    ]
  }
}