{
  "question": "why do we need laws to govern organ transplantation",
  "key_points": {
    "clueweb22-en0033-06-18917": [
      {
        "point_number": 1,
        "point_content": "The field of organ donation and transplantation is well regulated to provide a safe and fair system for allocation, distribution, and transplantation of donated organs.",
        "spans": [
          "The field of organ donation and transplantation is well regulated. Both state and federal laws and regulations provide a safe and fair system for allocation, distribution, and transplantation of donated organs."
        ]
      },
      {
        "point_number": 2,
        "point_content": "The National Organ Transplant Act (NOTA) was passed to address the organ donation shortage and improve the organ matching process.",
        "spans": [
          "The U.S. Congress passed the National Organ Transplant Act (NOTA) in 1984. Congress passed (NOTA) to address the organ donation shortage and improve the organ matching process."
        ]
      }
    ],
    "clueweb22-en0035-22-09323": [
      {
        "point_number": 1,
        "point_content": "There is a shortage of organs worldwide since the need for different organs such as lungs, heart, kidneys, and liver is considerably higher than the supply.",
        "spans": [
          "There is a shortage of organs worldwide since the need for different organs such as lungs, heart, kidneys, and liver is considerably higher than the supply."
        ]
      },
      {
        "point_number": 2,
        "point_content": "It is important to address critical issues such as legal and social ethics and people’s doubts by promoting organ donation and providing people with the correct information about all the aspects of organ donation.",
        "spans": [
          "Hence, it is important to address critical issues such as legal and social ethics and people’s doubts by promoting organ donation and providing people with the correct information about all the aspects of organ donation."
        ]
      },
      {
        "point_number": 3,
        "point_content": "Countries all over the world are formulating organ donation laws and are collaborating to optimize the process of donor matching to save critically-ill lives.",
        "spans": [
          "With such an aim in mind, countries all over the world are formulating organ donation laws and are collaborating to optimize the process of donor matching to save critically-ill lives."
        ]
      },
      {
        "point_number": 4,
        "point_content": "Loosely governed laws and regulations towards living-unrelated transplantation is a challenge in kidney transplant.",
        "spans": [
          "Loosely governed laws and regulations towards living-unrelated transplantation"
        ]
      },
      {
        "point_number": 5,
        "point_content": "The donor should be legally competent and capable of understanding and weighing the information and should be able to act willingly, free of any kind of undue influence or pressure. He or she should be able to give his or her informed voluntary consent for organ donation.",
        "spans": [
          "Live donors must know all the possible risks, benefits, and consequences of the donation in a complete and understandable fashion. The donor should be legally competent and capable of understanding and weighing the information and should be able to act willingly, free of any kind of undue influence or pressure. He or she should be able to give his or her informed voluntary consent for organ donation."
        ]
      },
      {
        "point_number": 6,
        "point_content": "The Ethics Approval Committee evaluates whether the donor genuinely wants to donate his or her kidney or whether there is any force involved to prevent illegal organ transplant or organ trafficking.",
        "spans": [
          "The donor and the recipient are required to appear before the Ethics Approval Committee of that particular country.",
          "The intention is to evaluate whether the donor genuinely wants to donate his or her kidney or whether there is any force involves.",
          "The ultimate objective of the committee is to see that it is nor a case of illegal organ transplant or organ trafficking."
        ]
      }
    ],
    "clueweb22-en0028-16-05400": [
      {
        "point_number": 1,
        "point_content": "Laws provide a legal foundation for organ donation and transplantation, including consent and donor registration.",
        "spans": [
          "1968 — The Uniform Anatomical Gift Act (UAGA), A model statute, intended for adoption in every jurisdiction. This law provided the legal foundation upon which human organs and tissues can be donated for transplantation by execution of a document of gift. Deemed a person's legal consent to donate before death sufficient under the law (without an indication that the consent was no longer valid)."
        ]
      },
      {
        "point_number": 2,
        "point_content": "Laws ensure that consent to donate organs is irrevocable after death if legally registered.",
        "spans": [
          "2006 — Uniform Anatomical Gift Act, 2006 — A model statute intended for adoption in every jurisdiction. This law legally bars others from revoking the consent of a donor after death who legally registered as a donor during their lifetime (without an indication that the consent was no longer valid)."
        ]
      },
      {
        "point_number": 3,
        "point_content": "Laws prohibit the exchange of organs for valuable consideration to prevent organ trafficking and exploitation.",
        "spans": [
          "1984 — Public Law 98-507, National Organ Transplant Act (NOTA), October 19, 1984 — ... Section 301 of NOTA included the criminal prohibition against the exchange of organs for transplantation for valuable consideration."
        ]
      },
      {
        "point_number": 4,
        "point_content": "Laws establish and regulate organizations and networks to manage organ procurement and transplantation.",
        "spans": [
          "1984 — Public Law 98-507, National Organ Transplant Act (NOTA), October 19, 1984 — ... created the Organ Procurement and Transplantation Network (OPTN) to be run by contract by the Secretary of Health and Human Services, created the Scientific Registry of Transplant Recipients, and created an administrative unit within the Department of Health and Human Services to administer these activities."
        ]
      },
      {
        "point_number": 5,
        "point_content": "Laws provide for reimbursement and support for living organ donors to encourage donation.",
        "spans": [
          "*2004 — Public Law 108-216, Organ Donation and Recovery Improvement Act, April 5, 2004 — Expanded authorities of NOTA to include the authority to establish a grant program to provide reimbursement of travel and subsistence expenses for living organ donors and expanded other grant authorities."
        ]
      }
    ],
    "clueweb22-en0001-94-14459": [
      {
        "point_number": 1,
        "point_content": "There is a high demand for organs with many people on waiting lists and a limited supply of donors.",
        "spans": [
          "Surgeons performed more than 36,000 organ transplants in 2018, but many more people need organs.",
          "In January 2019, more than 113,000 people in the United States were on organ transplant waiting lists."
        ]
      },
      {
        "point_number": 2,
        "point_content": "Organ transplantation requires a close match between donor and recipient, involving compatibility factors.",
        "spans": [
          "Organ transplantation is a complex process that requires a close match between the recipient and donor.",
          "The donor and recipient must have compatible blood types, for example.",
          "Depending on the organ involved, other factors may also be relevant. For example, kidney donors and their recipients must have compatible antibodies and similar body sizes."
        ]
      },
      {
        "point_number": 3,
        "point_content": "The transplant waiting list is overseen by a network that prioritizes patients based on severity and other factors.",
        "spans": [
          "The Organ Procurement and Transplantation Network oversee the transplant waiting list.",
          "Somebody’s position on the list depends on many factors, including the severity of their illness."
        ]
      },
      {
        "point_number": 4,
        "point_content": "Organs must be transplanted quickly after becoming available due to limited survival time outside the body.",
        "spans": [
          "When an organ is available, the person seeking a transplant must respond quickly to the call from their doctor.",
          "Surgery may occur within just a few hours of this call, as organs cannot survive for long outside of the body."
        ]
      },
      {
        "point_number": 5,
        "point_content": "Organ transplantation involves risks such as organ rejection and complications, requiring careful medical oversight.",
        "spans": [
          "Organ recipients who get sick can become severely ill.",
          "Their body may even reject the new organ, so it is important to see a doctor for any signs of infection such as a fever.",
          "Recipients must take anti-rejection medications, as well as other types of medication, to support their long term health."
        ]
      },
      {
        "point_number": 6,
        "point_content": "It is illegal to buy or sell organs, to prevent exploitation and unethical practices.",
        "spans": [
          "It is illegal to buy or sell organs."
        ]
      },
      {
        "point_number": 7,
        "point_content": "Paid organ donation raises ethical concerns about exploitation of financially vulnerable individuals.",
        "spans": [
          "Sometimes, the system allows wealthy donors to pay much more for organs.",
          "This means that people in dire financial situations may be more likely to donate organs, raising concerns that they may sacrifice their health for financial gain."
        ]
      }
    ],
    "null": [],
    "clueweb22-en0001-87-03759": [
      {
        "point_number": 1,
        "point_content": "There is a significant shortage of donated organs relative to those who need them, with 117,000 waiting list candidates and roughly 22 people a day dying while waiting for a transplant.",
        "spans": [
          "there’s a significant shortage of donated organs relative to those who need them",
          "there are 117,000 waiting list candidates who need a life-saving organ transplant",
          "Roughly 22 people a day die while waiting for a transplant"
        ]
      },
      {
        "point_number": 2,
        "point_content": "Current organ donation system is 'opt in', meaning hospitals assume someone is not a donor unless they have explicitly registered to be one.",
        "spans": [
          "In the current “opt in” system, hospitals assume someone is not an organ donor unless they’ve explicitly registered to become one."
        ]
      },
      {
        "point_number": 3,
        "point_content": "Proposed 'opt out' system presumes consent to donate organs upon death unless explicitly opted out, which could increase donation rates.",
        "spans": [
          "In the proposed “opt out” system, everyone would be presumed to have consented to donate their organs upon death unless they explicitly “opted out.”"
        ]
      },
      {
        "point_number": 4,
        "point_content": "Organ donation rates in 'opt out' countries can exceed 90%, whereas rates are typically less than 15% in 'opt in' countries.",
        "spans": [
          "Organ donation rates in “opt out” countries (such as Austria) can exceed 90%, whereas donation rates are typically less than 15% in “opt in” countries (such as Germany)."
        ]
      },
      {
        "point_number": 5,
        "point_content": "An 'opt out' system respects individual preferences by allowing those with objections to opt out, thus not obliging participation.",
        "spans": [
          "An “opt out” system still respects individual preferences. Anyone with strong personal or religious convictions against organ donation is not obliged to participate."
        ]
      },
      {
        "point_number": 6,
        "point_content": "Changing the default to 'opt out' could save thousands of lives every year by increasing organ donation rates.",
        "spans": [
          "Given that changing the default to “opt out” could save thousands of lives every year, I understand the appeal of such a system for its advocates."
        ]
      },
      {
        "point_number": 7,
        "point_content": "Critics argue that 'opt out' systems violate individual autonomy over one's own body and freedom to consent.",
        "spans": [
          "For the state to presume the authority to harvest my organs (or to allow others to do so) without my explicit consent strikes me as deep violation of my freedom and autonomy."
        ]
      },
      {
        "point_number": 8,
        "point_content": "The current 'opt in' system protects individual rights and bodily autonomy, which is highly valued in the US.",
        "spans": [
          "The “opt in” system protects those rights, whereas the “opt out” system systematically violates them."
        ]
      },
      {
        "point_number": 9,
        "point_content": "Alternative methods, such as Israel's law prioritizing patients with donation history, have increased organ donation rates without violating autonomy.",
        "spans": [
          "A change of law in 2010 that prioritizes patients with a history of donation ... has incentivized a significant portion of the population to register as donors.",
          "Preliminary results ... show that the annual deceased organ-donation rate increased ... The number of new registrations per month more than doubled and the total number of candidates waiting for a transplant fell for the first time ever."
        ]
      }
    ],
    "clueweb22-en0003-29-04036": [
      {
        "point_number": 1,
        "point_content": "The legal framework governing organ donation in the United States is built on principles uniquely designed to support the system of transplantation.",
        "spans": [
          "The legal framework governing organ donation in the United States is built on principles uniquely designed to support the system of transplantation."
        ]
      },
      {
        "point_number": 2,
        "point_content": "Organ donation is regulated by state law through the Uniform Anatomical Gift Act (UAGA) to provide national consistency.",
        "spans": [
          "The primary law governing organ donation in the United States is the Uniform Anatomical Gift Act (UAGA) (1 ). The UAGA is a model legislation drafted by the Uniform Commissioners that is then passed into law state by state.",
          "Recognizing the need for a single approach to organ donation policy, the UAGA has been enacted in every state in the United States, providing national consistency through state law."
        ]
      },
      {
        "point_number": 3,
        "point_content": "Gift law is used as the legal framework for organ donation instead of informed consent because donation occurs after death and involves no risks or benefits to the donor.",
        "spans": [
          "The UAGA establishes gift law as the central legal principle in the United States opt-in system of organ donation (1 ).",
          "Deceased donation, however, presents neither risks nor benefits to the donor because the donation occurs after death.",
          "For these reasons, informed consent as a legal structure is ill-suited for the regulation of organ donation. Alternatively, gift law provides the legal framework under the UAGA (3 )."
        ]
      },
      {
        "point_number": 4,
        "point_content": "Gift law provides legal certainty and clarity that the transfer of organs from donors to recipients is legally binding, which is essential for the organ donation system.",
        "spans": [
          "Clarity that transfer of organs from donors to recipients is legally binding is required as a matter of policy; the entire system depends on it.",
          "Gift law provides the legal certainty required and fits with the reality of deceased organ donation as a decision distinguished from typical health care decisions."
        ]
      },
      {
        "point_number": 5,
        "point_content": "The UAGA provides two legal avenues for authorization of organ donation: first-person authorization before death and surrogate authorization at the time of death.",
        "spans": [
          "Under the UAGA, an individual can make a gift before death or a surrogate can authorize a gift at the time of the donor’s death. In this manner, the UAGA provides “two bites of the apple.” This is an important legal component of the system because it provides two different legal avenues to arrive at a “yes” to donation."
        ]
      },
      {
        "point_number": 6,
        "point_content": "The UAGA recognizes three legally recognized positions regarding organ donation: authorized gift, no decision, and refusal to make a gift, allowing flexibility in decision making.",
        "spans": [
          "The UAGA establishes three legally recognized positions: (1) authorized gift, (2) no decision, and (3) refusal to make a gift."
        ]
      },
      {
        "point_number": 7,
        "point_content": "The UAGA aligns with the United States culture of individual rights and autonomy, requiring an affirmative, voluntary decision to make a gift, supporting the organ donation system effectively.",
        "spans": [
          "United States culture is deeply steeped in individual rights, starting with the Constitution and mirrored through the many laws, regulations, and cultural norms that prioritize individual autonomy.",
          "A rights-based culture is well matched with the UAGA legal framework requiring an affirmative, voluntary decision to make a gift."
        ]
      }
    ],
    "clueweb22-en0039-77-18593": [
      {
        "point_number": 1,
        "point_content": "The new law on organ donations introduces an 'opt-out' system where the deceased is presumed to consent to organ transplants unless they explicitly decline.",
        "spans": [
          "‘Opt-out’ system will bring in a presumption that the deceased consents to transplants"
        ]
      },
      {
        "point_number": 2,
        "point_content": "The law aims to increase organ donation rates and improve survival chances for people waiting for organs.",
        "spans": [
          "Organ donation rates are expected to rise as a result of the change.",
          "Campaigners – including Max himself, now a healthy 12-year-old – have welcomed the news, arguing that it will improve the survival chances of around 6,000 people currently waiting for organs."
        ]
      },
      {
        "point_number": 3,
        "point_content": "Currently, many families refuse organ donation because they do not know their loved ones' wishes, despite a majority of the population being willing to donate.",
        "spans": [
          "Currently, more than three families a week say no to organ donation because they don’t know their loved ones’ wishes – even though more than 80% of the population say they would definitely donate or consider donating their organs, according to NHS Blood and Transplant (NHSBT)."
        ]
      },
      {
        "point_number": 4,
        "point_content": "The law alone is not sufficient to solve the organ shortage; public education and family consent remain crucial.",
        "spans": [
          "Experts, however, while welcoming the change, caution that the law in itself is not going to automatically solve England’s organ shortage.",
          "“It’s not a silver bullet,” says Professor Gurch Randhawa, a public health expert at Bedfordshire University.",
          "“As a society, we still need to do much more to normalise organ donation to improve consent rates.”"
        ]
      },
      {
        "point_number": 5,
        "point_content": "The new system is a 'soft' opt-out, meaning families still have the final say and can refuse donation even if the deceased is registered as a donor.",
        "spans": [
          "This is crucial, he points out, because the new system will be a “soft” opt out: as with the current system, bereaved families will still have the final say on their deceased loved ones’ organs, and can refuse permission for them to be donated, even if they’re signed up to the donor register."
        ]
      },
      {
        "point_number": 6,
        "point_content": "Public awareness and education campaigns are essential to normalize organ donation and increase consent rates.",
        "spans": [
          "Randhawa says: “When Spain introduced the opt-out system, they didn’t see any changes in donation rates for at least 10 years, because it took them 10 years to get the public education right, the hospital capacity right, the family requesting right.”",
          "“By changing the legislation, we’re encouraging people to make a decision about whether to be a donor and have a conversation about their wishes with their family.”",
          "So far, opt-out has shown encouraging results in Wales, which now has the highest organ consent rate of all the UK nations, having climbed from 58% in 2015 before the law changed to almost 80%.",
          "This is not so much because of the law change in itself, Randhawa says, but increased public awareness, which is also under way in England thanks to a boost in NHSBT’s budget to promote the new system – it has been given an additional £10m – and the publicity it has generated."
        ]
      }
    ],
    "clueweb22-en0014-34-16800": [
      {
        "point_number": 1,
        "point_content": "The unavailability of adequate organs for transplantation to meet the existing demand has resulted in major organ shortage crises.",
        "spans": [
          "the unavailability of adequate organs for transplantation to meet the existing demand has resulted in major organ shortage crises"
        ]
      },
      {
        "point_number": 2,
        "point_content": "There has been a major increase in the number of patients on transplant waiting lists as well as in the number of patients dying while on the waiting list.",
        "spans": [
          "there has been a major increase in the number of patients on transplant waiting lists as well as in the number of patients dying while on the waiting list"
        ]
      },
      {
        "point_number": 3,
        "point_content": "The organ shortage crisis has deprived thousands of patients of a new and better quality of life and has caused a substantial increase in the cost of alternative medical care such as dialysis.",
        "spans": [
          "This organ shortage crisis has deprived thousands of patients of a new and better quality of life and has caused a substantial increase in the cost of alternative medical care such as dialysis"
        ]
      },
      {
        "point_number": 4,
        "point_content": "Implementation of appropriate educational programs for the public and hospital staff regarding the need and benefits of organ donation is a practical solution to the crisis.",
        "spans": [
          "implementation of appropriate educational programs for the public and hospital staff regarding the need and benefits of organ donation"
        ]
      },
      {
        "point_number": 5,
        "point_content": "The implementation of pathways for obtaining organs from living and dead donors with consideration of ethical, religious and social criteria can eliminate the organ shortage crisis and save many lives.",
        "spans": [
          "the implementation of these pathways for obtaining organs from the living and the dead donors, with appropriate consideration of the ethical, religious and social criteria of the society, the organ shortage crisis will be eliminated and many lives will be saved through the process of organ donation and transplantation"
        ]
      }
    ],
    "clueweb22-en0035-85-03423": [
      {
        "point_number": 1,
        "point_content": "There has been tremendous progress in organ donation but there is still a shortage of donors.",
        "spans": [
          "There has been tremendous progress in organ donation but there is still a shortage of donors."
        ]
      },
      {
        "point_number": 2,
        "point_content": "Wales introduced an opt out system in 2015 and has seen an increase in the number of families supporting a loved one's decision to donate, resulting in more life-saving transplants for those in need.",
        "spans": [
          "Wales introduced an opt out system in 2015 and has seen an increase in the number of families supporting a loved one's decision to donate, resulting in more life-saving transplants for those in need."
        ]
      },
      {
        "point_number": 3,
        "point_content": "We hope that the change to an opt out system in England will see more people agree to support organ donation and help save and improve more lives.",
        "spans": [
          "We hope that the change to an opt out system in England will see more people agree to support organ donation and help save and improve more lives."
        ]
      }
    ]
  }
}