{
  "question": "why do we need laws to govern organ transplantation",
  "key_points": [
    {
      "point_number": 1,
      "point_content": "The field of organ donation and transplantation is well regulated with laws providing a legal foundation for consent, donor registration, prohibition of organ sales, regulation of organizations, and support for living donors to ensure a safe and fair system for allocation, distribution, and transplantation of donated organs.",
      "original_point_number": [
        1,
        9,
        10,
        11,
        12,
        13
      ]
    },
    {
      "point_number": 2,
      "point_content": "There is a significant worldwide shortage of organs, with demand for lungs, heart, kidneys, and liver considerably higher than supply, resulting in many people on waiting lists and daily deaths while waiting for transplants.",
      "original_point_number": [
        3,
        14,
        21,
        43,
        44,
        45,
        48
      ]
    },
    {
      "point_number": 3,
      "point_content": "Organ transplantation requires close matching between donor and recipient, involves risks such as organ rejection and complications, and organs must be transplanted quickly due to limited survival time outside the body.",
      "original_point_number": [
        15,
        17,
        18
      ]
    },
    {
      "point_number": 4,
      "point_content": "The donor must be legally competent, able to understand and weigh information, act willingly without undue influence, and give informed voluntary consent; ethics committees evaluate donor willingness to prevent illegal organ transplant or trafficking.",
      "original_point_number": [
        6,
        7,
        8
      ]
    },
    {
      "point_number": 5,
      "point_content": "It is illegal to buy or sell organs to prevent exploitation and unethical practices; paid organ donation raises ethical concerns about exploitation of financially vulnerable individuals.",
      "original_point_number": [
        11,
        19,
        20
      ]
    },
    {
      "point_number": 6,
      "point_content": "Countries worldwide are formulating organ donation laws and collaborating to optimize donor matching processes to save critically ill lives.",
      "original_point_number": [
        5
      ]
    },
    {
      "point_number": 7,
      "point_content": "The National Organ Transplant Act (NOTA) was passed to address organ donation shortages and improve the organ matching process.",
      "original_point_number": [
        2
      ]
    },
    {
      "point_number": 8,
      "point_content": "The current organ donation system is 'opt in', meaning hospitals assume someone is not a donor unless they have explicitly registered; proposed 'opt out' systems presume consent unless explicitly opted out, which could increase donation rates but raise concerns about autonomy.",
      "original_point_number": [
        22,
        23,
        24,
        25,
        26,
        27,
        28
      ]
    },
    {
      "point_number": 9,
      "point_content": "Alternative methods, such as Israel's law prioritizing patients with donation history, have increased organ donation rates without violating individual autonomy.",
      "original_point_number": [
        29
      ]
    },
    {
      "point_number": 10,
      "point_content": "The legal framework in the United States is built on principles supporting transplantation, with state laws like the Uniform Anatomical Gift Act (UAGA) providing national consistency, using gift law rather than informed consent, and allowing authorization before death or by surrogate at death.",
      "original_point_number": [
        30,
        31,
        32,
        33,
        34,
        35,
        36
      ]
    },
    {
      "point_number": 11,
      "point_content": "New laws introducing 'opt-out' systems presume consent to organ donation unless explicitly declined, aiming to increase donation rates and improve survival chances, but family consent and public education remain crucial; some systems are 'soft' opt-out allowing families final say.",
      "original_point_number": [
        37,
        38,
        39,
        40,
        41
      ]
    },
    {
      "point_number": 12,
      "point_content": "Public awareness and education campaigns are essential to normalize organ donation, address legal and social ethics, dispel doubts, and increase consent rates.",
      "original_point_number": [
        4,
        42,
        46
      ]
    },
    {
      "point_number": 13,
      "point_content": "Implementation of ethical, religious, and social criteria in pathways for obtaining organs from living and deceased donors can help eliminate organ shortage crises and save many lives.",
      "original_point_number": [
        47
      ]
    },
    {
      "point_number": 14,
      "point_content": "The organ shortage crisis has caused many patients to lose the chance for better quality of life and increased costs of alternative medical care such as dialysis.",
      "original_point_number": [
        45
      ]
    },
    {
      "point_number": 15,
      "point_content": "The transplant waiting list is managed by a network prioritizing patients based on severity and other factors.",
      "original_point_number": [
        16
      ]
    },
    {
      "point_number": 16,
      "point_content": "Wales introduced an opt-out system in 2015, resulting in increased family support for donation and more life-saving transplants; similar changes in England are hoped to increase support and save more lives.",
      "original_point_number": [
        49,
        50
      ]
    }
  ]
}