{
  "question": "what can you do to prevent climate change",
  "key_points": {
    "clueweb22-en0018-58-00215": [
      {
        "point_number": 1,
        "point_content": "Vote in every election to put politicians in place who will implement environmental changes.",
        "spans": [
          "it's up to the voter to put politicians in place to implement those changes.",
          "it's important to vote in every single election"
        ]
      },
      {
        "point_number": 2,
        "point_content": "Call local representatives to demand climate action.",
        "spans": [
          "voters call their local representatives to demand they take action"
        ]
      },
      {
        "point_number": 3,
        "point_content": "Know where you do business and avoid supporting companies that contribute heavily to greenhouse gas emissions.",
        "spans": [
          "Just 100 companies worldwide are responsible for 71% of the world's industrial greenhouse gas emissions since 1988",
          "it's important for consumers to know where they are putting their money"
        ]
      },
      {
        "point_number": 4,
        "point_content": "Remove money from banks that finance fossil fuels and support those committed to mitigating climate change.",
        "spans": [
          "Individuals can take action by thinking about where their money \"sleeps at night\" and removing it from the banks that they believe don't have a commitment to mitigating climate change"
        ]
      },
      {
        "point_number": 5,
        "point_content": "Plant trees and grow your own food, choosing foods grown regeneratively.",
        "spans": [
          "Plant trees and grow your own food, even if you have just a small bit of land",
          "choose foods that are grown regeneratively, which restores carbon to the soil"
        ]
      },
      {
        "point_number": 6,
        "point_content": "Cut back on beef consumption due to its high carbon footprint.",
        "spans": [
          "Cut back on beef consumption, which has a “monumental” carbon footprint compared to any other meat"
        ]
      },
      {
        "point_number": 7,
        "point_content": "Reduce your carbon footprint by using less single-use plastic.",
        "spans": [
          "Reduce your carbon footprint by using less single-use plastic"
        ]
      },
      {
        "point_number": 8,
        "point_content": "Install solar panels and source electricity from non-carbon based energy sources.",
        "spans": [
          "Install solar panels, if you can, and source electricity from non-carbon based energy sources"
        ]
      },
      {
        "point_number": 9,
        "point_content": "Switch from gas to electric cars if you can't get rid of your car.",
        "spans": [
          "If you can't get rid of your car, switch from gas to electric"
        ]
      },
      {
        "point_number": 10,
        "point_content": "Donate time or money to organizations fighting climate change.",
        "spans": [
          "Donate time or spare cash to organizations dedicated to the fight against climate change"
        ]
      },
      {
        "point_number": 11,
        "point_content": "Use your special skills to support climate action in various ways.",
        "spans": [
          "Put your special skills to use, Johnson said. Creatives can make art to inform and inspire. Those with law backgrounds can use the law to fight for climate justice. Web designers can create websites to help activists organize, and those with skills in the kitchen can cook meals to nourish the demonstrators"
        ]
      },
      {
        "point_number": 12,
        "point_content": "Continue to talk about climate change to transform culture and mobilize action.",
        "spans": [
          "Continue to talk about climate change to transform the culture and \"mobilize at the scale we need\""
        ]
      }
    ],
    "clueweb22-en0022-63-03998": [
      {
        "point_number": 1,
        "point_content": "Urge government to take bold, ambitious climate action now to keep warming below 1.5 C and avoid the most dangerous impacts of climate chaos.",
        "spans": [
          "Urge government to take bold, ambitious climate action now",
          "Top climate scientists issued a “code red for humanity” recently, warning that this is our last chance to implement the transformational changes necessary to keep warming below 1.5 C and avoid the most dangerous impacts of climate chaos."
        ]
      },
      {
        "point_number": 2,
        "point_content": "Help raise climate ambition by painting your town with climate art to raise collective climate ambition.",
        "spans": [
          "Help raise climate ambition by painting your town with climate art",
          "You can help raise our collective climate ambition by:"
        ]
      },
      {
        "point_number": 3,
        "point_content": "Use energy wisely by making homes more energy-efficient, such as swapping furnaces for heat pumps, installing programmable thermostats, using energy-efficient appliances and light bulbs, and winterizing homes.",
        "spans": [
          "Use energy wisely — and save money too!",
          "Swap your furnace for a heat pump, which works by extracting heat from one location and transferring it to another",
          "Install a programmable thermostat",
          "Swap your gas stove for an electric stove, which will also lower indoor air pollution",
          "Unplug computers, TVs and other electronics when you’re not using them",
          "Wash clothes in cold water. Hang-dry your clothes when you can and use   dryer balls  when you can’t",
          "Look for the Energy Star label when buying new appliances",
          "Winterize your home  to prevent heat from escaping and try to  keep it cool in the summer without an air conditioner",
          "Change to energy-efficient light bulbs",
          "Get a home or workplace energy audit to identify where you can make the most energy-saving gains"
        ]
      },
      {
        "point_number": 4,
        "point_content": "Eat for a climate-stable planet by eating more meat-free meals, buying organic and local, not wasting food, and growing your own food.",
        "spans": [
          "Eat for a climate-stable planet",
          "Eat more meat-free meals",
          "Buy organic and local whenever possible",
          "Don’t waste food",
          "Grow your own"
        ]
      },
      {
        "point_number": 5,
        "point_content": "Start a climate conversation to open minds and find common ground for climate solutions.",
        "spans": [
          "Start a climate conversation",
          "You can talk to people about climate change in ways we can’t. You are more likely to open people’s minds."
        ]
      },
      {
        "point_number": 6,
        "point_content": "Green your commute by taking public transit, riding a bike, car-sharing, switching to electric or plug-in hybrid vehicles, and flying less.",
        "spans": [
          "Green your commute",
          "Take public transit",
          "Ride a bike or advocate for bike lanes in your community",
          "Car-share",
          "If you have a large, inefficient vehicle, retire it and switch to an electric or plug-in hybrid vehicle",
          "Fly less (if you do fly, make sure you offset your emissions)"
        ]
      },
      {
        "point_number": 7,
        "point_content": "Consume less, waste less, and enjoy life more by focusing on simple pleasures, sharing, making, fixing, upcycling, repurposing, and composting.",
        "spans": [
          "Consume less, waste less, enjoy life more",
          "Sharing, making, fixing, upcycling, repurposing and composting are all good places to start."
        ]
      }
    ],
    "clueweb22-en0009-53-04725": [
      {
        "point_number": 1,
        "point_content": "Make your commute green by taking public transportation or riding your bike to work to reduce vehicle emissions.",
        "spans": [
          "taking public transportation to work is a great way to cut out emissions",
          "Riding your bike to work is also incredibly helpful to the environment"
        ]
      },
      {
        "point_number": 2,
        "point_content": "Be more conservative with energy usage by turning off lights, unplugging devices, and using energy-efficient light bulbs.",
        "spans": [
          "Make sure to turn off lights and unplug devices that you are not using anymore when you are done with them",
          "Replace your light bulbs with energy-efficient light bulbs to help you save electricity too"
        ]
      },
      {
        "point_number": 3,
        "point_content": "Get active and vote for legislation and politicians that fight against climate change.",
        "spans": [
          "voting for legislation and politicians that aid against the detrimental effects of climate change"
        ]
      },
      {
        "point_number": 4,
        "point_content": "Recycle to reduce greenhouse gas emissions from manufacturing plants.",
        "spans": [
          "Recycling is a cost-effective and eco-friendly process that eliminates waste and doesn’t emit greenhouse gasses into the environment"
        ]
      },
      {
        "point_number": 5,
        "point_content": "Educate yourself and others about the dangers of climate change and how to act against it.",
        "spans": [
          "educating others about climate change cannot be overstated",
          "educate others about the dangers of climate change and how to act against it"
        ]
      },
      {
        "point_number": 6,
        "point_content": "Encourage the use of renewable energies by spreading awareness about their benefits over fossil fuels.",
        "spans": [
          "Encourage the use of renewable energies",
          "informing others about how renewable energy is better than utilizing fossil fuels"
        ]
      }
    ],
    "clueweb22-en0015-74-09063": [
      {
        "point_number": 1,
        "point_content": "Switch to renewable sources of energy to power homes and buildings, emitting far less heat-trapping gases.",
        "spans": [
          "switch to renewable sources of energy (such as solar and wind energy) to power our homes and buildings, thus emitting far less heat-trapping gases into the atmosphere"
        ]
      },
      {
        "point_number": 2,
        "point_content": "Drive electric vehicles or use mass transit instead of fossil fuel burning cars.",
        "spans": [
          "drive electric vehicles instead of those that burn fossil fuels; or we can use mass transit instead of driving our own cars"
        ]
      },
      {
        "point_number": 3,
        "point_content": "Conserve energy by better insulating homes and buildings and replacing old appliances with energy-efficient models.",
        "spans": [
          "conserve energy by better insulating our homes and buildings, and by replacing old, failing appliances with more energy-efficient models"
        ]
      },
      {
        "point_number": 4,
        "point_content": "Counterbalance annual carbon dioxide emissions by investing in services that draw down carbon, such as planting trees or carbon capture and storage.",
        "spans": [
          "counterbalance our annual carbon dioxide emissions by investing in commercial services that draw down an equal amount of carbon out of the atmosphere, such as through planting trees or carbon capture and storage techniques"
        ]
      },
      {
        "point_number": 5,
        "point_content": "Support local businesses that use and promote sustainable, climate-smart practices.",
        "spans": [
          "support more local businesses that use and promote sustainable, climate-smart practices such as those listed above"
        ]
      },
      {
        "point_number": 6,
        "point_content": "Consider placing an upper limit on the amount of carbon dioxide emissions within a given timeframe.",
        "spans": [
          "consider placing an upper limit on the amount of carbon dioxide we will allow ourselves to emit into the atmosphere within a given timeframe"
        ]
      }
    ],
    "clueweb22-en0012-54-18155": [
      {
        "point_number": 1,
        "point_content": "Reduce water consumption by claiming a free water saving kit and replacing one bath with a shower a week.",
        "spans": [
          "reduce your water consumption by claiming your free water saving kit from Essex and Suffolk Water",
          "Replace one bath with a shower a week"
        ]
      },
      {
        "point_number": 2,
        "point_content": "Use less water when washing dishes by filling up a washing-up bowl instead of letting the tap run.",
        "spans": [
          "when washing dishes as opposed to yourself, filling up a washing-up bowl uses less water than letting the tap run"
        ]
      },
      {
        "point_number": 3,
        "point_content": "Take shorter showers to save water over time.",
        "spans": [
          "challenge yourself to take just one minute less in the shower"
        ]
      },
      {
        "point_number": 4,
        "point_content": "Switch appliances off at the wall when not in use to save energy.",
        "spans": [
          "Switch your appliances off at the wall when not in use"
        ]
      },
      {
        "point_number": 5,
        "point_content": "Wash clothes at 30 degrees or lower to reduce energy consumption and keep clothes looking newer.",
        "spans": [
          "Wash clothes at 30 degrees or lower"
        ]
      },
      {
        "point_number": 6,
        "point_content": "Close blinds and keep windows shut during summer days, open windows at night to reduce reliance on fans and air conditioners.",
        "spans": [
          "In the summer, close your blinds and keep windows shut in the day. At night, open the windows to keep the property cooler and reduce reliance on fans and air conditioners"
        ]
      },
      {
        "point_number": 7,
        "point_content": "In winter, use draught exclusion materials, wear a jumper, and turn down the thermostat by one degree to save energy.",
        "spans": [
          "In the wintertime, invest in draught exclusion materials and treat yourself to a new jumper to reduce reliance on heating",
          "try and turn this down by just one degree"
        ]
      },
      {
        "point_number": 8,
        "point_content": "Maximise wash loads and dry clothes outside to save energy.",
        "spans": [
          "Maximise wash loads and take advantage of good weather days by hanging clothes outside"
        ]
      },
      {
        "point_number": 9,
        "point_content": "Only boil the kettle with as much water as you need to save energy and water.",
        "spans": [
          "When making hot drinks, only boil the kettle with as much water as you need"
        ]
      },
      {
        "point_number": 10,
        "point_content": "Swap car journeys for biking or public transport to reduce carbon footprint.",
        "spans": [
          "Swap your car journeys. Choosing to travel by bike or public transport is one of the best ways to reduce your carbon footprint"
        ]
      },
      {
        "point_number": 11,
        "point_content": "Swap plane journeys for train journeys when possible to reduce emissions.",
        "spans": [
          "Swap your plane journeys. Going long-haul? See if there’s an option to go by train such as the Eurostar or national rail"
        ]
      },
      {
        "point_number": 12,
        "point_content": "Invest in electric vehicles or appliances to save energy.",
        "spans": [
          "Invest in electric. See if your new vehicle or appliance has an electric or energy-saving alternative"
        ]
      },
      {
        "point_number": 13,
        "point_content": "Avoid speeding and engine idling to reduce fuel use and emissions.",
        "spans": [
          "Slow down. Speeding uses up more petrol and emits more CO2",
          "Don’t engine idle. If you're going to be parked for more than 30 seconds, turn off your engine"
        ]
      },
      {
        "point_number": 14,
        "point_content": "Plant trees and plants to reduce CO2 levels and keep air purer and cooler.",
        "spans": [
          "Treat your home and garden to some plants and trees. Plants help to reduce CO2 levels and some can even absorb CO2"
        ]
      },
      {
        "point_number": 15,
        "point_content": "Recycle correctly and buy items with recyclable packaging to reduce waste.",
        "spans": [
          "Recycle correctly by reading the packaging of the item you are throwing away",
          "Consider buying items that have recyclable packaging"
        ]
      },
      {
        "point_number": 16,
        "point_content": "Buy second-hand, repurpose, renew, and fix items to prevent throwaway culture and reduce landfill.",
        "spans": [
          "Buy second-hand instead of buying new",
          "You can also repurpose and renew items instead of throwing away",
          "Take the time to fix things, rather than buying new"
        ]
      },
      {
        "point_number": 17,
        "point_content": "Eat greener by reducing meat consumption and eating seasonal food to reduce greenhouse gas emissions.",
        "spans": [
          "Eat greener by reducing meat consumption and eating food that is naturally in season"
        ]
      },
      {
        "point_number": 18,
        "point_content": "Reconsider paving driveways and invest in flowerbeds to help with moisture absorption and flood prevention.",
        "spans": [
          "Reconsider paving your driveway and invest in robust flowerbeds"
        ]
      },
      {
        "point_number": 19,
        "point_content": "Share resources by having housemates or partners to reduce carbon footprint.",
        "spans": [
          "Share! Whether this be having a housemate or moving in with a partner, sharing resources is a great way to reduce your carbon footprint"
        ]
      },
      {
        "point_number": 20,
        "point_content": "Grow your own veggies and herbs, DIY furniture, and shop locally to be resourceful and reduce emissions.",
        "spans": [
          "Get resourceful by making things for yourself. Grow your own veggies and herbs, DIY your own furniture through upcycling and shop locally"
        ]
      },
      {
        "point_number": 21,
        "point_content": "Lobby MPs and Councillors and speak within your community to inspire climate change action.",
        "spans": [
          "Lobby your MP’s and Councillors to take action by bringing climate change projects and initiatives to their attention",
          "Speak within your local community to inspire others to make a change"
        ]
      }
    ],
    "clueweb22-en0023-51-18364": [
      {
        "point_number": 1,
        "point_content": "We must take swift action to level off and then decrease the amount of carbon dioxide (CO2) and other greenhouse gases in the atmosphere.",
        "spans": [
          "we need to soon level off—and then decrease—the amount of carbon dioxide (CO 2) and other greenhouse gases in the atmosphere"
        ]
      },
      {
        "point_number": 2,
        "point_content": "The fastest way to address the buildup of CO2 is to stop adding more by reducing emissions from electricity generation, transportation, refrigerants, and manufacturing.",
        "spans": [
          "The fastest way to address the buildup of CO 2 in the atmosphere is to stop adding more.",
          "Many vital parts of our economy emit huge amounts of greenhouse gases: the way we generate electricity and heat for our buildings and industry; the oil we burn to power our cars, trucks and planes; the refrigerants we use to preserve our food and cool our buildings; and the intensive manufacturing processes for making concrete and steel."
        ]
      },
      {
        "point_number": 3,
        "point_content": "We can replace high-emitting fuels like coal, oil and gas with nearly carbon-free alternatives such as solar, wind, or nuclear power.",
        "spans": [
          "We can replace high-emitting fuels like coal, oil and gas with nearly “carbon-free” alternatives, such as solar power, wind power, or nuclear power."
        ]
      },
      {
        "point_number": 4,
        "point_content": "We can capture CO2 from fossil fuel power and manufacturing plants and store it underground.",
        "spans": [
          "We can capture the CO 2 from fossil fuel power and manufacturing plants and store it underground."
        ]
      },
      {
        "point_number": 5,
        "point_content": "We can update buildings and infrastructure to use less energy.",
        "spans": [
          "We can also update our buildings and infrastructure, so that it takes less energy to build and use them."
        ]
      },
      {
        "point_number": 6,
        "point_content": "We can remove some CO2 already in the atmosphere by reforesting, changing farming practices, or using direct air capture technology.",
        "spans": [
          "We can add to these efforts by trying to remove some of the CO 2 that is already in the atmosphere: for instance, by reforesting the Earth, by changing our farming practices to store more carbon in the soil, or through “direct air capture” technology."
        ]
      },
      {
        "point_number": 7,
        "point_content": "Cutting carbon emissions in half by 2030 and achieving net zero by 2050 can avoid the worst threats of climate change.",
        "spans": [
          "If, by 2030, we cut our carbon emissions in about half – and, by 2050, we don’t emit any more carbon emissions than the planet can absorb each year – scientists predict that we can avoid the worst threats of climate change."
        ]
      }
    ],
    "clueweb22-en0033-85-18743": [
      {
        "point_number": 1,
        "point_content": "Replace your five most frequently used light fixtures or the lightbulbs in them with ENERGY STAR – qualified products to reduce greenhouse gases and save money.",
        "spans": [
          "Replace your five most frequently used light fixtures or the lightbulbs in them with ENERGY STAR – qualified products and you will help the environment while saving $70 a year on energy bills."
        ]
      },
      {
        "point_number": 2,
        "point_content": "Look for EPA's ENERGY STAR label when buying new products to make energy-efficient decisions and reduce greenhouse gas emissions.",
        "spans": [
          "When buying new products for your home, look for EPA's ENERGY STAR label to help you make the most energy-efficient decision."
        ]
      },
      {
        "point_number": 3,
        "point_content": "Heat and cool smartly by changing air filters regularly, using a programmable thermostat, and maintaining heating and cooling equipment to save energy and reduce emissions.",
        "spans": [
          "Simple steps like changing air filters regularly, properly using a programmable thermostat, and having your heating and cooling equipment maintained annually by a licensed contractor can save energy and increase comfort while helping to protect the environment."
        ]
      },
      {
        "point_number": 4,
        "point_content": "Seal and insulate your home to reduce air leaks and drafts, saving on heating and cooling costs and enhancing comfort.",
        "spans": [
          "Reduce air leaks and stop drafts by using caulk, weather stripping, and insulation to seal your home's envelope and add more insulation to your attic to block out heat and cold."
        ]
      },
      {
        "point_number": 5,
        "point_content": "Reduce, reuse, and recycle to conserve energy and reduce pollution and greenhouse gas emissions.",
        "spans": [
          "Reducing, reusing, and recycling in your home helps conserve energy and reduces pollution and greenhouse gas emissions from resource extraction, manufacturing, and disposal."
        ]
      },
      {
        "point_number": 6,
        "point_content": "Use water efficiently to save energy used in pumping, treating, and heating water, thereby reducing greenhouse gas emissions.",
        "spans": [
          "It takes lots of energy to pump, treat, and heat water, so saving water reduces greenhouse gas emissions."
        ]
      },
      {
        "point_number": 7,
        "point_content": "Compost food and yard waste to reduce garbage sent to landfills and lower greenhouse gas emissions.",
        "spans": [
          "Composting your food and yard waste reduces the amount of garbage that you send to landfills and reduces greenhouse gas emissions."
        ]
      },
      {
        "point_number": 8,
        "point_content": "Purchase green power or generate your own from renewable sources like wind and solar to lower greenhouse gas emissions.",
        "spans": [
          "Power your home by purchasing green power. Green power is environmentally friendly electricity that is generated from renewable energy sources such as wind and the sun."
        ]
      },
      {
        "point_number": 9,
        "point_content": "Calculate your household's carbon footprint to understand and identify ways to reduce greenhouse gas emissions.",
        "spans": [
          "Use EPA's Household Carbon Footprint Calculator to estimate your household greenhouse gas emissions resulting from energy use, transportation, and waste disposal."
        ]
      },
      {
        "point_number": 10,
        "point_content": "Spread the word about energy efficiency benefits to help reduce greenhouse gas emissions collectively.",
        "spans": [
          "Tell family and friends that energy efficiency is good for their homes and good for the environment because it lowers greenhouse gas emissions and air pollution."
        ]
      }
    ],
    "clueweb22-en0003-94-08726": [
      {
        "point_number": 1,
        "point_content": "Switch to Clean Energy",
        "spans": [
          "Switch to Clean Energy"
        ]
      },
      {
        "point_number": 2,
        "point_content": "Use Less Energy",
        "spans": [
          "Use Less Energy"
        ]
      },
      {
        "point_number": 3,
        "point_content": "Travel Green",
        "spans": [
          "Travel Green"
        ]
      },
      {
        "point_number": 4,
        "point_content": "Reduce Waste",
        "spans": [
          "Reduce Waste"
        ]
      },
      {
        "point_number": 5,
        "point_content": "Watch Your Water Use",
        "spans": [
          "Watch Your Water Use"
        ]
      },
      {
        "point_number": 6,
        "point_content": "The simple steps you, your friends, and your family take are multiplied by millions of people all over the world to help stop global climate change.",
        "spans": [
          "Can one person help stop global climate change? Yes! Especially when the simple steps you, your friends, and your family take are multiplied by millions of people all over the world."
        ]
      }
    ],
    "clueweb22-en0006-40-05217": [
      {
        "point_number": 1,
        "point_content": "Bring your own reusable cup or coffee mug to reduce waste.",
        "spans": [
          "Bring your own bottle or mug."
        ]
      },
      {
        "point_number": 2,
        "point_content": "Replace inefficient bulbs with high-quality LED bulbs to save energy.",
        "spans": [
          "Replace inefficient bulbs."
        ]
      },
      {
        "point_number": 3,
        "point_content": "Turn off lights in empty rooms and question the need for lights to save energy.",
        "spans": [
          "Turn off some lights."
        ]
      },
      {
        "point_number": 4,
        "point_content": "Set your thermostat a couple of degrees up or down depending on the season to save energy.",
        "spans": [
          "Have a “2 degrees” goal at home."
        ]
      },
      {
        "point_number": 5,
        "point_content": "Walk or bike instead of driving to reduce fossil fuel emissions.",
        "spans": [
          "Walk or bike somewhere you’d normally drive today."
        ]
      },
      {
        "point_number": 6,
        "point_content": "Vote and contact government representatives about environmental issues to support collective action.",
        "spans": [
          "Vote!"
        ]
      },
      {
        "point_number": 7,
        "point_content": "Plant native plants that attract pollinators to help the environment.",
        "spans": [
          "Plant something."
        ]
      },
      {
        "point_number": 8,
        "point_content": "Cut food waste by eating leftovers and embracing imperfect produce.",
        "spans": [
          "Cut food waste."
        ]
      },
      {
        "point_number": 9,
        "point_content": "Choose slower shipping options to reduce delivery truck emissions.",
        "spans": [
          "Slower shipping for shopping."
        ]
      },
      {
        "point_number": 10,
        "point_content": "Reduce use of plastic and properly dispose of plastic waste to protect oceans and waterways.",
        "spans": [
          "Reduce your use of plastic."
        ]
      },
      {
        "point_number": 11,
        "point_content": "Unplug appliances when not in use to avoid wasting energy.",
        "spans": [
          "Don’t be a vampire."
        ]
      },
      {
        "point_number": 12,
        "point_content": "Use cool water for washing clothes to save energy.",
        "spans": [
          "Cool clothes."
        ]
      },
      {
        "point_number": 13,
        "point_content": "Save water to save energy and reduce greenhouse gas emissions.",
        "spans": [
          "Save water."
        ]
      }
    ]
  }
}