{
  "question": "how have law firms changed their practices with technology",
  "key_points": [
    {
      "point_number": 1,
      "point_content": "Law firms have traditionally operated in the same way for generations, but this old model is being challenged by changing client needs, demand for better value, and new technologies like AI, pushing the legal sector in new directions.",
      "original_point_number": [
        1,
        2
      ]
    },
    {
      "point_number": 2,
      "point_content": "Innovation should be viewed as a strategy benefiting the firm, its clients, and the legal industry, requiring embracing change, greater fluidity between departments, and openness to collaboration and joint ventures with external businesses on an unprecedented scale.",
      "original_point_number": [
        3,
        4
      ]
    },
    {
      "point_number": 3,
      "point_content": "Gaining Alternative Business Structure (ABS) status has enabled the firm to collaborate with semi-external organisations, leverage new technology, and improve client service.",
      "original_point_number": [
        5
      ]
    },
    {
      "point_number": 4,
      "point_content": "The firm partnered with legal tech start-ups such as Pekama, providing a cloud-based communication tool for real-time collaboration among lawyers, clients, and third parties, and ThoughtRiver, which developed AI software to scan and interpret legal contracts; the firm invested in Pekama in 2015 recognizing its positive impact on efficiency, client satisfaction, and retention, and helped incubate ThoughtRiver through funding, strategic partnership, and support.",
      "original_point_number": [
        6,
        7,
        8,
        10
      ]
    },
    {
      "point_number": 5,
      "point_content": "Taylor Vinters encourages ThoughtRiver to establish service contracts with other law firms to support its growth and success.",
      "original_point_number": [
        11
      ]
    },
    {
      "point_number": 6,
      "point_content": "Taylor Vinters merged with Via Law in Singapore, creating a cross-ownership structure to share clients, ideas, and personnel despite foreign ownership restrictions.",
      "original_point_number": [
        12
      ]
    },
    {
      "point_number": 7,
      "point_content": "Partnering with technology start-ups and other law firms helps lawyers view the legal services market differently and improves staff morale and firm culture.",
      "original_point_number": [
        13
      ]
    },
    {
      "point_number": 8,
      "point_content": "Due to rapid change and new technologies, maintaining the status quo is unlikely to succeed; legal services must evolve commercially and culturally.",
      "original_point_number": [
        14
      ]
    },
    {
      "point_number": 9,
      "point_content": "Law firms are adopting cloud-based practice management software to enable agile working, allowing lawyers to work flexibly in location and time, and use digital dictation and automation software to improve productivity, streamline workflow, and reduce secretarial costs.",
      "original_point_number": [
        15,
        16
      ]
    },
    {
      "point_number": 10,
      "point_content": "Law firms deploy AI technologies such as chatbots for reception support, predictive coding for document assessment, and AI tools to predict case outcomes and assist litigation strategy, allowing lawyers to spend less time on repetitive tasks and more on analysis.",
      "original_point_number": [
        9,
        17
      ]
    },
    {
      "point_number": 11,
      "point_content": "Law firms face competition from digital disruptors offering cheap legal document templates and free legal information, changing how clients approach legal services.",
      "original_point_number": [
        18
      ]
    },
    {
      "point_number": 12,
      "point_content": "Law firms should adopt relevant technology and new working methods to prepare for future challenges and gain commercial advantage, as technology increases efficiency, reduces costs, and provides first mover advantage.",
      "original_point_number": [
        19,
        20
      ]
    },
    {
      "point_number": 13,
      "point_content": "Cloud computing is a critical technology for lawyers, enabling remote work and flexible working options, but adoption is currently low.",
      "original_point_number": [
        21,
        57,
        61
      ]
    },
    {
      "point_number": 14,
      "point_content": "Specializing early in Blockchain technology will create new areas of legal practice for lawyers.",
      "original_point_number": [
        22
      ]
    },
    {
      "point_number": 15,
      "point_content": "Big data is making legal discovery more complex, requiring lawyers to know what to ask for; AI helps in pattern recognition from big data and can predict future behavior, aiding litigation strategies by analyzing trends in previous cases.",
      "original_point_number": [
        23,
        24,
        62
      ]
    },
    {
      "point_number": 16,
      "point_content": "The legal business model is changing with automation likely to replace many legal jobs in the next 20 years; new data-based technologies will change the practice, scope, and shape of law firms.",
      "original_point_number": [
        25,
        26
      ]
    },
    {
      "point_number": 17,
      "point_content": "Law firms are outsourcing tasks such as reviewing documents and legal research to reduce costs and increase efficiency; trainee solicitors' roles have changed to managing outsourced document review processes and performing secondary reviews, requiring management and technology skills.",
      "original_point_number": [
        27,
        28
      ]
    },
    {
      "point_number": 18,
      "point_content": "Law firms use automation and predictive coding to handle large volumes of documents more efficiently and cost-effectively; many billing, administrative, and secretarial processes have been automated, especially in larger firms or through managed outsourced services.",
      "original_point_number": [
        29,
        63
      ]
    },
    {
      "point_number": 19,
      "point_content": "Some law firms support tech start-ups internally and establish support offices in lower-cost locations to innovate and perform tasks more efficiently.",
      "original_point_number": [
        30
      ]
    },
    {
      "point_number": 20,
      "point_content": "Embracing technology helps law firms develop closer client relationships and provide more seamless, cost-effective services; law firms are exploring various platforms to meet new client demands, indicating a shift towards technological adoption and a focus on flexibility and adaptation to technological changes.",
      "original_point_number": [
        31,
        32,
        33
      ]
    },
    {
      "point_number": 21,
      "point_content": "Future lawyers will need to demonstrate digital expertise and work flexibly with multiple software and hardware.",
      "original_point_number": [
        34
      ]
    },
    {
      "point_number": 22,
      "point_content": "Law firms face challenges in maintaining brand profile and attracting clients without traditional networking, requiring creative technological solutions; junior lawyers have opportunities to distinguish themselves technologically and entrepreneurially by finding creative and effective solutions.",
      "original_point_number": [
        35,
        36
      ]
    },
    {
      "point_number": 23,
      "point_content": "Law firms and in-house legal teams collect large amounts of confidential corporate information and sensitive data, making them attractive targets for ransomware attacks; law firms tend to be more vulnerable than other businesses to such attacks.",
      "original_point_number": [
        37,
        38
      ]
    },
    {
      "point_number": 24,
      "point_content": "Only a minority of law firms use comprehensive cybersecurity measures: 43% use file encryption; less than 40% use email encryption, two-factor authentication, and intrusion prevention; less than 30% use full disk encryption and intrusion detection.",
      "original_point_number": [
        39
      ]
    },
    {
      "point_number": 25,
      "point_content": "Cybersecurity measures such as enabling two-factor authentication, backing up data, and keeping software patched and maintained are crucial for law firms; companies should have a plan for ransomware attacks, including decisions on ransom payment and negotiation; using secure cloud repositories and carefully vetting data storage vendors is helpful.",
      "original_point_number": [
        40,
        41,
        42
      ]
    },
    {
      "point_number": 26,
      "point_content": "Law firms have additional considerations in cyberattacks unique to their industry, including ethics, legal liability, and attorney-client confidentiality responsibilities.",
      "original_point_number": [
        43
      ]
    },
    {
      "point_number": 27,
      "point_content": "Legal technology substantially changes how legal services are used and eases the practice of law for attorneys and legal professionals by increasing efficiency, productivity, and transparency between firms and clients.",
      "original_point_number": [
        44,
        45
      ]
    },
    {
      "point_number": 28,
      "point_content": "Automated processes have replaced manual in-house legal tasks, allowing lawyers to focus on more productive tasks; legal research solutions help lawyers stay updated with regulatory changes and provide advanced tools not available in print.",
      "original_point_number": [
        46,
        47
      ]
    },
    {
      "point_number": 29,
      "point_content": "Legal tech solutions improve resource management by automating tasks previously done by junior attorneys, allowing better use of human resources and reducing errors through easier access to details and analytics for fact and evidence analysis.",
      "original_point_number": [
        48,
        49
      ]
    },
    {
      "point_number": 30,
      "point_content": "Legal practice management solutions increase transparency and trust by allowing clients to access profiles of legal professionals and communicate in real-time; case management systems with client access enable 24/7 interaction and case progress viewing, increasing transparency and flexibility.",
      "original_point_number": [
        50,
        59
      ]
    },
    {
      "point_number": 31,
      "point_content": "Technology introduces new legal products and services by bridging the gap between lawyers and clients and understanding common client issues; legal-based mobile apps and software add convenience by enabling remote communication, real-time updates, and efficient research.",
      "original_point_number": [
        51,
        52
      ]
    },
    {
      "point_number": 32,
      "point_content": "AI enhances customer experience by delivering customized services and personalized communication based on real-time consumer data; AI and machine learning are used in legal tech to carry out routine tasks and search vast data, including predictive coding for e-disclosure.",
      "original_point_number": [
        53,
        60
      ]
    },
    {
      "point_number": 33,
      "point_content": "Technology enables more collaboration among lawyers through tools like Slack, Google Docs, and Microsoft Teams, supporting remote work and serving clients regardless of location; it also allows faster processing of information, enabling high-level analysis and complex calculations in minutes, improving case management.",
      "original_point_number": [
        54,
        55
      ]
    },
    {
      "point_number": 34,
      "point_content": "Law firms have adopted automation tools and cloud solutions which have reduced administrative costs and enabled agile and remote working; law firms have changed traditional working practices to offer more flexible client contact options and remote work to meet client and lawyer demands.",
      "original_point_number": [
        56,
        57,
        64
      ]
    }
  ]
}