{
  "question": "what are three factors that impact a company’s decision to invest in a country?",
  "key_points": {
    "null": [],
    "clueweb22-en0033-08-00333": [
      {
        "point_number": 1,
        "point_content": "Wage rates are a major incentive for a multinational to invest abroad to outsource labour-intensive production to countries with lower wages.",
        "spans": [
          "A major incentive for a multinational to invest abroad is to outsource labour-intensive production to countries with lower wages."
        ]
      },
      {
        "point_number": 2,
        "point_content": "Labour skills influence investment, with multinationals investing in countries with a combination of low wages and high labour productivity and skills.",
        "spans": [
          "Some industries require higher skilled labour, for example pharmaceuticals and electronics.",
          "Therefore, multinationals will invest in those countries with a combination of low wages, but high labour productivity and skills."
        ]
      },
      {
        "point_number": 3,
        "point_content": "Tax rates impact investment decisions, with large multinationals seeking to invest in countries with lower corporation tax rates.",
        "spans": [
          "Large multinationals, such as Apple, Google and Microsoft have sought to invest in countries with lower corporation tax rates."
        ]
      }
    ],
    "clueweb22-en0005-19-11416": [
      {
        "point_number": 1,
        "point_content": "Portfolio diversification is a key factor affecting investment decisions.",
        "spans": [
          "Portfolio diversification is a key factor affecting investment decisions:"
        ]
      },
      {
        "point_number": 2,
        "point_content": "Investment quality affects investing decisions.",
        "spans": [
          "Investment quality affects investing decisions:"
        ]
      },
      {
        "point_number": 3,
        "point_content": "Personal needs and temperament affect investment decisions.",
        "spans": [
          "Personal needs and temperament affect investment decisions:"
        ]
      }
    ],
    "clueweb22-en0001-56-07483": [
      {
        "point_number": 1,
        "point_content": "Familiarity of offering impacts the investment decision as entering a market familiar with the product/service reduces the need for consumer education and risk of non-acceptance.",
        "spans": [
          "Are you entering a market where people are familiar with some version of your product/service?",
          "Entering a market where there is familiarity with your product/service reduces the need for consumer education and risk of non-acceptance."
        ]
      },
      {
        "point_number": 2,
        "point_content": "Brand recognition in the market is a factor; high brand recognition can lead to easier market entry and initial success.",
        "spans": [
          "Does your brand currently have any level of brand recognition in the market?",
          "if there is a high level of recognition for your brand in the market, you are already ahead of the game."
        ]
      },
      {
        "point_number": 3,
        "point_content": "Market landscape including economic climate and competition level affects the decision to invest in a country.",
        "spans": [
          "What is the current market environment in your sector in the new market?",
          "When assessing the climate of competition, be sure that the level of competition is not too high or near saturation, leaving little room for the introduction of new players."
        ]
      }
    ],
    "clueweb22-en0035-44-10803": [
      {
        "point_number": 1,
        "point_content": "Expertise in the company and its industry is a factor to consider when investing.",
        "spans": [
          "Your Expertise",
          "How much do you know about the company and its industry?"
        ]
      },
      {
        "point_number": 2,
        "point_content": "The business structure impacts liability and investment risk.",
        "spans": [
          "The Structure",
          "Depending on the business's structure, investors could be held personally liable for debts if the business fails."
        ]
      },
      {
        "point_number": 3,
        "point_content": "Appropriate protections like insurance are necessary to limit liability.",
        "spans": [
          "The Appropriate Protections",
          "Does the business have the appropriate protections in place to limit liability, such as insurance?"
        ]
      }
    ]
  }
}