{
  "question": "what are three factors that impact a company’s decision to invest in a country?",
  "key_points": [
    {
      "point_number": 1,
      "point_content": "Wage rates are a major incentive for a multinational to invest abroad to outsource labour-intensive production to countries with lower wages.",
      "original_point_number": [
        1
      ]
    },
    {
      "point_number": 2,
      "point_content": "Labour skills influence investment, with multinationals investing in countries with a combination of low wages and high labour productivity and skills.",
      "original_point_number": [
        2
      ]
    },
    {
      "point_number": 3,
      "point_content": "Tax rates impact investment decisions, with large multinationals seeking to invest in countries with lower corporation tax rates.",
      "original_point_number": [
        3
      ]
    },
    {
      "point_number": 4,
      "point_content": "Portfolio diversification is a key factor affecting investment decisions.",
      "original_point_number": [
        4
      ]
    },
    {
      "point_number": 5,
      "point_content": "Investment quality affects investing decisions.",
      "original_point_number": [
        5
      ]
    },
    {
      "point_number": 6,
      "point_content": "Personal needs and temperament affect investment decisions.",
      "original_point_number": [
        6
      ]
    },
    {
      "point_number": 7,
      "point_content": "Familiarity of offering impacts the investment decision as entering a market familiar with the product/service reduces the need for consumer education and risk of non-acceptance.",
      "original_point_number": [
        7
      ]
    },
    {
      "point_number": 8,
      "point_content": "Brand recognition in the market is a factor; high brand recognition can lead to easier market entry and initial success.",
      "original_point_number": [
        8
      ]
    },
    {
      "point_number": 9,
      "point_content": "Market landscape including economic climate and competition level affects the decision to invest in a country.",
      "original_point_number": [
        9
      ]
    },
    {
      "point_number": 10,
      "point_content": "Expertise in the company and its industry is a factor to consider when investing.",
      "original_point_number": [
        10
      ]
    },
    {
      "point_number": 11,
      "point_content": "The business structure impacts liability and investment risk.",
      "original_point_number": [
        11
      ]
    },
    {
      "point_number": 12,
      "point_content": "Appropriate protections like insurance are necessary to limit liability.",
      "original_point_number": [
        12
      ]
    }
  ]
}