{
  "question": "does punishment deter crime",
  "key_points": [
    {
      "point_number": 1,
      "point_content": "There are conflicting views on the death penalty's deterrent effect: some claim it is a necessary tool to fight and deter crime by causing would-be murderers to fear arrest and conviction and by preventing convicted murderers from killing again, while others argue it makes the fight against crime more difficult by wasting resources and may result in more murders due to its brutalizing effect on society.",
      "original_point_number": [
        1,
        2
      ]
    },
    {
      "point_number": 2,
      "point_content": "A swifter death penalty, achievable by eliminating abuses of the writ of habeas corpus to delay death sentences, is argued to be an effective deterrent.",
      "original_point_number": [
        3
      ]
    },
    {
      "point_number": 3,
      "point_content": "A strong majority of police chiefs do not believe that capital punishment is an effective law enforcement tool and that other methods of crime control are more effective.",
      "original_point_number": [
        4
      ]
    },
    {
      "point_number": 4,
      "point_content": "There is no credible evidence that the use of capital punishment has any discernible effect on murder rates; some studies find no reduction or even an increase in homicides in jurisdictions with the death penalty.",
      "original_point_number": [
        5,
        7
      ]
    },
    {
      "point_number": 5,
      "point_content": "Death is inherently the most effective deterrent to prevent recidivism and may save innocent lives that would otherwise be terminated by dangerous persons who might be released from prison.",
      "original_point_number": [
        8
      ]
    },
    {
      "point_number": 6,
      "point_content": "The certainty of being caught is a vastly more powerful deterrent than the severity of punishment, including the death penalty.",
      "original_point_number": [
        9,
        16
      ]
    },
    {
      "point_number": 7,
      "point_content": "Sending an individual convicted of a crime to prison is not a very effective way to deter crime; prison sentences do little to deter people from committing future crimes, especially long sentences, and harsher punishments do not prevent crime and may increase re-offending.",
      "original_point_number": [
        10,
        14,
        19
      ]
    },
    {
      "point_number": 8,
      "point_content": "Police deter crime by increasing the perception that criminals will be caught and punished.",
      "original_point_number": [
        11
      ]
    },
    {
      "point_number": 9,
      "point_content": "Increasing the severity of punishment does little to deter crime; severity of punishment has no real deterrent effect or effect on reducing recidivism; only likelihood of apprehension has some deterrent effect.",
      "original_point_number": [
        12,
        20
      ]
    },
    {
      "point_number": 10,
      "point_content": "There is no proof that the death penalty deters criminals.",
      "original_point_number": [
        13
      ]
    },
    {
      "point_number": 11,
      "point_content": "More severe punishments do not 'chasten' individuals convicted of crimes and prisons may exacerbate recidivism.",
      "original_point_number": [
        15
      ]
    },
    {
      "point_number": 12,
      "point_content": "A person's age is a powerful factor in deterring crime, with a steep decline in criminal behavior around age 35.",
      "original_point_number": [
        17
      ]
    },
    {
      "point_number": 13,
      "point_content": "Deterrence is largely an article of faith and the system has little to no deterrent effect.",
      "original_point_number": [
        18
      ]
    },
    {
      "point_number": 14,
      "point_content": "Many crimes are expressive and not the result of rational calculation about punishment.",
      "original_point_number": [
        21
      ]
    },
    {
      "point_number": 15,
      "point_content": "High recidivism rates show imprisonment does not reduce further crime.",
      "original_point_number": [
        22
      ]
    },
    {
      "point_number": 16,
      "point_content": "Imprisonment causes civil disabilities and social disadvantages that lead offenders back to crime.",
      "original_point_number": [
        23
      ]
    },
    {
      "point_number": 17,
      "point_content": "Social policies addressing unemployment, education, housing, earnings, and treatment programs reduce re-offending.",
      "original_point_number": [
        24
      ]
    },
    {
      "point_number": 18,
      "point_content": "Punishment does not effectively reduce criminal offending or recidivism.",
      "original_point_number": [
        25
      ]
    },
    {
      "point_number": 19,
      "point_content": "The American criminal justice system has relied nearly exclusively on punishment to reduce crime and recidivism for the past five decades, leading to skyrocketing prison populations and the highest incarceration rates in the world without effectively reducing crime.",
      "original_point_number": [
        26,
        27
      ]
    },
    {
      "point_number": 20,
      "point_content": "The overall recidivism rate is about 70%, meaning 70% of offenders are rearrested within five years of release, indicating punishment's limited effectiveness.",
      "original_point_number": [
        28
      ]
    },
    {
      "point_number": 21,
      "point_content": "Scientific consensus estimates that only 10% to 15% of the crime decline in the U.S. is attributable to punishment policy.",
      "original_point_number": [
        29
      ]
    },
    {
      "point_number": 22,
      "point_content": "Many offenders have mental health problems, substance use disorders, and neurocognitive impairments, which punishment does not address; incarceration does not make one mentally healthy or address addiction, neurocognitive impairment, trauma, or poverty effects.",
      "original_point_number": [
        30,
        31
      ]
    },
    {
      "point_number": 23,
      "point_content": "Punishment converts criminal activity from a paying proposition to a nonpaying proposition, and people respond accordingly.",
      "original_point_number": [
        32
      ]
    },
    {
      "point_number": 24,
      "point_content": "Increases in arrest rates, conviction rates, and prison sentence lengths contribute to the recent drop in crime; the combined deterrent and incapacitation effect generated by the collective actions of the police, courts, and prison system is very large.",
      "original_point_number": [
        33,
        34
      ]
    },
    {
      "point_number": 25,
      "point_content": "Crime rates have fallen 30 percent over the last decade, while the prison and jail population doubled to two million; the negative impact of incarceration on criminal activity is undeniable; imprisonment can stop a rising crime rate and then gradually push it down.",
      "original_point_number": [
        35,
        36,
        37
      ]
    },
    {
      "point_number": 26,
      "point_content": "Punishment supplies the wrongdoer with a major incentive to reform; even career criminals give up crime because they don't want to go back to prison.",
      "original_point_number": [
        38
      ]
    },
    {
      "point_number": 27,
      "point_content": "There have been claims for decades that in the United States the death penalty serves as a deterrent; both sides assert that there is credible research supporting their position, but a committee of the National Research Council has concluded that existing studies are far too methodologically flawed to draw conclusions one way or another; neither side can maintain that they have empirical support.",
      "original_point_number": [
        39,
        40,
        41,
        42
      ]
    },
    {
      "point_number": 28,
      "point_content": "In most years, most states execute no one, and that pattern seems to be on the rise; one cannot study the impact of executions when they are hardly ever imposed, and it is difficult to separate any impact of the death penalty from the large number of other factors that affect the amount and kinds of crime; the committee’s conclusion about the claim that the death penalty deters is 'can’t tell.'",
      "original_point_number": [
        43,
        44,
        45
      ]
    },
    {
      "point_number": 29,
      "point_content": "The question of whether capital punishment acts as a deterrent for violent crimes is central to the debate on the death penalty.",
      "original_point_number": [
        46
      ]
    },
    {
      "point_number": 30,
      "point_content": "Isaac Ehrlich's study concluded that each execution during the 1950s and 1960s averted eight murders, supporting the deterrence hypothesis; a 2003 study reexamined Ehrlich's findings and concluded that executions beginning in 1977 have been associated with significant reductions in homicide, estimating each execution saves 18 potential victims on average.",
      "original_point_number": [
        47,
        48
      ]
    },
    {
      "point_number": 31,
      "point_content": "Jeffrey Fagan's 2005 research found that claims executions reduce murder rates are not true when data is closely scrutinized, noting contradictions and errors in studies supporting deterrence; data from 1990-2014 shows states with capital punishment had higher murder rates than states without, likely because states with higher crime rates are more likely to enact the death penalty.",
      "original_point_number": [
        49,
        50
      ]
    },
    {
      "point_number": 32,
      "point_content": "Much research on deterrence and capital punishment conflicts, with many studies criticized for flawed methods, including Ehrlich's study which was deemed unreliable by the National Research Council.",
      "original_point_number": [
        51
      ]
    },
    {
      "point_number": 33,
      "point_content": "Psychological deterrence theory states people are deterred from crimes if punishment is swift, certain, and severe, but capital punishment often lacks swiftness due to long judicial processes.",
      "original_point_number": [
        52
      ]
    },
    {
      "point_number": 34,
      "point_content": "Medical professionals and psychological experts generally doubt the deterrent effect of capital punishment, noting that offenders are often not in a normal state of mind to consider consequences logically.",
      "original_point_number": [
        53
      ]
    },
    {
      "point_number": 35,
      "point_content": "There is a significant risk of executing innocent people, with about 1 in 25 on death row presumed innocent, raising ethical concerns about capital punishment.",
      "original_point_number": [
        54
      ]
    },
    {
      "point_number": 36,
      "point_content": "The death penalty disproportionately affects poor people, as effectiveness of legal representation often depends on financial resources, influencing sentencing outcomes.",
      "original_point_number": [
        55
      ]
    },
    {
      "point_number": 37,
      "point_content": "Overall, the majority of evidence suggests capital punishment does not have a deterrent effect on violent crime rates, despite some early studies claiming otherwise.",
      "original_point_number": [
        56
      ]
    }
  ]
}