{
  "question": "why people voted to leave the eu",
  "key_points": {
    "clueweb22-en0002-75-01064": [
      {
        "point_number": 1,
        "point_content": "The vote for Brexit was partly fuelled by people, particularly poorer voters expressing anger at their lack of control over immigration.",
        "spans": [
          "The vote for Brexit was partly fuelled by people, particularly poorer voters expressing anger at their lack of control over immigration"
        ]
      },
      {
        "point_number": 2,
        "point_content": "Many felt that immigrants were taking away jobs from Britons.",
        "spans": [
          "Many felt that immigrants were taking away jobs from Britons"
        ]
      },
      {
        "point_number": 3,
        "point_content": "Communities that experienced an increase in migration from EU member states were more likely to vote for Brexit.",
        "spans": [
          "Communities that over the past decade had experienced an increase in migration from EU member states were somewhat more likely to vote for Brexit"
        ]
      },
      {
        "point_number": 4,
        "point_content": "Racism helped encourage strong anti-immigrant sentiment.",
        "spans": [
          "racism helped encourage such strong anti-immigrant sentiment"
        ]
      },
      {
        "point_number": 5,
        "point_content": "Anti-immigrant hate crimes increased threefold in Leave strongholds after the Brexit vote.",
        "spans": [
          "In the weeks and months after the Brexit vote, anti-immigrant hate crimes increased threefold in Leave strongholds across the country"
        ]
      },
      {
        "point_number": 6,
        "point_content": "For most voters, leaving the EU would mean less immigration.",
        "spans": [
          "For most voters, leaving the EU would mean less immigration"
        ]
      },
      {
        "point_number": 7,
        "point_content": "EU membership comes at a financial cost, with Britain paying an estimated £13bn in 2015.",
        "spans": [
          "In 2015, Britain paid the EU an estimated £13bn"
        ]
      },
      {
        "point_number": 8,
        "point_content": "The Leave campaign claimed that exiting the EU would financially benefit the NHS by £350m a week, a figure that was inflated.",
        "spans": [
          "During the EU referendum campaign, however, the Leave camp claimed that exiting the EU would financially benefit the NHS, boosting its funding by £350m a week",
          "The £350m figure turned out to be inflated"
        ]
      },
      {
        "point_number": 9,
        "point_content": "The false NHS funding claim was a major factor in people voting for Brexit.",
        "spans": [
          "Dominic Cummings, campaign director for Vote Leave admitted that the majority of people would not have voted for Brexit had it not been for the false NHS claim"
        ]
      },
      {
        "point_number": 10,
        "point_content": "The biggest reason people voted to leave the EU was the belief that the UK should be self-governing and not accountable to a supranational body.",
        "spans": [
          "The biggest reason why people vote to leave the EU was their belief that the UK should be a self-governing entity",
          "People did not want their country to be accountable to a supranational body’s rules and regulations"
        ]
      },
      {
        "point_number": 11,
        "point_content": "Those who felt strongly English were more likely to vote for Brexit, and older people had a stronger sense of identity and were more likely to vote Leave.",
        "spans": [
          "Those who felt “strongly English” were more likely to vote for Brexit",
          "And older people were more likely to have a strong sense of identity than younger people",
          "More generally, the majority of older people voted to leave the EU"
        ]
      }
    ],
    "null": [],
    "clueweb22-en0037-96-15286": [],
    "clueweb22-en0031-95-12303": [
      {
        "point_number": 1,
        "point_content": "The public was bombarded with warnings about how they would be poorer if they voted to leave the EU but, in the end, weren't convinced by what they were told and/or believed it was a price worth paying.",
        "spans": [
          "The public was bombarded with warnings about how they would be poorer if they voted to leave the EU but, in the end, weren't convinced by what they were told and/or believed it was a price worth paying."
        ]
      },
      {
        "point_number": 2,
        "point_content": "The assertion that leaving the EU would free up £350m a week extra to spend on the NHS was a powerful slogan that gained traction and was the single most remembered figure from the campaign.",
        "spans": [
          "The assertion that leaving the EU would free up £350m a week extra to spend on the NHS is the kind of political slogan that campaigns dream of: striking, easy to understand and attractive to voters of different ages and political persuasions.",
          "No surprise then that Vote Leave chose to splash it across the side of their battle bus.",
          "The fact that the claim does not stand up to much scrutiny - the figure is calculated using sums which were disputed by the Treasury Select Committee and described as potentially misleading by the UK Statistics Authority - did not reduce its potency.",
          "Polling suggests it gained traction and was the single most remembered figure from the campaign, with many people believing that money handed over to the EU to be a member should be spent in the UK instead."
        ]
      },
      {
        "point_number": 3,
        "point_content": "Immigration was the defining issue for Leave, feeding into national and cultural identity concerns and the argument that the UK cannot control immigration while in the EU.",
        "spans": [
          "If they didn't quite bet the farm on the issue of immigration, Leave played what they knew was their trump card often and they played it successfully.",
          "The issue fed into wider questions of national and cultural identity, which suited Leave's message - particularly to lower income voters.",
          "The result suggested that concerns about levels of migration into the UK over the past 10 years, their impact on society, and what might happen in the next 20 years were more widely felt and ran even deeper than people had suspected.",
          "Just as crucially, it suggested Leave's central argument that the UK cannot control the number of people coming into the country while remaining in the EU really hit home."
        ]
      },
      {
        "point_number": 4,
        "point_content": "David Cameron's leadership and framing of the Remain campaign as a question of trust failed to persuade enough voters, contributing to Leave's win.",
        "spans": [
          "David Cameron may have won one leadership contest, one (or two if you include the 2010 coalition-forming one) general elections and two referendums in the past ten years but this was the moment his luck ran out.",
          "By putting himself front and centre of the Remain campaign, and framing the decision as a question of trust, he staked his political future and personal reputation on the outcome.",
          "Unsuited to winning over Labour supporters, the prime minister was not able to persuade enough floating voters to give him the benefit of the doubt."
        ]
      },
      {
        "point_number": 5,
        "point_content": "Labour failed to connect with its voters on the Remain campaign, with internal divisions and lukewarm support from Jeremy Corbyn affecting the campaign's effectiveness.",
        "spans": [
          "The Remain campaign always needed Labour voters to win the referendum and the fact that they did not play ball will be the subject of a long and acrimonious post-mortem within the opposition.",
          "Not only did Labour - 90% of whose MPs backed staying in the EU - badly misjudge the mood of its supporters, when it realised something was wrong during the campaign, it was unable to do much about it.",
          "Critics have said his lukewarm support for the EU - which he summed up as 7 out of ten in one appearance - filtered through to the entire campaign and his emphasis on the need for a \"social Europe\" simply did not resonate with enough people."
        ]
      },
      {
        "point_number": 6,
        "point_content": "Boris Johnson and Michael Gove's support gave the Leave campaign significant momentum and appeal across party lines.",
        "spans": [
          "It was Michael Gove and Boris Johnson's declaration of support which really put rocket boosters under the campaign.",
          "The justice secretary brought intellectual heft and strategic nous to the table while the former mayor of London, after a bout of soul-searching, brought star appeal and ability to appeal across the party divide."
        ]
      },
      {
        "point_number": 7,
        "point_content": "Older voters were more likely to vote and showed higher support for Leave, contributing significantly to the Leave victory.",
        "spans": [
          "While experts will pore over the finer details of turnout over the coming days and weeks, the cry will inevitably go up that it was older voters which won it for Leave - particularly in the south, south-west, Midlands and the north east.",
          "It is a matter of fact that the older you are, the more likely you are to make the effort to vote - 78% of those 65 or over voted in the 2015 election, compared with 43% of 18-24 year olds and 54% of 25-34 year olds.",
          "Factor in research suggesting that support for Brexit was significantly higher among those aged 55 and over than among younger age groups - three out of every five voters aged 65 or over said they wanted to leave - then you have the foundation for Friday's result."
        ]
      },
      {
        "point_number": 8,
        "point_content": "The UK's historically ambivalent and skeptical relationship with Europe contributed to the Leave vote as a statement about national identity.",
        "spans": [
          "The UK's relationship with Europe has never been simple nor static.",
          "Many of those have since changed their minds, with their earlier ambivalence turning into outright hostility.",
          "There have been decades of scepticism towards the EU among politicians and in large parts of the UK media.",
          "What appears clear from the campaign is that the vote to Leave was as much a statement about the country's national identity, and all that involves, as it was about its economic and political future."
        ]
      }
    ],
    "clueweb22-en0037-51-07021": [
      {
        "point_number": 1,
        "point_content": "The vote to leave the EU was motivated by instrumental considerations summarized by measures of perceived costs and benefits of EU membership.",
        "spans": [
          "Was the vote to leave the EU motivated primarily by instrumental considerations summarized by measures of perceived costs and benefits of EU membership?"
        ]
      },
      {
        "point_number": 2,
        "point_content": "Anxiety over perceived threats from immigration arising from the free movement of EU nationals into Britain was a strong motivator for voters to leave.",
        "spans": [
          "Were voters driven strongly by anxiety over perceived threats from immigration arising from the free movement of EU nationals into Britain?"
        ]
      },
      {
        "point_number": 3,
        "point_content": "People with high status occupations tend to benefit from EU integration, while low status individuals find themselves in competition with low-skilled labour from other EU countries, influencing their vote.",
        "spans": [
          "People with high status occupations who are affluent and well educated tend to benefit from lower trade barriers and the increased geographical mobility of labour brought about by European integration.  In contrast, low status individuals with poorly paid occupations and few educational qualifications find themselves in competition with similarly low-skilled labour from other EU countries."
        ]
      },
      {
        "point_number": 4,
        "point_content": "People who believed that leaving the EU would reduce immigration and help protect Britain from terrorism were very likely to vote for Brexit.",
        "spans": [
          "Regarding community, our survey data showed that if people believed that leaving the EU would reduce immigration and help to protect Britain from terrorism they were very likely vote for Brexit."
        ]
      },
      {
        "point_number": 5,
        "point_content": "Perceptions of risks associated with leaving the EU had a significant effect on voting, with those seeing greater risks opting to remain.",
        "spans": [
          "Another important component of the referendum decision concerns perceptions of risks associated with leaving the European Union.",
          "Analyses using this scale showed that risk perceptions had a highly significant effect on referendum voting with those seeing greater risks opting strongly to remain in the EU."
        ]
      },
      {
        "point_number": 6,
        "point_content": "Images of political leaders influenced voting, with positive views of Boris Johnson and Nigel Farage associated with voting Leave, and positive views of David Cameron and Jeremy Corbyn associated with voting Remain.",
        "spans": [
          "In addition, there were sizable direct and indirect effects associated with voters’ images of various leaders of the Remain and Leave campaigns, including UKIP Leader Nigel Farage, former London mayor Boris Johnson, Prime Minister David Cameron and Labour Leader Jeremy Corbyn.",
          "If people thought highly of David Cameron and Jeremy Corbyn they were likely to vote Remain, with Cameron’s effect being considerably stronger than Corbyn’s.",
          "In addition, those who thought highly of Boris Johnson or Nigel Farage were very likely to vote to Leave."
        ]
      },
      {
        "point_number": 7,
        "point_content": "Negative attitudes towards immigration magnified the perceived costs of EU membership and risks of staying, influencing the Leave vote.",
        "spans": [
          "Other forces operated further back in the causal chain, with negative attitudes towards immigration magnifying the perceived costs of EU membership and the attendant risks of doing so."
        ]
      },
      {
        "point_number": 8,
        "point_content": "Age mattered, with younger people more likely to emphasize the risks of Brexit and thus vote Remain.",
        "spans": [
          "Controlling for all of these factors, age mattered as well, with younger people being more likely to emphasize the risks of Brexit."
        ]
      }
    ],
    "clueweb22-en0002-48-09776": [
      {
        "point_number": 1,
        "point_content": "The euro disaster has made Brits more skeptical of the EU.",
        "spans": [
          "The euro disaster has made Brits more skeptical of the EU"
        ]
      },
      {
        "point_number": 2,
        "point_content": "Britain never fully accepted the legitimacy of European control over British institutions and refused to join the Schengen Area or the common currency.",
        "spans": [
          "Britain never fully accepted the legitimacy of European control over British institutions in a way that other EU members did. It refused, for example, to join either the Schengen Area, which eliminates internal border controls, or the common currency."
        ]
      },
      {
        "point_number": 3,
        "point_content": "The poor performance of European economies after 2008 recession amplified Britain's euroskepticism.",
        "spans": [
          "Since 2008, Britain's background euroskepticism has been amplified by the poor performance of European economies."
        ]
      },
      {
        "point_number": 4,
        "point_content": "The eurozone's economic troubles and the ECB's contractionary policy led some Britons to view EU membership as dangerous.",
        "spans": [
          "The eurozone took a greater hit than the US did initially, and then quickly collapsed back into recession rather than experiencing a continued recovery:",
          "In contrast, the ECB decided to raise interest rates — a contractionary policy — in 2011. The result: While the US economy started to heal, the eurozone tipped into a double-dip recession.",
          "This didn't affect the UK directly, as it uses the pound rather than the euro. But some Britons looked at the situation and decided that EU membership was dangerous."
        ]
      },
      {
        "point_number": 5,
        "point_content": "Advocates argued that Britain would be better outside the EU due to the EU's liberal rules for internal migration and burdensome economic regulations.",
        "spans": [
          "The two most common arguments in favor of Brexit focused on the EU's liberal rules for internal migration and the EU's burdensome economic regulations."
        ]
      },
      {
        "point_number": 6,
        "point_content": "The EU is seen as undemocratic and unaccountable, with increasing power in the hands of unelected EU bureaucrats.",
        "spans": [
          "The more the EU does, the less room there is for national decision-making.",
          "On this view, the EU isn't just too meddlesome, it's also undemocratic and unaccountable to the public."
        ]
      },
      {
        "point_number": 7,
        "point_content": "Immigration was a heavily emotional issue, with EU law requiring members to admit unlimited migrants from other EU countries, which many British voters opposed.",
        "spans": [
          "While arguments about economic regulation and political sovereignty dominate the intellectual case for Brexit, the political appeal of Brexit relies heavily on the emotionally charged issue of immigration.",
          "EU law still requires members to admit an unlimited number of migrants from other EU countries.",
          "There's little Britain's elected officials can do to stem these flows, and that rubs a lot of British voters the wrong way."
        ]
      },
      {
        "point_number": 8,
        "point_content": "Nigel Farage argued that large-scale migration from Europe depressed wages and increased competition for services, fueling Brexit support.",
        "spans": [
          "One of the most prominent critics of the EU's immigration rules was Nigel Farage, leader of the far-right UK Independence Party.",
          "He argued that large-scale migration of low-wage workers from elsewhere in Europe has depressed wages for native-born Britons.",
          "Farage also suggested that unrestricted immigration from Europe could lead to greater competition for government services and even put British women at greater risk of sexual violence."
        ]
      },
      {
        "point_number": 9,
        "point_content": "Support for Brexit was strongest among older and less educated voters, who turned out in greater numbers than younger, more pro-EU voters.",
        "spans": [
          "Support for Brexit was strongest among older and less educated voters",
          "According to one poll, 73 percent of voters between age 18 and 24 voted to stay in the EU, compared to just 40 percent of voters over age 65.",
          "Unfortunately for the Remain campaign, older voters turned out in greater numbers.",
          "And as this chart from the Guardian shows, better educated voters were more likely to vote to remain in the EU:"
        ]
      }
    ]
  }
}