{
  "question": "how are managers today different from managers in the past?",
  "key_points": [
    {
      "point_number": 1,
      "point_content": "Management today is more progressive, emphasizing teamwork, cooperation, communication, and supporting employees rather than discipline, order-giving, individual work, or strict control.",
      "original_point_number": [
        1,
        3,
        5,
        6,
        7
      ]
    },
    {
      "point_number": 2,
      "point_content": "One of the challenges facing today's managers is working with a more educated workforce compared to the past.",
      "original_point_number": [
        2,
        8
      ]
    },
    {
      "point_number": 3,
      "point_content": "Compared to earlier workers, today's employees are more willing to leave the firm to seek better opportunities.",
      "original_point_number": [
        4,
        9
      ]
    },
    {
      "point_number": 4,
      "point_content": "Managers today must become more like coaches and counselors than bosses due to empowerment and team use.",
      "original_point_number": [
        10
      ]
    }
  ]
}