{
  "question": "how might a researcher address issues of confidentiality in qualitative research?",
  "key_points": [
    {
      "point_number": 1,
      "point_content": "Keep the client confidential from respondents at all times to prevent biased results, including physically separating clients and respondents to maintain full confidentiality.",
      "original_point_number": [
        1,
        3
      ]
    },
    {
      "point_number": 2,
      "point_content": "Protect personally identifiable information (PII) by keeping it in a secured database and securely storing data with access limited to authorized personnel only.",
      "original_point_number": [
        2,
        17
      ]
    },
    {
      "point_number": 3,
      "point_content": "Have all participants sign confidentiality forms to ensure privacy beyond the focus group.",
      "original_point_number": [
        4
      ]
    },
    {
      "point_number": 4,
      "point_content": "Qualitative researchers can avoid confidentiality dilemmas by carefully considering the audience for one's research and by reenvisioning the informed consent process, treating consent as ongoing and checking it frequently to address confidentiality and consent issues.",
      "original_point_number": [
        5,
        6,
        7,
        18
      ]
    },
    {
      "point_number": 5,
      "point_content": "To protect confidentiality, detailed information such as names, age, years as professional, or best ranking achieved is not provided.",
      "original_point_number": [
        8
      ]
    },
    {
      "point_number": 6,
      "point_content": "Participant confidentiality and anonymity is maintained by using pseudonyms, including when presenting data and quotations, and by masking fieldnote data regarding subjects' context to prevent deductive disclosure.",
      "original_point_number": [
        9,
        12,
        13,
        14,
        15
      ]
    },
    {
      "point_number": 7,
      "point_content": "Anonymity is upheld by removing or changing names, locations, or any other identifying material throughout analysis and write-up phases.",
      "original_point_number": [
        10
      ]
    },
    {
      "point_number": 8,
      "point_content": "To prevent identification through quotations, creative non-fiction composite vignettes combining multiple participants' stories are used.",
      "original_point_number": [
        11
      ]
    },
    {
      "point_number": 9,
      "point_content": "Obtaining informed consent includes explaining how confidentiality will be maintained.",
      "original_point_number": [
        16
      ]
    },
    {
      "point_number": 10,
      "point_content": "The researcher is responsible for managing ethical concerns such as bias, risk of harm, and blurred relationships with participants, and must constantly check with subjects to protect confidentiality and ethical standards.",
      "original_point_number": [
        19,
        20
      ]
    }
  ]
}