{
  "question": "how did the patent system encourage inventiveness",
  "key_points": [
    {
      "point_number": 1,
      "point_content": "Inventors are driven primarily by the expectation of profiting from owning the rights to their inventions, which patents provide, inducing people to invent because of the prospect of profiting from those inventions (ex ante innovation).",
      "original_point_number": [
        1,
        4
      ]
    },
    {
      "point_number": 2,
      "point_content": "The U.S. patent system provided broad access to property rights on new inventions and required public disclosure, stimulating the growth of a market for technology and promoting technological change.",
      "original_point_number": [
        2
      ]
    },
    {
      "point_number": 3,
      "point_content": "Startups combined with patents lead to jobs and economic growth; the biggest job-creating new industries of the last 60 years were launched and grew strong on the basis of patented inventions created by startup businesses.",
      "original_point_number": [
        3,
        6
      ]
    },
    {
      "point_number": 4,
      "point_content": "Investments in the biotech industry are based entirely on patents; without strong patents, raising money to find cures for disease is not possible.",
      "original_point_number": [
        7
      ]
    },
    {
      "point_number": 5,
      "point_content": "Stronger levels of patent protection are positively and significantly associated with inflows of high-tech products and expenditures on R&D; patent reforms in Taiwan stimulated additional inventive activity and induced additional foreign direct investment.",
      "original_point_number": [
        8,
        9
      ]
    },
    {
      "point_number": 6,
      "point_content": "Patents promote knowledge sharing and improve the allocation of resources by encouraging rapid experimentation and efficient ex-post transfer of knowledge across firms; the patent system is one of the most effective tools for knowledge-sharing and technology transfer, with 88 percent of businesses relying on patent information to keep up with technology advances and direct R&D efforts.",
      "original_point_number": [
        10,
        11
      ]
    },
    {
      "point_number": 7,
      "point_content": "Patents stimulate downstream development work and new technologies of commercial significance.",
      "original_point_number": [
        12
      ]
    },
    {
      "point_number": 8,
      "point_content": "The patent system promotes the diffusion of information about technology by establishing exclusive property rights, encouraging inventors to promote their discoveries widely to maximize returns.",
      "original_point_number": [
        13
      ]
    },
    {
      "point_number": 9,
      "point_content": "A strong patent system enabling licensing and cross-licensing of proprietary technology across industries produced the successful smartphone industry.",
      "original_point_number": [
        14
      ]
    },
    {
      "point_number": 10,
      "point_content": "The patent system encouraged inventiveness by guaranteeing an inventor sole rights to the use of his or her invention for a limited time and by granting inventors exclusive rights to their inventions, motivating them to create new products and technologies.",
      "original_point_number": [
        15,
        16
      ]
    },
    {
      "point_number": 11,
      "point_content": "Patents provide a substantial premium for innovations, with firms earning on average a 50% premium over the no patenting case.",
      "original_point_number": [
        5
      ]
    }
  ]
}