{
  "question": "should cghildren be encouraged to be competitive",
  "key_points": [
    {
      "point_number": 1,
      "point_content": "Healthy competition helps children develop important skills such as social skills, teamwork, problem-solving, self-esteem, self-efficacy, and understanding that success comes from hard work and persistence rather than just being the best or brightest.",
      "original_point_number": [
        1,
        2,
        3,
        4
      ]
    },
    {
      "point_number": 2,
      "point_content": "Healthy competition is characterized by children wanting to participate again, handling wins and losses gracefully, learning new skills, and enjoying improved self-esteem, while unhealthy competition may cause children to resist participation, avoid activities, express unwillingness, or show signs of anxiety and depression.",
      "original_point_number": [
        5,
        6
      ]
    },
    {
      "point_number": 3,
      "point_content": "Parents can encourage healthy competition by defining accomplishment as setting and achieving goals, supporting children through challenges, reinforcing that effort and learning from losing is important, modeling good behavior in competition, and teaching children to focus on personal improvement rather than comparison to others.",
      "original_point_number": [
        7,
        8,
        9
      ]
    },
    {
      "point_number": 4,
      "point_content": "Competition among siblings significantly affects their development and may explain why children raised in the same way are so different.",
      "original_point_number": [
        10
      ]
    },
    {
      "point_number": 5,
      "point_content": "Parents often label children to encourage self-esteem, which increases competitiveness and causes children to assume they are not good at what another sibling excels in; such labeling can direct children to specific roles (e.g., social ones as best partiers), which parents may regret later.",
      "original_point_number": [
        11,
        12
      ]
    },
    {
      "point_number": 6,
      "point_content": "Children seek to be different from their siblings to receive special attention from parents, which can cause serious sibling problems if differences are in important areas like achievement or honesty.",
      "original_point_number": [
        13
      ]
    },
    {
      "point_number": 7,
      "point_content": "Children labeled as best in a domain feel ownership and are threatened by siblings who are as good or better, sometimes begging parents to exclude siblings from activities.",
      "original_point_number": [
        14
      ]
    },
    {
      "point_number": 8,
      "point_content": "Certain sibling combinations predispose children toward underachievement due to increased competitiveness, such as close-aged same-gender siblings, siblings of a gifted child, and families with a much younger child.",
      "original_point_number": [
        15
      ]
    },
    {
      "point_number": 9,
      "point_content": "Close-aged, same-gender siblings treated similarly feel more competitive pressure, causing stress and frustration, and compete for the same parent's attention.",
      "original_point_number": [
        16
      ]
    },
    {
      "point_number": 10,
      "point_content": "Younger siblings of a very talented oldest child may feel pressure and choose different directions for achievement or underachieve to gain attention.",
      "original_point_number": [
        17
      ]
    },
    {
      "point_number": 11,
      "point_content": "The youngest child labeled as the 'baby of the family' may become underachievers if overindulged or overempowered by older siblings.",
      "original_point_number": [
        18
      ]
    },
    {
      "point_number": 12,
      "point_content": "Parents should avoid labeling children, prioritize education for all children, and consider both parents intelligent to reduce sibling competitiveness and encourage a whole smart family.",
      "original_point_number": [
        19
      ]
    },
    {
      "point_number": 13,
      "point_content": "Doing the best you can do is more important than being best in the family; effort and attitude count more than competition.",
      "original_point_number": [
        20
      ]
    }
  ]
}