{
  "question": "how does climate change affect birds",
  "key_points": {
    "clueweb22-en0035-28-15304": [
      {
        "point_number": 1,
        "point_content": "Extreme weather caused by climate change may force birds to find new homes.",
        "spans": [
          "Extreme weather caused by climate change may have forced them to find a new home."
        ]
      },
      {
        "point_number": 2,
        "point_content": "Climate change causes more intense weather events like hurricanes, floods, heat waves, droughts, and cold spells, which can be trouble for birds.",
        "spans": [
          "Climate change can also cause more intense weather. That could mean more hurricanes, floods, heat waves, droughts, and even cold spells.",
          "This extreme weather can be trouble for birds."
        ]
      },
      {
        "point_number": 3,
        "point_content": "Fewer birds show up in their usual homes during extreme weather because they move to friendlier areas.",
        "spans": [
          "Scientists have noticed that when extreme weather happens, fewer birds show up in the places they call home.",
          "One idea is that the birds avoid the extreme weather by moving to a friendlier area."
        ]
      },
      {
        "point_number": 4,
        "point_content": "Scientists use satellite data combined with bird sighting data to track bird movements in response to extreme weather.",
        "spans": [
          "Scientists can then combine this information to see when extreme weather happens in the areas that different birds call home.",
          "If scientists find a bird species in a new area at the same time their regular home experiences extreme weather, this could explain why there appear to be fewer birds."
        ]
      }
    ],
    "clueweb22-en0002-19-12410": [
      {
        "point_number": 1,
        "point_content": "Climate change has already had a significant impact on bird populations around the world and these impacts are projected to become much larger in the future, increasing the extinction risk for many species.",
        "spans": [
          "recent climate change has already had a significant impact on bird populations around the world",
          "These impacts are projected to become much larger in the future, increasing the extinction risk for many species"
        ]
      },
      {
        "point_number": 2,
        "point_content": "Climate change threatens birds through effects on food availability, habitat suitability, and disease incidence, as exemplified by the Red Grouse and Ethiopian Bush-crow.",
        "spans": [
          "It is threatened by future climate change through a range of different mechanisms, from effects on food availability and heather quality, to those on disease incidence",
          "it appears that the Ethiopian Bush-crow is limited in its range by effects of temperature"
        ]
      },
      {
        "point_number": 3,
        "point_content": "There is a window of opportunity to reduce the threat that climate change poses to birds if action is taken now, including reducing future climate change and adapting conservation approaches.",
        "spans": [
          "We have a window of opportunity to reduce the threat that climate change poses if action is taken now",
          "To address this, we need to reduce the future amount of climate change",
          "The other type of action is to adapt existing approaches used to counter threats to bird populations so that they also deal effectively with climate change"
        ]
      }
    ],
    "clueweb22-en0006-80-01938": [
      {
        "point_number": 1,
        "point_content": "Climate change affects birds by altering the suitability of their habitats, which may worsen for some species and improve for others.",
        "spans": [
          "As climate in a particular place changes, suitability may worsen for some species and improve for others."
        ]
      },
      {
        "point_number": 2,
        "point_content": "Changes in climate may alter distributions of historically occurring bird species, potentially causing local extirpation or new colonization.",
        "spans": [
          "These changes in climate may alter distributions of historically occurring species, creating the potential for local extirpation or new colonization"
        ]
      },
      {
        "point_number": 3,
        "point_content": "Projected changes in climate suitability are model-based projections and not definitive predictions of future species ranges or abundances.",
        "spans": [
          "projected changes in climate suitability are not definitive predictions of future species ranges or abundances."
        ]
      }
    ],
    "clueweb22-en0034-39-19349": [
      {
        "point_number": 1,
        "point_content": "Highly and moderately vulnerable birds may lose more than half of their current range as they are forced to search for suitable habitat and climate conditions elsewhere.",
        "spans": [
          "Highly and moderately vulnerable birds may lose more than half of their current range—the geographic area where they live—as they are forced to search for suitable habitat and climate conditions elsewhere."
        ]
      },
      {
        "point_number": 2,
        "point_content": "Rising temperatures and shifting weather patterns affect birds' ability to find food and reproduce, impacting local and continent-wide populations.",
        "spans": [
          "Rising temperatures and shifting weather patterns affect birds' ability to find food and reproduce, which over time impacts local populations, and ultimately continent-wide populations, too."
        ]
      },
      {
        "point_number": 3,
        "point_content": "Some species may go extinct in a state if they cannot find the conditions they need to survive and raise their young.",
        "spans": [
          "Some species may even go extinct in your state if they cannot find the conditions they need to survive and raise their young."
        ]
      },
      {
        "point_number": 4,
        "point_content": "Reducing warming makes many types of birds less vulnerable.",
        "spans": [
          "Reducing warming makes many types of birds found in Oregon less vulnerable."
        ]
      },
      {
        "point_number": 5,
        "point_content": "Oregon temperatures have risen about 2 degrees Fahrenheit in the last century, increasing the risk of wildfires and causing seas to become more acidic; in the future, deserts could expand.",
        "spans": [
          "Oregon temperatures have risen about 2 degrees Fahrenheit in the last century, increasing the risk of wildfires and causing seas to become more acidic; in the future, deserts could expand."
        ]
      }
    ],
    "null": [],
    "clueweb22-en0032-98-02565": [
      {
        "point_number": 1,
        "point_content": "Climate change exacerbates existing threats, such as habitat loss and degradation, while adding new challenges, including shifting ranges and altered migration patterns.",
        "spans": [
          "Climate change exacerbates existing threats, such as habitat loss and degradation, while adding new challenges, including shifting ranges and altered migration patterns."
        ]
      },
      {
        "point_number": 2,
        "point_content": "Climate change is driving dramatic shifts in weather, including prolonged droughts, intense heatwaves, and increasingly frequent hurricanes, which affect birds.",
        "spans": [
          "Climate change is driving dramatic shifts in weather, including prolonged droughts, intense heatwaves, and increasingly frequent hurricanes."
        ]
      },
      {
        "point_number": 3,
        "point_content": "Birds are forced to move and adapt in unprecedented ways due to rising oceans and mounting temperatures, leading to habitat changes.",
        "spans": [
          "As oceans rise and temperatures mount, habitats will change, and birds will be forced to move and adapt in unprecedented ways."
        ]
      }
    ],
    "clueweb22-en0009-57-13012": [
      {
        "point_number": 1,
        "point_content": "Some rare breeding birds are at high risk of extinction in the UK as their habitats change due to increasing temperatures.",
        "spans": [
          "As the temperate increases and their habitats start to change, some birds are being forced to move northwards in search of a new home.",
          "Scientists predict that as a result some rare breeding birds, such as dotterel, common scoter and Slavonian grebe, are at high risk of extinction in the UK, as their homes here start to change and disappear."
        ]
      },
      {
        "point_number": 2,
        "point_content": "Warmer temperatures allow new bird species to colonise southern Britain as their continental European homes become too warm and dry.",
        "spans": [
          "However, the warmer temperatures could be good news for those birds who only have a toe-hold in the UK.",
          "Species such as quail, little egret and hobby have already seen a substantial increase to their range in recent years, but experts believe the warmer weather will give them extra opportunities to colonise southern Britain as their home in continental Europe becomes too warm and dry."
        ]
      },
      {
        "point_number": 3,
        "point_content": "Warmer, wetter winters in the UK have led to an increase in some birds spending the winter in the UK instead of migrating south.",
        "spans": [
          "However, with the warmer, wetter winters that the UK has experienced in recent years there has been an increase in birds spending the winter here instead of migrating south.",
          "Breeding numbers of blackcap and chiffchaff have more than doubled in this country since the 1970s."
        ]
      },
      {
        "point_number": 4,
        "point_content": "Climate change is reducing food availability in oceans, causing declines in seabird populations such as kittiwakes.",
        "spans": [
          "Climate change is having a huge impact on our oceans.",
          "Not only are they changing the conditions of our seas, but are reducing the availability of food, such as sandeels.",
          "As a results of poor breeding success and low adult survival rate, both linked to climate change, the UK’s kittiwake population has declined by approximately 60% since 1986."
        ]
      },
      {
        "point_number": 5,
        "point_content": "Migratory birds like swallows are arriving earlier and leaving later in the UK due to climate change, spending more time in the country.",
        "spans": [
          "On average these birds are now arriving 15 days earlier than they did in the 1960s, while delaying their return journey meaning they are spending up to 4 weeks longer in the UK each year."
        ]
      },
      {
        "point_number": 6,
        "point_content": "Even common garden birds like the great tit are changing their breeding behaviour, laying eggs earlier due to climate change.",
        "spans": [
          "One of our most familiar garden birds, and Big Garden Birdwatch top 10 regular, the great tit is laying its eggs 11 days earlier than 40 years ago."
        ]
      }
    ],
    "clueweb22-en0013-13-05470": [
      {
        "point_number": 1,
        "point_content": "Climate change is projected to drive hundreds of bird species to extinction and greatly reduce the ranges of others, and is already impacting species richness and composition.",
        "spans": [
          "climate change is projected to drive hundreds of bird species to extinction and greatly reduce the ranges of others, and is already impacting species richness and composition."
        ]
      },
      {
        "point_number": 2,
        "point_content": "Bird species couldn’t effectively sync up with the changing climate and there was a lack of adaptation to changing vegetation.",
        "spans": [
          "bird species couldn’t effectively sync up with the changing climate and there was a lack of adaptation to changing vegetation."
        ]
      },
      {
        "point_number": 3,
        "point_content": "We have been seeing warmer winters in many traditionally cold winter weather locations, causing birds to begin their migratory process at a later date when the weather begins to get colder, increasing competition for resources.",
        "spans": [
          "We have been seeing warmer winters in many traditionally cold winter weather locations. Birds residing in these places may begin their migratory process at a later date when the weather begins to get colder but in the meantime, the species in that area will be continuing to compete for resources."
        ]
      },
      {
        "point_number": 4,
        "point_content": "If birds arrive at their migration location late, they may experience hardship finding enough food and nesting resources due to increased competition with other species.",
        "spans": [
          "If they are arriving at their migration location late, they may also be experiencing some hardship finding enough food and nesting resources to properly care for their young, due to increased competition with other species."
        ]
      },
      {
        "point_number": 5,
        "point_content": "The current rate and magnitude of climate change have exceeded normal bounds, raising the question of whether migrant bird populations have been able to keep pace with key phenological events.",
        "spans": [
          "the current rate and magnitude of change have exceeded normal bounds, raising the question of whether migrant bird populations have been able to keep pace with key phenological events."
        ]
      },
      {
        "point_number": 6,
        "point_content": "A majority of migratory bird species adjusted the date of their arrival, usually in the direction that vegetation green-up changed, indicating phenology of migratory arrival is responding to climate change.",
        "spans": [
          "We found that a majority of migratory bird species adjusted the date of their arrival, usually in the direction (earlier or later) that vegetation green-up changed. Thus, it appears the phenology of migratory arrival is more often than not responding to climate change."
        ]
      }
    ]
  }
}