{
  "question": "how is italian culture different from the us",
  "key_points": [
    {
      "point_number": 1,
      "point_content": "Everything in America is huge compared to Italy, including roads, cars, houses, stores, and food portions.",
      "original_point_number": [
        1,
        4
      ]
    },
    {
      "point_number": 2,
      "point_content": "Italian towns have small, tight, and winding streets with lower speed limits, while American roads are wide, straight, and have higher speed limits with multiple lanes.",
      "original_point_number": [
        2
      ]
    },
    {
      "point_number": 3,
      "point_content": "Traffic laws and driving conditions in the U.S. are very different and more complex compared to Italy, with Italian driving styles being more aggressive and less law-abiding, pedestrians not having the right of way, and road signs treated as suggestions.",
      "original_point_number": [
        3,
        12
      ]
    },
    {
      "point_number": 4,
      "point_content": "Distances in the U.S. are huge, making spontaneous trips and outdoor activities less feasible compared to Italy.",
      "original_point_number": [
        5
      ]
    },
    {
      "point_number": 5,
      "point_content": "American mealtime schedules are earlier and days seem shorter compared to Italy, where dinner starts later and lasts longer, emphasizing enjoying the meal and company; Italians also have a siesta cultural practice where stores close for a few hours to rest or eat, unlike in the US where stores are generally always open.",
      "original_point_number": [
        6,
        10,
        13
      ]
    },
    {
      "point_number": 6,
      "point_content": "Americans are unexpectedly kind and helpful, contrary to some stereotypes.",
      "original_point_number": [
        7
      ]
    },
    {
      "point_number": 7,
      "point_content": "Italians dress much more formally than Americans, rarely wearing sweatpants and t-shirts; especially Florentines take great pride in their appearance following the cultural norm of la bella figura, while Americans often dress for comfort.",
      "original_point_number": [
        8,
        14,
        29
      ]
    },
    {
      "point_number": 8,
      "point_content": "Italians do not wear shorts unless the temperature is above 70 degrees, unlike Americans who consider 55 degrees and above as shorts weather.",
      "original_point_number": [
        9
      ]
    },
    {
      "point_number": 9,
      "point_content": "Italian coffee is typically small, dark, and has little to no sugar or creamer, which is different from the sweeter, larger coffees common in the US.",
      "original_point_number": [
        11
      ]
    },
    {
      "point_number": 10,
      "point_content": "Family is highly valued in both cultures, but Americans value independence and moving out early, while Italians tend to live with their parents longer and prioritize family over career, emphasizing close family ties and dependence.",
      "original_point_number": [
        15,
        31
      ]
    },
    {
      "point_number": 11,
      "point_content": "The everyday pace in Italy is slower and more relaxed, valuing being in the present, whereas Americans tend to be faster and more future-oriented; life pace in Italy is slow compared to the fast pace in the US, especially in cities like New York.",
      "original_point_number": [
        16,
        25
      ]
    },
    {
      "point_number": 12,
      "point_content": "Italian culture is not directly mentioned in the text, but the text highlights cultural differences between America and other countries, which implies that cultural practices vary significantly between the US and other nations, illustrated by examples such as children in Greece throwing lost teeth on the roof, Norwegians eating burgers with a knife and fork, and Indians avoiding giving gifts with the left hand.",
      "original_point_number": [
        17,
        18
      ]
    },
    {
      "point_number": 13,
      "point_content": "Italians love food so much that it borderlines on fanaticism and idol worship, spending a lot of time talking about recipes, cooking, and eating, whereas Americans basically just like food quantity and don't care much about what they're eating as long as it is a lot; food quality in the US is abysmal compared to Italy, where food quality is much higher.",
      "original_point_number": [
        19,
        22
      ]
    },
    {
      "point_number": 14,
      "point_content": "Americans tend to pent up their emotions until they snap, while Italians express their emotions openly and dramatically; most Americans speak quietly in public places, while Italians speak loudly and openly even about personal matters.",
      "original_point_number": [
        20,
        21
      ]
    },
    {
      "point_number": 15,
      "point_content": "Americans use euphemisms and sugar coat things, while Italians are direct and blunt.",
      "original_point_number": [
        23
      ]
    },
    {
      "point_number": 16,
      "point_content": "Weight is a sensitive subject in the US but commonly talked about openly in Italy, even by strangers.",
      "original_point_number": [
        24
      ]
    },
    {
      "point_number": 17,
      "point_content": "Italy is inefficient and unpredictable in how things work, unlike the US where things are more common-sense and sequential.",
      "original_point_number": [
        26
      ]
    },
    {
      "point_number": 18,
      "point_content": "Job security is high in Italy due to unions, leading to less motivation to work, while in the US people can be fired easily and are more anxious about job performance.",
      "original_point_number": [
        27
      ]
    },
    {
      "point_number": 19,
      "point_content": "Children in Italy are less pampered and more independent compared to the US where children are more often pampered and pushed in strollers at older ages.",
      "original_point_number": [
        28
      ]
    },
    {
      "point_number": 20,
      "point_content": "Italy is more dog friendly with dogs allowed in many places, while the US is more restrictive and sterile regarding pets.",
      "original_point_number": [
        30
      ]
    },
    {
      "point_number": 21,
      "point_content": "In Italy, people of all ages remain active and social, while in much of the US people conform more to age-related expectations.",
      "original_point_number": [
        32
      ]
    },
    {
      "point_number": 22,
      "point_content": "Gender roles in Italy are more traditional with women expected to do most housework and child-rearing, while the US has more equal expectations but also more resentment towards women.",
      "original_point_number": [
        33
      ]
    },
    {
      "point_number": 23,
      "point_content": "Italian culture is very romantic and emotional in relationships, while Americans tend to be more practical.",
      "original_point_number": [
        34
      ]
    },
    {
      "point_number": 24,
      "point_content": "Americans are accustomed to having more personal space, while Italians live in closer quarters and are more physically tactile; in Italian culture, people stand much closer to one another when conversing, may touch you as a sign of warmth and intimacy without sexual connotations, and men kissing men on the cheek and walking arm in arm is common and not considered an indication of sexuality, unlike in the US or UK.",
      "original_point_number": [
        35,
        40,
        41,
        42
      ]
    },
    {
      "point_number": 25,
      "point_content": "Italian culture is calmer and less neurotic compared to American culture, which is more anxious and reactive.",
      "original_point_number": [
        36
      ]
    },
    {
      "point_number": 26,
      "point_content": "Italians are often late and punctuality is less strict compared to the US.",
      "original_point_number": [
        37
      ]
    },
    {
      "point_number": 27,
      "point_content": "Italian culture includes personal touches and courteousness in service, such as small family-run businesses developing good relationships with customers, which may differ from the US experience.",
      "original_point_number": [
        43
      ]
    },
    {
      "point_number": 28,
      "point_content": "Catholicism has a strong cultural influence in Italy, with the Pope frequently in the news, but many Italians have little or no involvement with the church, similar to the UK.",
      "original_point_number": [
        44
      ]
    }
  ]
}