{
  "question": "why is japan so advanced",
  "key_points": [
    {
      "point_number": 1,
      "point_content": "Japan incorporates technology into everyday life with innovations like vending machines containing clothes and shoes, E-TAF automatic doors that open shifting according to body shape, bidet toilets with warm seats and automatic flushing, vertical car garage lifts, and advanced vending machines.",
      "original_point_number": [
        1,
        10,
        13
      ]
    },
    {
      "point_number": 2,
      "point_content": "Japan's technological advancement is driven by its youth's high performance in mathematics and science, significant public spending on education, and a high high school graduation rate, supported by a cultural emphasis on education and resourcefulness due to limited natural resources.",
      "original_point_number": [
        2,
        3,
        9,
        31
      ]
    },
    {
      "point_number": 3,
      "point_content": "Japan has created many innovative technologies such as the Cells Alive System, Robot Hotel Staff, Round Keyboards, and leads in technologies like bullet trains, robotics, and battery technology used in Tesla.",
      "original_point_number": [
        4,
        11,
        21
      ]
    },
    {
      "point_number": 4,
      "point_content": "Japan's robots are used in leisure and service industries, such as hotels, which may make life easier but are less significant for revolutionary development; robots and automation also address labor shortages due to population decline and improve productivity, boosting wages and economic growth.",
      "original_point_number": [
        5,
        22,
        23
      ]
    },
    {
      "point_number": 5,
      "point_content": "Japan's modernization under Emperor Meiji included a national drive to seek knowledge worldwide to strengthen imperial rule, involving technological plagiarism and adoption of alien culture, as emphasized by the Charter Oath of 1868, leading to extensive adoption and adaptation of foreign technology.",
      "original_point_number": [
        6,
        15
      ]
    },
    {
      "point_number": 6,
      "point_content": "Japan is one of the leading nations in scientific research, technology, machinery, and medical research, with the world's third largest budget for research and development at $130 billion USD and over 677,731 researchers, and has received the most science Nobel prizes in Asia.",
      "original_point_number": [
        7,
        8
      ]
    },
    {
      "point_number": 7,
      "point_content": "Japan industrialized early, built a strong science and engineering education system, and has a legacy of engineering intellectuals, leading to many pioneering technology breakthroughs in the 20th century.",
      "original_point_number": [
        14
      ]
    },
    {
      "point_number": 8,
      "point_content": "Japan invests heavily in technological superiority in industries like automobile manufacturing to maintain competitiveness.",
      "original_point_number": [
        16
      ]
    },
    {
      "point_number": 9,
      "point_content": "Japan's society values education and social order based on Confucian principles, which supports technological advancement.",
      "original_point_number": [
        17
      ]
    },
    {
      "point_number": 10,
      "point_content": "Japan is one of the most advanced countries in the world in terms of technology, and is the most advanced country in Asia, known for technological advancements in home appliances and cars.",
      "original_point_number": [
        18,
        19
      ]
    },
    {
      "point_number": 11,
      "point_content": "Japan's technological advancements were solutions to the country's problems, and early investment in innovation made it a tech giant.",
      "original_point_number": [
        20
      ]
    },
    {
      "point_number": 12,
      "point_content": "Japan historically was technologically advanced in transistor production and memory design, but currently the most precise chip manufacturing is done in the US.",
      "original_point_number": [
        12
      ]
    },
    {
      "point_number": 13,
      "point_content": "Japan uses technology to solve environmental problems like air pollution and natural disasters.",
      "original_point_number": [
        24
      ]
    },
    {
      "point_number": 14,
      "point_content": "Japan has one of the wealthiest and most advanced economies in the world with elaborate infrastructure, high quality of life, and technological innovation.",
      "original_point_number": [
        25
      ]
    },
    {
      "point_number": 15,
      "point_content": "Japan's lack of natural resources led it to develop skills in craftsmanship and efficient use of materials, setting the stage for economic success, and it plays to its strengths by focusing on mental capital and technological innovation rather than natural resources.",
      "original_point_number": [
        26,
        32
      ]
    },
    {
      "point_number": 16,
      "point_content": "Trade with the West introduced Japan to Western culture, education, technology, and liberal philosophy important for economic success.",
      "original_point_number": [
        27
      ]
    },
    {
      "point_number": 17,
      "point_content": "The Meiji Restoration led to rapid industrialization through economic liberalism and private industry, transforming Japan into a major industrial power.",
      "original_point_number": [
        28
      ]
    },
    {
      "point_number": 18,
      "point_content": "Japan's imperialism in the early 20th Century brought outside resources and expanded its economic base.",
      "original_point_number": [
        29
      ]
    },
    {
      "point_number": 19,
      "point_content": "Japan balances competitiveness and cooperation, fostering social and national development, supported by economic liberalism allowing individual productivity and efficient resource allocation, a tradition of honesty and culture of trust reducing corruption and increasing efficiency, and stability, reliability, and alliance with the US attracting foreign investment and supporting economic development.",
      "original_point_number": [
        30,
        33,
        34,
        35
      ]
    }
  ]
}