{
  "question": "how does reverend parris abuse his power",
  "key_points": [
    {
      "point_number": 1,
      "point_content": "Reverend Parris abuses his power by being selfish, caring only about his reputation, feeling insulted if not shown proper respect, and wanting to be remembered as somewhat of a deity, showing his hypocrisy and arrogance within the Church.",
      "original_point_number": [
        1,
        3,
        4,
        5,
        7,
        8
      ]
    },
    {
      "point_number": 2,
      "point_content": "Parris is unapproachable and hot-headed, abusing his position as the leader of the Church and defiling his role as the Reverend of Salem.",
      "original_point_number": [
        2,
        6
      ]
    },
    {
      "point_number": 3,
      "point_content": "Reverend Parris is the parish priest of Salem, an important man in a position of power, who is power hungry and greedy.",
      "original_point_number": [
        9,
        15
      ]
    },
    {
      "point_number": 4,
      "point_content": "Parris's personal cowardice and stupidity make him easily led by others; he lacks self-awareness or insight into the destructive processes in which he participates.",
      "original_point_number": [
        10
      ]
    },
    {
      "point_number": 5,
      "point_content": "Parris has a deep-seated need for control, represses others and himself, is obsessed with reputation (his own and others'), and is deeply paranoid, worrying more about his enemies and reputation than about witchcraft itself.",
      "original_point_number": [
        11,
        12,
        13
      ]
    },
    {
      "point_number": 6,
      "point_content": "Parris insists on his pride and status as a Harvard graduate and 'the Lord's man in the parish' by virtue of his office as the preacher.",
      "original_point_number": [
        14
      ]
    },
    {
      "point_number": 7,
      "point_content": "Parris wished to change the wooden candle holders in the church into golden ones and asked for money from people, and he also accumulated the money he gained from the people.",
      "original_point_number": [
        16,
        17
      ]
    },
    {
      "point_number": 8,
      "point_content": "Parris triggered the witchcraft hysteria by finding girls dancing in the woods with Tituba and questioning them, leading to accusations of innocent people.",
      "original_point_number": [
        18
      ]
    },
    {
      "point_number": 9,
      "point_content": "Parris played a big role under Judge Danforth by supporting him, providing information about Salem, and swaying his decisions.",
      "original_point_number": [
        19
      ]
    },
    {
      "point_number": 10,
      "point_content": "Parris supported the girls in the beginning because their accusations raised the status of the girls and his own status.",
      "original_point_number": [
        20
      ]
    },
    {
      "point_number": 11,
      "point_content": "Parris was more worried about his reputation being hurt because of his daughter than about her future or health when she was part of the dance in the woods.",
      "original_point_number": [
        21
      ]
    },
    {
      "point_number": 12,
      "point_content": "Parris attempted to gain higher reputation by playing an active role in the court with Judge Danforth and widely supported the girls to gain fame and reputation.",
      "original_point_number": [
        22
      ]
    },
    {
      "point_number": 13,
      "point_content": "When the hysteria was getting out of hand and people with high reputations were accused, Parris feared being accused himself and changed his tone towards Danforth to lessen brutality.",
      "original_point_number": [
        23
      ]
    }
  ]
}