{
  "question": "how litter affects the environment",
  "key_points": [
    {
      "point_number": 1,
      "point_content": "Littering causes pollution by releasing chemicals and microparticles into the environment, contaminating soil, water, and air, and leading to environmental degradation and social problems such as unsafe seafood, beach closures, clogged stormwater drains, and neighborhood flooding.",
      "original_point_number": [
        1,
        4,
        7,
        24,
        25,
        34,
        39,
        42
      ]
    },
    {
      "point_number": 2,
      "point_content": "Litter kills wildlife, especially marine animals, through ingestion, entanglement, and physical harm, causing millions of animal deaths annually and affecting biodiversity and species health.",
      "original_point_number": [
        2,
        4,
        15,
        20,
        30,
        31,
        34,
        35,
        38,
        55
      ]
    },
    {
      "point_number": 3,
      "point_content": "Litter facilitates the spread of disease by serving as a breeding ground for bacteria, viruses, insects, and pests like rats, roaches, and mosquitoes, which can be transmitted directly or indirectly to humans, increasing public health risks.",
      "original_point_number": [
        3,
        8,
        19,
        28,
        37,
        43,
        48
      ]
    },
    {
      "point_number": 4,
      "point_content": "Eighty percent of marine pollution originates from land-based sources, with 7 billion tons of debris entering the oceans annually, mostly long-lasting plastic that causes harm to marine organisms through ingestion, entanglement, and toxic accumulation.",
      "original_point_number": [
        5,
        6,
        15,
        16,
        17,
        21,
        26,
        35,
        36,
        57
      ]
    },
    {
      "point_number": 5,
      "point_content": "Plastic fragments from litter can last 100 years, severely affecting biodiversity and the health of the world’s species, including aquatic species that ingest plastic leading to starvation and death.",
      "original_point_number": [
        16,
        17,
        21
      ]
    },
    {
      "point_number": 6,
      "point_content": "Waste that is not biodegradable and cannot be properly recycled is filling oceans and landfills, with only 9% of the 6.3 billion metric tons of plastic waste produced having been recycled.",
      "original_point_number": [
        9,
        10
      ]
    },
    {
      "point_number": 7,
      "point_content": "Trash dumped in landfills releases methane gas, with open landfills representing 91% of all landfill methane emissions, and burning large, open piles of trash emits dangerous levels of carbon dioxide and toxic gases, contributing to climate change and air pollution.",
      "original_point_number": [
        12,
        13,
        14,
        51
      ]
    },
    {
      "point_number": 8,
      "point_content": "The amount of waste generated affects the environment in multiple ways including worsening the climate crisis, negatively impacting wildlife and natural environments, and harming public health.",
      "original_point_number": [
        11
      ]
    },
    {
      "point_number": 9,
      "point_content": "Improper trash disposal and emissions from waste contribute to human health risks including diseases such as asthma, cancer, and cardiovascular disease, and litter attracts bacteria, vermin, and insects, adding to public health problems.",
      "original_point_number": [
        18,
        19
      ]
    },
    {
      "point_number": 10,
      "point_content": "Litter reduces air quality due to the smell and toxic/chemical vapor emanating from the trash, and burning litter, especially plastic, causes air pollution and releases toxic gases.",
      "original_point_number": [
        27,
        51
      ]
    },
    {
      "point_number": 11,
      "point_content": "A polluted environment can encourage the spread of diseases and contaminate water systems affecting the health of animals and humans.",
      "original_point_number": [
        28
      ]
    },
    {
      "point_number": 12,
      "point_content": "Cigarette butts take ten years to decompose and contain toxic substances like arsenic which can contaminate soil and water.",
      "original_point_number": [
        29
      ]
    },
    {
      "point_number": 13,
      "point_content": "Littering is expensive for society due to cleanup costs, reduces property and tourism value, leads to social costs and tensions, and causes significant economic costs due to cleanup and environmental damage.",
      "original_point_number": [
        32,
        45,
        46,
        52,
        59
      ]
    },
    {
      "point_number": 14,
      "point_content": "Littering can lead to car accidents causing serious injuries or death, and can cause physical harm to humans including injuries from metals, blades, or needles, and may lead to epidemics and accidents.",
      "original_point_number": [
        33,
        40,
        44
      ]
    },
    {
      "point_number": 15,
      "point_content": "Litter containing flammable materials can cause fires and wildfires, with littering increasing the probability of fires especially from discarded cigarettes.",
      "original_point_number": [
        41,
        47
      ]
    },
    {
      "point_number": 16,
      "point_content": "Litter acts as a transport mechanism for invasive species across oceans.",
      "original_point_number": [
        22
      ]
    },
    {
      "point_number": 17,
      "point_content": "Littering causes soil pollution, especially from hazardous materials like batteries, and adversely affects plants through soil contamination, which can lead to harmful substances entering the food cycle.",
      "original_point_number": [
        49,
        56
      ]
    },
    {
      "point_number": 18,
      "point_content": "Littering causes water pollution by contaminating rivers, lakes, oceans, and groundwater, creating a toxic environment affecting animals, plants, and humans who consume these animals.",
      "original_point_number": [
        50,
        36
      ]
    },
    {
      "point_number": 19,
      "point_content": "Littering causes visual pollution, making environments look unpleasant and causing discomfort, and negatively affects the quality of life of people living in affected areas.",
      "original_point_number": [
        37,
        53,
        54
      ]
    }
  ]
}