{
  "question": "what effect did the great awakening have on the american colonies?",
  "key_points": [
    {
      "point_number": 1,
      "point_content": "The Great Awakening was a religious revival movement in colonial America from 1730 to 1770 that inspired a strong Christian movement back to God, emphasized personal salvation without the need for priests or ministers, and led to the establishment of many churches, denominations, and universities such as Princeton, Dartmouth, Rutgers, and Brown for Biblical studies and diverse curricula.",
      "original_point_number": [
        1,
        2,
        3,
        4,
        6,
        7,
        8,
        9,
        11,
        17,
        19,
        20,
        23,
        27
      ]
    },
    {
      "point_number": 2,
      "point_content": "The Great Awakening challenged established religious beliefs, practices, and institutions, causing problems for established churches, promoting new sects like Baptists and Methodists, leading to many ministers losing authority as people studied the Bible independently, and promoting religious pluralism and equality including among Blacks and women within the 'New Light' movement.",
      "original_point_number": [
        12,
        13,
        24,
        25
      ]
    },
    {
      "point_number": 3,
      "point_content": "The Great Awakening influenced political ideas by promoting individual freedoms, self-governance, and nationalistic ideologies, laying foundations for the American Revolution and the quest for political independence within the colonies, and weakening the cultural authority of the upper class while unifying the colonies.",
      "original_point_number": [
        1,
        3,
        5,
        10,
        14,
        22,
        26
      ]
    },
    {
      "point_number": 4,
      "point_content": "The Great Awakening had mixed impacts on American Indians: it led some to convert to Protestantism and preach to others, while others were marginalized or ignored as they maintained their own spiritual beliefs and did not participate in the movement.",
      "original_point_number": [
        15,
        16,
        18
      ]
    }
  ]
}