{
  "question": "why cyber security as a career",
  "key_points": [
    {
      "point_number": 1,
      "point_content": "Cyber security is a broad, dynamic, and rapidly growing field with numerous job opportunities, involving protecting organizations from cyberattacks and safeguarding critical national infrastructure, commerce, and online spaces.",
      "original_point_number": [
        1,
        13,
        14,
        25,
        31,
        36
      ]
    },
    {
      "point_number": 2,
      "point_content": "Cyber security professionals are in huge demand globally due to skill gaps, increasing cyber threats, and the global shift to online and cloud data storage, with shortages reported by many organizations and a need to expand the workforce significantly.",
      "original_point_number": [
        3,
        8,
        9,
        10,
        11,
        12,
        23,
        32
      ]
    },
    {
      "point_number": 3,
      "point_content": "Cyber security roles require a wide range of practical management, technical, and soft skills, including knowledge of AI, IoT, Cloud Computing, Python, Cryptography, and continual learning to keep up with evolving threats and technologies.",
      "original_point_number": [
        4,
        17,
        33,
        38,
        39
      ]
    },
    {
      "point_number": 4,
      "point_content": "A career in cyber security offers good salary, job security, career growth, progression potential, flexibility, remote work options, and high job satisfaction, making it a sought-after and rewarding profession.",
      "original_point_number": [
        2,
        5,
        16,
        19,
        24,
        29,
        41,
        42
      ]
    },
    {
      "point_number": 5,
      "point_content": "There is no specific degree required to become a cyber security professional; many online courses and certifications are available, and degrees in IT, software, data science, or machine learning are acceptable.",
      "original_point_number": [
        7,
        37
      ]
    },
    {
      "point_number": 6,
      "point_content": "Cyber security professionals help prevent unauthorized access, protect valuable data, and contribute significantly to society by defending against cybercrime, which causes huge financial losses and long-term impacts on organizations.",
      "original_point_number": [
        21,
        26,
        34,
        35,
        28
      ]
    },
    {
      "point_number": 7,
      "point_content": "The cyber security market is rapidly growing with increasing budgets and spending by organizations and governments worldwide, driven by the increasing number of cyberattacks and the need for qualified specialists.",
      "original_point_number": [
        15,
        20,
        22
      ]
    },
    {
      "point_number": 8,
      "point_content": "Cyber security is not just about IT; it involves governance, risk, compliance, legal knowledge, and collaboration between different roles, requiring a multidisciplinary approach.",
      "original_point_number": [
        30
      ]
    }
  ]
}