{
  "question": "should christians be involved in politics",
  "key_points": {
    "clueweb22-en0025-61-08499": [
      {
        "point_number": 1,
        "point_content": "Christians have a moral and Biblical obligation to participate in government and political process.",
        "spans": [
          "Do Christians have a moral or Biblical obligation to participate in government?",
          "Is there a distinctively Christian way to engage in the political process?"
        ]
      },
      {
        "point_number": 2,
        "point_content": "The Bible instructs about government and political authority and advocates neither total withdrawal nor overinvestment in politics.",
        "spans": [
          "The Gospel applies to all areas of life, and the Bible instructs us about government and political authority.",
          "Scripture advocates neither total withdrawal from the political process nor overinvestment in it."
        ]
      },
      {
        "point_number": 3,
        "point_content": "Government is ordained by God to promote good and restrain evil, and Christians should care about the political process.",
        "spans": [
          "In Romans 13:1-7, Paul describes the governing authorities as “ministers of God” and says they are responsible for administering civil justice.",
          "Government was God’s idea, and Christians should engage with it in a way that is consistent with its God-ordained purpose."
        ]
      },
      {
        "point_number": 4,
        "point_content": "Christians have examples in the Bible of engaging in politics to meet spiritual and temporal needs.",
        "spans": [
          "In the Old Testament, for example, Joseph and Daniel served in foreign administrations and used their influence to implement policies that benefited society.",
          "Queen Esther used her influence in the Persian government to save the Jewish people from a state-sanctioned genocide (Esther 8)."
        ]
      },
      {
        "point_number": 5,
        "point_content": "Christians are citizens of both the City of Man and the City of God and should leverage their influence for laws and policies that contribute to neighbor's flourishing.",
        "spans": [
          "Christians, who, though “sojourners and exiles” (1 Peter 2:11) in this world, are nevertheless citizens of the “City of Man” as well as the“City of God.”",
          "Christians ought to endeavor to be good citizens of both cities and leverage their influence for the advancement of laws, policies and practices that contribute to the flourishing of our neighbors."
        ]
      },
      {
        "point_number": 6,
        "point_content": "Voting is a matter of stewardship and Christians should vote to exercise God-given authority.",
        "spans": [
          "Because power resides with the people in our republic, when Christians vote, they are delegating their ruling authority to others.",
          "Seen from this perspective, voting is a matter of stewardship; failure to vote is a failure to exercise God-given authority."
        ]
      },
      {
        "point_number": 7,
        "point_content": "American Christians should care about government policies on religious liberty and human rights worldwide and vote accordingly.",
        "spans": [
          "Given the United States’ far-reaching influence in the world, how can American Christians love the people of the nations well without having a vested interest in how our government approaches the issue of religious liberty and human rights worldwide?",
          "Christians who support missionaries should care about the state of international religious freedom, an area of advocacy in which the U.S. exerts significant influence."
        ]
      },
      {
        "point_number": 8,
        "point_content": "Pastors should exhort members to be involved in politics, vote, and be educated on Biblical principles regarding moral issues and candidates.",
        "spans": [
          "In light of these considerations, pastors should exhort their members to be involved in the political process and to vote.",
          "Pastors should also help educate and equip their members to think Biblically about moral issues, candidates and party platforms."
        ]
      },
      {
        "point_number": 9,
        "point_content": "Christians must engage in the political process Biblically, voting for candidates and parties that support clear Biblical values.",
        "spans": [
          "Compelled by love for our neighbors and a desire to steward our God-given responsibilities, we must, as Christians, engage in the political process.",
          "But we must engage Biblically.",
          "This requires that we be prepared to grapple with the moral issues of our day, the reality of our two-party system, and follow our Christian convictions to their logical end by voting for candidates and parties that support clear Biblical values."
        ]
      }
    ],
    "clueweb22-en0016-60-00904": [
      {
        "point_number": 1,
        "point_content": "Scripture advocates neither total withdrawal from the political process nor overinvestment in it.",
        "spans": [
          "Scripture advocates neither total withdrawal from the political process nor overinvestment in it."
        ]
      },
      {
        "point_number": 2,
        "point_content": "Government was God’s idea, and Christians should engage with it in a way that is consistent with its God-ordained purpose.",
        "spans": [
          "Government was God’s idea, and Christians should engage with it in a way that is consistent with its God-ordained purpose."
        ]
      },
      {
        "point_number": 3,
        "point_content": "Christians ought to endeavor to be good citizens of both the City of Man and the City of God and leverage their influence for the advancement of laws, policies and practices that contribute to the flourishing of our neighbors.",
        "spans": [
          "Christians ought to endeavor to be good citizens of both cities and leverage their influence for the advancement of laws, policies and practices that contribute to the flourishing of our neighbors."
        ]
      },
      {
        "point_number": 4,
        "point_content": "By voting, Christians are entrusting their 'sword-bearing' responsibility to officials who will govern on their behalf. Seen from this perspective, voting is a matter of stewardship; failure to vote is a failure to exercise God-given authority.",
        "spans": [
          "By voting, Christians are entrusting their “sword-bearing” responsibility to officials who will govern on their behalf. Seen from this perspective, voting is a matter of stewardship; failure to vote is a failure to exercise God-given authority."
        ]
      },
      {
        "point_number": 5,
        "point_content": "Pastors should exhort their members to be involved in the political process and to vote, and also help educate and equip their members to think Biblically about moral issues, candidates and party platforms.",
        "spans": [
          "In light of these considerations, pastors should exhort their members to be involved in the political process and to vote. But voting is not enough. Pastors should also help educate and equip their members to think Biblically about moral issues, candidates and party platforms."
        ]
      }
    ],
    "clueweb22-en0033-45-00650": [
      {
        "point_number": 1,
        "point_content": "Christians can be involved in politics as individuals but the church as a body should abstain.",
        "spans": [
          "Christians can be involved in politics as individuals.",
          "The balanced position states that Christians individually may be involved in politics but the church as a body should abstain."
        ]
      },
      {
        "point_number": 2,
        "point_content": "Christians should be guided by 1 Timothy 2 regarding political involvement, focusing on prayer and peaceful lives.",
        "spans": [
          "Christians could be guided by 1 Timothy 2 regarding political involvement.",
          "The main weapon at our disposal is prayer.",
          "Anything else is peripheral."
        ]
      },
      {
        "point_number": 3,
        "point_content": "There are different levels of political involvement, with direct involvement meaning running for office or lobbying.",
        "spans": [
          "There are indirect means of involvement such as voting, or voicing opinions on political issues.",
          "Then there are more direct levels of involvement such as running for office or lobbying with politicians for favors."
        ]
      },
      {
        "point_number": 4,
        "point_content": "Postmillennial theology underpins the Christendom view but is criticized as naively optimistic and not biblically accurate.",
        "spans": [
          "At the heart of the Christendom school is a postmillennial theology.",
          "I don’t agree with postmillennialism because it is naively optimistic.",
          "Postmillennialism entails a “spiritual” interpretation of the OT while neglecting the explicit teachings of the NT which presage societal decadence in the last days (e.g. 2 Timothy 3:1 )."
        ]
      },
      {
        "point_number": 5,
        "point_content": "There is no such thing as a Christian nation; Christianity is an individual issue, not a national one.",
        "spans": [
          "There is no such thing as a Christian nation.",
          "Christianity is an individual issue not a national one."
        ]
      },
      {
        "point_number": 6,
        "point_content": "The church's real purpose is to evangelize individuals, not to Christianize nations or get involved in politics.",
        "spans": [
          "The real purpose of the church is to evangelize individuals not Christianize nations.",
          "Early believers accomplished all these things outside the political arena."
        ]
      },
      {
        "point_number": 7,
        "point_content": "History shows the church as a body should not pursue political power as it tends to dilute the gospel message.",
        "spans": [
          "I believe that the church as a body should not pursue political power.",
          "History militates against it.",
          "What history has taught is that the church as a political body does not exert a Christian influence on society, it is society that leavens the church.",
          "The church cannot enter politics without losing its impetus and eternal focus."
        ]
      },
      {
        "point_number": 8,
        "point_content": "Individual Christians may rally against social injustices but the church must not lose its focus on evangelism.",
        "spans": [
          "individual Christians may rally against social injustices, but the church must not lose its focus."
        ]
      },
      {
        "point_number": 9,
        "point_content": "Christians should pray for leaders who preserve the freedom to practice faith without interference, not necessarily for Christian leaders.",
        "spans": [
          "The most important issue for Christians should be the right to practice our faith without interference from the government.",
          "The ideal scenario is where we can practice our faith and live peacefully (1 Timothy 2:2 ).",
          "So what Christians should really pray for is leaders who will preserve that freedom."
        ]
      }
    ],
    "null": [],
    "clueweb22-en0010-41-09913": [
      {
        "point_number": 1,
        "point_content": "Jesus indicated there was a level of responsibility to engage in civic matters.",
        "spans": [
          "Instead of distancing believers from any connection with a civil government, he indicated there was a level of responsibility to engage in civic matters."
        ]
      },
      {
        "point_number": 2,
        "point_content": "Christians should be at the forefront of selecting leaders who will govern according to God’s principles.",
        "spans": [
          "It only makes sense that Christians should be at the forefront of selecting leaders who will govern according to God’s principles and will formulate policies more likely to bring God’s favor."
        ]
      },
      {
        "point_number": 3,
        "point_content": "John Jay declared it is the duty and privilege of Christians to select and prefer Christians for their rulers.",
        "spans": [
          "Founding Father, John Jay, our first chief justice of the Supreme Court, declared: “Providence has given to our people the choice of their rulers, and it is the duty, as well as the privilege and interest of our Christian nation to select and prefer Christians for their rulers.”"
        ]
      },
      {
        "point_number": 4,
        "point_content": "Jesus encourages believers to influence their culture rather than isolate themselves from it.",
        "spans": [
          "In commanding us to be “salt” and “light” in the world, Jesus is encouraging us to influence our culture rather than isolate ourselves from our culture."
        ]
      },
      {
        "point_number": 5,
        "point_content": "Every time a legislature enacts legislation, it is always an imposition of morality.",
        "spans": [
          "Every time a legislature enacts legislation, it is always an imposition of morality."
        ]
      },
      {
        "point_number": 6,
        "point_content": "Legislation is built upon morality, and morality is built upon religion.",
        "spans": [
          "Legislation is built upon morality, and morality is built upon religion."
        ]
      },
      {
        "point_number": 7,
        "point_content": "John Adams stated the government requires morality and religion to function properly.",
        "spans": [
          "Founding Father, John Adams, our second president, declared: “We have no government armed with power capable of contending with human passions unbridled by morality and religion…Our constitution was made only for a moral and religious people. It is wholly inadequate to the government of any other.”"
        ]
      },
      {
        "point_number": 8,
        "point_content": "Christians in democratic countries have the freedom to choose leaders that will advance righteousness or unrighteousness.",
        "spans": [
          "God has given Christians in democratic countries a unique way to “salt” their world that first-century believers did not enjoy. We have been granted the freedom to choose leaders that will advance righteousness or unrighteousness."
        ]
      },
      {
        "point_number": 9,
        "point_content": "God has ordained the means to achieve election outcomes through people exercising their responsibility to vote.",
        "spans": [
          "But God has also ordained the means to achieve that outcome – you and me exercising our responsibility to vote."
        ]
      },
      {
        "point_number": 10,
        "point_content": "Ignoring Biblical values and candidate positions on key issues in elections is immoral.",
        "spans": [
          "Ignoring what the Bible says about the issues at stake in an election is inexcusable. Ignoring the positions of individual candidates on matters like abortion, same-sex marriage, and religious rights is immoral."
        ]
      },
      {
        "point_number": 11,
        "point_content": "Morality is legislated every day from the vantage point of one value system being chosen over another.",
        "spans": [
          "“The popular notion that ‘you can’t legislate morality’ is a myth. Morality is legislated every day from the vantage point of one value system being chosen over another."
        ]
      }
    ],
    "clueweb22-en0020-94-13992": [
      {
        "point_number": 1,
        "point_content": "Churches filled with Christians have a right to be concerned about where politics takes our nation.",
        "spans": [
          "Churches filled with Christians have a right to be concerned about where politics takes our nation."
        ]
      },
      {
        "point_number": 2,
        "point_content": "The church is not preaching the whole Gospel unless it emphasizes righteousness in our daily living through salvation found only in Christ.",
        "spans": [
          "The church is not preaching the whole Gospel unless it emphasizes righteousness in our daily living through salvation found only in Christ."
        ]
      },
      {
        "point_number": 3,
        "point_content": "All life—political, social, economic and industrial—must be subject to the laws of God, which is why Christians need to be involved in who governs our nation and how its laws impact the future.",
        "spans": [
          "all life—political, social, economic and industrial—must be subject to the laws of God.",
          "This is why Christians need to be involved in who governs our nation and how its laws impact the future."
        ]
      },
      {
        "point_number": 4,
        "point_content": "The secret strength of a nation is found in the faith that abides in the hearts, homes and families, and we must return to the faith of our fathers.",
        "spans": [
          "The secret strength of a nation is found in the faith that abides in the hearts, homes and families.",
          "We must return to the faith of our fathers."
        ]
      }
    ],
    "clueweb22-en0036-55-11499": [
      {
        "point_number": 1,
        "point_content": "Christians cannot have political views outside the considerations of their Christian faith.",
        "spans": [
          "Can we have political views outside the considerations of our Christian faith? The answer is no, we cannot."
        ]
      },
      {
        "point_number": 2,
        "point_content": "God's will supersedes every aspect of life including politics, and no government can thwart His will.",
        "spans": [
          "The first truth is that the will of God permeates and supersedes every aspect of life.",
          "no government can thwart His will (Daniel 4:34-35 )",
          "it is God who “sets up kings and deposes them” (Daniel 2:21) because “the Most High is sovereign over the kingdoms of men and gives them to anyone he wishes” (Daniel 4:17 )"
        ]
      },
      {
        "point_number": 3,
        "point_content": "Politics is a method God uses to accomplish His will, even though evil men abuse political power.",
        "spans": [
          "politics is merely a method God uses to accomplish His will.",
          "Even though evil men abuse their political power, meaning it for evil, God means it for good"
        ]
      },
      {
        "point_number": 4,
        "point_content": "Government cannot save us; only God can.",
        "spans": [
          "Second, we must grasp the fact that our government cannot save us! Only God can."
        ]
      },
      {
        "point_number": 5,
        "point_content": "The apostles did not focus on reforming government but on proclaiming the gospel and living transformed lives.",
        "spans": [
          "The apostles never called for believers to demonstrate civil disobedience to protest the Roman Empire’s unjust laws or brutal schemes.",
          "Instead, the apostles commanded the first-century Christians, as well as us today, to proclaim the gospel and live lives that give clear evidence to the gospel’s transforming power."
        ]
      },
      {
        "point_number": 6,
        "point_content": "Christians have a responsibility to obey laws and be good citizens, and should vote for leaders who demonstrate Christian principles.",
        "spans": [
          "There is no doubt that our responsibility to government is to obey the laws and be good citizens (Romans 13:1–2 ).",
          "Where we have a voice and can elect our leaders, we should exercise that right by voting for those who best demonstrate Christian principles."
        ]
      },
      {
        "point_number": 7,
        "point_content": "The church's mission is not political activism but changing hearts through the Word of God.",
        "spans": [
          "The church’s unique, God-given purpose does not lie in political activism.",
          "Our mission lies not in changing the nation through political reform, but in changing hearts through the Word of God."
        ]
      },
      {
        "point_number": 8,
        "point_content": "Believers should be the light of the world and salt of the earth, obeying authorities but placing hope in God alone.",
        "spans": [
          "They understood that it was they, not their governments, who were the light of the world and the salt of the earth.",
          "They adhered to Paul’s teaching to obey their governing authorities, even to honor, respect, and pray for them (Romans 13:1-8 ).",
          "More importantly, they understood that, as believers, their hope resided in the protection that only God supplies."
        ]
      },
      {
        "point_number": 9,
        "point_content": "Salvation and hope are found only in Jesus Christ, not in political power or government.",
        "spans": [
          "Political entities are not the savior of the world.",
          "The salvation for all mankind has been manifested in Jesus Christ.",
          "Peace of mind, contentment, hope, and joy—and the salvation of mankind—are provided only through Jesus’ death and resurrection."
        ]
      }
    ],
    "clueweb22-en0032-79-15510": [
      {
        "point_number": 1,
        "point_content": "Many believers are taught that Christians should not seek engagement in the political realm because 'faith and politics do not mix.'",
        "spans": [
          "Many believers are taught that Christians should not seek engagement in the political realm because \"faith and politics do not mix.\""
        ]
      },
      {
        "point_number": 2,
        "point_content": "It is a mistake for Christians to completely isolate themselves from the realm of politics because abstaining leaves the fate of future generations in the hands of wicked and immoral men.",
        "spans": [
          "As valid as these claims may be, it is a mistake for Christians to completely isolate themselves from the realm of politics.",
          "When the people of God do not take it upon themselves to vote or run for office, they carelessly leave the fate of future generations in the hands of wicked and immoral men."
        ]
      },
      {
        "point_number": 3,
        "point_content": "By abstaining from the public square, Christians are compromising on the fundamental teaching: 'You shall love your neighbor as yourself' (Mark 12:31).",
        "spans": [
          "By abstaining from the public square, Christians are compromising on one of the most fundamental teachings of the Christian faith: \"You shall love your neighbor as yourself\" (Mark 12:31)."
        ]
      },
      {
        "point_number": 4,
        "point_content": "Scripture's two greatest commandments mandate cultural and political engagement: love God and love our neighbors as ourselves.",
        "spans": [
          "Scripture's two greatest commandments – to first love God and then to love our neighbors as we love ourselves – are clear mandates for cultural and political engagement."
        ]
      },
      {
        "point_number": 5,
        "point_content": "The parable of the Good Samaritan illustrates that loving our neighbor means being neighborly or loving unto all people, which implies political and cultural engagement.",
        "spans": [
          "That is precisely what a biblical \"lawyer\" was inquiring about when he asked Jesus, \"Who is my neighbor?\" The parable of the Good Samaritan is Jesus' response to that question (Luke 10:25-37).",
          "Jesus then posed the following question to this inquiring lawyer: \"Which of these three (the priest, Levite or Samaritan), do you think proved to be a neighbor to the man who fell among the robbers? 'The one who showed him mercy,'\" said the lawyer, \"And Jesus said to him, 'You go, and do likewise.'\""
        ]
      },
      {
        "point_number": 6,
        "point_content": "God's people are tasked to care for the poor, oppressed, defenseless, widows and orphans, which requires engagement in societal issues including politics.",
        "spans": [
          "Throughout the Bible, God tasked his people to care for the world's poor, the oppressed, the defenseless and the widows and orphans (Isaiah 1:17; Jeremiah 22:3)."
        ]
      },
      {
        "point_number": 7,
        "point_content": "Issues like poverty, human trafficking, persecution, and tyranny require Christian political engagement to bring hope and change.",
        "spans": [
          "All of these people are in desperate – but not exclusive – need of our humanitarian aid.",
          "Matters such as human trafficking, the persecution of minorities, tyranny and more contribute to the great need and present little to no hope of ever changing, if God's people do not at the very least engage in politics."
        ]
      },
      {
        "point_number": 8,
        "point_content": "Dr. R. Albert Mohler said that loving our neighbors cannot be done apart from participation in culture and the political process.",
        "spans": [
          "For that reason Dr. R. Albert Mohler said that loving our neighbors cannot be done apart from our \"participation in the culture and in the political process.\""
        ]
      },
      {
        "point_number": 9,
        "point_content": "Christians are the most ideal people for political roles because only the righteous can truly understand the rights of the underprivileged and justice completely.",
        "spans": [
          "The need for Christian involvement in politics should be obvious.",
          "The Bible points out that only the \"righteous\" can truly understand the rights of the underprivileged (Proverbs 29:7), and as people who \"seek the Lord\" rely on biblical understandings that transcend their own selfish inclinations and social context, they are the most capable of understanding justice \"completely\" (Proverbs 28:5)."
        ]
      },
      {
        "point_number": 10,
        "point_content": "Jesus was not politically involved because Rome was not a democracy, but he did not undermine the idea of political involvement.",
        "spans": [
          "Some may argue that Jesus himself was never politically involved – but Rome was not a democracy.",
          "Although Jesus was not actively involved in politics during his earthly ministry, he did not undermine the idea (Luke 20:25)."
        ]
      },
      {
        "point_number": 11,
        "point_content": "American Christians have political authority in a democracy and thus have the influence to make a difference.",
        "spans": [
          "American Christians are privileged to live in a democratic country in which \"we the people\" are the authority.",
          "That means that \"we the people\" also have the political influence to make a difference."
        ]
      },
      {
        "point_number": 12,
        "point_content": "God was not opposed to his people using political influence, as seen in the examples of Joseph, Daniel, Esther, and Paul.",
        "spans": [
          "The Scriptures – the inerrant Word of God – also includes other incidents in which God was not opposed to his people's using political influence.",
          "Bible greats such as Joseph, Daniel and Esther were all elevated to positions of political power so that God could carry out his will.",
          "Even Paul's Roman citizenship played a mayor role in the spread of the gospel (Acts 22:25; 26:32)."
        ]
      },
      {
        "point_number": 13,
        "point_content": "Christians share political authority with nonbelievers who may hold views divergent from biblical morals, so Christian engagement is necessary to influence public affairs.",
        "spans": [
          "Most importantly, the sobering truth for Christians living under a constitutional democracy is that they also share their political authority with nonbelievers, many of whom hold views with no moral boundaries or which sharply diverge from the biblical world.",
          "The current downward spiral that this country is undergoing speaks to the fallen state of mankind; but it speaks even more directly to the lack of influence that Christians have had in public affairs."
        ]
      },
      {
        "point_number": 14,
        "point_content": "Christians who care about the gospel and church should not expect nonbelievers to lobby in their favor and should actively engage in state affairs.",
        "spans": [
          "Christians who truly care about the state of the gospel and of the church should not expect nonbelievers to lobby in their favor."
        ]
      },
      {
        "point_number": 15,
        "point_content": "When moral and righteous Christians do not vote or run for office, they leave the fate of future generations to the wicked and immoral, which is not loving one's neighbor.",
        "spans": [
          "When the moral and righteous people of God do not take it upon themselves to vote or run for office, they are carelessly leaving the fate of future generations in the hands of the wicked and immoral – and that, dear brothers and sisters, is not loving your \"neighbor as yourself.\""
        ]
      }
    ]
  }
}