{
  "question": "how we find the best home insurance companies",
  "key_points": {
    "clueweb22-en0044-22-09567": [
      {
        "point_number": 1,
        "point_content": "Reviews.com rates Auto-Owners as the best homeowners insurance company on our list, based on available third-party agency scores and ratings.",
        "spans": [
          "Reviews.com rates Auto-Owners as the best homeowners insurance company on our list, based on available third-party agency scores and ratings."
        ]
      },
      {
        "point_number": 2,
        "point_content": "These top home insurance companies were chosen based on having unique or abundant discounts, strong financial and customer satisfaction ratings, and customizable coverage options.",
        "spans": [
          "These top home insurance companies were chosen based on having unique or abundant discounts, strong financial and customer satisfaction ratings, and customizable coverage options."
        ]
      },
      {
        "point_number": 3,
        "point_content": "This review analyzes the best home insurance companies on the basis of 2021 quoted annual premium data from Bankrate.com, and third-party ratings from agencies like AM Best and J.D. Power, to help in your search for the right fit.",
        "spans": [
          "This review analyzes the best home insurance companies on the basis of 2021 quoted annual premium data from Bankrate.com, and third-party ratings from agencies like AM Best and J.D. Power, to help in your search for the right fit."
        ]
      },
      {
        "point_number": 4,
        "point_content": "Reviews.com used 2021 data from Bankrate.com to find the average home insurance premiums in each state. We also compared discounts, coverage options, and third-party evaluations to rank and review the best home insurance.",
        "spans": [
          "Reviews.com used 2021 data from Bankrate.com to find the average home insurance premiums in each state. We also compared discounts, coverage options, and third-party evaluations to rank and review the best home insurance."
        ]
      },
      {
        "point_number": 5,
        "point_content": "Auto-Owners is our top selection for homeowners insurance of the companies we reviewed. The company has excellent third-party reviews for customer satisfaction and financial strength, plus it offers a variety of discounts and add-ons that allow homeowners to design a customized policy.",
        "spans": [
          "Auto-Owners is our top selection for homeowners insurance of the companies we reviewed. The company has excellent third-party reviews for customer satisfaction and financial strength, plus it offers a variety of discounts and add-ons that allow homeowners to design a customized policy."
        ]
      },
      {
        "point_number": 6,
        "point_content": "Among our top companies, Amica receives the highest scores for customer satisfaction by J.D. Power, for companies considered eligible for ranking. In addition, the company offers a few unique options for extended coverage.",
        "spans": [
          "Among our top companies, Amica receives the highest scores for customer satisfaction by J.D. Power, for companies considered eligible for ranking. In addition, the company offers a few unique options for extended coverage."
        ]
      },
      {
        "point_number": 7,
        "point_content": "Nationwide may be a great choice for policyholders looking for specific optional coverages that can fill gaps in your standard policy.",
        "spans": [
          "Nationwide may be a great choice for policyholders looking for specific optional coverages that can fill gaps in your standard policy."
        ]
      },
      {
        "point_number": 8,
        "point_content": "Allstate offers several options to help you potentially lock in or lower your rate, including Claim RateGuard and Deductible Rewards programs.",
        "spans": [
          "Allstate offers several options to help you potentially lock in or lower your rate, including Claim RateGuard and Deductible Rewards programs."
        ]
      },
      {
        "point_number": 9,
        "point_content": "USAA exclusively sells insurance to active duty and retired military personnel, as well as their eligible spouses and children, and has excellent customer satisfaction ratings and competitive premiums.",
        "spans": [
          "USAA exclusively sells insurance to active duty and retired military personnel, as well as their eligible spouses and children, and has excellent customer satisfaction ratings and competitive premiums."
        ]
      },
      {
        "point_number": 10,
        "point_content": "Erie may be worth considering for homeowners who are only looking for a basic policy with standard coverage, offering 24/7 customer support and high customer satisfaction ratings.",
        "spans": [
          "Erie may be worth considering for homeowners who are only looking for a basic policy with standard coverage, offering 24/7 customer support and high customer satisfaction ratings."
        ]
      },
      {
        "point_number": 11,
        "point_content": "New Jersey Manufacturers (NJM) offers dividend policies allowing policyholders to recoup a portion of their premiums at the end of the year based on company performance.",
        "spans": [
          "New Jersey Manufacturers (NJM) offers dividend policies allowing policyholders to recoup a portion of their premiums at the end of the year based on company performance."
        ]
      },
      {
        "point_number": 12,
        "point_content": "We evaluated the companies based on their third-party agency ratings for customer experience, financial stability, as well as coverage options to determine which might be the best providers.",
        "spans": [
          "We evaluated the companies based on their third-party agency ratings for customer experience, financial stability, as well as coverage options to determine which might be the best providers."
        ]
      },
      {
        "point_number": 13,
        "point_content": "To compare home insurance companies across the board, we considered customer ratings, coverage options, confidence (financial strength), and customer experience (complaints).",
        "spans": [
          "To compare home insurance companies across the board, we considered customer ratings, coverage options, confidence (financial strength), and customer experience (complaints)."
        ]
      },
      {
        "point_number": 14,
        "point_content": "Rates are based on quoted annual premiums from Bankrate.com and should be used for comparative purposes only.",
        "spans": [
          "Rates are based on quoted annual premiums from Bankrate.com and should be used for comparative purposes only."
        ]
      },
      {
        "point_number": 15,
        "point_content": "Bundling home and auto insurance can offer a 10% to 25% discount on premiums and make the policy-buying process smoother.",
        "spans": [
          "Bundling home and auto insurance is a popular option offered by top home insurance companies. Insurance providers may offer up to a 10% to 25% discount on premiums when customers bundle home and car insurance with the same company."
        ]
      }
    ],
    "clueweb22-en0023-31-10676": [
      {
        "point_number": 1,
        "point_content": "Our picks for the best home insurance companies take into consideration each insurer’s financial ratings, customer service and claims satisfaction ratings, coverage options, and average premiums according to 2022 Policygenius data.",
        "spans": [
          "Our picks for the best home insurance companies take into consideration each insurer’s financial ratings, customer service and claims satisfaction ratings, coverage options, and average premiums according to 2022 Policygenius data."
        ]
      },
      {
        "point_number": 2,
        "point_content": "Our editorial team of licensed insurance experts analyzed rates from actual Policygenius quotes, coverage options, complaint data from the National Association of Insurance Commissioners, financial strength ratings from AM Best, customer satisfaction ratings from J.D. Power, and more to determine the best homeowners insurance companies in 2022.",
        "spans": [
          "Our editorial team of licensed insurance experts analyzed rates from actual Policygenius quotes, coverage options, complaint data from the National Association of Insurance Commissioners, financial strength ratings from AM Best, customer satisfaction ratings from J.D. Power, and more to determine the best homeowners insurance companies in 2022."
        ]
      },
      {
        "point_number": 3,
        "point_content": "How to find the best home insurance company for you: Decide what’s most important to you, Nail down how much coverage you need, Compare home insurance quotes from a few companies, Check customer service and complaint ratings for each company, Read up on the claims filing process, Scope out discounts or opportunities to save.",
        "spans": [
          "How to find the best home insurance company for you",
          "1. Decide what’s most important to you.",
          "2. Nail down how much coverage you need.",
          "3. Compare home insurance quotes from a few companies.",
          "4. Check customer service and complaint ratings for each company.",
          "5. Read up on the claims filing process.",
          "6. Scope out discounts or opportunities to save."
        ]
      },
      {
        "point_number": 4,
        "point_content": "Compare home insurance quotes from at least three different companies to help you find the cheapest policy you qualify for.",
        "spans": [
          "We recommend comparing quotes from at least three different companies to help you find the cheapest policy you qualify for."
        ]
      },
      {
        "point_number": 5,
        "point_content": "Check customer service and complaints ratings for each company by reading detailed reviews and looking at J.D. Power ratings and the National Association of Insurance Commissioners complaint index.",
        "spans": [
          "Once you have your quotes, check the customer service and complaints ratings for each company.",
          "You can do this by reading our detailed reviews of popular home insurance companies.",
          "In these, you’ll find each company’s J.D. Power rating, which is based on feedback from customer satisfaction surveys of over 10,000 homeowners and renters annually.",
          "Another good place to check customer sentiment is by looking at the National Association of Insurance Commissioners complaint index for home insurance companies."
        ]
      },
      {
        "point_number": 6,
        "point_content": "Read up on the claims filing process to find a company that works for you, including whether you can file claims online or through a mobile app.",
        "spans": [
          "Read up on the claims filing process.",
          "Can you file claims online or through a mobile app? Or do you have to call to speak with a representative?",
          "If you prefer one or the other, make sure you read up on the filing process to find a company that works for you."
        ]
      },
      {
        "point_number": 7,
        "point_content": "Look for discounts or opportunities to save, such as bundling home and auto policies, buying a new home, going years with no claims, paying premiums in full, installing safety devices, and more.",
        "spans": [
          "Scope out discounts or opportunities to save.",
          "You might be able to score a discount for bundling your home and auto policies, buying a new home, going years with no claims, paying your premiums in full for the year, installing safety devices through your home, and more."
        ]
      }
    ],
    "clueweb22-en0025-09-05322": [
      {
        "point_number": 1,
        "point_content": "To find the best homeowners insurance company, you need to find an insurer that sells policies with the coverage and other features you need at an affordable price, has a high financial strength rating, gets good consumer and professional reviews, and allows you to file a claim or seek assistance 24/7.",
        "spans": [
          "Choose an insurance company. To choose the right homeowners insurance company, you will want to find an insurer that sells policies with the coverage and other features you need at an affordable price. In addition, look for a company that has a high financial strength rating from AM Best or another rating agency, gets good consumer and professional reviews, and allows you to file a claim or seek assistance 24/7."
        ]
      },
      {
        "point_number": 2,
        "point_content": "Determine the value of your home and its contents to decide how much insurance coverage you need before choosing a policy.",
        "spans": [
          "To begin, you’ll need to determine the value of your home and its contents.",
          "Determine how much home insurance you need. Take an inventory of your personal belongings. If you have receipts, file them away. Use this information to decide how much coverage you need for your property.",
          "For your home and other structures on your property, get an estimate from your insurance company or a real estate agent for the average rebuilding cost in your area per square foot."
        ]
      },
      {
        "point_number": 3,
        "point_content": "Consider coverage options and additional coverage needs such as flood, earthquake, or high-risk items when choosing a policy.",
        "spans": [
          "Decide what you want to insure. A standard homeowners insurance policy may not cover valuable jewelry, artwork, or other collectibles. Likewise, you may need additional coverage if you have a trampoline, pool, or something else on your property that poses a risk of injury or death to others. Also, if your home occupies a flood-prone area, you'll probably need a separate flood insurance policy from your home insurance provider or the National Flood Insurance Program.",
          "Similarly, if you live in an earthquake-prone region, you will need additional insurance to cover related damage."
        ]
      },
      {
        "point_number": 4,
        "point_content": "Compare quotes from several companies for similar coverage to find the best price and policy for your needs.",
        "spans": [
          "Gather quotes. Once you have chosen a few companies, use the estimate tool on their websites to get an idea of how much it will cost for the coverage you need. It can be helpful to talk to an agent in person or over the phone at this point for additional help. Get quotes from several companies, but be sure to compare policies that offer similar coverages."
        ]
      },
      {
        "point_number": 5,
        "point_content": "Consider bundling home and auto insurance policies from the same company to potentially reduce overall insurance costs.",
        "spans": [
          "It is often possible to reduce your overall insurance costs by purchasing both your homeowners and auto insurance policy from the same company. This is called bundling.",
          "Bundling Homeowners and Auto Insurance",
          "Many insurance companies will give you a discount if you buy more than one type of policy from them, such as home insurance and auto insurance. This is called insurance bundling or a multi-policy discount."
        ]
      },
      {
        "point_number": 6,
        "point_content": "Use professional and consumer reviews and ratings to evaluate and compare insurance companies.",
        "spans": [
          "We created objective 360 Overall Ratings based on an analysis of third-party reviews.",
          "Our scoring methodology is based on a composite analysis of the ratings and reviews published by credible third-party professional and consumer review sources."
        ]
      },
      {
        "point_number": 7,
        "point_content": "Look for companies with high financial strength ratings from agencies like AM Best.",
        "spans": [
          "Choose an insurance company. To choose the right homeowners insurance company, you will want to find an insurer that sells policies with the coverage and other features you need at an affordable price. In addition, look for a company that has a high financial strength rating from AM Best or another rating agency, gets good consumer and professional reviews, and allows you to file a claim or seek assistance 24/7."
        ]
      }
    ],
    "null": [],
    "clueweb22-en0008-20-13044": [
      {
        "point_number": 1,
        "point_content": "Insure.com compiled rankings by analyzing J.D. Power’s U.S. Property Claims Satisfaction Study, A.M. Best credit ratings, National Association of Insurance Commissioners’ complaint data and Quadrant’s insurance-alignment, as well as average premiums and discounts.",
        "spans": [
          "To compile its rankings, Insure.com’s editors analyzed J.D. Power’s U.S. Property Claims Satisfaction Study, A.M. Best credit ratings, National Association of Insurance Commissioners’ complaint data and Quadrant’s insurance-alignment, which tracks how closely an insurance company’s insurance score — a number the insurance industry uses to assess the probability an individual will file a claim — matches a consumer’s self-assessed credit score level. The editors also considered average premiums, the amount insurers discounted new homes and the amount insurers discounted homeowners insurance when bundled with car and other insurance. Each data point was assigned a weight and then the companies were ranked."
        ]
      },
      {
        "point_number": 2,
        "point_content": "State Farm and Auto-Owners are top overall choices, with State Farm scoring highest in multi-policy discounts and Auto-Owners ranking second in new home discounts.",
        "spans": [
          "For many people, State Farm and Auto-Owners might be the best bets. State Farm scored highest in the multi-policy discounts category, while Auto-Owners ranked second in the new home discounts category."
        ]
      },
      {
        "point_number": 3,
        "point_content": "Other insurers may be better depending on individual needs, such as Travelers for new home discounts and Nationwide for bundling homeowners and auto insurance.",
        "spans": [
          "Other insurers can make more sense for you depending on your situation and needs.",
          "For example, those who are buying a new home might want to consider a policy from Travelers, which earned the highest rating for new home discounts. On the other hand, if you are thinking of bundling your homeowners and auto insurance with the same provider, Nationwide is worthy of consideration. It finished second — to State Farm — in the multi-policy discounts category."
        ]
      },
      {
        "point_number": 4,
        "point_content": "To find the best homeowners insurance, shop around and talk to local agents or companies, and compare quotes from various providers.",
        "spans": [
          "“Shop around and talk to local agents, brokers or companies doing business in your area,” says Karen Collins, assistant vice president for personal lines for the American Property Casualty Insurance Association. “Local agents or companies will understand your local market and be able to give you a variety of choices.”",
          "But you are unlikely to get the best deal on a great policy if you fail to compare quotes from various providers."
        ]
      },
      {
        "point_number": 5,
        "point_content": "Gather quotes by visiting insurance providers' websites or using sites like Insure.com to get multiple quotes at once.",
        "spans": [
          "One is to visit the websites of a handful of insurance providers – or to call them – and request quotes from each. A less time-consuming way to gather quotes is to go to a site like Insure.com and to gather quotes from several companies all at once."
        ]
      },
      {
        "point_number": 6,
        "point_content": "To get accurate quotes, you need to provide information such as ZIP code, age, marital status, and homeowner status.",
        "spans": [
          "To get quotes, you will need to plug in certain information, such as your: ZIP code Age Marital status Homeowner status"
        ]
      },
      {
        "point_number": 7,
        "point_content": "Many companies offer homeowners insurance discounts that can reduce the cost of coverage.",
        "spans": [
          "If you are looking for more ways to save, remember that many companies offer homeowners insurance discounts that can bring down the cost of your coverage."
        ]
      }
    ],
    "clueweb22-en0008-42-13944": [
      {
        "point_number": 1,
        "point_content": "To find the best home insurance companies, look at top national insurance carriers and brokerage firms and assess them based on availability, coverage, pricing options, and transparency.",
        "spans": [
          "To help landlords find the right coverage, we looked at 25 top national insurance carriers and brokerage firms before settling on the five best. We assessed insurers based on their availability, coverage, pricing options, and transparency to build our list of the best rental property insurance companies."
        ]
      },
      {
        "point_number": 2,
        "point_content": "Consider companies with strong financial ratings and nationwide coverage when choosing home insurance.",
        "spans": [
          "State Farm was founded in 1922 and has an A rating for financial stability from AM Best.",
          "The company is headquartered in Illinois and offers landlord insurance nationwide through its network of agents."
        ]
      },
      {
        "point_number": 3,
        "point_content": "Evaluate the claims process of insurance companies, as a fast and user-friendly claims process is important.",
        "spans": [
          "Liberty Mutual gets the nod for best claims because of its fast response times and 24/7 claims center.",
          "Liberty Mutual has developed user-friendly processes making it easy for consumers to process claims quickly."
        ]
      },
      {
        "point_number": 4,
        "point_content": "Look for insurance companies that offer flexible coverage options, such as insuring property for replacement cost, purchase price, or other amounts.",
        "spans": [
          "While most rental property policies purchased from Liberty Mutual protect up to the replacement cost, the company also lets landlords insure properties for the purchase price or some other stated amount (unlike most competitors)."
        ]
      },
      {
        "point_number": 5,
        "point_content": "Consider companies that offer discounts for bundling home and auto insurance policies.",
        "spans": [
          "Discount for bundling home and auto"
        ]
      },
      {
        "point_number": 6,
        "point_content": "Using a brokerage option can help find the best deal by comparing multiple carriers and policies.",
        "spans": [
          "Trusted Choice is our best brokerage option because the company has a nationwide network of independent agents that can help landlords find policies from multiple carriers—this helps find the exact coverage to fit specific needs and budgets."
        ]
      },
      {
        "point_number": 7,
        "point_content": "Check the company's reputation, financial strength, and customer service responsiveness when selecting home insurance.",
        "spans": [
          "State Farm was founded in 1922 and has an A rating for financial stability from AM Best.",
          "Liberty Mutual was founded in 1912 and has a Financial Strength Rating of A (Excellent) with AM Best.",
          "GEICO was founded in 1936 in Fort Worth, Texas. While the company has an A++ (Superior) rating from AM Best, this doesn’t matter for rental property insurance policyholders because GEICO doesn’t offer landlord coverage directly."
        ]
      }
    ],
    "clueweb22-en0031-78-02974": [
      {
        "point_number": 1,
        "point_content": "Nationwide is the cheapest widely available homeowners insurance, with an average rate of $1,227 per year.",
        "spans": [
          "Nationwide is the cheapest widely available homeowners insurance, with an average rate of $1,227 per year."
        ]
      },
      {
        "point_number": 2,
        "point_content": "We recommend that you compare quotes from multiple companies when shopping for a homeowners insurance policy to get the best rate.",
        "spans": [
          "We recommend that you compare quotes from multiple companies when shopping for a homeowners insurance policy to get the best rate."
        ]
      },
      {
        "point_number": 3,
        "point_content": "Nationwide offers the cheapest homeowners insurance rates along with a number of optional coverages, but you may find better service elsewhere.",
        "spans": [
          "Nationwide offers the cheapest homeowners insurance rates along with a number of optional coverages, but you may find better service elsewhere."
        ]
      },
      {
        "point_number": 4,
        "point_content": "Nationwide delivers cheaper homeowners insurance rates than any of its major competitors. A policy from Nationwide costs $1,227 per year or $102 per month.",
        "spans": [
          "In most cases, Nationwide delivers cheaper homeowners insurance rates than any of its major competitors. A policy from Nationwide costs $1,227 per year or $102 per month."
        ]
      },
      {
        "point_number": 5,
        "point_content": "Nationwide offers policyholders a number of discounts to help keep the cost of insurance affordable.",
        "spans": [
          "It also offers policyholders a number of discounts to help keep the cost of insurance affordable:"
        ]
      },
      {
        "point_number": 6,
        "point_content": "We found that Nationwide home insurance is the best place to start comparing rates for your policy, but it shouldn't be the only insurer you check.",
        "spans": [
          "Ultimately, we found that Nationwide home insurance is the best place to start comparing rates for your policy, but it shouldn't be the only insurer you check."
        ]
      },
      {
        "point_number": 7,
        "point_content": "Other large insurers or local companies might offer both a decent rate and solid service.",
        "spans": [
          "Other large insurers — or even local companies — might offer both a decent rate and solid service."
        ]
      },
      {
        "point_number": 8,
        "point_content": "If your home is located in one of the 12 states where Erie insurance is available, you may be able to take advantage of even better rates.",
        "spans": [
          "If your home is located in one of the 12 states where Erie insurance is available, you may be able to take advantage of even better rates."
        ]
      },
      {
        "point_number": 9,
        "point_content": "We recommend the following steps as you compare quotes from insurers near you: assemble all relevant personal information, identify how much coverage you need, compare quotes from multiple providers.",
        "spans": [
          "We recommend the following steps as you compare quotes from insurers near you:",
          "Assemble all relevant personal information.",
          "Identify how much coverage you need.",
          "Compare quotes from multiple providers."
        ]
      },
      {
        "point_number": 10,
        "point_content": "Comparing rates from multiple insurers and asking each one about discounts increases your chance of scoring a good deal.",
        "spans": [
          "Comparing rates from multiple insurers and asking each one about discounts increases your chance of scoring a good deal."
        ]
      }
    ],
    "clueweb22-en0032-23-03944": [
      {
        "point_number": 1,
        "point_content": "To find the best home insurance companies, consider coverage options, average premium payments, customer service, additional benefits, and claim process speed.",
        "spans": [
          "Looked through dozens of insurers and coverage options and narrowed our choices based on coverage options, average premium payments, customer service, additional benefits and claim process speed."
        ]
      },
      {
        "point_number": 2,
        "point_content": "Use customer satisfaction ratings and complaint ratios to evaluate insurance companies.",
        "spans": [
          "Used J.D. Power’s 2021 U.S. Property Claims Satisfaction Study to measure customer satisfaction ratings with claim settlement, claim process, First Notice of Loss (FNOL), estimation and repair.",
          "Considered each underwriter’s complaint ratio for homeowners insurance based on data from the National Association of Insurance Commissioners (NAIC)."
        ]
      },
      {
        "point_number": 3,
        "point_content": "Choose companies with strong financial strength ratings.",
        "spans": [
          "Eliminated companies with A.M. Best financial strength ratings below A."
        ]
      },
      {
        "point_number": 4,
        "point_content": "Compare companies that offer coverage in your area and consider your specific needs and concerns.",
        "spans": [
          "Find the top home insurance companies that offer their services in your area.",
          "Consider your needs and concerns when assessing each company’s products. Think about your area and its geographical risks, your personal hobbies, pets and more."
        ]
      },
      {
        "point_number": 5,
        "point_content": "Consult an independent home insurance agent to help find the right coverage and compare quotes objectively.",
        "spans": [
          "Talk to an independent home insurance agent, who can help you find the right combination of coverage from a company that serves your needs. After all, the best home insurance company won’t necessarily be the best for you.",
          "An agent can also help compare quotes objectively, as they have access to all the different companies’ pricing methods and history."
        ]
      }
    ]
  }
}