{
  "question": "how we find the best home insurance companies",
  "key_points": [
    {
      "point_number": 1,
      "point_content": "Auto-Owners is rated as the best homeowners insurance company by Reviews.com based on third-party agency scores and ratings, with excellent customer satisfaction and financial strength, and offers various discounts and customizable coverage options.",
      "original_point_number": [
        1,
        5
      ]
    },
    {
      "point_number": 2,
      "point_content": "Top home insurance companies are chosen based on unique or abundant discounts, strong financial and customer satisfaction ratings, and customizable coverage options.",
      "original_point_number": [
        2
      ]
    },
    {
      "point_number": 3,
      "point_content": "Reviews and rankings of the best home insurance companies use 2021 quoted annual premium data from Bankrate.com and third-party ratings from agencies like AM Best and J.D. Power.",
      "original_point_number": [
        3,
        4
      ]
    },
    {
      "point_number": 4,
      "point_content": "Amica receives the highest customer satisfaction scores by J.D. Power among top companies and offers unique options for extended coverage.",
      "original_point_number": [
        6
      ]
    },
    {
      "point_number": 5,
      "point_content": "Nationwide offers the cheapest widely available homeowners insurance with an average rate of $1,227 per year, provides optional coverages and discounts, and may be a great choice for filling gaps in standard policies, but better service may be found elsewhere.",
      "original_point_number": [
        7,
        44,
        46,
        47,
        48,
        49
      ]
    },
    {
      "point_number": 6,
      "point_content": "Allstate offers options like Claim RateGuard and Deductible Rewards programs to help potentially lower rates.",
      "original_point_number": [
        8
      ]
    },
    {
      "point_number": 7,
      "point_content": "USAA exclusively sells insurance to active duty and retired military personnel and their eligible families, with excellent customer satisfaction ratings and competitive premiums.",
      "original_point_number": [
        9
      ]
    },
    {
      "point_number": 8,
      "point_content": "Erie offers basic policies with standard coverage, 24/7 customer support, and high customer satisfaction ratings, and may offer better rates in the 12 states where it is available.",
      "original_point_number": [
        10,
        51
      ]
    },
    {
      "point_number": 9,
      "point_content": "New Jersey Manufacturers (NJM) offers dividend policies allowing policyholders to recoup a portion of premiums based on company performance.",
      "original_point_number": [
        11
      ]
    },
    {
      "point_number": 10,
      "point_content": "Companies are evaluated based on third-party agency ratings for customer experience, financial stability, coverage options, customer ratings, complaint data, and average premiums to determine the best providers.",
      "original_point_number": [
        12,
        13,
        28,
        29,
        30,
        55,
        56
      ]
    },
    {
      "point_number": 11,
      "point_content": "Rates are based on quoted annual premiums from Bankrate.com and should be used for comparative purposes only.",
      "original_point_number": [
        14
      ]
    },
    {
      "point_number": 12,
      "point_content": "Bundling home and auto insurance can offer a 10% to 25% discount on premiums and make the policy-buying process smoother.",
      "original_point_number": [
        15,
        27,
        41
      ]
    },
    {
      "point_number": 13,
      "point_content": "Selections for best home insurance companies consider financial ratings, customer service and claims satisfaction ratings, coverage options, and average premiums from sources like Policygenius and J.D. Power.",
      "original_point_number": [
        16,
        17
      ]
    },
    {
      "point_number": 14,
      "point_content": "To find the best home insurance company, consumers should decide priorities, determine coverage needs, compare quotes from multiple companies, check customer service and complaint ratings, understand the claims filing process, and look for discounts or savings opportunities.",
      "original_point_number": [
        18,
        19,
        20,
        21,
        22,
        23,
        24,
        25,
        26,
        33,
        34,
        35,
        37,
        38,
        39,
        40,
        42,
        43,
        45,
        52,
        53,
        54,
        57,
        58
      ]
    },
    {
      "point_number": 15,
      "point_content": "State Farm and Auto-Owners are top overall choices, with State Farm scoring highest in multi-policy discounts and Auto-Owners ranking second in new home discounts; other insurers like Travelers and Nationwide may be better depending on individual needs.",
      "original_point_number": [
        31,
        32
      ]
    }
  ]
}