{
  "question": "how can students protect the environment",
  "key_points": [
    {
      "point_number": 1,
      "point_content": "Students can help save the environment through simple, practical daily routines such as using reusable bags, recycling and separating waste, saving electricity by using energy-efficient bulbs and turning off appliances, saving water by turning off faucets and limiting usage, reducing pollution by walking or cycling, taking notes electronically, decreasing meat consumption, reusing or purchasing refillable water bottles, and avoiding disposable goods.",
      "original_point_number": [
        1,
        31,
        32,
        33,
        34,
        35,
        36,
        37,
        38,
        39,
        56
      ]
    },
    {
      "point_number": 2,
      "point_content": "Proper disposal of trash and recyclables, including picking up trash even if not yours, helps save the environment from pollution.",
      "original_point_number": [
        2,
        17
      ]
    },
    {
      "point_number": 3,
      "point_content": "Changing daily lifestyle habits, such as reducing use of petroleum-based products like plastics, using non-toxic cleaners, and using biodegradable products, contributes significantly to saving the environment.",
      "original_point_number": [
        3,
        10,
        16,
        21
      ]
    },
    {
      "point_number": 4,
      "point_content": "Children can help protect the environment by precycling, which includes reducing waste before it becomes waste by buying in bulk, only buying what is needed, favoring less packaging, using things longer and using them up, and sharing resources.",
      "original_point_number": [
        5
      ]
    },
    {
      "point_number": 5,
      "point_content": "Teaching kids to recycle with purpose by reading packaging to determine recyclability and making recycling a habit is important.",
      "original_point_number": [
        6
      ]
    },
    {
      "point_number": 6,
      "point_content": "Teaching kids to conserve resources such as water and food by putting food back in the refrigerator and closing the door, taking shorter showers, conserving hot water, reducing water heater settings during summer, and turning off faucets when not in use helps protect the environment.",
      "original_point_number": [
        7,
        9,
        19,
        34,
        48
      ]
    },
    {
      "point_number": 7,
      "point_content": "Using paper on both sides and making use of scrap paper helps reduce waste.",
      "original_point_number": [
        8
      ]
    },
    {
      "point_number": 8,
      "point_content": "Encouraging kids to turn off electronics and other devices when not in use, using energy-saving light bulbs, adjusting thermostat settings, using more energy-efficient appliances, and teaching about car maintenance and gas usage helps save energy and reduce environmental impact.",
      "original_point_number": [
        12,
        13,
        24,
        29,
        30,
        41,
        44,
        45
      ]
    },
    {
      "point_number": 9,
      "point_content": "Carpooling at least once a week, riding bikes or walking whenever possible, using alternative transportation methods such as walking, cycling, taking the bus, or using electric scooters, and reducing fossil fuel use help reduce pollution and save energy.",
      "original_point_number": [
        14,
        15,
        35,
        43,
        54,
        61
      ]
    },
    {
      "point_number": 10,
      "point_content": "Using foams and aerosols based on compressed air rather than other propellants and avoiding purchasing aerosol sprays by choosing pump sprays with responsible brand seals helps protect the environment.",
      "original_point_number": [
        11,
        47
      ]
    },
    {
      "point_number": 11,
      "point_content": "Students can practice doing more with less by enjoying what they have, repairing instead of replacing, reusing items, buying less or borrowing to avoid overbuying, and opting out of junk mail to save resources.",
      "original_point_number": [
        25,
        42,
        50
      ]
    },
    {
      "point_number": 12,
      "point_content": "Talking to kids about pesticides and garden chemicals and involving them in pest control by hand helps protect the environment.",
      "original_point_number": [
        26
      ]
    },
    {
      "point_number": 13,
      "point_content": "Starting a compost and involving kids helps reduce waste going to landfills.",
      "original_point_number": [
        27,
        57
      ]
    },
    {
      "point_number": 14,
      "point_content": "Planting a tree together and teaching kids about the benefits of trees helps the environment.",
      "original_point_number": [
        28,
        22
      ]
    },
    {
      "point_number": 15,
      "point_content": "Showing children how to care for the home, asking them to report leaks and ways to improve energy retention, explaining the importance of house insulation, and teaching kids to use the thermostat wisely help save energy.",
      "original_point_number": [
        20,
        29
      ]
    },
    {
      "point_number": 16,
      "point_content": "Volunteering for tree planting programs, creek cleanups, and clean-up activities, and avoiding plastic straws are ways students can have fun while protecting the environment.",
      "original_point_number": [
        22,
        63
      ]
    },
    {
      "point_number": 17,
      "point_content": "Properly disposing of hazardous household waste and recycling used batteries helps protect the environment.",
      "original_point_number": [
        23
      ]
    },
    {
      "point_number": 18,
      "point_content": "Students can educate themselves about environmental issues to better understand and promote environmental awareness, share their knowledge, engage their community, family, and friends in conversations about environmental issues, and collaborate with others in their community to spread awareness and start local projects.",
      "original_point_number": [
        18,
        51,
        52,
        59
      ]
    },
    {
      "point_number": 19,
      "point_content": "Students can start beneficial projects in their home or community to make a difference in protecting the environment and are asked to work on projects and proceedings on environmental protection methods.",
      "original_point_number": [
        53,
        66
      ]
    },
    {
      "point_number": 20,
      "point_content": "Students alongside scientists are working hard to protect our home planet from air contamination and its hazardous effects, and many university students worldwide have developed useful environmental projects to address air pollution.",
      "original_point_number": [
        64,
        65,
        67
      ]
    },
    {
      "point_number": 21,
      "point_content": "Innovative devices developed by students include a pollution vacuum cleaner that sucks up contaminants and releases clean air, a solar-powered device that purifies air and extracts hydrogen gas from pollutants for fuel use, a device predicting air pollution levels using neural networks with up to 92% accuracy, an anti-smog gun that sprays vapor to absorb toxins and clear pollutants, and the Air-Ink device that converts air carbon from car exhaust fumes into ink.",
      "original_point_number": [
        68,
        69,
        70,
        71,
        72
      ]
    },
    {
      "point_number": 22,
      "point_content": "Working on air pollution control projects helps students learn about environmental hazards, develop solutions, and understand the importance of environment and responsibility to keep earth safe.",
      "original_point_number": [
        73,
        74
      ]
    }
  ]
}