{
  "question": "how did ww1 give women the vote lesson plan",
  "key_points": {
    "clueweb22-en0030-58-09478": [
      {
        "point_number": 1,
        "point_content": "WWI created a need for labor that brought over 1 million women into the work force, working in both traditional male and female jobs.",
        "spans": [
          "As men went off to war, women took their place in work. WWI created a need for labor that brought over 1 million women into the work force.",
          "Women worked in traditional “male” jobs such as railroad workers, shipbuilders, coal miners, dockworkers, bricklayers, and cooks.",
          "Women also worked in traditional “female” jobs such as teachers, nurses, and clerks. Others volunteered at the Red Cross."
        ]
      },
      {
        "point_number": 2,
        "point_content": "Women did not receive equal pay for stepping into men’s jobs during WWI.",
        "spans": [
          "Women did NOT receive equal pay for stepping into men’s jobs."
        ]
      },
      {
        "point_number": 3,
        "point_content": "Women served in non-combat roles in the military during WWI, such as nurses.",
        "spans": [
          "The army did not allow women to enlist in combat, but they could serve in non-combat roles, such as nurses."
        ]
      },
      {
        "point_number": 4,
        "point_content": "WWI changed women’s role in society, specifically women’s role in the family, contributing to the suffragist movement and the quest for equal rights for women.",
        "spans": [
          "The purpose of this lesson is for students to investigate women’s role in WWI as they entered into the workforce. Through this lesson students will develop an understanding of how WWI changed women’s role in society, specifically women’s role in the family.",
          "Students will respond to a concluding discussion question: How do women’s roles in WWI contribute to the suffragist movement and the quest for equal rights for women?"
        ]
      },
      {
        "point_number": 5,
        "point_content": "The lesson plan includes a character sketch activity where students research significant American women from WWI who contributed to the war effort and women's changing roles.",
        "spans": [
          "Students will create a character sketch of one significant American woman from WWI and will demonstrate knowledge of women’s contributions to the WWI effort.",
          "Students will work in groups to research their character, fill in the graphic organizer, and create the PowerPoint slide."
        ]
      }
    ],
    "null": [],
    "clueweb22-en0012-81-09581": [
      {
        "point_number": 1,
        "point_content": "This is essentially a revision lesson on the 'Suffragettes' topic.",
        "spans": [
          "This is essentially a revision lesson on the 'Suffragettes&' topic."
        ]
      },
      {
        "point_number": 2,
        "point_content": "The Guardian obituary neatly lays out the 3 different factors and the class should be split into groups and use different coloured cards for each of the 3 factors (Suffragists / Suffragettes / WW1) for an added visual impact.",
        "spans": [
          "The Guardian obituary neatly lays out the 3 different factors and the class should be split into groups and use different coloured cards for each of the 3 factors (Suffragists / Suffragettes / WW1) for an added visual impact."
        ]
      }
    ],
    "clueweb22-en0014-99-01269": [
      {
        "point_number": 1,
        "point_content": "The House of Commons voted by 385 to 55 to accept the Representation of the People Bill’s women’s suffrage clause on June 19th 1917.",
        "spans": [
          "On June 19th 1917, the House of Commons voted by 385 to 55 to accept the Representation of the People Bill’s women’s suffrage clause."
        ]
      },
      {
        "point_number": 2,
        "point_content": "The work done by women during the war was vital but its importance to the passing of the bill may have been overstated.",
        "spans": [
          "The work done by women during the war was vital but its importance to the passing of the bill may have been overstated."
        ]
      },
      {
        "point_number": 3,
        "point_content": "The vote in favour of female suffrage was simply a continuation of the way the issue had been moving before the war had started in 1914.",
        "spans": [
          "Historians such as Martin Pugh believe that the vote in favour of female suffrage was simply a continuation of the way the issue had been moving before the war had started in 1914."
        ]
      },
      {
        "point_number": 4,
        "point_content": "In 1911 there had been a similar vote to the one in 1917 with only a small change in MPs' stance, indicating the direction Parliament was moving before the war.",
        "spans": [
          "In 1911 there had been a similar vote to the one in 1917. Of the 194 MP’s who voted for the bills in both 1911 and 1917, only 22 had changed their stance: 14 had changed to being in favour of female suffrage and 4 changed from being for female suffrage in 1911 to being against it in 1917."
        ]
      },
      {
        "point_number": 5,
        "point_content": "The activities of the Suffragists and Suffragettes pre-1914 may have been more important at a political level than the work done by women in the war.",
        "spans": [
          "The activities of the Suffragists and Suffragettes pre-1914, therefore, may well have been more important at a political level than the work done by women in the war."
        ]
      },
      {
        "point_number": 6,
        "point_content": "Parliament may have been conscious of the risk of renewed militancy and social unrest after the war, influencing the decision to grant women the vote.",
        "spans": [
          "It is also possible that Parliament was very conscious of the fact that the militancy pre-1914 might return after the war had ended in 1918.",
          "Along with this was the fear of social and political upheaval as seen in Russia with the overthrow of the tsar in February 1917 followed by the Bolshevik take-over of Russia in October 1917."
        ]
      },
      {
        "point_number": 7,
        "point_content": "The war effort absorbed all government and country efforts, and the violence of the Suffragettes disappeared during the war.",
        "spans": [
          "All the government’s and country’s efforts were absorbed by the war.",
          "Emmeline Pankhust told her supporters to support the war effort and the violence of the Suffragettes disappeared."
        ]
      }
    ],
    "clueweb22-en0045-18-14224": [
      {
        "point_number": 1,
        "point_content": "By 1914, the Suffragettes and the Suffragists were both campaigning for women’s right to vote.",
        "spans": [
          "By 1914, the Suffragettes and the Suffragists were both campaigning for women’s right to vote."
        ]
      },
      {
        "point_number": 2,
        "point_content": "In 1918, the British government finally passed a law allowing some women to vote.",
        "spans": [
          "In 1918, the British government finally passed a law allowing some women to vote."
        ]
      }
    ]
  }
}