{
  "question": "is illiteracy a disability",
  "key_points": [
    {
      "point_number": 1,
      "point_content": "Illiteracy means an inability to read or write, specifically the inability to read or write a simple message such as instructions or inventory lists, even though the individual can sign his or her name. Generally, an illiterate person has had little or no formal schooling. We consider an individual illiterate if he or she cannot read or write a simple message in any language.",
      "original_point_number": [
        3,
        4,
        5,
        6,
        7
      ]
    },
    {
      "point_number": 2,
      "point_content": "Illiteracy itself doesn’t qualify for disability benefits, but it might help qualify when used with age and residual functional capacity (RFC) under medical-vocational allowance. Illiteracy is an education category used in disability determinations under Social Security rules.",
      "original_point_number": [
        1,
        2,
        8
      ]
    },
    {
      "point_number": 3,
      "point_content": "Illiteracy and learning disabilities can impair the ability to analyze instructions or synthesize information and incorporate it into a behavior task.",
      "original_point_number": [
        9
      ]
    },
    {
      "point_number": 4,
      "point_content": "Patients who cannot read are considered disabled until they can change the situation. The ability or inability to read and understand health information affects the degree to which patients follow health practices.",
      "original_point_number": [
        10,
        11
      ]
    }
  ]
}