{
  "question": "how did the cambodian genocide end",
  "key_points": {
    "clueweb22-en0034-16-01287": [
      {
        "point_number": 1,
        "point_content": "Vietnamese troops marched closer to the capital, Pol Pot fled, and on January 7, 1979, Vietnamese troops entered the Cambodian capital, ending the Khmer Rouge reign.",
        "spans": [
          "As the forces marched closer to the capital, Pol Pot fled.",
          "On January 7, 1979, Vietnamese troops went into the Cambodian capital."
        ]
      },
      {
        "point_number": 2,
        "point_content": "Vietnamese army established the People's Republic of Kampuchea and placed Hun Sen as prime minister after ending the Khmer Rouge regime.",
        "spans": [
          "Shortly after the Vietnamese army established the People's Republic of Kampuchea and placed Hun Sen as prime minister."
        ]
      }
    ],
    "null": [],
    "clueweb22-en0031-46-05638": [
      {
        "point_number": 1,
        "point_content": "The Vietnamese invasion of Cambodia ended the genocide by defeating the Khmer Rouge in January 1979.",
        "spans": [
          "The Vietnamese invasion of Cambodia ended the genocide by defeating the Khmer Rouge in January 1979."
        ]
      },
      {
        "point_number": 2,
        "point_content": "On 2 January 2001, the Cambodian government established the Khmer Rouge Tribunal to try the members of the Khmer Rouge leadership responsible for the Cambodian genocide.",
        "spans": [
          "On 2 January 2001, the Cambodian government established the Khmer Rouge Tribunal to try the members of the Khmer Rouge leadership responsible for the Cambodian genocide."
        ]
      },
      {
        "point_number": 3,
        "point_content": "The Khmer Rouge government was finally overthrown in 1979 by invading Vietnamese troops, after a series of violent border confrontations.",
        "spans": [
          "The Khmer Rouge government was finally overthrown in 1979 by invading Vietnamese troops, after a series of violent border confrontations."
        ]
      },
      {
        "point_number": 4,
        "point_content": "On January 7, 1979, Vietnamese troops seize the Cambodian capital of Phnom Penh, toppling the brutal regime of Pol Pot and his Khmer Rouge.",
        "spans": [
          "On January 7, 1979, Vietnamese troops seize the Cambodian capital of Phnom Penh, toppling the brutal regime of Pol Pot and his Khmer Rouge."
        ]
      },
      {
        "point_number": 5,
        "point_content": "The regime was removed from power in 1979 when Vietnam invaded Cambodia and quickly destroyed most of the Khmer Rouge’s forces.",
        "spans": [
          "The regime was removed from power in 1979 when Vietnam invaded Cambodia and quickly destroyed most of the Khmer Rouge’s forces."
        ]
      }
    ],
    "clueweb22-en0040-02-17508": [
      {
        "point_number": 1,
        "point_content": "The Cambodian Genocide ended when Vietnam successfully invaded Cambodia and overthrew the Khmer Rouge by entering the largely deserted capital of Phnom Penh on 7 January 1979.",
        "spans": [
          "After almost four years in power, in December 1978, in response to the Khmer Rouge’s invasions of the previous year, Vietnam successfully invaded Cambodia and, on 7 January 1979, overthrew the Khmer Rouge by entering the largely deserted capital of Phnom Penh."
        ]
      }
    ],
    "clueweb22-en0010-29-09850": [
      {
        "point_number": 1,
        "point_content": "The Vietnamese Army invaded Cambodia in 1979 and removed Pol Pot and the Khmer Rouge from power.",
        "spans": [
          "The Vietnamese Army invaded Cambodia in 1979 and removed Pol Pot and the Khmer Rouge from power"
        ]
      },
      {
        "point_number": 2,
        "point_content": "After the invasion, Pol Pot and his Khmer Rouge fighters quickly retreated to remote areas of the country but remained active as an insurgency with declining influence.",
        "spans": [
          "After the invasion, Pol Pot and his Khmer Rouge fighters quickly retreated to remote areas of the country. However, they remained active as an insurgency, albeit with declining influence."
        ]
      },
      {
        "point_number": 3,
        "point_content": "Vietnam retained control in Cambodia with a military presence for much of the 1980s.",
        "spans": [
          "Vietnam retained control in the country, with a military presence, for much of the 1980s"
        ]
      }
    ],
    "clueweb22-en0040-79-03518": [
      {
        "point_number": 1,
        "point_content": "The massacres ended when the Vietnamese military invaded in 1978 and toppled the Khmer Rouge regime.",
        "spans": [
          "The massacres ended when the Vietnamese military invaded in 1978 and toppled the Khmer Rouge regime."
        ]
      },
      {
        "point_number": 2,
        "point_content": "The Vietnamese invasion of Cambodia ended the genocide by defeating the Khmer Rouge in January 1979.",
        "spans": [
          "The Vietnamese invasion of Cambodia ended the genocide by defeating the Khmer Rouge in January 1979."
        ]
      },
      {
        "point_number": 3,
        "point_content": "The Vietnamese invasion of Cambodia ended the genocide by defeating and overthrowing the Khmer Rouge regime in January 1979.",
        "spans": [
          "The Vietnamese invasion of Cambodia ended the genocide by defeating and overthrowing the Khmer Rouge regime in January 1979."
        ]
      }
    ],
    "clueweb22-en0012-12-08760": [
      {
        "point_number": 1,
        "point_content": "The regime would ultimately collapse when the neighboring Vietnam invaded, establishing an occupation that would last more than a decade.",
        "spans": [
          "The regime would ultimately collapse when the neighboring Vietnam invaded, establishing an occupation that would last more than a decade."
        ]
      },
      {
        "point_number": 2,
        "point_content": "In 1979, the Khmer Rouge aimed outwards with the goal of creating a new Angkorian empire. This led to attacks into the newly unified Vietnam, which eventually provoked the country’s army to invade Cambodia.",
        "spans": [
          "In 1979, the Khmer Rouge aimed outwards with the goal of creating a new Angkorian empire. This led to attacks into the newly unified Vietnam, which eventually provoked the country’s army to invade Cambodia."
        ]
      }
    ]
  }
}