{
  "question": "what are factors that may determine the disasters your organization encounters?",
  "key_points": [
    {
      "point_number": 1,
      "point_content": "Disasters can be classified into natural, man-made, and complex causes, including technological hazards such as fire, explosion, building collapse, structural failure, spills, releases, terrorist activities, radiation exposure, and loss of utilities; natural hazards vary by location and include floods, earthquakes, tornadoes, storms, temperature extremes, and pandemics; one event may trigger others, e.g., explosion causing fire and structural failure.",
      "original_point_number": [
        3,
        21,
        22,
        23
      ]
    },
    {
      "point_number": 2,
      "point_content": "Factors determining the disasters an organization encounters include the type of emergency (e.g., active shooter events), preparedness and response plans, economic, environmental, social factors, poverty, population density, urbanization, environmental degradation, lack of awareness or preparation, war, civil strife, and socio/political issues, which can multiply or diminish disaster destruction.",
      "original_point_number": [
        1,
        4,
        5
      ]
    },
    {
      "point_number": 3,
      "point_content": "Disasters are incidents causing disruption, destruction, and/or devastation requiring external assistance; predictable and preventable human-made factors can further affect disasters.",
      "original_point_number": [
        6,
        7
      ]
    },
    {
      "point_number": 4,
      "point_content": "The organization's ability to respond effectively to emergencies depends on awareness, rapid response, and coordination with law enforcement and emergency services.",
      "original_point_number": [
        2
      ]
    },
    {
      "point_number": 5,
      "point_content": "The incident type and timing predict subsequent injuries and illnesses during disaster response.",
      "original_point_number": [
        8
      ]
    },
    {
      "point_number": 6,
      "point_content": "Victims have little time to prepare evacuation in disasters caused by weapons of mass destruction or natural disasters like earthquakes, leading to more casualties.",
      "original_point_number": [
        9
      ]
    },
    {
      "point_number": 7,
      "point_content": "Severity of exposure is highly related to risk of future mental health problems after a disaster; those who experience the disaster directly are at highest risk, those in close contact with victims are at next highest risk, and those with only indirect exposure (e.g., news) are at lower risk; injury and life threat are factors leading most often to mental health problems after disasters.",
      "original_point_number": [
        10,
        11,
        12,
        13,
        14
      ]
    },
    {
      "point_number": 8,
      "point_content": "A hospital near a major earthquake fault line has set an organizational goal to participate in emergency management of disasters.",
      "original_point_number": [
        15
      ]
    },
    {
      "point_number": 9,
      "point_content": "Under mass casualty conditions, nurses conduct triage using tags to categorize clients based on their condition.",
      "original_point_number": [
        16
      ]
    },
    {
      "point_number": 10,
      "point_content": "A disaster management team plans measures to prevent the spread of pandemic influenza, including distributing antiviral agents.",
      "original_point_number": [
        17
      ]
    },
    {
      "point_number": 11,
      "point_content": "The hospital incident command system (HICS) involves roles such as unit Chief and responsibilities including logistics and operations.",
      "original_point_number": [
        18
      ]
    },
    {
      "point_number": 12,
      "point_content": "Communication and coordination during a mass casualty event in a hospital can be facilitated by activating communication equipment, establishing a command center, providing key personnel with distinctive clothing, and distributing job action sheets.",
      "original_point_number": [
        19
      ]
    },
    {
      "point_number": 13,
      "point_content": "Development of disaster management plans begins with a vulnerability assessment to determine the likelihood of situations occurring.",
      "original_point_number": [
        20
      ]
    }
  ]
}