{
  "question": "what are factors that may determine the disasters your organization encounters?",
  "key_points": {
    "clueweb22-en0005-75-11690": [
      {
        "point_number": 1,
        "point_content": "Factors that may determine the disasters your organization encounters include the type of emergency situations such as active shooter events and the preparedness and response plans in place.",
        "spans": [
          "In an active shooter situation, you must quickly determine the most reasonable way to protect your own life.",
          "Develop an after action report that describes how the facility, campus partners and community integrated and responded. Identify lesson's learned and revise response plans as needed."
        ]
      },
      {
        "point_number": 2,
        "point_content": "The organization's ability to respond effectively to emergencies depends on awareness, rapid response, and coordination with law enforcement and emergency services.",
        "spans": [
          "Regardless of the type of workplace violence, the chances for prevention improve with increased awareness of potential warning signs and rapid response to a problem",
          "Immediate deployment of law enforcement"
        ]
      }
    ],
    "null": [],
    "clueweb22-en0009-14-00176": [
      {
        "point_number": 1,
        "point_content": "Disasters can be classified into natural, man made, and complex causes.",
        "spans": [
          "We commonly use three classifications of causes for disasters: Natural. Examples are earthquakes, floods, and tsunamis Man Made. Chemical spills, pollution, landslides (due to bad farming practices or poor infrastructure decisions), or nuclear fallout Complex. Combination of any of the above"
        ]
      },
      {
        "point_number": 2,
        "point_content": "Economic, environmental, and social factors can multiply or diminish the destruction caused by disasters.",
        "spans": [
          "However, the destruction is multiplied or diminished when combined with economic, environmental, and social factors."
        ]
      },
      {
        "point_number": 3,
        "point_content": "Several factors heighten or lessen the effects of a disaster on a population segment, including poverty, population density, rapid urbanization, environmental degradation, lack of awareness or preparation, war and civil strife, and socio/political issues.",
        "spans": [
          "There are several factors that can heighten or lessen the effects of a disaster on a population segment: Poverty. Usually, the greater the poverty, the harder the impact of a disaster. Increased population density. Generally, the higher the population at the epicenter of a disaster event, the greater the impact on that disaster. Loss of human life and injuries are one of the major determinants of disaster severity. Rapid urbanization. Poor planning and provision of safe infrastructure can be an aggravating factor in severity of disasters. For example, rapid building construction in urbanizing areas may cut corners on good building practices. Environmental degradation. Removal of trees and forest cover from a watershed area can remove ability of rainfall absorption into the soil and aquifer causing larger volumes of surface runoff after a tropical storm. Lack of awareness or preparation for common disasters War and civil strife. Socio/political issues."
        ]
      }
    ],
    "clueweb22-en0030-81-11866": [
      {
        "point_number": 1,
        "point_content": "Disasters can be natural or human-made incidents that cause disruption, destruction, and/or devastation requiring external assistance.",
        "spans": [
          "They can be natural or human-made.",
          "A disaster is any natural or human-made incident that causes disruption, destruction, and/or devastation requiring external assistance."
        ]
      },
      {
        "point_number": 2,
        "point_content": "Predictable and preventable human-made factors can further affect the disaster.",
        "spans": [
          "predictable and preventable human-made factors can further affect the disaster."
        ]
      },
      {
        "point_number": 3,
        "point_content": "The incident type and time predict subsequent injuries and illnesses in the disaster response phase.",
        "spans": [
          "In the disaster response phase, the incident type and time predict subsequent injuries and illnesses."
        ]
      },
      {
        "point_number": 4,
        "point_content": "Victims have little time to make evacuation preparations in disasters caused by weapons of mass destruction or natural disasters like earthquakes, leading to more casualties.",
        "spans": [
          "Acts of bioterrorism or natural disasters, such as earthquakes, will often have more casualties because victims have little time to make evacuation preparations.",
          "The use of weapons of mass destruction or natural disasters, such as earthquakes, will often have more casualties because victims have little time to make evacuation preparations."
        ]
      }
    ],
    "clueweb22-en0014-60-12563": [
      {
        "point_number": 1,
        "point_content": "Severity of exposure is highly related to risk of future mental problems after a disaster.",
        "spans": [
          "Severity of exposure",
          "The amount of exposure to the disaster is highly related to risk of future mental problems."
        ]
      },
      {
        "point_number": 2,
        "point_content": "Those who go through the disaster themselves are at highest risk of mental health problems.",
        "spans": [
          "At highest risk are those that go through the disaster themselves."
        ]
      },
      {
        "point_number": 3,
        "point_content": "Those in close contact with victims are at next highest risk of lasting impact.",
        "spans": [
          "Next are those in close contact with victims."
        ]
      },
      {
        "point_number": 4,
        "point_content": "Those who only had indirect exposure, such as news of the severe damage, are at lower risk of lasting impact.",
        "spans": [
          "At lower risk of lasting impact are those who only had indirect exposure, such as news of the severe damage."
        ]
      },
      {
        "point_number": 5,
        "point_content": "Injury and life threat are factors that lead most often to mental health problems after disasters.",
        "spans": [
          "Injury and life threat are the factors that lead most often to mental health problems."
        ]
      }
    ],
    "clueweb22-en0025-93-04082": [
      {
        "point_number": 1,
        "point_content": "A hospital located near a major earthquake fault line has set an organizational goal to participate in emergency management of disasters.",
        "spans": [
          "A hospital located near a major earthquake fault line has set an organizational goal to participate in emergency management of disasters."
        ]
      },
      {
        "point_number": 2,
        "point_content": "The nurse is conducting triage under mass casualty conditions and uses tags to categorize clients based on their condition.",
        "spans": [
          "The nurse is conducting triage under mass casualty conditions. Which tag should the nurse use for a client who is experiencing hypovolemic shock due to a penetrating wound?"
        ]
      },
      {
        "point_number": 3,
        "point_content": "A disaster management team plans measures to prevent the spread of pandemic influenza including distributing antiviral agents.",
        "spans": [
          "A disaster management team is planning measures to prevent the spread of pandemic influenza. Which interventions would the nurse consider to be most appropriate to be included in the plan?",
          "Distribute antiviral agents to clients"
        ]
      },
      {
        "point_number": 4,
        "point_content": "The hospital incident command system (HICS) involves roles such as unit Chief and responsibilities including logistics and operation.",
        "spans": [
          "The nurse manager is designated as a unit Chief during the formulation of a Hospital Incident Command System (HICS) for disaster preparedness. Which responsibility does the nurse manager assume in this role?",
          "Logistics and operation"
        ]
      },
      {
        "point_number": 5,
        "point_content": "Communication and coordination during a mass casualty event in a hospital can be facilitated by activating communication equipment, establishing a command center, providing key personnel with distinctive clothing, and distributing job action sheets.",
        "spans": [
          "What would help facilitate communication and coordination during a mass casualty event in a hospital using the hospital incident command system? Select all that apply.",
          "Activate communication equipment",
          "Establish a command center in a designated location",
          "Provide key personnel with distinctive clothing identifying their role",
          "Distribute job action sheets identifying reporting relationships, tasks, and responsibilities"
        ]
      }
    ],
    "clueweb22-en0024-50-06487": [
      {
        "point_number": 1,
        "point_content": "Development of the plan begins with a vulnerability assessment. The results of the study will show how likely a situation is to occur.",
        "spans": [
          "Development of the plan begins with a vulnerability assessment. The results of the study will show:",
          "How likely a situation is to occur."
        ]
      },
      {
        "point_number": 2,
        "point_content": "Examples of technological hazards that may determine disasters include fire, explosion, building collapse, major structural failure, spills, unintentional or deliberate release of products, terrorist activities, exposure to ionizing radiation, loss of electrical power, water supply, or communications.",
        "spans": [
          "Examples of technological hazards are:",
          "Fire.",
          "Explosion.",
          "Building collapse.",
          "Major structural failure.",
          "Spills.",
          "Unintentional release of products.",
          "Deliberate release of products (e.g., hazardous biological agents, or toxic chemicals).",
          "Other terrorist activities.",
          "Exposure to ionizing radiation.",
          "Loss of electrical power.",
          "Loss of water supply.",
          "Loss of communications."
        ]
      },
      {
        "point_number": 3,
        "point_content": "The risk from natural hazards varies by location and includes floods, earthquakes, tornadoes, severe wind storms, snow or ice storms, severe temperature extremes, and pandemic diseases like influenza.",
        "spans": [
          "The risk from natural hazards is not the same across Canada but the list would include:",
          "Floods.",
          "Earthquakes.",
          "Tornadoes.",
          "Severe wind storms.",
          "Snow or ice storms.",
          "Severe extremes in temperature (cold or hot).",
          "Pandemic diseases like influenza."
        ]
      },
      {
        "point_number": 4,
        "point_content": "The possibility of one event triggering others must be considered, such as an explosion starting a fire and causing structural failure, or an earthquake initiating many technological events.",
        "spans": [
          "The possibility of one event triggering others must be considered. An explosion may start a fire and cause structural failure while an earthquake might initiate many of the technological events listed  above."
        ]
      }
    ]
  }
}