{
  "question": "what influenced the founding fathers",
  "key_points": [
    {
      "point_number": 1,
      "point_content": "The Founding Fathers of the American Constitution were influenced by various authors and texts that shaped their ideas on liberty, government, and law, including John Locke, Montesquieu, Thomas Hobbes, Aristotle, Rousseau, Blackstone, Beccaria, Mommsen, Machiavelli, Hume, More, Smith, Coffin, and the Bible.",
      "original_point_number": [
        1,
        3,
        4,
        5,
        7,
        10,
        11,
        12,
        13,
        14,
        15,
        16,
        18,
        19,
        20,
        21,
        26,
        27,
        28,
        29,
        37,
        38,
        39,
        40,
        41,
        48
      ]
    },
    {
      "point_number": 2,
      "point_content": "John Adams and Thomas Jefferson compiled lists of key texts that influenced them; Jefferson donated his personal library to Congress and the University of Virginia.",
      "original_point_number": [
        2
      ]
    },
    {
      "point_number": 3,
      "point_content": "The Magna Carta served as a foundational influence on English common law and was seen by the Founding Fathers as a historical precedent for asserting liberty from the English crown, inspiring the U.S. Constitution, the Bill of Rights, and state constitutions with concepts of constitutional government, rule of law, and fundamental rights.",
      "original_point_number": [
        6,
        25,
        35,
        36,
        47,
        49,
        50
      ]
    },
    {
      "point_number": 4,
      "point_content": "The Founding Fathers recognized the wisdom of prior philosophers and used their ideas as a foundation, adding their own improvements rather than trying to reinvent the wheel.",
      "original_point_number": [
        8,
        9,
        17
      ]
    },
    {
      "point_number": 5,
      "point_content": "Thomas Hobbes influenced the Founding Fathers with his concept of the 'state of nature' as a condition of anarchy and the necessity of government to control abuses, advocating absolute power which the Founding Fathers rejected in favor of democracy.",
      "original_point_number": [
        10,
        11,
        12,
        13,
        16
      ]
    },
    {
      "point_number": 6,
      "point_content": "John Locke's works, including Essay Concerning Human Understanding, Letter Concerning Toleration, Reasonableness of Christianity, Some Thoughts Concerning Education, and Two Treatises of Government, were influential in shaping ideas about knowledge, toleration, education, government, unalienable rights, and the purpose of government to protect life, liberty, and property, influencing the Declaration of Independence and the structure of the Constitution.",
      "original_point_number": [
        4,
        14,
        15,
        23,
        24,
        27,
        30,
        46
      ]
    },
    {
      "point_number": 7,
      "point_content": "Montesquieu's Spirit of the Laws influenced the American Constitution, especially the idea of balancing power among branches of government and the dangers of government ruled by one person with all the power.",
      "original_point_number": [
        5,
        23,
        32
      ]
    },
    {
      "point_number": 8,
      "point_content": "Other influential works and authors include Beccaria's Essay on Crimes and Punishment, Mommsen's History of the Roman Republic, Machiavelli's The Prince, Hume's Treatise Of Human Nature, More's Utopia, Smith's Wealth of Nations, Coffin's Story of Liberty, and the Bible, classics like Cicero, Tacitus, Livy, Plutarch, and Enlightenment thinkers such as Immanuel Kant.",
      "original_point_number": [
        7,
        26
      ]
    },
    {
      "point_number": 9,
      "point_content": "The Founding Fathers were deeply influenced by republicanism and the optimism of the European Enlightenment, with leaders like George Washington, John Adams, and Thomas Jefferson agreeing that laws, rather than men, should be the final sanction and that government should be responsible to the governed.",
      "original_point_number": [
        22,
        44,
        45
      ]
    },
    {
      "point_number": 10,
      "point_content": "Aristotle influenced the Founding Fathers more for his views on republican government, the rule of law, and the concept of establishing city-states, which helped in creating the idea of forming a federal government with separated branches: legislative, executive, and judicial.",
      "original_point_number": [
        21,
        28,
        31,
        32
      ]
    },
    {
      "point_number": 11,
      "point_content": "Jean Jacques Rousseau had a major impact through the philosophy of social contract, which influenced the American Declaration of Independence and the idea of government for and by the people.",
      "original_point_number": [
        18,
        29,
        48
      ]
    },
    {
      "point_number": 12,
      "point_content": "Thomas Paine, notably through his pamphlet Common Sense, urged the American Colonies to declare independence and sever ties with the British monarchy, playing a pivotal role in the founding of the United States.",
      "original_point_number": [
        20,
        33
      ]
    },
    {
      "point_number": 13,
      "point_content": "The Founding Fathers' Christian worldview, including beliefs in creation, fall, redemption, and equality, was the single greatest influence on the content and interpretation of America's founding documents, influencing ideas on equality, human nature, individual value, and unalienable rights.",
      "original_point_number": [
        37,
        38,
        39,
        40,
        41,
        43
      ]
    },
    {
      "point_number": 14,
      "point_content": "The Founders believed human nature to be evil and distrusted absolute power, leading to the creation of separation of powers and checks and balances in the Constitution.",
      "original_point_number": [
        42
      ]
    }
  ]
}