{
  "question": "what makes a society",
  "key_points": {
    "clueweb22-en0025-72-15314": [
      {
        "point_number": 1,
        "point_content": "A simple answer is 'a social, economical, and cultural infrastructure made of a varied collection of individuals.'",
        "spans": [
          "a social, economical, and cultural infrastructure made of a varied collection of individuals"
        ]
      },
      {
        "point_number": 2,
        "point_content": "Society is made up by people influencing one person at a time, which then grows into a group and eventually a society.",
        "spans": [
          "With one person at a time. From that one person we influence, that one person we speak into their lives. It then becomes a group of people and from that group of people it then begins to speak into what will then become, a society."
        ]
      },
      {
        "point_number": 3,
        "point_content": "Society is the most important thing today and it makes up cities, states, countries, and the world.",
        "spans": [
          "Society is the most important thing today. Our societies make up our cities, states, countries and more importantly our world."
        ]
      },
      {
        "point_number": 4,
        "point_content": "Anyone can become a leader to help make a difference and better our society by speaking into people's lives.",
        "spans": [
          "Anyone can become a leader; a leader that can go out and help make a difference and better our society."
        ]
      },
      {
        "point_number": 5,
        "point_content": "A good and loving society is achievable by one person speaking into another's life, which can multiply to thousands.",
        "spans": [
          "Teach the people that a \"good and loving\" society is still here and still achievable.",
          "It takes one person to turn around and speak into one persons life then that one turns into thousands."
        ]
      },
      {
        "point_number": 6,
        "point_content": "Leaders in society need to help people learn to love themselves so they can love others, moving society closer to changing the world.",
        "spans": [
          "We as a society as leaders  need to go out and show people to learn to love themselves so they can love others.",
          "By doing this by speaking into their lives and changing the way they view themselves and view others is moving us one step closer to the society that changes the world."
        ]
      }
    ],
    "clueweb22-en0026-53-13694": [
      {
        "point_number": 1,
        "point_content": "Community is a combination of two elements: a) a web of affect-laden relationships among a group of individuals, relationships that often crisscross and reinforce one another; b) a measure of commitment to a set of shared values, norms and meanings, and a shared history and identity--in short to a particular culture.",
        "spans": [
          "Community is a combination of two elements: a) a web of affect-laden relationships among a group of individuals, relationships that often crisscross and reinforce one another--rather than merely one-on-one or chainlike individual relationships; b) a measure of commitment to a set of shared values, norms and meanings, and a shared history and identity--in short to a particular culture."
        ]
      },
      {
        "point_number": 2,
        "point_content": "A good society is a society that doesn't hesitate to ask the hard questions, to lead and participate in critical conversations about what is important to us, what we value, what is working and what is not working.",
        "spans": [
          "I believe that a good society is a society that doesn't hesitate to ask the hard questions, to lead and participate in critical conversations about what is important to us, what we value, what is working and what is not working."
        ]
      }
    ],
    "null": [],
    "clueweb22-en0001-90-09265": [
      {
        "point_number": 1,
        "point_content": "an organized group of persons associated together for religious, benevolent, cultural, scientific, political, patriotic, or other purposes",
        "spans": [
          "an organized group of persons associated together for religious, benevolent, cultural, scientific, political, patriotic, or other purposes"
        ]
      },
      {
        "point_number": 2,
        "point_content": "a body of individuals living as members of a community; community",
        "spans": [
          "a body of individuals living as members of a community; community"
        ]
      },
      {
        "point_number": 3,
        "point_content": "a highly structured system of human organization for large-scale community living that normally furnishes protection, continuity, security, and a national identity for its members",
        "spans": [
          "a highly structured system of human organization for large-scale community living that normally furnishes protection, continuity, security, and a national identity for its members"
        ]
      }
    ],
    "clueweb22-en0019-18-11946": [
      {
        "point_number": 1,
        "point_content": "A society is a group of individuals involved in persistent social interaction, or a large social group sharing the same spatial or social territory, typically subject to the same political authority and dominant cultural expectations.",
        "spans": [
          "A society is a group of individuals involved in persistent social interaction, or a large social group sharing the same spatial or social territory, typically subject to the same political authority and dominant cultural expectations."
        ]
      },
      {
        "point_number": 2,
        "point_content": "Societies are characterized by patterns of relationships (social relations) between individuals who share a distinctive culture and institutions.",
        "spans": [
          "Societies are characterized by patterns of relationships (social relations) between individuals who share a distinctive culture and institutions; a given society may be described as the sum total of such relationships among its constituent of members."
        ]
      },
      {
        "point_number": 3,
        "point_content": "Societies construct patterns of behavior by deeming certain actions or concepts as acceptable or unacceptable, known as societal norms.",
        "spans": [
          "Societies construct patterns of behavior by deeming certain actions or concepts as acceptable or unacceptable. These patterns of behavior within a given society are known as societal norms."
        ]
      },
      {
        "point_number": 4,
        "point_content": "A society can enable its members to benefit in ways that would otherwise be difficult on an individual basis; both individual and social (common) benefits can overlap.",
        "spans": [
          "Insofar as it is collaborative, a society can enable its members to benefit in ways that would otherwise be difficult on an individual basis; both individual and social (common) benefits can thus be distinguished, or in many cases found to overlap."
        ]
      },
      {
        "point_number": 5,
        "point_content": "A society may be illustrated as an economic, social, industrial or cultural infrastructure, made up of, yet distinct from, a varied collection of individuals.",
        "spans": [
          "More broadly, and especially within structuralist thought, a society may be illustrated as an economic, social, industrial or cultural infrastructure, made up of, yet distinct from, a varied collection of individuals."
        ]
      },
      {
        "point_number": 6,
        "point_content": "Society is a body of individuals outlined by the bounds of functional interdependence, possibly comprising characteristics such as national or cultural identity, social solidarity, language, or hierarchical structure.",
        "spans": [
          "Used in the sense of an association, a society is a body of individuals outlined by the bounds of functional interdependence, possibly comprising characteristics such as national or cultural identity, social solidarity, language, or hierarchical structure ."
        ]
      },
      {
        "point_number": 7,
        "point_content": "Society addresses the fact that an individual has rather limited means as an autonomous unit and humans are social animals.",
        "spans": [
          "Society, in general, addresses the fact that an individual has rather limited means as an autonomous unit. The great apes have always been more (Bonobo, Homo, Pan) or less (Gorilla, Pongo) social animals, so Robinson Crusoe -like situations are either fictions or unusual corner cases to the ubiquity of social context for humans, who fall between presocial and eusocial in the spectrum of animal ethology ."
        ]
      },
      {
        "point_number": 8,
        "point_content": "Societies may be structured politically in bands, tribes, chiefdoms, and state societies with varying degrees of political power.",
        "spans": [
          "In political science[edit]\nSocieties may also be structured politically. In order of increasing size and complexity, there are bands, tribes, chiefdoms, and state societies. These structures may have varying degrees of political power, depending on the cultural, geographical, and historical environments that these societies must contend with."
        ]
      },
      {
        "point_number": 9,
        "point_content": "Society is a human product that continuously acts upon its producers, molding humans every day.",
        "spans": [
          "Sociologist Peter L. Berger defines society as \"...a human product, and nothing but a human product, that yet continuously acts upon its producers.\"  According to him, society was created by humans, but this creation turns back and creates or molds humans every day."
        ]
      },
      {
        "point_number": 10,
        "point_content": "Societies differ based on their level of technology, communication, and economy, classified as hunter-gatherers, simple agricultural, advanced agricultural, industrial, and special societies.",
        "spans": [
          "Sociologist Gerhard Lenski differentiates societies based on their level of technology, communication, and economy: (1) hunters and gatherers, (2) simple agricultural, (3) advanced agricultural, (4) industrial, and (5) special (e.g. fishing societies or maritime societies)."
        ]
      },
      {
        "point_number": 11,
        "point_content": "Societies have evolved from hunter-gatherer bands to tribal societies, stratified structures led by chieftains, and civilizations with complex social hierarchies and organized governments.",
        "spans": [
          "This system of classification contains four categories:\nHunter-gatherer bands (categorization of duties and responsibilities). Then came the agricultural society.\nTribal societies in which there are some limited instances of social rank and prestige.\nStratified structures led by chieftains.\nCivilizations, with complex social hierarchies and organized, institutional governments."
        ]
      },
      {
        "point_number": 12,
        "point_content": "Societies distribute largess and may shun or scapegoat members who violate norms; social mechanisms like gift-giving and scapegoating are institutionalized within a society.",
        "spans": [
          "Many societies distribute largess at the behest of some individual or some larger group of people. This type of generosity can be seen in all known cultures; typically, prestige accrues to the generous individual or group. Conversely, members of a society may also shun or scapegoat any members of the society who violate its norms. Mechanisms such as gift-giving, joking relationships and scapegoating, which may be seen in various types of human groupings, tend to be institutionalized within a society."
        ]
      },
      {
        "point_number": 13,
        "point_content": "Societies bestow status on individuals or groups for admired actions, often through names, titles, dress, or rewards, and altruistic action is common.",
        "spans": [
          "Some societies bestow status on an individual or group of people when that individual or group performs an admired or desired action. This type of recognition is bestowed in the form of a name, title, manner of dress, or monetary reward. In many societies, adult male or female status is subject to a ritual or process of this type. Altruistic action in the interests of the larger group is seen in virtually all societies."
        ]
      }
    ],
    "clueweb22-en0037-99-00478": [
      {
        "point_number": 1,
        "point_content": "A society is a group of people with common territory, interaction, and culture.",
        "spans": [
          "a society is a group of people with common territory, interaction, and culture"
        ]
      },
      {
        "point_number": 2,
        "point_content": "Territory is a key element of society, recognized by members and nonmembers as belonging to that society.",
        "spans": [
          "a society’s boundaries don’t have to be geopolitical borders, such as the one between the United States and Canada. Instead, members of a society, as well as nonmembers, must recognize particular land as belonging to that society"
        ]
      },
      {
        "point_number": 3,
        "point_content": "Members of a society must come in contact with one another; without regular contact, groups cannot be considered part of the same society.",
        "spans": [
          "Members of a society must come in contact with one another. If a group of people within a country has no regular contact with another group, those groups cannot be considered part of the same society"
        ]
      },
      {
        "point_number": 4,
        "point_content": "People of the same society share aspects of their culture, such as language or beliefs, which is a defining element of society.",
        "spans": [
          "People of the same society share aspects of their culture, such as language or beliefs. Culture refers to the language, values, beliefs, behavior, and material objects that constitute a people’s way of life. It is a defining element of society"
        ]
      }
    ],
    "clueweb22-en0019-98-00525": [
      {
        "point_number": 1,
        "point_content": "Civil society refers to a wide array of organizations including community groups, NGOs, labour unions, indigenous groups, charitable organizations, faith-based organizations, professional associations, and foundations.",
        "spans": [
          "Civil society ... refers to a wide array of organizations: community groups, non-governmental organizations [NGOs], labour unions, indigenous groups, charitable organizations, faith-based organizations, professional associations, and foundations."
        ]
      },
      {
        "point_number": 2,
        "point_content": "Civil society is sometimes called the 'third sector' and has the power to influence elected policy-makers and businesses.",
        "spans": [
          "When mobilized, civil society - sometimes called the “third sector” (after government and commerce) - has the power to influence the actions of elected policy-makers and businesses."
        ]
      },
      {
        "point_number": 3,
        "point_content": "Civil society includes an ever wider and more vibrant range of organized and unorganized groups, blurring boundaries between sectors and experimenting with new organizational forms.",
        "spans": [
          "civil society today includes an ever wider and more vibrant range of organized and unorganized groups, as new civil-society actors blur the boundaries between sectors and experiment with new organizational forms, both online and off."
        ]
      },
      {
        "point_number": 4,
        "point_content": "Civil society organizations are involved in holding institutions to account, promoting transparency, raising awareness, delivering services, disaster management, shaping policy, empowering marginalized groups, and encouraging citizen engagement.",
        "spans": [
          "holding institutions to account and promoting transparency; raising awareness of societal issues; delivering services to meet education, health, food and security needs; implementing disaster management, preparedness and emergency response; bringing expert knowledge and experience to shape policy and strategy; giving power to the marginalized; and encouraging citizen engagement."
        ]
      },
      {
        "point_number": 5,
        "point_content": "Civil society includes a range of causes, groups, unions and NGOs aiming to hold governments to account, promote transparency, lobby for human rights, mobilize in disasters, and encourage citizen engagement.",
        "spans": [
          "civil society includes an array of different causes, groups, unions and NGOs. Their combined aim is to hold governments to account, promoting transparency, lobbying for human rights, mobilizing in times of disaster and encouraging citizen engagement."
        ]
      }
    ]
  }
}