{
  "question": "what role does culture play in the formation of ethics?",
  "key_points": {
    "null": [],
    "clueweb22-en0023-52-04467": [
      {
        "point_number": 1,
        "point_content": "The degree to which employees in an organization behave ethically depends on the culture of the organization.",
        "spans": [
          "the degree to which employees in an organization behave ethically depends on the culture of the organization"
        ]
      },
      {
        "point_number": 2,
        "point_content": "Without a culture emphasizing the importance of integrity, honesty, and trust, mandatory ethics training programs are often doomed to fail.",
        "spans": [
          "Without a culture emphasizing the importance of integrity, honesty, and trust, mandatory ethics training programs are often doomed to fail"
        ]
      },
      {
        "point_number": 3,
        "point_content": "Leaders, by demonstrating high levels of honesty and integrity in their actions, can model the behaviors that are demanded in an organization.",
        "spans": [
          "Leaders, by demonstrating high levels of honesty and integrity in their actions, can model the behaviors that are demanded in an organization"
        ]
      },
      {
        "point_number": 4,
        "point_content": "The values, norms, and beliefs of a company may also be at least partially imposed by the national culture.",
        "spans": [
          "The values, norms, and beliefs of a company may also be at least partially imposed by the national culture"
        ]
      },
      {
        "point_number": 5,
        "point_content": "If the national culture in general emphasizes competitiveness, a large number of the companies operating in this context may also be competitive.",
        "spans": [
          "If the national culture in general emphasizes competitiveness, a large number of the companies operating in this context may also be competitive"
        ]
      },
      {
        "point_number": 6,
        "point_content": "In countries emphasizing harmony and conflict resolution, a team-oriented culture may more easily take root.",
        "spans": [
          "In countries emphasizing harmony and conflict resolution, a team-oriented culture may more easily take root"
        ]
      }
    ],
    "clueweb22-en0026-78-17577": [
      {
        "point_number": 1,
        "point_content": "The degree to which employees in an organization behave ethically depends on the culture of the organization.",
        "spans": [
          "the degree to which employees in an organization behave ethically depends on the culture of the organization"
        ]
      },
      {
        "point_number": 2,
        "point_content": "Without a culture emphasizing the importance of integrity, honesty, and trust, mandatory ethics training programs are often doomed to fail.",
        "spans": [
          "Without a culture emphasizing the importance of integrity, honesty, and trust, mandatory ethics training programs are often doomed to fail"
        ]
      },
      {
        "point_number": 3,
        "point_content": "Leaders, by demonstrating high levels of honesty and integrity in their actions, can model the behaviors that are demanded in an organization.",
        "spans": [
          "Leaders, by demonstrating high levels of honesty and integrity in their actions, can model the behaviors that are demanded in an organization"
        ]
      },
      {
        "point_number": 4,
        "point_content": "The values, norms, and beliefs of a company may also be at least partially imposed by the national culture.",
        "spans": [
          "The values, norms, and beliefs of a company may also be at least partially imposed by the national culture"
        ]
      },
      {
        "point_number": 5,
        "point_content": "If the national culture in general emphasizes competitiveness, a large number of the companies operating in this context may also be competitive.",
        "spans": [
          "If the national culture in general emphasizes competitiveness, a large number of the companies operating in this context may also be competitive"
        ]
      },
      {
        "point_number": 6,
        "point_content": "In countries emphasizing harmony and conflict resolution, a team-oriented culture may more easily take root.",
        "spans": [
          "In countries emphasizing harmony and conflict resolution, a team-oriented culture may more easily take root"
        ]
      }
    ],
    "clueweb22-en0023-52-09869": [
      {
        "point_number": 1,
        "point_content": "Culture drives ethical behavior in an organization.",
        "spans": [
          "The linkage between culture and compliance is that culture drives ethical behavior."
        ]
      },
      {
        "point_number": 2,
        "point_content": "Corporate culture reflects the way things really are and work in an organization, often operationalizing core values.",
        "spans": [
          "This means corporate culture is the way things really are in an organization and the way things really work. While corporate culture can be reflective of the core values of a company, this usually only occurs if the company operationalizes those values throughout the organization."
        ]
      },
      {
        "point_number": 3,
        "point_content": "Culture varies within an organization based on people, location, and subcultures, affecting ethics differently.",
        "spans": [
          "There may be more than one culture in an organization, and there might well be multiple subcultures in a company. Management simply cannot force one culture throughout the entire organization. Culture is made up of all the different people that work for the organization, which means that it’s going to differ based on population and geography. This could mean that different locations will have different cultures."
        ]
      },
      {
        "point_number": 4,
        "point_content": "Strong ethical culture includes consistent core values, integrity, ethical behavior, and a 'speak up' culture.",
        "spans": [
          "Yet even with subcultures in an organization and throughout the world, the significant thing is to have some overarching key themes of that culture. This involves being consistent with the core values, integrity and ethical behavior.",
          "A key indication of a strong ethical culture is having a “speak up” culture."
        ]
      },
      {
        "point_number": 5,
        "point_content": "Culture is influenced by hiring, training, performance management, and incentives, which shape ethical behavior.",
        "spans": [
          "This is often determined by the hiring process: who you hire, how you train people and what performance management systems are used throughout the employment tenure.",
          "Finally, are you incentivizing the right kind of behavior through measurement, compensation and recognition?"
        ]
      },
      {
        "point_number": 6,
        "point_content": "Ethical culture requires alignment between what management says and what the organization does, influencing employee ethics.",
        "spans": [
          "To have an effective culture, there must be an alignment between what top management says and the company’s core values, as well as between what the organization says and what it does."
        ]
      }
    ],
    "clueweb22-en0019-74-02331": [
      {
        "point_number": 1,
        "point_content": "Culture consists of habits that are shared by members of a society and is the product of learning, not heredity.",
        "spans": [
          "Murdock (1965) argues that a culture consists of habits that are shared by members of a society. It is the product of learning, not of heredity."
        ]
      },
      {
        "point_number": 2,
        "point_content": "Culture shapes a repertoire or 'tool kit' of habits, skills, and styles from which people construct strategies of action.",
        "spans": [
          "Woolcock (2014)highlights how the sociologic scholarship has evolved to consider culture as “shaping a repertoire or ‘tool kit’ of habits, skills, and styles from which people construct ‘strategies of action” (Swidler, 1986, p.273)."
        ]
      },
      {
        "point_number": 3,
        "point_content": "Cultural identity is not fixed and cultural change can be precipitated by innovation, social acceptance, selective elimination, and integration.",
        "spans": [
          "Cultural change—anthropologists tell us—begins with processes of innovation, of which cultural borrowing or diffusion is by far the most common.  But it can also be precipitated by social acceptance, by selective elimination and by integration."
        ]
      },
      {
        "point_number": 4,
        "point_content": "Malleable aspects of culture open up the possibility for intervention to trigger improvements in welfare.",
        "spans": [
          "From a policy perspective, malleable aspects of culture are more interesting as they open up the possibility for intervention. The World Bank’s 2015 World Development Report cites a number of examples of interventions that have determined a cultural change to trigger improvements in welfare: one example is political affirmative action for women in West Bengal."
        ]
      },
      {
        "point_number": 5,
        "point_content": "Culture influences values such as thrift, investment, hard work, education, organization, and discipline, which can affect economic development.",
        "spans": [
          "According to Huntington, culture had a major role in explaining it: “South Koreans valued thrift, investment, hard work, education, organization, and discipline. Ghanaians had different values. In short, cultures count."
        ]
      },
      {
        "point_number": 6,
        "point_content": "Behaviors that appear cultural may be shaped by economic incentives and thus amenable to change through changes in the underlying incentives.",
        "spans": [
          "What may appear to be cultural traits may, in fact, be behaviors shaped by economic incentives and thus amenable to change through changes in the underlying incentives."
        ]
      },
      {
        "point_number": 7,
        "point_content": "People’s behaviour at work was consistent with dis-incentives rather than an ingrained cultural trait.",
        "spans": [
          "the absence of a work ethic in the Soviet Union was not a reflection of some ingrained cultural trait, but rather was a natural response to an environment in which wage differentials were extremely narrow, promotion was not linked to performance, and life-time employment was more or less guaranteed. People’s behaviour at work was totally consistent with this particular set of dis-incentives."
        ]
      },
      {
        "point_number": 8,
        "point_content": "Globalization is leading to the emergence of a universal, global culture based on values such as civil and human rights, gender equality, respect for property rights, rule of law, and acceptance of market forces.",
        "spans": [
          "We are witnessing the gradual emergence of a universal, global culture based on such values as adherence to civil and human rights, gender equality, respect for property rights, the rule of law, acceptance of market forces as a mechanism for resource allocation."
        ]
      },
      {
        "point_number": 9,
        "point_content": "Development involves adopting a set of values compatible with humanity’s moral development, beyond just economic growth.",
        "spans": [
          "Development is not only about reducing poverty and expanding opportunities against the background of rising incomes. It is also in a very fundamental way about adopting a set of values that are compatible with humanity’s moral development."
        ]
      }
    ],
    "clueweb22-en0029-84-16967": [
      {
        "point_number": 1,
        "point_content": "Ethical standards are the standards of our environment that are acceptable to most people.",
        "spans": [
          "Ethical standards are the standards of our environment that are acceptable to most people."
        ]
      },
      {
        "point_number": 2,
        "point_content": "Ethical standards in the western world are largely based on Judeo-Christian principles and are generally referred to as mores, which are accepted by the majority as good behavior without imposed rules.",
        "spans": [
          "In the western world these standardsare, in large part, based on Judeo-Christian principles.Generally referred to as mores, ethical standards are what the majority accepts as good, and the way they behave without imposed rules and regulations."
        ]
      },
      {
        "point_number": 3,
        "point_content": "Values are acquired in childhood and manifest as permanent perceptions that shape and influence behavior, involving emotion, knowledge, thought, and choice of response.",
        "spans": [
          "We must understand that values are acquired in childhood and manifest themselves on our campuses as permanent perceptions that shape and influence the nature of our behaviors. Values involve emotion, knowledge, thought, and ultimately choice of response."
        ]
      },
      {
        "point_number": 4,
        "point_content": "Values vary between individuals and govern behavior, coloring how individuals view and respond to their world; values represent a significant component of personality and define culture, providing broad social guidelines for desirable standards.",
        "spans": [
          "Values vary between individuals and, because values govern behavior, they color the way individuals view and respond to their world.",
          "It is through individual values that culture is defined, and provides broad social guidelines for desirable standards."
        ]
      },
      {
        "point_number": 5,
        "point_content": "Values influence how people make choices and are generally described as normal societal standards or norms.",
        "spans": [
          "Generally described as normal societal standards, or norms, values influence how people make choices."
        ]
      },
      {
        "point_number": 6,
        "point_content": "Each person's intrinsic values are different and unique to their own culture and perspective, affecting their responses in life.",
        "spans": [
          "Because values are so ingrained, we are not often aware that our responses in life are, in large part, due to the values we hold andare unique to our own culture and perspective."
        ]
      },
      {
        "point_number": 7,
        "point_content": "People associate with others who hold their own unique set of values that may differ from one's own, and advisors must be aware and open to these differences in values while working within institutional regulations and standards.",
        "spans": [
          "Furthermore, we seldom reflect on the fact that the people with whom we associate hold their own unique set of values that may be different from our own.",
          "Advisors need to be aware that, like their students, they bring their own set of values to the advising session. Thus advisors must be aware of, and open to, these differences in values as they work within their institution's regulations and standards."
        ]
      }
    ]
  }
}