{
  "question": "what role does culture play in the formation of ethics?",
  "key_points": [
    {
      "point_number": 1,
      "point_content": "The degree to which employees in an organization behave ethically depends on the culture of the organization.",
      "original_point_number": [
        1,
        7,
        13
      ]
    },
    {
      "point_number": 2,
      "point_content": "Without a culture emphasizing the importance of integrity, honesty, and trust, mandatory ethics training programs are often doomed to fail.",
      "original_point_number": [
        2,
        8
      ]
    },
    {
      "point_number": 3,
      "point_content": "Leaders, by demonstrating high levels of honesty and integrity in their actions, can model the behaviors that are demanded in an organization.",
      "original_point_number": [
        3,
        9
      ]
    },
    {
      "point_number": 4,
      "point_content": "The values, norms, and beliefs of a company may also be at least partially imposed by the national culture.",
      "original_point_number": [
        4,
        10
      ]
    },
    {
      "point_number": 5,
      "point_content": "If the national culture in general emphasizes competitiveness, a large number of the companies operating in this context may also be competitive.",
      "original_point_number": [
        5,
        11
      ]
    },
    {
      "point_number": 6,
      "point_content": "In countries emphasizing harmony and conflict resolution, a team-oriented culture may more easily take root.",
      "original_point_number": [
        6,
        12
      ]
    },
    {
      "point_number": 7,
      "point_content": "Corporate culture reflects the way things really are and work in an organization, often operationalizing core values.",
      "original_point_number": [
        14
      ]
    },
    {
      "point_number": 8,
      "point_content": "Culture varies within an organization based on people, location, and subcultures, affecting ethics differently.",
      "original_point_number": [
        15
      ]
    },
    {
      "point_number": 9,
      "point_content": "Strong ethical culture includes consistent core values, integrity, ethical behavior, and a 'speak up' culture.",
      "original_point_number": [
        16
      ]
    },
    {
      "point_number": 10,
      "point_content": "Culture is influenced by hiring, training, performance management, and incentives, which shape ethical behavior.",
      "original_point_number": [
        17
      ]
    },
    {
      "point_number": 11,
      "point_content": "Ethical culture requires alignment between what management says and what the organization does, influencing employee ethics.",
      "original_point_number": [
        18
      ]
    },
    {
      "point_number": 12,
      "point_content": "Culture consists of habits that are shared by members of a society and is the product of learning, not heredity.",
      "original_point_number": [
        19
      ]
    },
    {
      "point_number": 13,
      "point_content": "Culture shapes a repertoire or 'tool kit' of habits, skills, and styles from which people construct strategies of action.",
      "original_point_number": [
        20
      ]
    },
    {
      "point_number": 14,
      "point_content": "Cultural identity is not fixed and cultural change can be precipitated by innovation, social acceptance, selective elimination, and integration.",
      "original_point_number": [
        21
      ]
    },
    {
      "point_number": 15,
      "point_content": "Malleable aspects of culture open up the possibility for intervention to trigger improvements in welfare.",
      "original_point_number": [
        22
      ]
    },
    {
      "point_number": 16,
      "point_content": "Culture influences values such as thrift, investment, hard work, education, organization, and discipline, which can affect economic development.",
      "original_point_number": [
        23
      ]
    },
    {
      "point_number": 17,
      "point_content": "Behaviors that appear cultural may be shaped by economic incentives and thus amenable to change through changes in the underlying incentives.",
      "original_point_number": [
        24
      ]
    },
    {
      "point_number": 18,
      "point_content": "People’s behaviour at work was consistent with dis-incentives rather than an ingrained cultural trait.",
      "original_point_number": [
        25
      ]
    },
    {
      "point_number": 19,
      "point_content": "Globalization is leading to the emergence of a universal, global culture based on values such as civil and human rights, gender equality, respect for property rights, rule of law, and acceptance of market forces.",
      "original_point_number": [
        26
      ]
    },
    {
      "point_number": 20,
      "point_content": "Development involves adopting a set of values compatible with humanity’s moral development, beyond just economic growth.",
      "original_point_number": [
        27
      ]
    },
    {
      "point_number": 21,
      "point_content": "Ethical standards are the standards of our environment that are acceptable to most people.",
      "original_point_number": [
        28
      ]
    },
    {
      "point_number": 22,
      "point_content": "Ethical standards in the western world are largely based on Judeo-Christian principles and are generally referred to as mores, which are accepted by the majority as good behavior without imposed rules.",
      "original_point_number": [
        29
      ]
    },
    {
      "point_number": 23,
      "point_content": "Values are acquired in childhood and manifest as permanent perceptions that shape and influence behavior, involving emotion, knowledge, thought, and choice of response.",
      "original_point_number": [
        30
      ]
    },
    {
      "point_number": 24,
      "point_content": "Values vary between individuals and govern behavior, coloring how individuals view and respond to their world; values represent a significant component of personality and define culture, providing broad social guidelines for desirable standards.",
      "original_point_number": [
        31
      ]
    },
    {
      "point_number": 25,
      "point_content": "Values influence how people make choices and are generally described as normal societal standards or norms.",
      "original_point_number": [
        32
      ]
    },
    {
      "point_number": 26,
      "point_content": "Each person's intrinsic values are different and unique to their own culture and perspective, affecting their responses in life.",
      "original_point_number": [
        33
      ]
    },
    {
      "point_number": 27,
      "point_content": "People associate with others who hold their own unique set of values that may differ from one's own, and advisors must be aware and open to these differences in values while working within institutional regulations and standards.",
      "original_point_number": [
        34
      ]
    }
  ]
}