{
  "question": "how humans contribute to climate change",
  "key_points": [
    {
      "point_number": 1,
      "point_content": "Human activities, primarily burning fossil fuels, deforestation, land use changes, and industrial processes, have substantially increased the concentration of greenhouse gases such as carbon dioxide, methane, and nitrous oxide in the atmosphere since the Industrial Revolution, causing global warming and climate change.",
      "original_point_number": [
        1,
        3,
        5,
        7,
        10,
        11,
        14,
        15,
        18,
        21,
        23,
        24,
        25,
        35,
        36,
        38,
        40,
        44,
        46,
        51,
        55
      ]
    },
    {
      "point_number": 2,
      "point_content": "Carbon dioxide is the major greenhouse gas emitted by human activities, released through burning fossil fuels, cement production, deforestation, and land use changes, and it remains in the atmosphere for a very long time, contributing significantly to the greenhouse effect and global warming.",
      "original_point_number": [
        3,
        6,
        7,
        11,
        14,
        25,
        37,
        38,
        39,
        45,
        52,
        53
      ]
    },
    {
      "point_number": 3,
      "point_content": "Methane is produced in large quantities by human activities including agriculture (rice cultivation, ruminant digestion, manure management), landfills, and thawing permafrost, contributing significantly to climate change and enhancing the greenhouse effect.",
      "original_point_number": [
        8,
        9,
        12,
        47,
        57
      ]
    },
    {
      "point_number": 4,
      "point_content": "Nitrous oxide is produced by human activities such as soil cultivation with fertilizers, fossil fuel combustion, nitric acid production, and biomass burning, and it remains in the atmosphere for a long time contributing to climate change.",
      "original_point_number": [
        13,
        48,
        54
      ]
    },
    {
      "point_number": 5,
      "point_content": "Human activities release various heat-trapping gases including carbon dioxide, methane, nitrous oxide, ozone, and chlorofluorocarbons, with carbon dioxide being the most significant contributor to global warming.",
      "original_point_number": [
        20,
        54,
        57
      ]
    },
    {
      "point_number": 6,
      "point_content": "Transportation, including the use of gasoline and diesel vehicles, air travel, and airfreight, contributes significantly to greenhouse gas emissions and climate change.",
      "original_point_number": [
        4,
        30,
        31
      ]
    },
    {
      "point_number": 7,
      "point_content": "Industrial processes using fossil fuels, including production of synthetic fertilizers and extraction of coal, natural gas, or oil, release greenhouse gases and account for a significant portion of total emissions.",
      "original_point_number": [
        5
      ]
    },
    {
      "point_number": 8,
      "point_content": "Land clearing, deforestation, and forest burning release carbon dioxide stored in soil and trees, reduce oxygen production, and account for a significant portion of greenhouse gas emissions.",
      "original_point_number": [
        7,
        15,
        34
      ]
    },
    {
      "point_number": 9,
      "point_content": "Human activities have increased the abundance of greenhouse gases in the atmosphere, amplifying Earth’s natural greenhouse effect and causing a rise in global average temperature by approximately 1.0°C (1.8°F) since the late nineteenth century.",
      "original_point_number": [
        18,
        19,
        26,
        41,
        42,
        43,
        44
      ]
    },
    {
      "point_number": 10,
      "point_content": "More than 99.9% of peer-reviewed scientific papers and the Intergovernmental Panel on Climate Change conclude with over 95% probability that human activities over the past 50 years have been the dominant cause of observed global warming.",
      "original_point_number": [
        16,
        19,
        27,
        41,
        42
      ]
    },
    {
      "point_number": 11,
      "point_content": "Humans emit an estimated 9.5 billion metric tons of carbon annually by burning fossil fuels and 1.5 billion through deforestation and land cover changes, while forests, vegetation, and oceans absorb a portion, leaving a net 5 billion metric tons of human-produced carbon in the atmosphere each year.",
      "original_point_number": [
        21,
        22
      ]
    },
    {
      "point_number": 12,
      "point_content": "Human activities such as agriculture, road construction, and deforestation can change the reflectivity (albedo) of the earth's surface, leading to local warming or cooling effects.",
      "original_point_number": [
        49
      ]
    },
    {
      "point_number": 13,
      "point_content": "Human-generated aerosols, resulting from human activities, have a net cooling effect on the earth's climate.",
      "original_point_number": [
        50
      ]
    },
    {
      "point_number": 14,
      "point_content": "Fuel burning of coal, oil, and natural gas is a major contributor to climate change, producing carbon dioxide and other greenhouse gases that cause warming by enhancing the greenhouse effect.",
      "original_point_number": [
        3,
        33,
        45,
        52
      ]
    },
    {
      "point_number": 15,
      "point_content": "Human population growth and the increasing number and production rates of cars and trucks contribute to climate change by increasing fuel consumption and emissions.",
      "original_point_number": [
        30,
        32
      ]
    },
    {
      "point_number": 16,
      "point_content": "Short-lived climate forcers like methane, tropospheric ozone, and black carbon contribute significantly to human enhancement of the greenhouse effect after carbon dioxide.",
      "original_point_number": [
        57
      ]
    }
  ]
}