{
  "question": "why did the gold standard collapse",
  "key_points": [
    {
      "point_number": 1,
      "point_content": "The gold standard collapsed in 1914 at the outbreak of World War I when most countries suspended its use, including Germany and England, due to war expenses and geopolitical tensions, and it never returned to its normal functionality.",
      "original_point_number": [
        1,
        23,
        24,
        28
      ]
    },
    {
      "point_number": 2,
      "point_content": "After WWI, the UK returned to prewar gold convertibility without removing excess banknotes, causing the British Pound to devalue against the US dollar, which led the US to increase its money supply to contain the Pound, fueling the financial bubble that burst in 1929, starting the Great Depression.",
      "original_point_number": [
        25,
        26
      ]
    },
    {
      "point_number": 3,
      "point_content": "The gold standard showed severe flaws in times of crisis due to lingering geopolitical tensions, high costs of war, and government-driven calamitous events such as WWI and post-WWI looser monetary policy.",
      "original_point_number": [
        2,
        27
      ]
    },
    {
      "point_number": 4,
      "point_content": "During the Great Depression, maintaining the gold standard worsened the downturn by limiting central banks' ability to respond to economic conditions, as it required focusing solely on keeping currency pegged to gold, limiting monetary policy actions like cutting interest rates.",
      "original_point_number": [
        4,
        5,
        38,
        43
      ]
    },
    {
      "point_number": 5,
      "point_content": "The gold standard caused deflation, economic contractions, fluctuations in the money supply, and price instability due to changes in gold availability, destabilizing the economy.",
      "original_point_number": [
        39,
        40
      ]
    },
    {
      "point_number": 6,
      "point_content": "In England in 1931, the Great Depression caused people to trade in their paper money for gold, risking the Bank of England running out of gold; Montagu Norman, head of the Bank of England, faced a dilemma and had a nervous breakdown, and while he was away resting, the Bank abandoned the gold standard.",
      "original_point_number": [
        7,
        8,
        9
      ]
    },
    {
      "point_number": 7,
      "point_content": "The abandonment of the gold standard by England caused a global effect where people worldwide started turning in their paper money for gold as economies worsened.",
      "original_point_number": [
        10
      ]
    },
    {
      "point_number": 8,
      "point_content": "In the U.S., the gold standard was problematic during the Great Depression; despite advisers recommending to stay on it, President Roosevelt was advised by an agricultural economist to leave the gold standard, which gave the government new tools to steer the economy, such as adjusting the money supply and interest rates, helping recovery.",
      "original_point_number": [
        11,
        12,
        42
      ]
    },
    {
      "point_number": 9,
      "point_content": "The gold standard's downfall was due to the government needing to hold an amount of gold matching the money in circulation, which was unsustainable and couldn't keep up with consumers' demand for cash, leading to its end in 1933.",
      "original_point_number": [
        13,
        14
      ]
    },
    {
      "point_number": 10,
      "point_content": "The Federal Reserve was limited under the gold standard because printing more money devalued the dollar and lowering interest rates caused gold to be sold overseas, reducing the country's gold supply.",
      "original_point_number": [
        15
      ]
    },
    {
      "point_number": 11,
      "point_content": "The Gold Reserve Act of 1934 prohibited private ownership of gold and removed gold from circulation and as a peg of value, marking the end of the gold standard in the U.S.",
      "original_point_number": [
        16
      ]
    },
    {
      "point_number": 12,
      "point_content": "The Bretton Woods system failed because too many U.S. dollars were held in foreign countries, and the U.S. did not have enough gold to redeem all dollars at the fixed price, leading to President Nixon ending the remaining ties of the U.S. dollar to gold in 1971, effectively ending the gold standard.",
      "original_point_number": [
        17,
        18,
        44
      ]
    },
    {
      "point_number": 13,
      "point_content": "Governments confiscated gold during monetary system failures to restore order and remove chaos, which was code for theft via temporary authoritarianism; historical examples of gold confiscation by authoritarian regimes illustrate the collapse of the gold standard and monetary crises.",
      "original_point_number": [
        19,
        21
      ]
    },
    {
      "point_number": 14,
      "point_content": "Elites publicly consider gold a barbarous relic but continue to amass vast quantities of gold bullion, indicating its importance in monetary systems and suggesting they will try to steal gold and precious metals when the U.S. dollar collapses to create a new monetary paradigm.",
      "original_point_number": [
        20,
        22
      ]
    },
    {
      "point_number": 15,
      "point_content": "Germany suspended the gold standard at the outbreak of WWI, believing it could pay off war debts by winning the war and imposing reparations, but after losing, the Weimar Republic was saddled with massive debts it could not afford, exacerbated by printing money without backing, reparations demands, and hyperinflation caused by policies like buying foreign currency with marks and passive resistance in the Ruhr, which involved printing more banknotes and worsened hyperinflation.",
      "original_point_number": [
        29,
        30,
        31,
        32,
        33,
        34,
        35,
        36,
        37,
        28
      ]
    }
  ]
}