{
  "question": "why did the gold standard collapse",
  "key_points": {
    "clueweb22-en0038-70-11784": [
      {
        "point_number": 1,
        "point_content": "The gold standard collapsed in 1914 at the outbreak of World War I when most countries suspended its use.",
        "spans": [
          "The system collapsed in 1914 at the outbreak of World War I, when most countries suspended its use."
        ]
      },
      {
        "point_number": 2,
        "point_content": "The gold standard showed severe flaws in times of crisis due to lingering geopolitical tensions and high costs of war.",
        "spans": [
          "lingering geopolitical tensions and the high costs of the war made it much less stable, showing its severe flaws in times of crisis."
        ]
      },
      {
        "point_number": 3,
        "point_content": "The onset of the Great Depression forced the U.S. and other countries to abandon the gold standard entirely.",
        "spans": [
          "The onset of the Great Depression finally forced the U.S. and the other countries that still pegged their currencies to gold to abandon the system entirely."
        ]
      },
      {
        "point_number": 4,
        "point_content": "Maintaining the gold standard during the Great Depression worsened the downturn by limiting central banks' ability to respond to economic conditions.",
        "spans": [
          "Economist Barry Eichengreen has found that efforts to maintain the gold standard at the beginning of the Great Depression ended up worsening the downturn because they limited the ability of central banks like the Fed to respond to deteriorating economic conditions."
        ]
      },
      {
        "point_number": 5,
        "point_content": "The gold standard required central banks to focus solely on keeping their currency pegged to gold, limiting monetary policy actions like cutting interest rates.",
        "spans": [
          "while central banks today typically cut interest rates to boost a faltering economy, the gold standard required them to focus solely on keeping their currency pegged to gold."
        ]
      },
      {
        "point_number": 6,
        "point_content": "In the 1960s and 1970s, economic, political, and global pressures forced President Nixon to abandon the gold standard by 1971.",
        "spans": [
          "A variety of economic, political and global pressures in the 1960s and 1970s forced President Richard Nixon to abandon the gold standard once and for all by 1971."
        ]
      }
    ],
    "null": [],
    "clueweb22-en0046-36-06439": [
      {
        "point_number": 1,
        "point_content": "The gold standard began to unravel in England in 1931 due to the Great Depression causing people to trade in their paper money for gold, risking the Bank of England running out of gold.",
        "spans": [
          "in 1931, the system began to unravel in the most powerful country in the world: England.",
          "When the Great Depression hit, the people in England panicked, and started trading in their paper money for gold.",
          "It got to the point where the Bank of England was in danger of running out of gold."
        ]
      },
      {
        "point_number": 2,
        "point_content": "Montagu Norman, head of the Bank of England, faced a dilemma as it became difficult for England to remain on the gold standard but abandoning it was unthinkable; he had a nervous breakdown.",
        "spans": [
          "Norman faced an impossible dilemma: It was becoming increasingly difficult for England to remain on the gold standard.",
          "But abandoning it was unthinkable for Norman and his contemporaries, who came of age at a time when the gold standard was the unquestioned anchor of the global monetary system.",
          "Norman's response to this dilemma: a nervous breakdown."
        ]
      },
      {
        "point_number": 3,
        "point_content": "While Montagu Norman was away resting, the Bank of England abandoned the gold standard as they were about to run out of gold.",
        "spans": [
          "Norman's doctor told him to leave the country and get some rest.",
          "While he was gone, his colleagues at the Bank of England realized they had no choice.",
          "They were about to run out of gold. So they abandoned the gold standard."
        ]
      },
      {
        "point_number": 4,
        "point_content": "The abandonment of the gold standard by England caused a global effect where people worldwide started turning in their paper money for gold as economies worsened.",
        "spans": [
          "It was like a bomb went off.",
          "People all over the world thought, if England can do it, anyone can.",
          "And all around the world, as countries' economies got worse, people started turning in their paper money for gold."
        ]
      },
      {
        "point_number": 5,
        "point_content": "In the U.S., the gold standard was problematic during the Great Depression, and despite advisers recommending to stay on it, President Roosevelt was advised by an agricultural economist to leave the gold standard.",
        "spans": [
          "When President Franklin Delano Roosevelt gave first fireside chat on March 12, 1933, the U.S. had just had the mother of all bank runs.",
          "When he gave this speech, Roosevelt knew the gold standard was a problem.",
          "In fact, his top economic advisers were telling him to stay on the gold standard.",
          "But there was one guy advising FDR to leave the gold standard – an economist who Ahamed describes as a \"crank.\"",
          "He told FDR that the country had to leave the gold standard – and Roosevelt took his advice."
        ]
      },
      {
        "point_number": 6,
        "point_content": "Leaving the gold standard gave the government new tools to steer the economy, such as adjusting the amount of money in the economy and interest rates, which helped the U.S. recover from the Great Depression.",
        "spans": [
          "Going off the gold standard gave the government new tools to steer the economy.",
          "If you're not tied to gold, you can adjust the amount of money in the economy if you need to.",
          "You can adjust interest rates.",
          "Most economists now agree 90% of the reason why the U.S. got out of the Great Depression was the break with gold."
        ]
      }
    ],
    "clueweb22-en0033-28-05211": [
      {
        "point_number": 1,
        "point_content": "The gold standard's downfall was due to the government needing to hold an amount of gold that matches the money in circulation, which was unsustainable.",
        "spans": [
          "The government issuing the currency must hold an amount of gold that matches the money in circulation based on its price. This is the only way to ensure that the country's currency maintains the value it is supposed to under this standard; it is also what led to the gold standard's downfall."
        ]
      },
      {
        "point_number": 2,
        "point_content": "The gold standard was ended in 1933 because it was unsustainable and couldn't keep up with consumers' demand for cash.",
        "spans": [
          "In 1933, the gold standard was ended because it was unsustainable. The system simply couldn't keep up with consumers' demand for cash."
        ]
      },
      {
        "point_number": 3,
        "point_content": "The Federal Reserve was limited in its actions under the gold standard, as printing more money devalued the dollar and lowering interest rates caused gold to be sold overseas, reducing the country's gold supply.",
        "spans": [
          "Additionally, the Fed was limited in the actions it could take—if it printed more money, it devalued the dollar; if it lowered interest rates, gold investors and owners would sell their gold overseas and reduce the country's supply of gold."
        ]
      },
      {
        "point_number": 4,
        "point_content": "The Gold Reserve Act of 1934 prohibited private ownership of gold and removed gold from circulation and as a peg of value, marking the end of the gold standard in the U.S.",
        "spans": [
          "Enacted on Jan. 30, 1934, the Gold Reserve Act prohibited the private ownership of gold except under license. This act removed gold from circulation and as a peg of value—so a proper gold standard in the U.S. only existed from 1879 to 1933."
        ]
      },
      {
        "point_number": 5,
        "point_content": "The Bretton Woods system failed because too many U.S. dollars were held in foreign countries, and the U.S. did not have enough gold to redeem all dollars at the fixed price.",
        "spans": [
          "However, international currency circulation caused too many U.S. dollars to be held in foreign countries.",
          "If those countries had decided to redeem their dollars for gold, the U.S. wouldn't have had enough at $35 per ounce to do so."
        ]
      },
      {
        "point_number": 6,
        "point_content": "In 1971, President Nixon ended the remaining ties of the U.S. dollar to gold, effectively ending the gold standard.",
        "spans": [
          "in 1971, President Richard Nixon announced that dollars could no longer be redeemed for gold."
        ]
      }
    ],
    "clueweb22-en0021-81-08825": [
      {
        "point_number": 1,
        "point_content": "Governments confiscated gold during monetary system failures to restore order and remove chaos, which was code for theft via temporary authoritarianism.",
        "spans": [
          "In 1933, former U.S President, Franklin D. Roosevelt, enacted Executive Order 6102 banning American citizens from hoarding large amounts of gold.",
          "In 1959, the Australian Government signed the Banking Act into law allowing Aussie authorities to seize citizen’s precious metals.",
          "And in 1966, the British government blocked gold imports and banned Brits from owning more than four precious metal coins.",
          "Past governments approved these actions without their citizen’s consent to achieve “order” and remove “chaos”, but this is code-speak for theft via temporary authoritarianism."
        ]
      },
      {
        "point_number": 2,
        "point_content": "The elites will try to steal gold and precious metals when the U.S dollar collapses to create a new monetary paradigm.",
        "spans": [
          "So when the U.S dollar inevitably collapses, if you think this 21st-century U.S administration won’t pursue your precious metals stash, you’ll be in for a surprise when the debtor-in-chief’s “sound-money hit squad” knocks down your door, empties your safe, and gives you nothing in return.",
          "For the elites to create a new monetary paradigm, they will use any excuse to try to steal your hard-earned wealth when things go wrong."
        ]
      },
      {
        "point_number": 3,
        "point_content": "Historical examples of gold confiscation by authoritarian regimes illustrate the collapse of the gold standard and monetary crises.",
        "spans": [
          "Italian dictator, Benito Mussolini, encouraged citizens to hand over their gold in exchange for steel wristbands bearing the inscription “ Gold for the Fatherland ”, the Soviet Union banned large private ownership of gold altogether, and Saddam Hussein, the deceased Iraqi dictator, cleaned out citizen’s gold, jewelry, and other valuables while holding them at gunpoint — they traded their assets for their lives."
        ]
      },
      {
        "point_number": 4,
        "point_content": "Gold is considered a barbarous relic by elites publicly, but they continue to amass vast quantities of gold bullion, indicating its importance in monetary systems.",
        "spans": [
          "Despite past events, elites will tell you gold is nothing more than a barbarous relic, a useless lump of shiny rock with no purpose in modern-day society while continuing to amass vast quantities of gold bullion.",
          "Since 2000, Russia has increased its reserves by 680%, China has increased its reserves by 393%, and U.S reserves remain equal despite a 100% debt-backed currency."
        ]
      }
    ],
    "clueweb22-en0028-81-14066": [
      {
        "point_number": 1,
        "point_content": "The gold standard broke down because of WWI and it never returned to its normal functionality.",
        "spans": [
          "the gold standard broke down because of WWI and it never returned to its normal functionality"
        ]
      },
      {
        "point_number": 2,
        "point_content": "During WWI, international shipments of gold were suspended or reduced and major countries suspended their banknotes’ convertibility to print money for war expenses.",
        "spans": [
          "WWI, where (1) international shipments of gold were suspended or reduced and (2) major countries suspended their banknotes’ convertibility in order to “print” money to pay for the expenses of war"
        ]
      },
      {
        "point_number": 3,
        "point_content": "After WWI, the UK returned to prewar convertibility without removing excess banknotes, causing the British Pound to devalue against the US dollar.",
        "spans": [
          "After WWI important decisions had to be made. One of those was the United Kingdom going back to the prewar convertibility of its own banknotes without removing from circulation the excess of banknotes. This caused the British Pound to devalue against the US dollar"
        ]
      },
      {
        "point_number": 4,
        "point_content": "The US increased its money supply to contain the British Pound, fueling the financial bubble that burst in 1929, starting the Great Depression.",
        "spans": [
          "the United States decided to also increase its money supply in order to contain the British Pound. This eventually fueled the financial bubble that burst in 1929, signifying the beginning of the Great Depression"
        ]
      },
      {
        "point_number": 5,
        "point_content": "The gold standard did not fail due to its own internal problems, but because of government driven, calamitous events such as WWI and post-WWI looser monetary policy.",
        "spans": [
          "The gold standard did not fail due to its own internal problems, but because of government driven, calamitous events such as WWI and the post-WWI policy makers’ looser monetary policy, made possible due to the inconvertibility of the banknotes"
        ]
      }
    ],
    "clueweb22-en0015-10-00759": [
      {
        "point_number": 1,
        "point_content": "Germany suspended the gold standard (the convertibility of its currency to gold) when the war broke out.",
        "spans": [
          "Germany suspended the gold standard (the convertibility of its currency to gold) when the war broke out."
        ]
      },
      {
        "point_number": 2,
        "point_content": "The government believed that it would be able to pay off the debt by winning the war and imposing war reparations on the defeated Allies.",
        "spans": [
          "The government believed that it would be able to pay off the debt by winning the war and imposing war reparations on the defeated Allies."
        ]
      },
      {
        "point_number": 3,
        "point_content": "This strategy failed as Germany lost the war, which left the new Weimar Republic saddled with massive war debts that it could not afford, totaling 132 billion gold marks.",
        "spans": [
          "This strategy failed as Germany lost the war, which left the new Weimar Republic saddled with massive war debts that it could not afford, totaling 132 billion gold marks"
        ]
      },
      {
        "point_number": 4,
        "point_content": "The debt problem was exacerbated by printing money without any economic resources to back it.",
        "spans": [
          "The debt problem was exacerbated by printing money without any economic resources to back it."
        ]
      },
      {
        "point_number": 5,
        "point_content": "The demand in the Treaty of Versailles for reparations further accelerated the decline in the value of the mark.",
        "spans": [
          "The demand in the Treaty of Versailles for reparations further accelerated the decline in the value of the mark"
        ]
      },
      {
        "point_number": 6,
        "point_content": "From August 1921, Germany began to buy foreign currency with marks at any price, but that only increased the speed of the collapse in value of the mark.",
        "spans": [
          "From August 1921, Germany began to buy foreign currency with marks at any price, but that only increased the speed of the collapse in value of the mark"
        ]
      },
      {
        "point_number": 7,
        "point_content": "The strategy that Germany had been using to pay war reparations was the mass printing of bank notes to buy foreign currency, which was then used to pay reparations, but this strategy greatly exacerbated the inflation of the paper mark.",
        "spans": [
          "The strategy that Germany had been using to pay war reparations was the mass printing of bank notes to buy foreign currency, which was then used to pay reparations, but this strategy greatly exacerbated the inflation of the paper mark."
        ]
      },
      {
        "point_number": 8,
        "point_content": "After Germany failed to pay France an installment of reparations on time in late 1922, French and Belgian troops occupied the Ruhr valley, Germany's main industrial region, in January 1923.",
        "spans": [
          "After Germany failed to pay France an installment of reparations on time in late 1922, French and Belgian troops occupied the Ruhr valley, Germany's main industrial region, in January 1923."
        ]
      },
      {
        "point_number": 9,
        "point_content": "The German government's response was to order a policy of passive resistance in the Ruhr, with workers being told to do nothing which helped the invaders in any way.",
        "spans": [
          "The German government's response was to order a policy of passive resistance in the Ruhr, with workers being told to do nothing which helped the invaders in any way."
        ]
      },
      {
        "point_number": 10,
        "point_content": "The government paid these workers by printing more and more banknotes, with Germany soon being swamped with paper money, exacerbating the hyperinflation even further.",
        "spans": [
          "The government paid these workers by printing more and more banknotes, with Germany soon being swamped with paper money, exacerbating the hyperinflation even further."
        ]
      }
    ],
    "clueweb22-en0023-23-03619": [
      {
        "point_number": 1,
        "point_content": "The gold standard limited the ability of the Federal Reserve to respond to economic crises, contributing to economic instability and the Great Depression.",
        "spans": [
          "A gold standard would limit the ability of the Federal Reserve to help the economy out of recessions and depressions, and to address unemployment.",
          "Many economists contend that the gold standard played a role in preventing the United States from stabilizing the economy after the stock market crash of 1929, and prolonged the Great Depression."
        ]
      },
      {
        "point_number": 2,
        "point_content": "The gold standard caused deflation and economic contractions that destabilized the economy.",
        "spans": [
          "Gold standards create periodic deflations and economic contractions that destabilize the economy.",
          "Between 1913 and 1971, when the United States was on some form of a gold standard, there were 12 years in which deflation occurred.",
          "According to Federal Reserve Chairman Ben Bernanke, “the length and depth of the deflation during the late 1920s and early 1930s strongly suggest a monetary origin, and the close correspondence… between deflation and nations’ adherence to the gold standard.”"
        ]
      },
      {
        "point_number": 3,
        "point_content": "The gold standard caused fluctuations in the money supply and price instability due to changes in gold availability.",
        "spans": [
          "The availability and value of gold fluctuates and does not provide the price stability necessary for a healthy economy.",
          "Under a gold standard the supply of money would be dependent on how much gold is produced. Inflation would occur when large gold discoveries were made and deflation would occur during periods of gold scarcity.",
          "Between 1879 and 1933, when the United States was on a full gold standard, the inflation adjusted market price of gold fluctuated from the $700 range (1890s) to the $200 range (1920s)."
        ]
      },
      {
        "point_number": 4,
        "point_content": "The gold standard restricted the government's ability to finance wars and respond to national emergencies.",
        "spans": [
          "A gold standard would prevent the sometimes necessary quick expansion of currency to finance war buildup.",
          "During World War I, the United States and many European countries stopped using a gold standard to finance war efforts by temporarily printing more money",
          "The United States financed its involvement in World War II in large part by having the Federal Reserve print money, selling war bonds, and running large deficits."
        ]
      }
    ],
    "clueweb22-en0025-27-00914": [
      {
        "point_number": 1,
        "point_content": "The U.S. abandoned the gold standard to help combat the Great Depression by allowing the government to pump money into the economy and lower interest rates.",
        "spans": [
          "To help combat the Great Depression.",
          "So in 1933, President Franklin D. Roosevelt cut the dollar’s ties with gold, allowing the government to pump money into the economy and lower interest rates."
        ]
      },
      {
        "point_number": 2,
        "point_content": "The gold standard limited the government's ability to stimulate the economy during the Great Depression because it had to keep interest rates high to deter people from cashing in deposits and depleting the gold supply.",
        "spans": [
          "To deter people from cashing in deposits and depleting the gold supply, the U.S. and other governments had to keep interest rates high, but that made it too expensive for people and businesses to borrow."
        ]
      },
      {
        "point_number": 3,
        "point_content": "The U.S. completely severed the link between the dollar and gold in 1971 to stop dollar-flush foreigners from sapping U.S. gold reserves.",
        "spans": [
          "The U.S. continued to allow foreign governments to exchange dollars for gold until 1971, when President Richard Nixon abruptly ended the practice to stop dollar-flush foreigners from sapping U.S. gold reserves."
        ]
      }
    ]
  }
}