{
  "question": "why should abortion be supported",
  "key_points": [
    {
      "point_number": 1,
      "point_content": "Abortion is used or considered for various social and political reasons including reducing minority populations, reducing the number of Democrats, pleasing religious beliefs, saving men from financial responsibilities to single mothers, promoting educational and workforce opportunities, regulating population size or groups, and gender selection in some cultures.",
      "original_point_number": [
        1,
        2,
        3,
        4,
        5,
        34,
        90
      ]
    },
    {
      "point_number": 2,
      "point_content": "Only a small number of fully-formed babies are aborted each year, which is considered a small price for the benefits of abortion.",
      "original_point_number": [
        6
      ]
    },
    {
      "point_number": 3,
      "point_content": "The US Supreme Court has declared abortion a fundamental right guaranteed by the US Constitution, and abortion is considered a basic human right and a woman's right to choose; it is no one else's choice but the woman's.",
      "original_point_number": [
        7,
        22
      ]
    },
    {
      "point_number": 4,
      "point_content": "Reproductive choice empowers women by giving them control over their own bodies and protects them from financial disadvantage.",
      "original_point_number": [
        8,
        16
      ]
    },
    {
      "point_number": 5,
      "point_content": "Personhood begins after a fetus becomes viable (able to survive outside the womb) or after birth, not at conception; fetuses cannot feel pain when most abortions are performed, specifically not until at least 24 weeks, and cannot survive on their own until at least 21 weeks.",
      "original_point_number": [
        9,
        10,
        18,
        88
      ]
    },
    {
      "point_number": 6,
      "point_content": "Access to legal, professionally-performed abortions reduces maternal injury and death caused by unsafe, illegal abortions; modern abortion procedures are safe and do not cause lasting health issues such as cancer and infertility; contemporary abortion procedures are safe when done correctly by licensed medical doctors, reducing death rates and infertility levels.",
      "original_point_number": [
        11,
        12,
        89
      ]
    },
    {
      "point_number": 7,
      "point_content": "Women who receive abortions are less likely to suffer mental health problems than women denied abortions; supporting abortion supports the mental health and well-being of women.",
      "original_point_number": [
        13,
        73
      ]
    },
    {
      "point_number": 8,
      "point_content": "Abortion gives pregnant women the option to choose not to bring fetuses with profound abnormalities to full term.",
      "original_point_number": [
        14
      ]
    },
    {
      "point_number": 9,
      "point_content": "Women who are denied abortions are more likely to become unemployed, be on public welfare, be below the poverty line, and become victims of domestic violence.",
      "original_point_number": [
        15
      ]
    },
    {
      "point_number": 10,
      "point_content": "Abortion is not murder because many abortions are due to dead fetuses or medical reasons, fetuses cannot survive independently before about 4 and a half months, and a fetus is not a fully developed human being.",
      "original_point_number": [
        17,
        21,
        82
      ]
    },
    {
      "point_number": 11,
      "point_content": "Abortion should be a decision made between a woman, her family, and her doctor, considering many different reasons a woman might want an abortion; every potential mother has a fundamental right to decide what is happening to her body, including the choice to perform an abortion.",
      "original_point_number": [
        19,
        92
      ]
    },
    {
      "point_number": 12,
      "point_content": "Abortion is a medical procedure like any other and sometimes critical to a woman’s health, but it can be costly and should be free and easy to access.",
      "original_point_number": [
        20
      ]
    },
    {
      "point_number": 13,
      "point_content": "Penalizing abortion does not prevent it; people seek access to abortion even in highly punitive legal situations; abortion restrictions push people out of the national health system into unsafe, clandestine settings, leading to health problems or death; even when legal exceptions apply, many women and girls are denied abortions, risking their lives and health due to barriers and stigma; criminalization of abortion entrenches inequalities, disproportionately affecting vulnerable groups who are driven to unsafe abortions; highly restrictive abortion laws violate human rights, including rights to life, health, and protection from cruel treatment; access to abortion is a critical public health issue, with many abortions performed under unsafe conditions leading to complications and deaths; legalizing abortion ensures compliance with international obligations and prevents needless suffering, especially among the most vulnerable; illegal and unsafe abortions should not be the last resort; safe abortion access protects women's health.",
      "original_point_number": [
        23,
        24,
        25,
        26,
        27,
        28,
        29,
        81
      ]
    },
    {
      "point_number": 14,
      "point_content": "Abortion is permitted in certain cases such as for the sake of the mother's health including mental health, when pregnancy results from a crime such as rape, incest, or child abuse, when the child would have an unacceptable quality of life due to serious physical handicaps, genetic problems, or mental defects, and for social reasons including poverty, mother unable to cope with a child, or mother being too young to cope with a child.",
      "original_point_number": [
        30,
        31,
        32,
        33
      ]
    },
    {
      "point_number": 15,
      "point_content": "Most opponents agree abortion for the mother's health can be morally acceptable if there is a real risk of serious damage to the mother.",
      "original_point_number": [
        35
      ]
    },
    {
      "point_number": 16,
      "point_content": "Some doctors argue abortion should be part of contraception policy to allow women to end unwanted pregnancies due to birth control failures; abortion can be used as a replacement for contraception or as a method of birth control in societies where contraceptives are not readily available or have side effects.",
      "original_point_number": [
        36,
        85
      ]
    },
    {
      "point_number": 17,
      "point_content": "Abortion has many concerning side effects including heavy bleeding, infection, damage to the cervix, scarring, death, increased risk of clinical depression, and is a significant independent risk factor for breast cancer.",
      "original_point_number": [
        37,
        38,
        39,
        43
      ]
    },
    {
      "point_number": 18,
      "point_content": "Adoption is a powerful and beautiful alternative to abortion; having a baby alters a mother's life but does not justify killing the baby; adoption and support are alternatives.",
      "original_point_number": [
        40,
        63
      ]
    },
    {
      "point_number": 19,
      "point_content": "Many women regret their decision to have an abortion; abortion is a lasting choice that many women regret; abortion harms mothers emotionally and physically; women with a history of abortion are more likely to abuse substances.",
      "original_point_number": [
        41,
        44,
        68,
        42
      ]
    },
    {
      "point_number": 20,
      "point_content": "Abortion kills an innocent human being who deserves to live; 96% of 5,577 biologists from 1,000 different academic institutions in over 86 countries agree that a human’s life begins at fertilisation; science empirically refutes slogans that the object of abortion is just a “clump of cells” or the “woman’s body”; the preborn baby is not a blob of tissue but a human being, as supported by biology textbooks and scientific sites; the earliest human embryo is biologically alive, fulfilling criteria of life such as metabolism, growth, reaction to stimuli, and reproduction; the preborn baby grows rapidly through various developmental milestones from fertilization to birth; all members of the human family possess inherent dignity, equality, and inalienable rights to life and recognition as a person; personhood is not defined by abilities like personality or brain development; all human beings are valuable regardless of development stage or disability; intentionally killing an innocent human being is wrong and illegal in civilized societies; a preborn baby is an innocent separate person who has done nothing wrong and deserves protection; it remains objectively unethical and immoral to regard a living human not as a person but as disposable property or to deliberately end a human life; it is incumbent upon all citizens with humanity not desensitized to suffering to intervene in violations of fundamental human rights such as deliberate destruction of a preborn child; true concern for women’s rights must begin with outrage that at least half of abortions destroy females if not more due to cultural preferences for male children; it is a gross violation of justice for government to sanction and fund the deliberate taking of preborn human life; the attitude of self-supremacists like the abortion industry is that their rights must prevail no matter the collateral damage to others' more fundamental rights; abortion always directly results in a dead baby and can never be right.",
      "original_point_number": [
        45,
        46,
        47,
        58,
        59,
        60,
        54,
        64,
        61,
        62,
        50,
        51,
        52,
        53,
        55,
        56,
        57
      ]
    },
    {
      "point_number": 21,
      "point_content": "Doctors state that abortion is never necessary to save a mother's life; emergency situations do not require intentionally killing the baby; in ectopic pregnancies, the baby cannot survive and surgery to save the mother does not intentionally kill the baby; the Dublin Declaration states that direct abortion is not medically necessary to save the life of a woman.",
      "original_point_number": [
        48,
        65,
        66
      ]
    },
    {
      "point_number": 22,
      "point_content": "Non-religious pro-life groups oppose abortion because it kills a human being and work to support women and educate about prenatal development.",
      "original_point_number": [
        67
      ]
    },
    {
      "point_number": 23,
      "point_content": "A pregnancy should never be mandatory and denying a woman the right to choose is a violent attempt to control her body; sex is a natural aspect of human life and consent to sex is not consent to pregnancy; contraception is frequently unavailable, leading to increased need for abortion; bodily autonomy is a basic human right and a fetus is biologically dependent on the mother; men should not dictate the reproductive rights of women; a woman’s sexual, health, and reproductive choices are private and not others' business; pregnancy and childbirth are massive financial undertakings, especially for low-income women; there are already too many orphaned children in the world, so forcing pregnancy is not a solution; teenage pregnancy is still prevalent and can negatively impact the adolescent's development; the US lacks quality sex education, which contributes to unintended pregnancies; freedom of religion means one’s religious beliefs should not dictate others' actions regarding abortion.",
      "original_point_number": [
        69,
        70,
        71,
        72,
        74,
        77,
        75,
        76,
        78,
        79,
        80
      ]
    },
    {
      "point_number": 24,
      "point_content": "Legalizing abortion reduces crime rates by preventing unwanted children who might grow up in poverty and lead illegal lives.",
      "original_point_number": [
        91
      ]
    }
  ]
}