{
  "question": "why are cubans protesting",
  "key_points": [
    {
      "point_number": 1,
      "point_content": "Cubans are protesting due to a lack of publicly available coronavirus vaccine doses, food and medicine shortages, a shrinking economy exacerbated by the pandemic, inflation, blackouts, and loss of remittances due to U.S. sanctions.",
      "original_point_number": [
        1,
        4,
        9,
        15,
        18
      ]
    },
    {
      "point_number": 2,
      "point_content": "The Cuban economy has dropped significantly, with a 10.9% decline in 2020 and further decline in 2021, causing a cash crunch and shortages, attributed to U.S. sanctions, the pandemic, a small sugar harvest, and failure to implement promised economic reforms.",
      "original_point_number": [
        10,
        16,
        17,
        21
      ]
    },
    {
      "point_number": 3,
      "point_content": "President Miguel Diaz-Canel and the Cuban government blame U.S. sanctions and the pandemic for the economic problems, while detractors blame incompetence, a Soviet-style one-party system, local inefficiencies, and the government's failure to implement reforms.",
      "original_point_number": [
        2,
        8,
        11,
        12,
        16
      ]
    },
    {
      "point_number": 4,
      "point_content": "Protesters openly called the government a dictatorship, demanded an end to communism, freedom, expansion of civil liberties, and criticized government spending priorities, highlighting repression, starvation, lack of housing, and multigenerational disappointment with government reforms.",
      "original_point_number": [
        3,
        6,
        7,
        20,
        22
      ]
    },
    {
      "point_number": 5,
      "point_content": "The arrival of the Delta variant caused a surge in COVID-19 cases and deaths, which was a final straw for many protesters who also demanded a faster vaccination rollout to curb outbreaks.",
      "original_point_number": [
        13,
        23
      ]
    },
    {
      "point_number": 6,
      "point_content": "Cubans are protesting because they are tired of hardships and want changes for the better, driven by longstanding outrage over an economy that has failed to improve the lives of working-class Cubans.",
      "original_point_number": [
        5,
        14,
        19
      ]
    }
  ]
}