{
  "question": "how does perception influence communication interactions in positive and negative ways",
  "key_points": [
    {
      "point_number": 1,
      "point_content": "Perception influences communication interactions by forming positive or negative first impressions that affect how we respond to others, and it affects communication by influencing whether we perceive others favorably or unfavorably.",
      "original_point_number": [
        1,
        4,
        29,
        50
      ]
    },
    {
      "point_number": 2,
      "point_content": "Differences in perception, which are influenced by factors such as past experiences, culture, present feelings, language, and previous jobs, can lead to communication breakdowns, misunderstandings, disagreements, conflicts, and inefficiency, negatively impacting business outcomes.",
      "original_point_number": [
        2,
        6,
        8,
        46,
        47
      ]
    },
    {
      "point_number": 3,
      "point_content": "Perceptual barriers, including biases, preconceived notions, rigid or stereotypical schemata, and differences in how people organize and interpret information, hinder effective communication and can lead to negative outcomes such as prejudice, perceptual errors, misunderstandings, and conflict.",
      "original_point_number": [
        3,
        34,
        35,
        37,
        38
      ]
    },
    {
      "point_number": 4,
      "point_content": "The same message can be interpreted differently by different people, allowing for different views and various points of view, which can be beneficial by enabling different solutions in problem-solving situations.",
      "original_point_number": [
        5,
        52,
        53
      ]
    },
    {
      "point_number": 5,
      "point_content": "Perception is subjective and individualized, which can negatively influence communication because a person may perceive a message incorrectly or understand it negatively, leading to miscommunication or misprocessing of the message.",
      "original_point_number": [
        7,
        8,
        54,
        55
      ]
    },
    {
      "point_number": 6,
      "point_content": "Positive communication leads to more cohesive workspaces, more efficient people, increased employee confidence, engagement, teamwork, learning, good morale, and improved bottom line by encouraging inquiries, showing empathy, ensuring common goals, and allowing free feedback and expression without fear.",
      "original_point_number": [
        9,
        10,
        12,
        25,
        27
      ]
    },
    {
      "point_number": 7,
      "point_content": "Negative communication causes low productivity, poor team performance, conflicts, low morale, increased stress, mental health harm, increased turnover, demotivation, chaotic workplaces, and escalated conflicts often involving blame and defensiveness.",
      "original_point_number": [
        13,
        14,
        15,
        16,
        17,
        26,
        28
      ]
    },
    {
      "point_number": 8,
      "point_content": "Setting clear expectations can prevent many conflicts arising from misunderstandings, and clarity in communication should be practiced with empathy to avoid bluntness and negative impact.",
      "original_point_number": [
        18,
        19
      ]
    },
    {
      "point_number": 9,
      "point_content": "Active listening and engagement are crucial for effective communication.",
      "original_point_number": [
        20
      ]
    },
    {
      "point_number": 10,
      "point_content": "Choosing the proper communication medium depends on the message and context to minimize disruption, with face-to-face communication being richer in information due to verbal and non-verbal cues compared to digital channels.",
      "original_point_number": [
        21,
        22
      ]
    },
    {
      "point_number": 11,
      "point_content": "Poor use of digital communication tools can hinder communication; training and good equipment are important, and multitasking during digital communication reduces focus and understanding, negatively impacting communication.",
      "original_point_number": [
        23,
        24
      ]
    },
    {
      "point_number": 12,
      "point_content": "Non-spoken communication, including body language, tone, facial expressions, intonation, and use of inflections, can deliver varying meanings to the same sentence, and it is critical for managers and personnel to understand that how something is said can change the context and perception of a statement’s meaning, not just what is said.",
      "original_point_number": [
        39,
        40
      ]
    },
    {
      "point_number": 13,
      "point_content": "Noise refers to any type of interference or anything that distorts the message, including body language, tone, or the use of non-familiar words, which can greatly change how a message is perceived by the recipient.",
      "original_point_number": [
        41
      ]
    },
    {
      "point_number": 14,
      "point_content": "Feedback conveys the reaction of the initial message by the listener and can help to elucidate more on the subject or confirm understanding, which is key to effective communication.",
      "original_point_number": [
        42
      ]
    },
    {
      "point_number": 15,
      "point_content": "The context of a conversation sets the stage for the statement to be understood, and different contexts can make the same statement mean completely different things, affecting communication outcomes.",
      "original_point_number": [
        43
      ]
    },
    {
      "point_number": 16,
      "point_content": "The channel of communication affects perception as some channels lack non-verbal cues, which can lead to loss of context and misinterpretation; verbal communication typically provides more means for context to be established and perceptions to be aligned, while non-verbal communication like email lacks tone and gestures, which can affect understanding.",
      "original_point_number": [
        44,
        45
      ]
    },
    {
      "point_number": 17,
      "point_content": "Salience influences what information we select to pay attention to in communication; visually and aurally stimulating stimuli can be attention-getting in both positive and negative ways, and we pay attention to information that meets our needs or interests, which influences communication interactions.",
      "original_point_number": [
        30,
        31,
        32,
        33
      ]
    }
  ]
}