{
  "question": "what are the major forces affecting the delivery of healthcare today",
  "key_points": [
    {
      "point_number": 1,
      "point_content": "Individual, organizational, and environmental forces, including personal factors of physicians and patients, healthcare setting, resources, patient cooperation, and provider collaboration, influence the quality and delivery of healthcare services and patient outcomes.",
      "original_point_number": [
        1,
        2,
        3,
        8,
        13,
        14
      ]
    },
    {
      "point_number": 2,
      "point_content": "Proper planning, supportive leadership, education, training, and efficient management of resources and processes enhance the quality of healthcare delivery, with healthcare leaders emphasizing cooperation and teamwork among physicians.",
      "original_point_number": [
        4,
        15
      ]
    },
    {
      "point_number": 3,
      "point_content": "Patient socio-demographics and culture influence patient-physician interactions and consequently affect the quality of healthcare delivery; physician socio-demographic variables, competence, satisfaction, and motivation also impact healthcare delivery.",
      "original_point_number": [
        5,
        6,
        10,
        11,
        12
      ]
    },
    {
      "point_number": 4,
      "point_content": "Patients can easily switch among healthcare providers due to easy access to cost-friendly medical services.",
      "original_point_number": [
        7
      ]
    },
    {
      "point_number": 5,
      "point_content": "The severity of a patient's illness influences physician job stress, which consequently affects the overall quality of healthcare delivery.",
      "original_point_number": [
        9
      ]
    },
    {
      "point_number": 6,
      "point_content": "Major forces affecting healthcare delivery include ethical issues, loss of control, assessment difficulty, population increase, quality of delivery and sales decline, increasing cost, and technological advancement.",
      "original_point_number": [
        16
      ]
    },
    {
      "point_number": 7,
      "point_content": "Technological advancement simplifies the service process and is cost-effective but may lack quality improvement due to insufficient knowledge.",
      "original_point_number": [
        17
      ]
    },
    {
      "point_number": 8,
      "point_content": "Increasing population influences healthcare delivery by increasing the elderly population and expanding services which may not be properly utilized.",
      "original_point_number": [
        18
      ]
    },
    {
      "point_number": 9,
      "point_content": "Increasing healthcare costs result from changes in consumer demand and preferences, leading to reduced efficiency and higher service costs.",
      "original_point_number": [
        19
      ]
    },
    {
      "point_number": 10,
      "point_content": "Assessment difficulty arises due to lack of insurance, inadequate service equipment, and lack of funding, affecting service accessibility.",
      "original_point_number": [
        20
      ]
    },
    {
      "point_number": 11,
      "point_content": "Loss of control in healthcare delivery occurs due to lack of clear decisions by service providers caused by lack of advancement, knowledge, and concern about quality.",
      "original_point_number": [
        21
      ]
    },
    {
      "point_number": 12,
      "point_content": "Quality of delivery and sales decline due to decreased hospital use, reducing healthcare service delivery.",
      "original_point_number": [
        22
      ]
    },
    {
      "point_number": 13,
      "point_content": "Ethical issues in healthcare arise from societal norms and government rules, requiring healthcare services to comply with legal formalities.",
      "original_point_number": [
        23
      ]
    },
    {
      "point_number": 14,
      "point_content": "Government intervention has caused many challenges in healthcare delivery including physician shortages, lack of healthcare quality, chronic disease epidemic, high cost of pharmaceuticals, medical errors and malpractice, and fraud and waste.",
      "original_point_number": [
        24
      ]
    },
    {
      "point_number": 15,
      "point_content": "There is a shortage of primary care physicians and specialists due to reduced reimbursement rates and increased demand from Medicaid expansion under ACA.",
      "original_point_number": [
        25
      ]
    },
    {
      "point_number": 16,
      "point_content": "The quality of healthcare in the U.S. is poor compared to other countries despite higher spending, with issues like medical errors and nosocomial infections.",
      "original_point_number": [
        26
      ]
    },
    {
      "point_number": 17,
      "point_content": "The chronic disease epidemic, fueled by obesity and physical inactivity, is a major threat to the healthcare system and requires a shift towards prevention and health education.",
      "original_point_number": [
        27
      ]
    },
    {
      "point_number": 18,
      "point_content": "Pharmaceuticals are a costly and highly profitable part of the healthcare system, with high drug prices and patent protections influencing research and costs.",
      "original_point_number": [
        28
      ]
    },
    {
      "point_number": 19,
      "point_content": "Medical errors and malpractice cause significant patient harm and death, with systemic issues in healthcare delivery contributing to these errors.",
      "original_point_number": [
        29
      ]
    },
    {
      "point_number": 20,
      "point_content": "Fraud and waste in the U.S. healthcare system are enormous, costing hundreds of billions annually and contributing to escalating healthcare costs.",
      "original_point_number": [
        30
      ]
    },
    {
      "point_number": 21,
      "point_content": "The healthcare delivery system faces serious quality and cost challenges, with high per capita spending but not superlative health outcomes.",
      "original_point_number": [
        31
      ]
    },
    {
      "point_number": 22,
      "point_content": "Insurance coverage is a major determinant of access to healthcare and health outcomes, with a large uninsured population facing significant barriers.",
      "original_point_number": [
        32
      ]
    },
    {
      "point_number": 23,
      "point_content": "Safety-net providers play a critical role in providing care to uninsured and vulnerable populations but face financial and operational challenges.",
      "original_point_number": [
        33
      ]
    },
    {
      "point_number": 24,
      "point_content": "Certain types of care important for population health, such as clinical preventive services, mental health care, substance abuse treatment, and oral health care, are often neglected due to limited insurance coverage and organization of services.",
      "original_point_number": [
        34
      ]
    },
    {
      "point_number": 25,
      "point_content": "Disparities in the quality of care exist for racial and ethnic minorities, influenced by bias, discrimination, and systemic factors.",
      "original_point_number": [
        35
      ]
    },
    {
      "point_number": 26,
      "point_content": "The healthcare system is not well equipped to manage the growing prevalence of chronic diseases effectively.",
      "original_point_number": [
        36
      ]
    },
    {
      "point_number": 27,
      "point_content": "Shortages of healthcare professionals, including nurses and minority health professionals, affect the quality and accessibility of care.",
      "original_point_number": [
        37
      ]
    },
    {
      "point_number": 28,
      "point_content": "Hospital capacity and emergency response capabilities have been reduced, leading to crowding and ambulance diversions.",
      "original_point_number": [
        38
      ]
    },
    {
      "point_number": 29,
      "point_content": "Primary care access is crucial for reducing preventable hospitalizations and improving health outcomes.",
      "original_point_number": [
        39
      ]
    },
    {
      "point_number": 30,
      "point_content": "Information technology is essential for improving quality of care, supporting patients, and enhancing public health surveillance, but adoption is limited.",
      "original_point_number": [
        40
      ]
    },
    {
      "point_number": 31,
      "point_content": "Collaboration between the healthcare delivery system and governmental public health agencies is limited but essential for disease surveillance, quality monitoring, and public health.",
      "original_point_number": [
        41
      ]
    },
    {
      "point_number": 32,
      "point_content": "Growing healthcare costs pose challenges for coverage, quality, emergency preparedness, and investment in information systems.",
      "original_point_number": [
        42
      ]
    },
    {
      "point_number": 33,
      "point_content": "Transition to value-based reimbursement requires affordable, higher quality care at lower reimbursement rates and provider accountability.",
      "original_point_number": [
        43
      ]
    },
    {
      "point_number": 34,
      "point_content": "Shifting volumes and lower reimbursements are forcing cost reductions and consolidation in healthcare.",
      "original_point_number": [
        44
      ]
    },
    {
      "point_number": 35,
      "point_content": "There is a shift from caring for sick individuals to managing population health with a focus on prevention and primary care.",
      "original_point_number": [
        45
      ]
    },
    {
      "point_number": 36,
      "point_content": "Advances in health information technology enable clinical integration and big data analytics.",
      "original_point_number": [
        46
      ]
    },
    {
      "point_number": 37,
      "point_content": "There is an acceleration in digital health tools, advanced medical technology, and new medical models like telemedicine and personalized medicine.",
      "original_point_number": [
        47
      ]
    },
    {
      "point_number": 38,
      "point_content": "Shifting demographics with older, more diverse populations and larger income disparities require culturally appropriate care.",
      "original_point_number": [
        48
      ]
    },
    {
      "point_number": 39,
      "point_content": "Projected provider shortages necessitate full utilization of care providers and evolving care delivery systems.",
      "original_point_number": [
        49
      ]
    },
    {
      "point_number": 40,
      "point_content": "More informed and involved patients require closer communication and partnership with providers.",
      "original_point_number": [
        50
      ]
    },
    {
      "point_number": 41,
      "point_content": "Increasing government regulation affects approval processes and healthcare IT systems.",
      "original_point_number": [
        51
      ]
    },
    {
      "point_number": 42,
      "point_content": "Shrinking availability of capital is due to financial difficulties and regulatory unpredictability.",
      "original_point_number": [
        52
      ]
    }
  ]
}