{
  "question": "what are the major forces affecting the delivery of healthcare today",
  "key_points": {
    "clueweb22-en0028-96-16722": [
      {
        "point_number": 1,
        "point_content": "Individual, organizational, as well as environmental forces, either enrich or stall the quality of healthcare delivery.",
        "spans": [
          "Individual, organizational, as well as environmental forces, either enrich or stall the quality of healthcare delivery."
        ]
      },
      {
        "point_number": 2,
        "point_content": "Personal factors on the physician and the patient and considerations arising from the healthcare setting and the environment at large influence delivery of healthcare.",
        "spans": [
          "Personal factors on the physician and the patient and considerations arising from the healthcare setting and the environment at large influence delivery of healthcare (U.S. SEC)."
        ]
      },
      {
        "point_number": 3,
        "point_content": "Disparities in internal and external forces such as the presence of resources, the cooperation of the patient, and collaboration amidst providers influence the quality of medical services and outcomes of the patient.",
        "spans": [
          "Disparities in internal and external forces such as the presence of resources, the cooperation of the patient, and collaboration amidst providers influence the quality of medical services and outcomes of the patient."
        ]
      },
      {
        "point_number": 4,
        "point_content": "Proper planning, supportive leadership education, and training, as well as efficient management of resources and processes, boost the quality of delivery of healthcare.",
        "spans": [
          "Proper planning, supportive leadership education, and training, as well as efficient management of resources and processes, boost the quality of delivery of healthcare (Mosadeghrad, 2014 p. 210)."
        ]
      },
      {
        "point_number": 5,
        "point_content": "Patient socio-demographics influence how the patient and physician interact and consequently affects the quality of healthcare delivery.",
        "spans": [
          "Patient socio-demographics influence how the patient and physician interact and consequently affects the quality of healthcare delivery."
        ]
      },
      {
        "point_number": 6,
        "point_content": "A physician must be aware of, as well as be sensitive to the culture of the patient.",
        "spans": [
          "A physician must be aware of, as well as be sensitive to the culture of the patient."
        ]
      },
      {
        "point_number": 7,
        "point_content": "Patients can easily switch amidst healthcare providers due to the easy access to medical services that are cost-friendly.",
        "spans": [
          "Patients can easily switch amidst healthcare providers due to the easy access to medical services that are cost-friendly."
        ]
      },
      {
        "point_number": 8,
        "point_content": "Patient cooperation influences the delivery of healthcare.",
        "spans": [
          "Patient cooperation influences the delivery of healthcare."
        ]
      },
      {
        "point_number": 9,
        "point_content": "The severity of the patients illness influences the doctors job stress that consequently sways the overall quality of healthcare delivery.",
        "spans": [
          "The severity of the patients illness influences the doctors job stress that consequently sways the overall quality of healthcare delivery (Mosadeghrad, 2014 pp. 214-218)."
        ]
      },
      {
        "point_number": 10,
        "point_content": "Physician socio-demographic variables affect the delivery of healthcare.",
        "spans": [
          "Physician socio-demographic variables affect the delivery of healthcare."
        ]
      },
      {
        "point_number": 11,
        "point_content": "Physician competence also influences the delivery of healthcare.",
        "spans": [
          "Physician competence also influences the delivery of healthcare."
        ]
      },
      {
        "point_number": 12,
        "point_content": "Physician satisfaction and motivation influence the delivery of healthcare.",
        "spans": [
          "Physician satisfaction and motivation influence the delivery of healthcare (Alexander, Weiner & Griffith, 2006, pp. 1010-1015)."
        ]
      },
      {
        "point_number": 13,
        "point_content": "The availability of resources and quality of healthcare facilities influences the delivery of healthcare.",
        "spans": [
          "The availability of resources and quality of healthcare facilities influences the delivery of healthcare (Mosadeghrad, 2013, p. 2009)."
        ]
      },
      {
        "point_number": 14,
        "point_content": "Collaboration and partnership development affect the delivery of healthcare.",
        "spans": [
          "Lastly, collaboration and partnership development affect the delivery of healthcare."
        ]
      },
      {
        "point_number": 15,
        "point_content": "Healthcare leaders enrich the delivery of healthcare by emphasizing on the importance of cooperation and teamwork amongst the physicians.",
        "spans": [
          "Healthcare leaders enrich the delivery of healthcare by emphasizing on the importance of cooperation and teamwork amongst the physicians."
        ]
      }
    ],
    "clueweb22-en0009-62-04032": [
      {
        "point_number": 1,
        "point_content": "Major forces affecting the delivery of healthcare include ethical issues, loss of control, assessment difficulty, population increase, quality of delivery and sales, increasing cost and the advancement in technology.",
        "spans": [
          "some of the major forces  related to the delivery of healthcare includes the following;  ethical issues, loss of control, assessment difficulty, population increase, quality of delivery and sales, increasing cost and  the advancement in technology"
        ]
      },
      {
        "point_number": 2,
        "point_content": "Technological advancement simplifies the service process and is cost effective but may lack quality improvement due to insufficient knowledge.",
        "spans": [
          "Technological advancement- as a results of the new technologies the service process has been simplified though it is more cost effective. since the technologies  are widely used in  the reduction of cost, they don't mind the improvement of the new quality as a result of insufficient knowledge"
        ]
      },
      {
        "point_number": 3,
        "point_content": "Increasing population influences healthcare delivery by increasing the elderly population and expanding services which may not be properly utilized.",
        "spans": [
          "Increasing population- population is the major factor that  influence  the health care delivery . this is because  population increase will result to  increase in the elderly  people   expanding  their services  which were not  utilized properly"
        ]
      },
      {
        "point_number": 4,
        "point_content": "Increasing cost results from changes in consumer demand and preferences, leading to reduced efficiency and higher service costs.",
        "spans": [
          "Increasing cost- as  a results of  the changes in  consumers demand and preferences it leads to an increase in the cost of services. however, the quality and control efficiency  will results to a  reduction in  the  efficiency  of services  which interns increase the  cost of services"
        ]
      },
      {
        "point_number": 5,
        "point_content": "Assessment difficulty arises due to lack of insurance, inadequate service equipment, and lack of funding, affecting service accessibility.",
        "spans": [
          "assessment difficulty- service sector assessment  is very difficult when there is a rise  of an emergence situation as a result of lack of insurance by the people and also inadequate  service equipment  and other accessories  which may influence the  accessibility of  this services  for  instance lack of funding  for transit services and  also lack of service equipment"
        ]
      },
      {
        "point_number": 6,
        "point_content": "Loss of control occurs due to lack of clear decisions by service providers caused by lack of advancement, knowledge, and concern about quality.",
        "spans": [
          "Loss of control- this is as a result of  lack of control over  the health care decisions due to failure of the service providers to  take clear decisions    because of lack of advancement and knowledge and also they  are not concern about the  quality"
        ]
      },
      {
        "point_number": 7,
        "point_content": "Quality of delivery and sales decline due to decreased hospital use, reducing healthcare service delivery.",
        "spans": [
          "Quality of delivery and  sales- this is as a result of decline in the use of  hospitals  which results to a decrease in the  health care delivery of services"
        ]
      },
      {
        "point_number": 8,
        "point_content": "Ethical issues arise from societal norms and government rules, requiring healthcare services to comply with legal formalities.",
        "spans": [
          "Ethical issues - in the recent past  a lot  of ethical issues are being faced by  every organization  for instance the society norms and rules  including those from the government. therefore the  service that is being provided  should  be concern about their legal  formalities"
        ]
      }
    ],
    "null": [],
    "clueweb22-en0023-17-04614": [
      {
        "point_number": 1,
        "point_content": "Government intervention has caused many challenges in health care delivery including physician shortages, lack of health care quality, chronic disease epidemic, high cost of pharmaceuticals, medical errors and malpractice, and fraud and waste.",
        "spans": [
          "Unfortunately, many of the challenges have actually been caused by government intervention in the health care sector.",
          "These challenges comprise physician shortages, lack of health care quality, the chronic disease epidemic, the high cost of pharmaceuticals, medical errors and medical malpractice, and fraud and waste."
        ]
      },
      {
        "point_number": 2,
        "point_content": "There is a shortage of primary care physicians and specialists due to reduced reimbursement rates and increased demand from Medicaid expansion under ACA.",
        "spans": [
          "Our country is currently experiencing a shortage of primary care physicians that could very easily become a shortage of medical specialists as well if we continue to cut their reimbursement rates.",
          "A side effect of reducing physician reimbursement is that many physicians are refusing to accept Medicaid recipients because the government reimbursement rate is too low.",
          "Making matters worse is the fact that the ACA will add millions of individuals to the Medicaid program, but the physician shortage may deny them access."
        ]
      },
      {
        "point_number": 3,
        "point_content": "The quality of health care in the U.S. is poor compared to other countries despite higher spending, with issues like medical errors and nosocomial infections.",
        "spans": [
          "Another concern of health policy experts is the lack of quality in the health care being supplied to consumers.",
          "Our country spends twice as much as other industrialized countries with far lower returns for our money in terms of improved health indices.",
          "The United States is in the middle of a dangerous epidemic of medical errors, some of them arising from providing too much health care."
        ]
      },
      {
        "point_number": 4,
        "point_content": "The chronic disease epidemic, fueled by obesity and physical inactivity, is a major threat to the health care system and requires a shift towards prevention and health education.",
        "spans": [
          "The chronic disease epidemic is growing rapidly in our country.",
          "It is fueled in no small part by the rise in obesity and is considered by most physicians and public health officials as the greatest medical threat to confront our system of medical care.",
          "This will require our health care system to shift resources away from the cure of disease and toward prevention efforts such as health education.",
          "According to Ogden, Carroll, Kit, and Fiegal (2012), more than one- third of adults and almost 17 percent of youth were obese in 2009 and 2010.",
          "Along with the obesity problem, physical inactivity among the population is also responsible for premature death and disability in epidemic proportions."
        ]
      },
      {
        "point_number": 5,
        "point_content": "Pharmaceuticals are a costly and highly profitable part of the health care system, with high drug prices and patent protections influencing research and costs.",
        "spans": [
          "Pharmaceuticals are a for-profit component of the U.S. health care system; they cost approximately 10 percent of the more than $2 trillion a year spent on the health sector of our economy.",
          "The drug industry produces one of the highest profit levels on an annual basis of all American industries.",
          "The continuous increases in the prices of necessary drugs for treatment of medical conditions are not sustainable in the long term."
        ]
      },
      {
        "point_number": 6,
        "point_content": "Medical errors and malpractice cause significant patient harm and death, with systemic issues in health care delivery contributing to these errors.",
        "spans": [
          "Another major problem found in health care is the danger that patients face on a daily basis when they enter the health care system for assistance with their medical problems.",
          "The United States is in the middle of a dangerous epidemic of medical errors.",
          "The real cause of medical errors in health care facilities is the lack of a system designed to prevent these errors from ever occurring in the first place."
        ]
      },
      {
        "point_number": 7,
        "point_content": "Fraud and waste in the U.S. health care system are enormous, costing hundreds of billions annually and contributing to escalating health care costs.",
        "spans": [
          "The amount of fraud and waste in the U.S. health care delivery system has risen to historic levels and has become one of the most important challenges facing our nation.",
          "A recent study conducted by the IOM (2013) found that the U.S. health care system wastes over $750 billion annually; that is enough money to fund Medicare and Medicaid into the distant future.",
          "This waste represents about thirty cents of every health care dollar, and immediate action to eliminate the waste is required."
        ]
      }
    ],
    "clueweb22-en0034-48-12762": [
      {
        "point_number": 1,
        "point_content": "The health care delivery system faces serious quality and cost challenges, with high per capita spending but not superlative health outcomes.",
        "spans": [
          "this health care system is faced with serious quality and cost challenges",
          "the United States spends more per capita on health care than any other country",
          "the nation's substantial health-related spending has not produced superlative health outcomes for its people"
        ]
      },
      {
        "point_number": 2,
        "point_content": "Insurance coverage is a major determinant of access to health care and health outcomes, with a large uninsured population facing significant barriers.",
        "spans": [
          "For most Americans, having health insurance— under a private plan or through a publicly financed program—is a threshold requirement for routine access to health care",
          "more than 41 million people—more than 80 percent of whom are members of working families—are uninsured",
          "Those without health insurance or without insurance for particular types of services face serious, sometimes insurmountable barriers to necessary and appropriate care"
        ]
      },
      {
        "point_number": 3,
        "point_content": "Safety-net providers play a critical role in providing care to uninsured and vulnerable populations but face financial and operational challenges.",
        "spans": [
          "the role of the safety-net provider is critically important",
          "Safety-net providers are also more likely to offer outreach and enabling services",
          "safety net providers—especially core safety net providers—are being buffeted by the cumulative and concurrent effects of major health policy and market changes"
        ]
      },
      {
        "point_number": 4,
        "point_content": "Certain types of care important for population health, such as clinical preventive services, mental health care, substance abuse treatment, and oral health care, are often neglected due to limited insurance coverage and organization of services.",
        "spans": [
          "the specific types of care that are important for population health—clinical preventive services, mental health care, treatment for substance abuse, and oral health care—are less available",
          "Many forms of publicly or privately purchased health insurance provide limited coverage, and sometimes no coverage, for these services"
        ]
      },
      {
        "point_number": 5,
        "point_content": "Disparities in the quality of care exist for racial and ethnic minorities, influenced by bias, discrimination, and systemic factors.",
        "spans": [
          "Evidence shows that racial and ethnic minorities do not receive the same quality of care afforded white Americans",
          "the factors that may produce disparities in health care include the role of bias, discrimination, and stereotyping at the individual (provider and patient), institution, and health system levels"
        ]
      },
      {
        "point_number": 6,
        "point_content": "The health care system is not well equipped to manage the growing prevalence of chronic diseases effectively.",
        "spans": [
          "The current health care system does not meet the challenge of providing clinically appropriate and cost-effective care for the chronically ill",
          "less than half of U.S. patients with hypertension, depression, diabetes, and asthma are receiving appropriate treatments"
        ]
      },
      {
        "point_number": 7,
        "point_content": "Shortages of health care professionals, including nurses and minority health professionals, affect the quality and accessibility of care.",
        "spans": [
          "shortages of health care professionals, because these shortages are having a significant adverse effect on the quality of health care",
          "the underrepresentation of racial and ethnic minorities in all health professions and the shortage of nurses, especially registered nurses (RNs) practicing in hospitals"
        ]
      },
      {
        "point_number": 8,
        "point_content": "Hospital capacity and emergency response capabilities have been reduced, leading to crowding and ambulance diversions.",
        "spans": [
          "hospitals in many parts of the country reduced the number of patient beds, eliminated certain services, or even closed",
          "Crowding in hospital emergency departments has been recognized as a nationwide problem for more than a decade",
          "One consequence of this crowding is the periodic closure of emergency departments and the diversion of ambulances to other facilities"
        ]
      },
      {
        "point_number": 9,
        "point_content": "Primary care access is crucial for reducing preventable hospitalizations and improving health outcomes.",
        "spans": [
          "Good primary care assures continuity for the patient across levels of care, comprehensiveness of services according to the level of health or illness, and better coordination of these services over time",
          "there is a strong positive association between health care access and preventable hospitalization rates",
          "Good primary care is associated with better birth weights, lower smoking rates, less obesity, and higher rates of seat belt use"
        ]
      },
      {
        "point_number": 10,
        "point_content": "Information technology is essential for improving quality of care, supporting patients, and enhancing public health surveillance, but adoption is limited.",
        "spans": [
          "The development of enhanced information technology and its use in hospitals, individual provider practices, and other segments of the health care delivery system are essential for improving the quality of care",
          "Despite profound growth in clinical knowledge and medical technology, the health care delivery system has been relatively untouched by the revolution in information technology",
          "Only a small fraction of physicians offer e-mail interaction"
        ]
      },
      {
        "point_number": 11,
        "point_content": "Collaboration between the health care delivery system and governmental public health agencies is limited but essential for disease surveillance, quality monitoring, and public health.",
        "spans": [
          "collaboration between the health care sector and governmental public health agencies is generally weak",
          "Disease surveillance and reporting provide a classic exemplar of essential collaboration between the health care system and the governmental public health agencies",
          "Effective surveillance requires timely, accurate, and complete reports from health care providers"
        ]
      },
      {
        "point_number": 12,
        "point_content": "Growing health care costs pose challenges for coverage, quality, emergency preparedness, and investment in information systems.",
        "spans": [
          "health-related (mostly health care-related) spending in the United States amounted to $1.3 trillion in 2000",
          "health care costs are again rising because of several factors",
          "The growing cost of health care has obvious implications for the nation's readiness to address the problems discussed in this chapter"
        ]
      }
    ],
    "clueweb22-en0011-47-11975": [
      {
        "point_number": 1,
        "point_content": "Transition to value-based reimbursement requiring affordable, higher quality care at lower reimbursement rates and provider accountability.",
        "spans": [
          "Transition to value-based reimbursement: Provide more affordable, higher quality care at lower reimbursement rates",
          "Higher quality and cost containment are now coupled",
          "Provider accountability for cost and quality of care"
        ]
      },
      {
        "point_number": 2,
        "point_content": "Shifting volumes and lower reimbursements forcing cost reductions and consolidation.",
        "spans": [
          "Shifting volumes and lower reimbursements",
          "Require most systems to take 20 to 40 percent of costs out of the system",
          "Must identify and remove non-value added cost",
          "Using scale to reduce costs and fixed expenses will lead to accelerating consolidation"
        ]
      },
      {
        "point_number": 3,
        "point_content": "Shift from caring for sick individuals to managing population health with focus on prevention and primary care.",
        "spans": [
          "Moving from caring for sick individuals to managing the health of a population",
          "The law focuses on prevention and primary care to help people stay healthy and to manage chronic medical conditions before they become more complex and costly to treat"
        ]
      },
      {
        "point_number": 4,
        "point_content": "Advances in health information technology enabling clinical integration and big data analytics.",
        "spans": [
          "Advances in HIT",
          "Electronic health records allow for clinical integration",
          "Full optimization requires developing analytics that leverage and optimize big data"
        ]
      },
      {
        "point_number": 5,
        "point_content": "Acceleration in digital health tools, advanced medical technology, and new medical models like telemedicine and personalized medicine.",
        "spans": [
          "Acceleration in introduction of digital health tools, advanced medical technology and medical models",
          "Telemedicine, personalized medicine as accepted models"
        ]
      },
      {
        "point_number": 6,
        "point_content": "Shifting demographics with older, more diverse populations and larger income disparities requiring culturally appropriate care.",
        "spans": [
          "Shifting demographics: Older, more diverse, larger income disparities, greater access",
          "Providers need to be able to provide the appropriate care in the patient's cultural context"
        ]
      },
      {
        "point_number": 7,
        "point_content": "Projected provider shortages necessitating full utilization of care providers and evolving care delivery systems.",
        "spans": [
          "Projected provider shortages",
          "Make sure care providers are working to the full extent of their licensure",
          "Evolving the care delivery system: more care delivered by other care providers other than doctors"
        ]
      },
      {
        "point_number": 8,
        "point_content": "More informed and involved patients requiring closer communication and partnership with providers.",
        "spans": [
          "More informed and involved patients",
          "Shift from providing care to health management requires closer communication between pay providers, patients and care providers"
        ]
      },
      {
        "point_number": 9,
        "point_content": "Increasing government regulation affecting approval processes and healthcare IT systems.",
        "spans": [
          "Increasing government regulation",
          "Deteriorating trust between device and bio-pharmaceutical companies and the FDA, resulting in slower, more complex approval process",
          "FDA considering regulating healthcare IT systems, increasing its involvement in care delivery"
        ]
      },
      {
        "point_number": 10,
        "point_content": "Shrinking availability of capital due to financial difficulties and regulatory unpredictability.",
        "spans": [
          "Shrinking availability of capital",
          "Perceived unpredictability of government regulation dampening investment in medical technology and care providers",
          "Financial difficulties limiting debt capacity for many hospitals"
        ]
      }
    ]
  }
}