{
  "question": "why is there a shortage of school bus drivers",
  "key_points": [
    {
      "point_number": 1,
      "point_content": "There is a nationwide school bus driver shortage in the U.S., which is a structural problem that worsened due to the COVID-19 pandemic and is an annual event when school starts in the fall.",
      "original_point_number": [
        1,
        5,
        12
      ]
    },
    {
      "point_number": 2,
      "point_content": "The COVID-19 pandemic exacerbated the shortage by causing health concerns, especially due to COVID-19 and the delta variant, leading some drivers to leave, retire, or not return to work.",
      "original_point_number": [
        2,
        9,
        13,
        18
      ]
    },
    {
      "point_number": 3,
      "point_content": "Many bus drivers lost their jobs or were furloughed during school closures and remote learning transitions, and it has been difficult to recruit them back.",
      "original_point_number": [
        13,
        16,
        17
      ]
    },
    {
      "point_number": 4,
      "point_content": "Health concerns related to COVID-19, family care needs, and early retirement have caused many people not to return to the labor market, reducing the available labor force.",
      "original_point_number": [
        10,
        11
      ]
    },
    {
      "point_number": 5,
      "point_content": "Low pay, seasonal work limited to the school year, inconsistent and short hours, and difficult working conditions make the school bus driver job less attractive, causing many drivers to leave for higher-paying or more flexible jobs.",
      "original_point_number": [
        6,
        7,
        14,
        15,
        19,
        23
      ]
    },
    {
      "point_number": 6,
      "point_content": "Competition from other transportation jobs and companies like Amazon offering higher pay and more flexible schedules affects the availability of school bus drivers.",
      "original_point_number": [
        3,
        21,
        22
      ]
    },
    {
      "point_number": 7,
      "point_content": "Obtaining a commercial driver’s license (CDL) is costly and time-consuming, and many companies require drivers to have a CDL and at least two years of experience, making it hard for new drivers to enter the industry.",
      "original_point_number": [
        4,
        8,
        20
      ]
    }
  ]
}