{
  "question": "what can be done about school shootings",
  "key_points": {
    "null": [],
    "clueweb22-en0016-70-11594": [
      {
        "point_number": 1,
        "point_content": "Comprehensive strategies and proven approaches are required to prevent school shootings and can be implemented by schools and communities.",
        "spans": [
          "Comprehensive strategies are required to prevent\u0000school shootings. The good news is\u0000there are proven strategies and approaches ready to be\u0000implemented by schools and communities."
        ]
      },
      {
        "point_number": 2,
        "point_content": "Schools are the right place to identify students at risk and who are in despair, as school shootings often involve suicidal thoughts, despair, anger, and access to guns.",
        "spans": [
          "School shootings typically involve a mix of suicidal thoughts, despair and anger-- plus access to guns. Schools are the right place to identify students at risk and who are in despair."
        ]
      },
      {
        "point_number": 3,
        "point_content": "Building a cohesive and supportive school environment is key to preventing school shootings, where students feel safe, there is mutual trust, ongoing dialogue with families, and adequate support for staff.",
        "spans": [
          "Building a cohesive and supportive school environment is key to preventing school shootings and traumatic events like other types of mass shootings. In this environment:\nStudents feel safe to talk to each other and to staff\nThere is mutual trust and respect among students and school staff\nThere is on-going dialogue and relationships with family and community members that interact with the school.\nThere is adequate support,\u0000training and resources for school staff"
        ]
      },
      {
        "point_number": 4,
        "point_content": "Health care providers can help prevent school shootings by identifying young patients at risk and referring them for mental health services.",
        "spans": [
          "Health care providers can also\u0000help in preventing school shootings. They are positioned to identify young patients at risk. At CHOP, primary care and emergency care providers can utilize behavioral health screening tools to identify, assess and refer patients for mental health services to prevent mental illness from being left untreated or ignored."
        ]
      },
      {
        "point_number": 5,
        "point_content": "Programs and policies should aim to reduce aggression, decrease isolation of at-risk youth, promote inclusive school climates, and close gaps in mental health services to prevent violence.",
        "spans": [
          "To reduce the risk for individuals with emotional and behavioral challenges to become violent, programs and policies should have the following aims:\nReduce the day-to-day aggression and the many forms it takes (e.g., physical, social, cyber) within schools and communities.\nDecrease the isolation these children and youth often feel by actively integrating them into peer activities.\nSchools promoting an inclusive climate in which at-risk youth are also learning better problem-solving and conflict resolution skills are more likely to provide a safe and productive atmosphere.\nClose gaps in mental health services for children with emotional and behavioral problems and to provide a broader continuum of mental health care, including exceptions to privacy protection policies to allow for better communication about the mental health needs of students."
        ]
      },
      {
        "point_number": 6,
        "point_content": "Sensible policy recommendations include reducing access to guns for youth, especially those with mental illness.",
        "spans": [
          "For information on preventing school shootings, click here for sensible policy recommendations to reduce access to guns for youth, especially youth with mental illness."
        ]
      }
    ],
    "clueweb22-en0004-86-18562": [
      {
        "point_number": 1,
        "point_content": "Teach social and emotional skills in schools to prevent student violence.",
        "spans": [
          "But social and emotional skills can – and should – be taught in school as a way to prevent student violence."
        ]
      },
      {
        "point_number": 2,
        "point_content": "Hire more counselors and school resource officers to support troubled students and respond quickly to violence.",
        "spans": [
          "Hire more counselors and school resource officers",
          "Putting trained school resource officers and counselors in every school will cost money, but I believe it will save lives."
        ]
      },
      {
        "point_number": 3,
        "point_content": "Use technology such as anonymous reporting systems to identify troubled students early.",
        "spans": [
          "Use technology to identify troubled students",
          "Anonymous reporting systems – perhaps text-message based – can make it easier for parents and students to alert law enforcement and school counselors to kids who seem disconnected or disturbed."
        ]
      },
      {
        "point_number": 4,
        "point_content": "Doctors should conduct standard mental health screenings to detect behavioral problems early.",
        "spans": [
          "Doctors should conduct standard mental health screenings",
          "Doctors could detect these problems early on with a standardized screening at health checkups."
        ]
      },
      {
        "point_number": 5,
        "point_content": "Enlist social media companies to detect repeated online threats and alert law enforcement.",
        "spans": [
          "Enlist social media companies in the effort to detect threats",
          "I would like to see companies like Instagram, Twitter and Snapchat create algorithms that identify repeated online threats and automatically alert local law enforcement."
        ]
      },
      {
        "point_number": 6,
        "point_content": "Parents should think critically about their child's social media use and discuss concerns with professionals.",
        "spans": [
          "Think critically about your child’s social media use",
          "If your child is drawn to violent games and tends to be aggressive or troubled, discuss the situation with your pediatrician or school counselor."
        ]
      },
      {
        "point_number": 7,
        "point_content": "Ensure children get proper sleep and socialization to support mental health.",
        "spans": [
          "Consider what your child is missing out on",
          "Make sure digital devices aren’t disrupting your kids’ sleep, and schedule play dates if your kids don’t make plans on their own."
        ]
      },
      {
        "point_number": 8,
        "point_content": "Assess and support your child's relationships to ensure they have trusted confidants.",
        "spans": [
          "Assess your child’s relationships",
          "For children who struggle to make friends and build relationships, there are programs that can help them learn how."
        ]
      },
      {
        "point_number": 9,
        "point_content": "Manage screen time productively by encouraging a variety of activities for children.",
        "spans": [
          "Fret productively about screen time",
          "Evidence shows that children who experience different pursuits over the course of their day – from sports and music to an after-school job – are happier and healthier for it."
        ]
      },
      {
        "point_number": 10,
        "point_content": "Talk with your child regularly to show care and understand their feelings and experiences.",
        "spans": [
          "Talk with your child",
          "My research shows that simply asking children about their friends, their technology use and their day is an important way to show you care."
        ]
      }
    ],
    "clueweb22-en0020-77-19722": [
      {
        "point_number": 1,
        "point_content": "Strengthen gun laws to ensure gun owners are mentally stable and properly trained.",
        "spans": [
          "Start with gun laws. Strengthen them.",
          "Strengthening gun laws will ensure that those who have ownership of a gun are mentally stable and have proper training."
        ]
      },
      {
        "point_number": 2,
        "point_content": "Improve mental health services to address the root problem of mental instability among shooters.",
        "spans": [
          "If this is the root of the problem, we should be tackling it head on with the improvement of mental health services.",
          "By changing the culture around mental health, removing the stigma, and making access to mental health resources more readily available, we can help with the issue of school shootings"
        ]
      },
      {
        "point_number": 3,
        "point_content": "Increase the number of school counselors to provide mental health resources in schools.",
        "spans": [
          "Increase school counselors.",
          "the need for mental health resources that are readily available in schools is essential."
        ]
      },
      {
        "point_number": 4,
        "point_content": "Improve security protocols at schools as a preventative measure.",
        "spans": [
          "Improve security protocols at schools.",
          "Thinking of this as a preventative measure rather than an invasion of privacy could help with the idea of increasing security protocols."
        ]
      },
      {
        "point_number": 5,
        "point_content": "Focus on the victims and families rather than the shooter to honor their lives and deter future shootings.",
        "spans": [
          "Focus on the victims and families, rather than the shooter.",
          "By focusing on the victims and families, we can see the damage that school shootings have on people, and hopefully, deter this from happening in the future."
        ]
      },
      {
        "point_number": 6,
        "point_content": "Incorporate lessons of emotional and social skills to strengthen mental health early on.",
        "spans": [
          "Incorporate lessons of emotional and social skills.",
          "By incorporating lessons where students can take control of their emotional and social skills, we can tackle issues of strengthening mental health early on."
        ]
      },
      {
        "point_number": 7,
        "point_content": "Monitor social media use to reduce exposure to violence.",
        "spans": [
          "Monitor social media use.",
          "By monitoring the amount of social media use that our children are exposed to, we can impact their exposure to violence."
        ]
      },
      {
        "point_number": 8,
        "point_content": "Decrease exposure to violence in media to reduce its influence on real-world violence.",
        "spans": [
          "Decrease exposure to violence in media.",
          "By decreasing exposure to violence in the media, we would not be swayed by images and other footage that may glorify this type of abuse."
        ]
      },
      {
        "point_number": 9,
        "point_content": "Create and implement a system of safe reporting for threats of violence.",
        "spans": [
          "Create and implement a system of safe reporting.",
          "If students or teachers are hearing someone discuss anything about hurting others or themselves with a gun, there should be a known protocol to report something like this"
        ]
      },
      {
        "point_number": 10,
        "point_content": "Involve parents and communities in efforts to end gun violence and spread awareness.",
        "spans": [
          "Involve parents and communities.",
          "Including parents and districts in the efforts to end gun violence will continue to spread awareness"
        ]
      }
    ],
    "clueweb22-en0016-96-08571": [
      {
        "point_number": 1,
        "point_content": "Parents can play a strong role in promoting schools’ use of security measures and violence-prevention strategies.",
        "spans": [
          "Parents, schools, and communities want to do everything they can to ensure that students are safe, and parents can play a strong role in promoting schools’ use of security measures and violence-prevention strategies."
        ]
      },
      {
        "point_number": 2,
        "point_content": "Schools focus on preparedness with lockdown and evacuation drills and employ school resource officers.",
        "spans": [
          "At last count in 2016, 95 percent of schools reported that they drill students on lockdown procedures, and 92 percent reported practicing evacuation procedures. Forty-two percent of all public schools (and 68 percent of public high schools) also employ school resource officers, who are sworn law enforcement officers trained to work in schools."
        ]
      },
      {
        "point_number": 3,
        "point_content": "Emphasizing school security alone is not enough; prevention must start before a gunman shows up at school.",
        "spans": [
          "Cornell calls a singular focus on building security shortsighted. “We should place more emphasis on preventing shootings rather than preparing for them,” he says. “Prevention must start before a gunman shows up at school.”"
        ]
      },
      {
        "point_number": 4,
        "point_content": "Schools and communities should pursue programs focused on students’ mental wellness, such as threat assessment programs and crisis tip lines.",
        "spans": [
          "Both Cornell and Englander recommend that schools and communities pursue programs focused on students’ mental wellness.",
          "Innovative approaches across the country include Virginia’s threat assessment program, which was mandated statewide in 2013 to proactively resolve student threats before violent acts occur.",
          "In Utah, a state-wide crisis tipline that’s accessible through an app provides students access to crisis counselors and a confidential means of reporting bullying, violence, and threats."
        ]
      },
      {
        "point_number": 5,
        "point_content": "Schools are encouraged to teach social and emotional skills and provide access to in-school counseling and support.",
        "spans": [
          "Across the country, educational experts are encouraging schools to teach social and emotional skills and provide access to in-school counseling and support."
        ]
      },
      {
        "point_number": 6,
        "point_content": "More funding is needed for mental health support staff and training educators in violence prevention and social-emotional learning.",
        "spans": [
          "“We need to sink more money into preventing violence in schools, by staffing schools adequately with mental health support staff and by offering training to all educators in violence prevention and social-emotional learning,” she says."
        ]
      },
      {
        "point_number": 7,
        "point_content": "A multipronged approach to violence prevention including social-skills training is best.",
        "spans": [
          "Stan Adamson, a former mental health counselor and anger management specialist at The Door, a Manhattan youth development agency, says that a multipronged approach to violence prevention is best.",
          "“There should be no tolerance for serious infractions, but there should be a range of interventions available for behavior problems. A young person needs to learn how to use a social-skills response to a difficult situation rather than an aggressive response."
        ]
      },
      {
        "point_number": 8,
        "point_content": "Arming teachers and placing guards at every school entrance is not recommended and funds could be better spent on prevention services.",
        "spans": [
          "In response to recent shootings, some have called for increased gun presence in schools in order to bolster security. Cornell cautions strongly against that approach.",
          "“Arming our teachers is unreasonable, impractical, and dangerous,” he says. “Placing guards at every school entrance would cost an extraordinary amount of money that could be better spent improving our prevention services.”"
        ]
      },
      {
        "point_number": 9,
        "point_content": "Schools are moving toward positive behavioral interventions and comprehensive student support instead of traditional suspensions and expulsions.",
        "spans": [
          "Many schools have transitioned away from traditional punishments that remove kids from the classroom. In their place, schools are moving toward positive behavioral interventions and more comprehensive methods of student support.",
          "Old-fashioned suspensions and expulsions do not address the root cause of the behavior that landed the child in trouble to begin with. Ultimately, those punishments place students further at risk. Counseling and other positive student supports provide a more productive response to misbehavior."
        ]
      },
      {
        "point_number": 10,
        "point_content": "Parents should advocate for better help for troubled youth, stopping bullying, and use of threat assessment, and report troubling behavior.",
        "spans": [
          "Parents should advocate that their schools do a better job of helping troubled youth, stopping bullying and harassment, and using threat assessment to evaluate students who threaten violence,” Cornell says.",
          "Parents and their children can have a direct role in preventing school violence by reporting troubling behavior when they see it, he says. “Parents should explain to their kids that there is a difference between snitching and seeking help to prevent violence and that threats of violence should be reported."
        ]
      }
    ],
    "clueweb22-en0034-62-13775": [
      {
        "point_number": 1,
        "point_content": "Only about half the students would tell an adult if they heard a student talking about shooting someone at school.",
        "spans": [
          "If they heard a student talking about shooting someone at school, only about half the students would tell an adult."
        ]
      },
      {
        "point_number": 2,
        "point_content": "Students are most likely to tell a teacher if they overhear another student talking about shooting someone at school.",
        "spans": [
          "If they overheard another student talking about shootings someone at school, 80 percent said they are most likely to tell a teacher."
        ]
      },
      {
        "point_number": 3,
        "point_content": "Nearly a quarter of students said teachers need to care more about their students to stop school shootings.",
        "spans": [
          "When asked, \"What do you think teachers and other school staff can do to stop school shootings from happening?\" nearly a quarter said teachers need to care more about their students."
        ]
      },
      {
        "point_number": 4,
        "point_content": "The vast majority of student responses on how to prevent school violence fall into eight major categories including care, intervention, education, security, and equality.",
        "spans": [
          "The vast majority of responses (85 percent) can be divided among eight major categories."
        ]
      },
      {
        "point_number": 5,
        "point_content": "23 percent of students want teachers to care more about them and be emotionally involved in their lives to prevent school violence.",
        "spans": [
          "The most popular response (23 percent) was that students wanted their teachers to care about them and become emotionally involved in their lives."
        ]
      },
      {
        "point_number": 6,
        "point_content": "13 percent of students believe there is nothing that can be done to stop school shootings.",
        "spans": [
          "The second most popular response was that there is nothing schools can do to prevent violence (13 percent)."
        ]
      },
      {
        "point_number": 7,
        "point_content": "12 percent of students want teachers and staff to take a more active role in their lives, including intervening in bullying and reporting potential problems.",
        "spans": [
          "Twelve percent of respondents said that they wanted teachers and staff to take a more active part in their lives, and not just in the classroom."
        ]
      },
      {
        "point_number": 8,
        "point_content": "11 percent of students suggest increased security measures such as metal detectors and lockdown drills to prevent school shootings.",
        "spans": [
          "Safety precautions are another popular student suggestion, with 11 percent listing increased security measures as their main concern."
        ]
      },
      {
        "point_number": 9,
        "point_content": "5 percent of students suggest educating students about school violence and gun safety to help prevent shootings.",
        "spans": [
          "Another suggestion was to address the issue of school violence in schools more openly (5 percent)."
        ]
      },
      {
        "point_number": 10,
        "point_content": "4 percent of students believe teachers should treat all students equally to reduce resentment and violence.",
        "spans": [
          "Respondents also felt that all students are not treated equally at school (4%)."
        ]
      }
    ],
    "clueweb22-en0006-65-12092": [
      {
        "point_number": 1,
        "point_content": "More school officials are using metal detectors to detect guns, knives, bombs, or other dangerous objects before entering campus.",
        "spans": [
          "More school officials are using metal detectors.",
          "Not only can metal detectors tell whether someone has a gun, but they can also detect a knife, bomb, or other dangerous object.",
          "Metal detectors can be either handheld or stationary, and students are required to walk through them before entering campus."
        ]
      },
      {
        "point_number": 2,
        "point_content": "Bully prevention programs are implemented because bullying is linked to school shootings.",
        "spans": [
          "Studies have shown that students who are victims of bullying are more likely to bring a gun to school.",
          "In fact, 75 percent of school shooters were bullied.",
          "This is why bully prevention programs have been implemented in schools across the country."
        ]
      },
      {
        "point_number": 3,
        "point_content": "Having police officers on site helps to curb school violence and reduce non-violent crimes.",
        "spans": [
          "Many schools today have police officers to help assist on campus.",
          "Having an officer on site has been shown to be effective for curbing school violence, and has also been shown to help reduce incidences of non-violent crimes like vandalism from occurring on school campuses."
        ]
      },
      {
        "point_number": 4,
        "point_content": "Training teachers to deal with violence and identify at-risk students is a preventive measure.",
        "spans": [
          "More schools are training teachers on how to deal with violence in the classroom.",
          "They are also taught how to identify students who are at an increased risk for committing a violent act."
        ]
      },
      {
        "point_number": 5,
        "point_content": "Parental and student involvement in addressing problems is important in preventing school shootings.",
        "spans": [
          "Even more helpful is having parents and students involved in the process and addressing problems as they arise."
        ]
      }
    ]
  }
}