{
  "question": "how does deforestation cause climate change",
  "key_points": [
    {
      "point_number": 1,
      "point_content": "Deforestation reduces the number of trees that act as carbon sinks by capturing and storing carbon dioxide, leading to increased carbon dioxide in the atmosphere, which contributes significantly to global warming and climate change.",
      "original_point_number": [
        1,
        5,
        11,
        15,
        18,
        33,
        37
      ]
    },
    {
      "point_number": 2,
      "point_content": "When trees are cut down, the carbon stored in them is released back into the atmosphere, further increasing carbon dioxide levels and contributing to climate change; this includes emissions from felled trees left to rot or burned.",
      "original_point_number": [
        6,
        12,
        17,
        19,
        30,
        36
      ]
    },
    {
      "point_number": 3,
      "point_content": "Deforestation causes a triple-whammy of global warming: loss of carbon capture, emissions from felled trees, and emissions from livestock and crops replacing forests, accounting for about a quarter of all emissions worldwide, with deforestation alone causing about 10 percent of worldwide emissions.",
      "original_point_number": [
        7,
        10,
        31
      ]
    },
    {
      "point_number": 4,
      "point_content": "Agriculture is responsible for at least 80 percent of tropical deforestation, which contributes to emissions; farm emissions are second only to those of the energy sector, responsible for about 13 percent of total global emissions, mainly methane and nitrous oxide.",
      "original_point_number": [
        8,
        9
      ]
    },
    {
      "point_number": 5,
      "point_content": "Deforestation affects the water cycle by reducing the number of trees that return water vapor to the atmosphere, impacting weather patterns and climate, creating their own weather systems by circulating water vapor to create clouds and rain, which can lead to desertification.",
      "original_point_number": [
        3,
        13,
        39
      ]
    },
    {
      "point_number": 6,
      "point_content": "Deforestation leads to increased carbon dioxide which also causes ocean acidification, harming marine life.",
      "original_point_number": [
        4
      ]
    },
    {
      "point_number": 7,
      "point_content": "Deforestation and forest degradation can happen quickly, such as when a forest is clear-cut to make way for plantations or settlements, or gradually due to ongoing degradation as temperatures rise from climate change caused by human activity.",
      "original_point_number": [
        20,
        21
      ]
    },
    {
      "point_number": 8,
      "point_content": "The most common pressures causing deforestation and severe forest degradation are agriculture, unsustainable forest management, mining, infrastructure projects, increased fire incidence and intensity, illegal and unsustainable logging, fuelwood harvesting, and forest fires.",
      "original_point_number": [
        22,
        24,
        25,
        26,
        27
      ]
    },
    {
      "point_number": 9,
      "point_content": "Conversion of forests for other land uses, including pulp, palm, and soy plantations, pastures, settlements, roads and infrastructure causes deforestation.",
      "original_point_number": [
        23
      ]
    },
    {
      "point_number": 10,
      "point_content": "Forest loss is both a cause and an effect of our changing climate; climate change can damage forests by drying out tropical rainforests and increasing fire damage in boreal forests, harming biodiversity.",
      "original_point_number": [
        28,
        29
      ]
    },
    {
      "point_number": 11,
      "point_content": "Carbon emissions from deforestation far exceed those from planes, automobiles, and factories, making it a major cause of climate change.",
      "original_point_number": [
        16
      ]
    },
    {
      "point_number": 12,
      "point_content": "Trees absorb heat-trapping greenhouse gases emitted by human activities, which helps mitigate global warming; tropical tree cover can provide a significant portion of climate mitigation needed to meet international climate goals.",
      "original_point_number": [
        2,
        34,
        35
      ]
    },
    {
      "point_number": 13,
      "point_content": "Deforestation causes local temperature increases, contributing to climate change, and leads to natural disasters like floods and storms due to the absence of trees that protect against strong winds and erosion.",
      "original_point_number": [
        38,
        41
      ]
    },
    {
      "point_number": 14,
      "point_content": "Without trees, the concentration of carbon dioxide in the atmosphere increases, causing global warming and adverse climatic changes.",
      "original_point_number": [
        40
      ]
    }
  ]
}