{
  "question": "why parties? the origin and transformation of political parties in america",
  "key_points": {
    "clueweb22-en0031-57-18504": [
      {
        "point_number": 1,
        "point_content": "The book 'Why Parties?: The Origin and Transformation of Political Parties in America' by John H. Aldrich examines the origins and changes in American political parties.",
        "spans": [
          "Why Parties?: The Origin and Transformation of Political Parties in America (American Politics and Political Economy Series) 1st Edition by John H. Aldrich (Author)"
        ]
      },
      {
        "point_number": 2,
        "point_content": "The book addresses why the United States developed political parties and how party alignments change.",
        "spans": [
          "Why did the United States develop political parties? How and why do party alignments change?"
        ]
      },
      {
        "point_number": 3,
        "point_content": "Aldrich reexamines the foundations of the American party system beyond arguments about party resurgence or decline.",
        "spans": [
          "John Aldrich goes beyond the clamor of arguments over whether American political parties are in resurgence or decline and undertakes a wholesale reexamination of the foundations of the American party system."
        ]
      },
      {
        "point_number": 4,
        "point_content": "The book surveys three critical episodes in the development of American political parties from the 1790s to the Civil War.",
        "spans": [
          "Surveying three critical episodes in the development of American political parties—from their formation in the 1790s to the Civil War"
        ]
      },
      {
        "point_number": 5,
        "point_content": "Political parties serve to combat three fundamental problems of democracy: regulating the number of people seeking office, mobilizing voters, and achieving majorities to accomplish goals.",
        "spans": [
          "Aldrich shows how parties serve to combat three fundamental problems of democracy: how to regulate the number of people seeking public office; how to mobilize voters; and how to achieve and maintain the majorities needed to accomplish goals once in office."
        ]
      },
      {
        "point_number": 6,
        "point_content": "Overcoming these obstacles is possible only with political parties.",
        "spans": [
          "Overcoming these obstacles, argues Aldrich, is possible only with political parties."
        ]
      },
      {
        "point_number": 7,
        "point_content": "Since World War II, political parties have changed character, becoming candidate-centered organizations serving office seekers and officeholders.",
        "spans": [
          "Aldrich brings this innovative account up to date by looking at the profound changes in the character of political parties since World War II. In the 1960s, he shows, parties started to become candidate-centered organizations that are servants to their office seekers and officeholders."
        ]
      },
      {
        "point_number": 8,
        "point_content": "This development has revitalized parties, making them stronger, more vital, with well-defined cleavages and effective governing ability.",
        "spans": [
          "Aldrich argues that this development has revitalized parties, making them stronger, and more vital, with well-defined cleavages and highly effective governing ability."
        ]
      }
    ],
    "clueweb22-en0039-21-11048": [
      {
        "point_number": 1,
        "point_content": "The United States developed political parties to combat three fundamental problems of democracy: regulating the number of people seeking public office, mobilizing voters, and achieving and maintaining majorities to accomplish goals once in office.",
        "spans": [
          "Why did the United States develop political parties?",
          "Aldrich shows how parties serve to combat three fundamental problems of democracy: how to regulate the number of people seeking public office; how to mobilize voters; and how to achieve and maintain the majorities needed to accomplish goals once in office."
        ]
      },
      {
        "point_number": 2,
        "point_content": "Political parties have transformed over time, especially since World War II, becoming candidate-centered organizations that serve office seekers and officeholders, revitalizing parties and making them stronger and more vital.",
        "spans": [
          "Aldrich brings this innovative account up to date by looking at the profound changes in the character of political parties since World War II.",
          "In the 1960s, he shows, parties started to become candidate-centered organizations that are servants to their office seekers and officeholders.",
          "Aldrich argues that this development has revitalized parties, making them stronger, and more vital, with well-defined cleavages and highly effective governing ability."
        ]
      }
    ],
    "null": []
  }
}