{
  "question": "why parties? the origin and transformation of political parties in america",
  "key_points": [
    {
      "point_number": 1,
      "point_content": "The book 'Why Parties?: The Origin and Transformation of Political Parties in America' by John H. Aldrich examines the origins and changes in American political parties, addressing why the United States developed political parties and how party alignments change, and reexamining the foundations of the American party system beyond arguments about party resurgence or decline.",
      "original_point_number": [
        1,
        2,
        3
      ]
    },
    {
      "point_number": 2,
      "point_content": "The book surveys three critical episodes in the development of American political parties from the 1790s to the Civil War.",
      "original_point_number": [
        4
      ]
    },
    {
      "point_number": 3,
      "point_content": "The United States developed political parties to combat three fundamental problems of democracy: regulating the number of people seeking public office, mobilizing voters, and achieving and maintaining majorities to accomplish goals once in office; overcoming these obstacles is possible only with political parties.",
      "original_point_number": [
        5,
        6,
        9
      ]
    },
    {
      "point_number": 4,
      "point_content": "Since World War II, political parties have transformed, becoming candidate-centered organizations serving office seekers and officeholders, which has revitalized parties, making them stronger, more vital, with well-defined cleavages and effective governing ability.",
      "original_point_number": [
        7,
        8,
        10
      ]
    }
  ]
}