{
  "question": "why did women take such a prominent role in the reform movement?",
  "key_points": [
    {
      "point_number": 1,
      "point_content": "Three main factors made women take a prominent role in the reform movement: rapid economic growth leading to more women working outside the home; the Second Great Awakening encouraging women to fight social issues like abolition and temperance; and the ideology of the 'cult of domesticity' or 'true womanhood' portraying women as compassionate and morally superior.",
      "original_point_number": [
        1,
        2,
        3,
        4,
        28,
        29,
        30
      ]
    },
    {
      "point_number": 2,
      "point_content": "Women were socially, economically, and politically subordinate to men, lacking rights such as voting and property ownership, and were expected to marry young, raise children, and manage household duties, which motivated their involvement in reform movements.",
      "original_point_number": [
        5,
        6,
        22,
        31
      ]
    },
    {
      "point_number": 3,
      "point_content": "During America's fight for independence, women began to see themselves as equals, able to speak up and gather support, using their passion to help men understand their worth beyond sexism and slavery prejudice.",
      "original_point_number": [
        7,
        8
      ]
    },
    {
      "point_number": 4,
      "point_content": "Women played a special role in early reform movements because morality and good behavior were based on lessons learned in the home, and women were expected to teach their children moral values, making them suited to handle parts of reform such as education.",
      "original_point_number": [
        9,
        23
      ]
    },
    {
      "point_number": 5,
      "point_content": "The women's rights movement originated from abolitionism, with many women supporting both causes, realizing their own political and legal rights were denied, which spurred their fight for women's rights including suffrage.",
      "original_point_number": [
        10,
        11,
        12,
        13,
        29,
        40,
        42
      ]
    },
    {
      "point_number": 6,
      "point_content": "Women leaders like Elizabeth Cady Stanton and Lucretia Mott organized the first national women's rights movement, highlighting inequalities and demanding voting rights, gaining political experience that helped them become early women pioneers in Congress.",
      "original_point_number": [
        14,
        15,
        42
      ]
    },
    {
      "point_number": 7,
      "point_content": "The surge of volunteerism among middle-class women in the late 1880s and early 1890s helped mainstream the suffrage movement and provided new momentum, with women on the frontier accorded more equal status, aiding effective organization to win the vote.",
      "original_point_number": [
        16,
        17,
        36
      ]
    },
    {
      "point_number": 8,
      "point_content": "Women's determination to expand activities beyond the home and their organization in various reform and civic groups contributed to their prominent role in the reform movement, as they were aware of their societal position and sought change.",
      "original_point_number": [
        18,
        19,
        21,
        44
      ]
    },
    {
      "point_number": 9,
      "point_content": "Most men were resistant to women's roles and could not understand why women deserved or wanted to vote, reflecting societal opposition to women's suffrage.",
      "original_point_number": [
        20
      ]
    },
    {
      "point_number": 10,
      "point_content": "Women pushed for their own education to better educate children and society, empowering them to fight for civil rights and form organized groups like the Seneca Falls Convention.",
      "original_point_number": [
        24,
        37
      ]
    },
    {
      "point_number": 11,
      "point_content": "Women helped abolish slavery due to their compassion, which was crucial to understanding slaves as people, and were instrumental in emancipation efforts including organizing informal classes for former indentured workers.",
      "original_point_number": [
        25,
        34
      ]
    },
    {
      "point_number": 12,
      "point_content": "Women participated extensively in key reform movements such as abolition, Progressive movement, fight for equal rights, civil rights movements, and were central figures in suffrage, anti-lynching activism, and feminism.",
      "original_point_number": [
        26,
        27,
        32,
        45
      ]
    },
    {
      "point_number": 13,
      "point_content": "Factors driving women to adopt aggressive reform campaigns included the industrial revolution, abolitionist movement, emergence of middle-class, increase in educated women, religion, and sidelining of women.",
      "original_point_number": [
        33,
        36
      ]
    },
    {
      "point_number": 14,
      "point_content": "The Second Great Awakening gave women a religious and moral dimension to their activism, motivating them to fight social ills and linking to the women's rights movement.",
      "original_point_number": [
        3,
        29,
        38,
        59
      ]
    },
    {
      "point_number": 15,
      "point_content": "The early women's rights movement built upon principles and experiences of other social justice efforts, including abolition and temperance movements, with women like Elizabeth Cady Stanton and Lucretia Mott using those experiences to advocate for women's rights.",
      "original_point_number": [
        39,
        40,
        41,
        42,
        43
      ]
    },
    {
      "point_number": 16,
      "point_content": "Women have always risen to claim their rights and protect others', changing the world, uniting for common causes including protests like those during World War I, and mobilizing large-scale events such as the first International Women's Day in 1911.",
      "original_point_number": [
        47,
        48,
        49,
        50
      ]
    },
    {
      "point_number": 17,
      "point_content": "In 1917, a large women-led demonstration demanding 'bread and peace!' in Russia contributed to the Russian Revolution.",
      "original_point_number": [
        51
      ]
    },
    {
      "point_number": 18,
      "point_content": "Women in the US started the women's suffrage movement after being barred from speaking at an anti-slavery convention, demanding civil, political, and religious rights for women.",
      "original_point_number": [
        52
      ]
    },
    {
      "point_number": 19,
      "point_content": "The Mirabal sisters were outspoken political activists and leaders of resistance against dictatorship, continuing advocacy despite persecution; their assassination shocked the nation, accelerating independence and ending the dictatorship.",
      "original_point_number": [
        53,
        54
      ]
    },
    {
      "point_number": 20,
      "point_content": "Women of the Rendille community in Kenya banded together to protect their lands and took the developer to court.",
      "original_point_number": [
        55
      ]
    },
    {
      "point_number": 21,
      "point_content": "Women's Peer Groups in India work to end child marriage by leading community meetings, pledges, and rallies.",
      "original_point_number": [
        56
      ]
    },
    {
      "point_number": 22,
      "point_content": "The Syrian Women's Advisory Board works to ensure women's perspectives and leadership in the peace process, showing women as leaders, not just victims.",
      "original_point_number": [
        57
      ]
    },
    {
      "point_number": 23,
      "point_content": "Women took leadership roles in reform efforts, tackling a broad range of issues from prisons to education to the abolition of slavery.",
      "original_point_number": [
        58
      ]
    },
    {
      "point_number": 24,
      "point_content": "The 1830s and 1840s was an era of reform and revival in the US, following the Second Great Awakening, with many demanding religious and societal change to support marginalized people.",
      "original_point_number": [
        59
      ]
    },
    {
      "point_number": 25,
      "point_content": "Women played a crucial role in galvanizing the Civil Rights Movement, with Black women founding their own groups due to marginalization, and leaders like Ida B. Wells, Mary Church Terrell, and Septima Clark contributing significantly.",
      "original_point_number": [
        60,
        61,
        62,
        63,
        64
      ]
    },
    {
      "point_number": 26,
      "point_content": "The demand for workers during World War I and the Industrial Revolution led to women entering the workforce, taking roles in factories and as nurses, which was the first time they branched into manual labor, using this platform to increase political involvement and enforce voting rights.",
      "original_point_number": [
        65,
        66,
        67
      ]
    },
    {
      "point_number": 27,
      "point_content": "The shift from rural to city life and less focus on domestic affairs allowed women to take on new roles and question traditional societal roles.",
      "original_point_number": [
        68
      ]
    }
  ]
}