{
  "question": "what social factors affect the restaurant group in the past",
  "key_points": {
    "null": [],
    "clueweb22-en0041-26-17959": [
      {
        "point_number": 1,
        "point_content": "The restaurant industry is a highly fragmented sector dominated by 70 percent independent owners and operators.",
        "spans": [
          "a highly fragmented sector dominated by 70 percent independent owners and operators"
        ]
      },
      {
        "point_number": 2,
        "point_content": "Restaurants are universally labor intensive and spend about 30 percent of their revenue on labor, with increasing focus on fair wages and legislated wage increases.",
        "spans": [
          "Restaurants are universally labor intensive—by any productivity metric they rank among the least productive industries. Labor is required to both produce food in the kitchen and serve to consumers in the dining area. On average, restaurants spend 30 percent of their revenue on labor. With increasing focus on fair wages and legislated wage increases, restaurants may easily exceed that average."
        ]
      },
      {
        "point_number": 3,
        "point_content": "Independent restaurants typically purchase without the ability to hedge or otherwise lock in pricing, and so are at the mercy of supply-price fluctuations.",
        "spans": [
          "Independent restaurants typically purchase without the ability to hedge or otherwise lock in pricing, and so are at the mercy of supply-price fluctuations."
        ]
      },
      {
        "point_number": 4,
        "point_content": "Restaurants typically operate with modest cash reserves and had some of the lowest average cash reserves among small businesses, with only enough to cover 16 days in 2016.",
        "spans": [
          "Restaurants typically operate with modest cash reserves.",
          "In 2016, restaurants had some of the lowest average cash reserves among small businesses, with only enough to cover 16 days."
        ]
      },
      {
        "point_number": 5,
        "point_content": "Restaurants are labor intensive and have thin margins, making it difficult to raise wages without increasing menu prices, which customers may reject.",
        "spans": [
          "Thin industry margins make raising restaurant employee wages nearly impossible absent increased menu prices, which customers hard hit by the crisis are likely to reject."
        ]
      },
      {
        "point_number": 6,
        "point_content": "Many restaurant employees may be reluctant to return to work due to safety concerns and the combination of state unemployment benefits and federal supplements increasing their earnings beyond pre-COVID compensation.",
        "spans": [
          "Some employees may be reluctant to return because the combination of state unemployment benefits and the federal supplement of $600 per week, available until at least August 1, increases their earnings beyond their pre-COVID compensation."
        ]
      },
      {
        "point_number": 7,
        "point_content": "Restaurants are a fundamental part of the social fabric of cities and communities, providing a place of succor and community.",
        "spans": [
          "These are your local coffee shops, donut shops, Chinese takeouts; they are the fabric of our communities.",
          "Without restaurants, cities seem broken, said Cohen.",
          "What restaurants provide—bringing people together—it’s been an honor to be in this business."
        ]
      }
    ],
    "clueweb22-en0003-62-00134": [
      {
        "point_number": 1,
        "point_content": "The restaurant industry has suffered the most significant sales and job losses since the COVID-19 outbreak began.",
        "spans": [
          "The restaurant industry, more than any other industry in the nation, has suffered the most significant sales and job losses since the COVID-19 outbreak began."
        ]
      }
    ],
    "clueweb22-en0008-60-08299": [
      {
        "point_number": 1,
        "point_content": "Existing customers act as promoters through word of mouth and bringing friends and family, which helps increase restaurant sales.",
        "spans": [
          "Your existing customers can be your most prominent advocates.",
          "Restaurants create more sales through their regulars as compared to new customers.",
          "Your regular customers will also market you through word of mouth and by bringing in friends and family, which will help you to increase your restaurant sales."
        ]
      },
      {
        "point_number": 2,
        "point_content": "Social media presence and regular updates help attract and retain customers, impacting restaurant sales.",
        "spans": [
          "Nowadays, everyone is available on social media platforms, be it Facebook, Instagram, Snapchat, or any other.",
          "Hence, the best way to increase your restaurant sales is by harnessing this force and making your presence felt on these platforms.",
          "You can also use these pages for notifying your customers regarding things like changes in the timings of the restaurant or changes in the menu.",
          "Social media is especially beneficial when you have to make announcements regarding special offers or discounts.",
          "Hence, make sure that you reach out to your customers through these pages and even communicate with them on comments.",
          "Also, remember that you must never ignore a bad review. Always acknowledge bad reviews and apologize for the inconvenience."
        ]
      },
      {
        "point_number": 3,
        "point_content": "Providing offers and happy hours attract customers, especially youngsters, and increase sales during slow hours.",
        "spans": [
          "One of the best means to attract already existing and new customers to your restaurant is surely by offering offers on special occasions.",
          "Such a strategy will under all circumstances increase your restaurant sales during the festive season.",
          "If your targeted clientele is the youngsters, then you must provide liquor at cheaper rates since they are generally not ready to burn a hole in their pocket.",
          "Here comes the importance of happy hour strategies.",
          "Provide one plus one on beer, or cocktails at half the price.",
          "The best part about ‘Happy Hours’ is that they are targeted at the time of the day when sales are slow.",
          "Because of this, they draw customers to your restaurant during lean hours and increase restaurant sales."
        ]
      },
      {
        "point_number": 4,
        "point_content": "Offering online ordering helps reach more customers, especially those who prefer food delivery at home.",
        "spans": [
          "Many people nowadays prefer to order food home, rather than going out and indulging in a sumptuous meal.",
          "Offering online food delivery would help you increase your audience base and enable you to reach out to potential customers."
        ]
      },
      {
        "point_number": 5,
        "point_content": "Hosting events attracts regular and potential customers, increasing sales for the event day and long term.",
        "spans": [
          "You can organize comedy nights, karaoke nights, a guest performance, and can host various exciting events that will compel your customers to visit your restaurant on that particular day.",
          "Hosting events will not just bring in your regulars, but also expose you to many potential customers who will not only increase your restaurant sales for the night but in the long run as well."
        ]
      },
      {
        "point_number": 6,
        "point_content": "Pricing menu items according to target audience and competition affects sales positively or negatively.",
        "spans": [
          "While deciding on the menu pricing, you must keep in mind the menu’s food cost, your location, and your target audience.",
          "For example, if your targeted clientele is college students, your prices must be relatively low.",
          "On the contrary, if you are targeting customers for your fine dining restaurant in a posh locality, then you can keep the prices relatively higher.",
          "Research your surroundings before deciding the menu price.",
          "If your competition is serving the same dish with a similar service at a lower price, then your sales are going to see a drop."
        ]
      }
    ],
    "clueweb22-en0039-97-01044": [
      {
        "point_number": 1,
        "point_content": "Nine of 10 people say they enjoy eating out according to a National Restaurant Association study, while half of consumers say restaurants are essential to their lifestyle.",
        "spans": [
          "Nine of 10 people say they enjoy eating out according to a National Restaurant Association study, while half of consumers say restaurants are essential to their lifestyle."
        ]
      }
    ],
    "clueweb22-en0022-26-03268": [
      {
        "point_number": 1,
        "point_content": "State and federal imposed dining and travel restrictions, along with stay at home orders resulting in the temporary and partial closure of businesses, drove a steep decline in sales for most of the restaurants and hotels.",
        "spans": [
          "State and federal imposed dining and travel restrictions, along with stay at home orders resulting in the temporary and partial closure of businesses, drove a steep decline in sales for most of the restaurants and hotels."
        ]
      },
      {
        "point_number": 2,
        "point_content": "Layoffs and furloughs have been a challenging outcome of the global pandemic in every industry, with most restaurants and hotels having to lay off or furlough 70 percent of their employees.",
        "spans": [
          "Layoffs and furloughs have been a challenging outcome of the global pandemic in every industry.",
          "The American Hotel and Lodging Association states that most of the restaurants and hotels had to make difficult decisions to lay off or furlough 70 percent of their employees."
        ]
      },
      {
        "point_number": 3,
        "point_content": "Restaurants and hotels have had to reduce room capacity and remodel dining halls to accommodate social distancing, and some have implemented mandatory mask requirements.",
        "spans": [
          "To follow the guidelines, the restaurants and hotels have had to reduce the room capacity and remodel dining halls to accommodate social distancing.",
          "Some restaurants also have opted to take precautionary measures such as mandatory mask requirement to give a safe dine-in experience to their customers."
        ]
      },
      {
        "point_number": 4,
        "point_content": "Restaurants shifted from dine-in only services to take out and drive through options, changed marketing and advertising strategies, and added safety measures.",
        "spans": [
          "Restaurants went from offering dine-in only services to take out and drive through options.",
          "Marketing and advertising strategies changed, and safety measures have been added."
        ]
      },
      {
        "point_number": 5,
        "point_content": "A significant number of restaurants and hotels permanently closed due to the pandemic, with studies showing 11 percent of restaurants will be permanently closed.",
        "spans": [
          "Even after trying hard to survive and stay in business, a lot of restaurants and hotels permanently closed; studies show 11 percent of restaurants will be permanently closed."
        ]
      }
    ]
  }
}