{
  "question": "what social factors affect the restaurant group in the past",
  "key_points": [
    {
      "point_number": 1,
      "point_content": "The restaurant industry is a highly fragmented sector dominated by 70 percent independent owners and operators.",
      "original_point_number": [
        1
      ]
    },
    {
      "point_number": 2,
      "point_content": "Restaurants are universally labor intensive and spend about 30 percent of their revenue on labor, with increasing focus on fair wages and legislated wage increases, but have thin margins making it difficult to raise wages without increasing menu prices, which customers may reject.",
      "original_point_number": [
        2,
        5
      ]
    },
    {
      "point_number": 3,
      "point_content": "Independent restaurants typically purchase without the ability to hedge or otherwise lock in pricing, and so are at the mercy of supply-price fluctuations.",
      "original_point_number": [
        3
      ]
    },
    {
      "point_number": 4,
      "point_content": "Restaurants typically operate with modest cash reserves and had some of the lowest average cash reserves among small businesses, with only enough to cover 16 days in 2016.",
      "original_point_number": [
        4
      ]
    },
    {
      "point_number": 5,
      "point_content": "Many restaurant employees may be reluctant to return to work due to safety concerns and the combination of state unemployment benefits and federal supplements increasing their earnings beyond pre-COVID compensation.",
      "original_point_number": [
        6
      ]
    },
    {
      "point_number": 6,
      "point_content": "Restaurants are a fundamental part of the social fabric of cities and communities, providing a place of succor and community.",
      "original_point_number": [
        7
      ]
    },
    {
      "point_number": 7,
      "point_content": "The restaurant industry has suffered the most significant sales and job losses since the COVID-19 outbreak began, with state and federal imposed dining and travel restrictions, stay at home orders causing temporary and partial closures, and 11 percent of restaurants permanently closed.",
      "original_point_number": [
        8,
        16,
        20
      ]
    },
    {
      "point_number": 8,
      "point_content": "Existing customers act as promoters through word of mouth and bringing friends and family, which helps increase restaurant sales; social media presence and regular updates, providing offers and happy hours, offering online ordering, hosting events, and pricing menu items according to target audience and competition also positively impact restaurant sales.",
      "original_point_number": [
        9,
        10,
        11,
        12,
        13,
        14
      ]
    },
    {
      "point_number": 9,
      "point_content": "Layoffs and furloughs have been a challenging outcome of the global pandemic in every industry, with most restaurants and hotels having to lay off or furlough 70 percent of their employees.",
      "original_point_number": [
        17
      ]
    },
    {
      "point_number": 10,
      "point_content": "Restaurants and hotels have had to reduce room capacity and remodel dining halls to accommodate social distancing, implement mandatory mask requirements, shift from dine-in only services to take out and drive through options, change marketing and advertising strategies, and add safety measures.",
      "original_point_number": [
        18,
        19
      ]
    }
  ]
}