{
  "question": "how the study of english helps to develop intercultural competence",
  "key_points": [
    {
      "point_number": 1,
      "point_content": "Intercultural competence is the ability to communicate effectively and appropriately with students who are linguistically and culturally different from ourselves, involving understanding that our thoughts and behaviors are influenced by our cultural groups and being open and curious about other cultures.",
      "original_point_number": [
        1,
        10
      ]
    },
    {
      "point_number": 2,
      "point_content": "To effectively support and affirm diverse students and engage in culturally responsive teaching, educators need to develop intercultural competence, which requires respect for and appreciation of other cultures, understanding of other people’s behaviours, ability to accept different behaviours nonjudgmentally, awareness of our own biases, and curiosity and flexibility.",
      "original_point_number": [
        2,
        3
      ]
    },
    {
      "point_number": 3,
      "point_content": "Understanding different cultural behaviours begins with knowledge of what motivates people to think and act the way they do, recognizing differences in cultural values such as individualism and collectivism.",
      "original_point_number": [
        4
      ]
    },
    {
      "point_number": 4,
      "point_content": "Culturally responsive teaching requires teachers to keep an open, non-judgmental mindset and not make assumptions based on experiences with other students from similar backgrounds.",
      "original_point_number": [
        5
      ]
    },
    {
      "point_number": 5,
      "point_content": "Developing intercultural competence involves systematically observing and critically reflecting on our own, our students’, and their parents’ behaviours, including attitudes, knowledge, and skills.",
      "original_point_number": [
        6
      ]
    },
    {
      "point_number": 6,
      "point_content": "The Mindful Reflection Protocol helps educators foster effective intercultural communication by distinguishing objective descriptions of behaviour from subjective evaluations.",
      "original_point_number": [
        7
      ]
    },
    {
      "point_number": 7,
      "point_content": "Learning about different cultural orientations, along with ongoing self-reflection, allows development of intercultural competence and effective culturally responsive teaching.",
      "original_point_number": [
        8
      ]
    },
    {
      "point_number": 8,
      "point_content": "Learning a foreign language helps develop broader intercultural skills that make us more interculturally competent, as language shapes our worldview and values, allowing us to see the world through different cultural lenses, put ourselves in others' shoes, become comfortable with the unknown, and tolerant of ambiguity, which aids cross-cultural communication.",
      "original_point_number": [
        9,
        11,
        12,
        13
      ]
    },
    {
      "point_number": 9,
      "point_content": "Experience of learning a language prompts reflection on communication mistakes and searching for more appropriate ways of communicating in cross-cultural interactions, and intercultural communication skills gained through language learning are necessary in the workplace and improve relationships and decision making.",
      "original_point_number": [
        14,
        15
      ]
    },
    {
      "point_number": 10,
      "point_content": "English language instruction focuses on developing linguistic and intercultural competence, with classrooms serving as places for students to gain greater self-awareness of their own culture and other cultures, increasing intercultural competence and cultural awareness.",
      "original_point_number": [
        16,
        17,
        18
      ]
    },
    {
      "point_number": 11,
      "point_content": "The teaching of cultural issues in additional language classrooms aims to develop intercultural communicative competence in students, which involves attitudes, knowledge, and skills to interact effectively and appropriately with people from different cultures, integrating linguistic competence and intercultural competence.",
      "original_point_number": [
        19,
        28
      ]
    },
    {
      "point_number": 12,
      "point_content": "Teaching about diversity is an important step in achieving intercultural competence in the classroom, as understanding the value of diversity enhances tolerance and acceptance, encourages the search for new information and perspectives, improves decision-making and problem-solving skills, and leads to innovation and discovery.",
      "original_point_number": [
        20,
        21
      ]
    },
    {
      "point_number": 13,
      "point_content": "Have students reflect on their personal identities and cultures to develop their own cultural identities and be accepting of and open to learning about their peers, using methods such as think-pair-share in small groups to get to know diverse backgrounds and foster authentic conversations and acceptance, and interacting with students from different regions and countries through online lessons and pen pal relationships to build cross-cultural relationships and tolerance.",
      "original_point_number": [
        22,
        23,
        24
      ]
    },
    {
      "point_number": 14,
      "point_content": "Intercultural communicative competence (ICC) is an important tool in foreign language teaching and learning, combining communicative competence and intercultural competence to make a learner a perfect mediator in the teaching and learning process of a foreign language.",
      "original_point_number": [
        25
      ]
    },
    {
      "point_number": 15,
      "point_content": "Language is the main medium through which culture is expressed, and developing cultural awareness leads to more critical thinking in language learners; students often learn language rules but lack knowledge about the target culture, so it is fundamental to include cultural background from the beginning of language learning.",
      "original_point_number": [
        26,
        27
      ]
    },
    {
      "point_number": 16,
      "point_content": "The study proposes tasks designed to develop intercultural communicative competence in English language students, which are adaptable, meaningful, and engage students in awareness of their own and foreign cultures, helping them develop skills of observation, interpretation, and critical cultural awareness, and preparing them to manage cultural mediation and cross-cultural misunderstandings.",
      "original_point_number": [
        29,
        30
      ]
    },
    {
      "point_number": 17,
      "point_content": "The tasks integrate the four language skills and combine communicative competence with intercultural communicative competence, enhancing the learner's ability to mediate between cultures and helping learners understand their own and others' cultures, becoming critical observers and cultural mediators.",
      "original_point_number": [
        31,
        32
      ]
    }
  ]
}