{
  "question": "how the study of english helps to develop intercultural competence",
  "key_points": {
    "clueweb22-en0022-33-07861": [
      {
        "point_number": 1,
        "point_content": "Intercultural competence is the ability to communicative effectively and appropriately with students who are linguistically and culturally different from ourselves.",
        "spans": [
          "Intercultural competence is the ability to communicative effectively and appropriately with students who are linguistically and culturally different from ourselves."
        ]
      },
      {
        "point_number": 2,
        "point_content": "To effectively support and affirm diverse students and engage in culturally responsive teaching, educators need to develop intercultural competence.",
        "spans": [
          "to effectively and more deeply support and affirm diverse students and engage in culturally responsive teaching, educators need to develop intercultural competence"
        ]
      },
      {
        "point_number": 3,
        "point_content": "Developing intercultural competence requires respect for and appreciation of other cultures, understanding of other people’s behaviours, ability to accept different behaviours nonjudgmentally, awareness of our own biases, and curiosity and flexibility.",
        "spans": [
          "infusing appropriate cultural material into curriculum and policy is only one component; most importantly, as educators in diverse classrooms, we need to develop effective intercultural competence, which requires the following attributes:\nrespect for and appreciation of other cultures, worldviews and communication styles\nan understanding of other people’s behaviours, cultural customs and ways of thinking regardless of how unusual or strange they may appear\nthe ability and willingness to acknowledge and accept different behaviours and ideas in a nonjudgmental way, especially opinions and perspectives with which we do not necessarily agree\nawareness of our own biases and behaviours in order to respond in a culturally appropriate manner\ncuriosity, flexibility and the willingness to adapt and be open to different ways of thinking and behaving."
        ]
      },
      {
        "point_number": 4,
        "point_content": "Understanding different cultural behaviours begins with knowledge of what motivates people to think and act the way they do, recognizing differences in cultural values such as individualism and collectivism.",
        "spans": [
          "Understanding different cultural behaviours begins with knowledge – an awareness of what motivates people to think the way they think and do what they do. We need to recognize that the expectations we have as classroom teachers and those of our diverse students may not always align because our respective beliefs about and attitudes toward family, social life, work and education are shaped by our respective backgrounds. For example, the education system in Canada has primarily been based on a Eurocentric, Western model which affirms individualism. As a guideline, individualistic cultures tend to focus on independence, personal achievement and assertiveness, as opposed to collectivist cultures, which focus on loyalty to the group and allegiance to family."
        ]
      },
      {
        "point_number": 5,
        "point_content": "Culturally responsive teaching requires teachers to keep an open, non-judgmental mindset and not make assumptions based on experiences with other students from similar backgrounds.",
        "spans": [
          "Culturally responsive teaching requires teachers to keep an open, non-judgmental mindset.",
          "Indeed, as we learn about our students’ cultures, it is best not to make assumptions based on experiences we have had with other students from similar backgrounds."
        ]
      },
      {
        "point_number": 6,
        "point_content": "Developing intercultural competence involves systematically observing and critically reflecting on our own, our students’ and their parents’ behaviours, including attitudes, knowledge and skills.",
        "spans": [
          "Developing intercultural competence involves systematically observing and critically reflecting on our own, our students’ (and their parents’) behaviours.",
          "Fundamental components comprise three basic elements: attitudes, knowledge and skills."
        ]
      },
      {
        "point_number": 7,
        "point_content": "The Mindful Reflection Protocol helps educators foster effective intercultural communication by distinguishing objective descriptions of behaviour from subjective evaluations.",
        "spans": [
          "The Mindful Reflection Protocol is helpful in providing educators with a method to foster effective intercultural communication.",
          "Teachers are encouraged to distinguish objective descriptions of behaviour from those which are subjective and emotionally laden reactions."
        ]
      },
      {
        "point_number": 8,
        "point_content": "Learning about different cultural orientations, along with ongoing self-reflection, allows development of intercultural competence and effective culturally responsive teaching.",
        "spans": [
          "Learning about different cultural orientations, along with on-going self-reflection, allows us to develop intercultural competence and effective culturally responsive teaching."
        ]
      }
    ],
    "null": [],
    "clueweb22-en0006-04-14464": [
      {
        "point_number": 1,
        "point_content": "Learning a foreign language helps develop broader intercultural skills that make us more ‘interculturally competent.’",
        "spans": [
          "Beyond these benefits we can also develop broader intercultural skills that will help us in our international and multicultural interactions – making us more ‘interculturally competent.’"
        ]
      },
      {
        "point_number": 2,
        "point_content": "Intercultural competence involves understanding that our thoughts and behaviors are influenced by our cultural groups and being open and curious about other cultures.",
        "spans": [
          "Intercultural competence is the ability to understand that some of the ways we think and behave are strongly underpinned by the cultural groups we belong to.",
          "In order to be interculturally competent you need to be curious and open to other cultures and their associated attitudes, values and behaviours."
        ]
      },
      {
        "point_number": 3,
        "point_content": "Language shapes our worldview and values, and learning another language allows us to see the world through different cultural lenses.",
        "spans": [
          "The language we speak creates a lens through which we see the world around us and shapes our values and attitudes.",
          "Language helps to shape culture (and vice versa) and learning another language offers us an opportunity to step into this culture and perceive our surroundings in previously unimagined ways."
        ]
      },
      {
        "point_number": 4,
        "point_content": "Speaking a second language helps us 'put ourselves in the other person’s shoes,' which is vital for intercultural competence.",
        "spans": [
          "Speaking a second language means you can switch between languages and lenses and ‘putting yourself in the other person’s shoes’ is a vital component of becoming interculturally competent."
        ]
      },
      {
        "point_number": 5,
        "point_content": "Learning a language makes us comfortable with the unknown and tolerant of ambiguity, which helps in cross-cultural communication.",
        "spans": [
          "The more comfortable you become with the unknown the more you become tolerant of ambiguity – you see it as something attractive rather than frightening.",
          "This is useful in cross-cultural situations as being open and curious about differences in communication style will help to overcome feelings of anxiety and prevent snap judgements."
        ]
      },
      {
        "point_number": 6,
        "point_content": "Experience of learning a language prompts reflection on communication mistakes and searching for more appropriate ways of communicating in cross-cultural interactions.",
        "spans": [
          "When there is a cross-cultural communication breakdown the experience of learning a language prompts us to reflect on our mistakes and search for other, more appropriate ways of communicating."
        ]
      },
      {
        "point_number": 7,
        "point_content": "Intercultural communication skills gained through language learning are necessary in the workplace and improve relationships and decision making.",
        "spans": [
          "Intercultural communication skills have become a necessity in the workplace – even if you are not a regular business traveller you undoubtedly have email or telephone contact with partners from other cultures.",
          "Learning another language can give you more than just the language skills in themselves but can also help you to become more culturally sensitive."
        ]
      }
    ],
    "clueweb22-en0036-32-04637": [
      {
        "point_number": 1,
        "point_content": "English language instruction focused on developing linguistic and intercultural competence.",
        "spans": [
          "Students received 30 hours of an English language instruction which focused on developing linguistic and intercultural competence."
        ]
      },
      {
        "point_number": 2,
        "point_content": "Classrooms can be a place for students to gain greater self-awareness of their own culture and other cultures.",
        "spans": [
          "classrooms can be a place for students to gain a greater self-awareness of their own culture while also gaining a greater awareness of other cultures."
        ]
      },
      {
        "point_number": 3,
        "point_content": "Language classes were identified as a place for increasing intercultural competence and cultural awareness.",
        "spans": [
          "language classes were identified as a place for increasing intercultural competence and cultural awareness"
        ]
      },
      {
        "point_number": 4,
        "point_content": "The teaching of cultural issues in additional language classrooms aims to develop intercultural communicative competence in students.",
        "spans": [
          "The teaching of cultural issues was seen as an important aspect of the additional language classroom, with the overall goal of developing intercultural communicative competence in students"
        ]
      }
    ],
    "clueweb22-en0001-55-18995": [
      {
        "point_number": 1,
        "point_content": "Teaching about diversity is an important step in achieving intercultural competence in your classroom.",
        "spans": [
          "Teaching about diversity is an important step in achieving intercultural competence in your classroom."
        ]
      },
      {
        "point_number": 2,
        "point_content": "When students understand the value of diversity, it enhances tolerance and acceptance, encourages the search for new information and perspectives, improves decision-making and problem-solving skills, and leads to innovation and discovery.",
        "spans": [
          "When students understand the value of diversity, it:\nEnhances tolerance and acceptance\nEncourages the search for new information and perspectives\nImproves decision-making and problem-solving skills\nLeads to innovation and discovery"
        ]
      },
      {
        "point_number": 3,
        "point_content": "Have students reflect on their personal identities and cultures to develop their own cultural identities and be accepting of and open to learning about their peers.",
        "spans": [
          "Have students reflect on their personal identities and cultures",
          "Self-reflection is important for students in developing their own cultural identities.",
          "As they discover and reflect, encourage them to be accepting of and open to learning about their peers."
        ]
      },
      {
        "point_number": 4,
        "point_content": "Think-pair-share in small groups to get to know the diverse backgrounds of classmates and foster authentic conversations and acceptance.",
        "spans": [
          "Think-pair-share in small groups",
          "Give students time to think-pair-share in small groups to get to know the diverse backgrounds of their classmates.",
          "This task will not only foster authentic conversations among classmates but may improve overall classroom cohesion as students begin to learn more about one another and show acceptance toward their differences."
        ]
      },
      {
        "point_number": 5,
        "point_content": "Interact with students from different regions and countries through online lessons and pen pal relationships to build cross-cultural relationships and tolerance.",
        "spans": [
          "Interact with students from different regions and countries",
          "Set up an online Skype lesson where students are able to see other students and collaborate with them while working on assignments.",
          "Pair students up with other students from around the world and create international pen pal relationships that last the whole school year.",
          "Children are more likely to be tolerant and accepting of other cultures when they have firsthand experiences with those who come from backgrounds different than their own."
        ]
      }
    ],
    "clueweb22-en0025-26-12985": [
      {
        "point_number": 1,
        "point_content": "Intercultural communicative competence (ICC) is an important tool in foreign language teaching and learning, combining communicative competence and intercultural competence to make a learner a perfect mediator in the teaching and learning process of a foreign language.",
        "spans": [
          "Nowadays intercultural communicative competence (ICC) is an important tool in foreign language teaching and learning.",
          "They apply the four language skills at the same time, combining communicative competence and intercultural communicative competence, the two aspects that make a learner a perfect mediator within the teaching and learning process of a foreign language."
        ]
      },
      {
        "point_number": 2,
        "point_content": "Language is the main medium through which culture is expressed, and developing cultural awareness leads to more critical thinking in language learners.",
        "spans": [
          "It has been widely recognized that language is used as a main medium through which culture is expressed.",
          "whereas the development of people’s cultural awareness leads to a more critical thinking."
        ]
      },
      {
        "point_number": 3,
        "point_content": "Students often learn language rules but lack knowledge about the target culture, so it is fundamental to include cultural background from the beginning of language learning.",
        "spans": [
          "Most frequently it is found that students to a great extent are taught the rules of language, but are not always able to communicate adequately since they are not knowledgeable enough about the target culture.",
          "Taking into consideration this matter, it is extremely fundamental that students should have some background about the culture of the language studied from the very beginning."
        ]
      },
      {
        "point_number": 4,
        "point_content": "Intercultural communicative competence involves attitudes, knowledge, and skills to interact effectively and appropriately with people from different cultures, integrating linguistic competence and intercultural competence.",
        "spans": [
          "Fantini (2006) defines intercultural communicative competence as the complex of abilities needed to perform effectively and appropriately when interacting with others who are linguistically and culturally different from oneself.",
          "Byram (1997) defines intercultural communicative competence as the relationship of linguistic competence, sociolinguistic competence, discourse competence, and intercultural competence."
        ]
      },
      {
        "point_number": 5,
        "point_content": "The study proposes tasks designed to develop intercultural communicative competence in English language students, which are adaptable, meaningful, and engage students in awareness of their own and foreign cultures.",
        "spans": [
          "The tasks proposed can be adapted to different contexts, taking into account learners’ needs and interests.",
          "They are meaningful and engage students in being aware of their own and foreign cultures."
        ]
      },
      {
        "point_number": 6,
        "point_content": "The tasks help students develop skills of observation, interpretation, and critical cultural awareness, and prepare them to manage cultural mediation and cross-cultural misunderstandings.",
        "spans": [
          "They foster their skills of observation, interpretation and critical cultural awareness.",
          "They help them to manage the cultural mediation and not cultural assimilation.",
          "They make students develop strategies to manage cross-cultural clashes and misunderstandings."
        ]
      },
      {
        "point_number": 7,
        "point_content": "The tasks integrate the four language skills and combine communicative competence with intercultural communicative competence, enhancing the learner's ability to mediate between cultures.",
        "spans": [
          "They apply the four language skills at the same time, combining communicative competence and intercultural communicative competence, the two aspects that make a learner a perfect mediator within the teaching and learning process of a foreign language."
        ]
      },
      {
        "point_number": 8,
        "point_content": "Improving intercultural communicative competence helps learners understand their own and others' cultures, becoming critical observers and cultural mediators.",
        "spans": [
          "The improvement of intercultural communicative competence helps learners in the awareness of their selves and others based on an understanding of how members of a community live in their own world.",
          "language learners must become systematic, critical observers and describers of cultural behaviors, attitudes and beliefs that motivate these behaviors.",
          "They must explore and understand their own culture and be prepared to explain it to those whose experience of life and formations of belief are often very different from their own as well as understand the other cultures where they become cultural mediators."
        ]
      }
    ]
  }
}