{
  "question": "how do police investigate crimes",
  "key_points": [
    {
      "point_number": 1,
      "point_content": "The police must follow Home Office guidelines when deciding whether to investigate a crime and cannot refuse simply because they are too busy or think it’s a waste of time; if the offence falls within Home Office classifications, the police must respond and investigate.",
      "original_point_number": [
        1,
        2
      ]
    },
    {
      "point_number": 2,
      "point_content": "You can demand to see the police guidelines regarding the offence you are reporting, as police should follow these checklists when handling reports of crime.",
      "original_point_number": [
        3
      ]
    },
    {
      "point_number": 3,
      "point_content": "If the police refuse to investigate, complain immediately and ask to speak to a superior or make a formal complaint with the Independent Police Complaints Commission.",
      "original_point_number": [
        4
      ]
    },
    {
      "point_number": 4,
      "point_content": "Framing your allegation to include elements that the police prioritize, such as domestic abuse, racism, or issues involving vulnerable people, may increase the likelihood of investigation.",
      "original_point_number": [
        5
      ]
    },
    {
      "point_number": 5,
      "point_content": "Federal agencies employ criminal investigators who investigate crimes, obtain evidence, and help prosecutors understand case details; investigations may involve search warrants requiring probable cause and a judge's approval; arrests require probable cause and often an arrest warrant from a judge, but can be made immediately if police witness the crime.",
      "original_point_number": [
        6,
        7,
        8,
        9
      ]
    },
    {
      "point_number": 6,
      "point_content": "Police investigations involve knowledge decisions about interpreting and treating information by the investigative team, tactical decisions about what actions should be done, when, and by whom, logistical decisions involving operational supports and resources, and legal decisions to ensure actions are legal and admissible in court.",
      "original_point_number": [
        10,
        11,
        12,
        13
      ]
    },
    {
      "point_number": 7,
      "point_content": "First responding officers are critical to any property crime investigation because they document and capture the crime scene in its purest state.",
      "original_point_number": [
        14
      ]
    },
    {
      "point_number": 8,
      "point_content": "Property Crime Investigation Checklist includes documenting the crime scene, identifying witnesses, broadcasting suspect descriptions, noting points of entry and exit, checking for tool marks, accelerants, and other evidentiary avenues.",
      "original_point_number": [
        15
      ]
    },
    {
      "point_number": 9,
      "point_content": "Investigators should get a detailed list of stolen or destroyed property, prioritize serialized property, place stolen serialized property into NCIC, and share information at roll call for at least three days.",
      "original_point_number": [
        16
      ]
    },
    {
      "point_number": 10,
      "point_content": "Consider other investigative avenues such as checking for similar crimes, suspicious subjects, pawn shops, neighborhood canvass, informants, impound lots, surveillance video, and sharing information with specialized units.",
      "original_point_number": [
        17
      ]
    },
    {
      "point_number": 11,
      "point_content": "Debrief all arrestees charged in unrelated offenses about known criminal information to gather intelligence on property crimes.",
      "original_point_number": [
        18
      ]
    },
    {
      "point_number": 12,
      "point_content": "Consider the application of technology such as GPS tracking on electronic items to aid in recovery and suspect identification.",
      "original_point_number": [
        19
      ]
    },
    {
      "point_number": 13,
      "point_content": "Proper crime scene documentation, evidence collection, detailed report writing, information sharing and the use of technology are steps to determine who’s responsible and aid in property recovery.",
      "original_point_number": [
        20
      ]
    },
    {
      "point_number": 14,
      "point_content": "One of the main roles of the NSW Police Force is to detect and investigate crime and prosecute offenders.",
      "original_point_number": [
        21
      ]
    },
    {
      "point_number": 15,
      "point_content": "The investigation of a crime can take weeks, months or even longer depending upon the amount and type of evidence required to complete the investigation.",
      "original_point_number": [
        22
      ]
    },
    {
      "point_number": 16,
      "point_content": "Usually uniformed police will be the first to attend the scene of a crime and in some instances the matter will be referred to detectives who will take charge of the investigation.",
      "original_point_number": [
        23
      ]
    },
    {
      "point_number": 17,
      "point_content": "During the initial investigation police will interview victims, witnesses, record details, assess the victims need for protection and collect physical evidence.",
      "original_point_number": [
        24
      ]
    },
    {
      "point_number": 18,
      "point_content": "Allowing police to conduct forensic examinations of crime scenes can assist in the criminal investigation process and influence the outcome at court.",
      "original_point_number": [
        25
      ]
    },
    {
      "point_number": 19,
      "point_content": "Police will determine whether an investigation should be continued based upon the nature and circumstances of the offence, the chances of solving the crime, victim needs and community needs.",
      "original_point_number": [
        26
      ]
    },
    {
      "point_number": 20,
      "point_content": "If police proceed with an investigation they will provide the victim with a copy of their statement and keep the victim informed of the progress of the investigation.",
      "original_point_number": [
        27
      ]
    },
    {
      "point_number": 21,
      "point_content": "Police will inform the victim of the charges laid against the accused or the reasons for not laying charges and any decisions related to prosecution.",
      "original_point_number": [
        28
      ]
    },
    {
      "point_number": 22,
      "point_content": "Police should inform the victim of the decision to proceed or not proceed with an investigation and the outcome of any bail application.",
      "original_point_number": [
        29
      ]
    },
    {
      "point_number": 23,
      "point_content": "Depending upon the nature of the crime committed, there are other options other than court to deal with offenders, including Criminal Infringement Notice, Forum Sentencing, and Circle Sentencing.",
      "original_point_number": [
        30
      ]
    }
  ]
}