{
  "question": "how has online shopping grown",
  "key_points": [
    {
      "point_number": 1,
      "point_content": "Global e-commerce sales were about $4.9 trillion in 2021 and are expected to grow to $5.5 trillion by the end of 2022, with forecasts projecting growth to $6.4 trillion by 2024.",
      "original_point_number": [
        1,
        2,
        7
      ]
    },
    {
      "point_number": 2,
      "point_content": "In 2021, there were around 2.14 billion unique online shoppers worldwide.",
      "original_point_number": [
        3,
        7
      ]
    },
    {
      "point_number": 3,
      "point_content": "E-commerce revenue in the U.S. reached $431.6 billion in 2020, marking about a 20% increase from 2019 and surpassing the $400 billion mark for the first time.",
      "original_point_number": [
        4
      ]
    },
    {
      "point_number": 4,
      "point_content": "E-commerce growth was 31% from 2019 to 2020, then returned to a more normal growth level of 14% in 2021, with growth between Q2 2020 and Q1 2021 ranging from 32% to 43.8%, over double the normal expected rate.",
      "original_point_number": [
        5,
        6
      ]
    },
    {
      "point_number": 5,
      "point_content": "Online shopping has increased significantly, becoming a multibillion-dollar industry with more people buying goods and services online than ever before.",
      "original_point_number": [
        8
      ]
    },
    {
      "point_number": 6,
      "point_content": "Online shopping is becoming more like in-person shopping due to businesses adding new features and services to improve the customer experience.",
      "original_point_number": [
        9
      ]
    },
    {
      "point_number": 7,
      "point_content": "63% of shopping occasions begin online, highlighting the importance of a strong online presence for businesses.",
      "original_point_number": [
        10
      ]
    },
    {
      "point_number": 8,
      "point_content": "Nearly half of consumers shop more on mobile devices than in-store, indicating the rise of mobile shopping.",
      "original_point_number": [
        11
      ]
    },
    {
      "point_number": 9,
      "point_content": "The COVID-19 pandemic significantly increased online shopping, especially for groceries, with 42% of the US population purchasing groceries online weekly in March 2020, up from 22% two years prior.",
      "original_point_number": [
        12
      ]
    },
    {
      "point_number": 10,
      "point_content": "Online shopping was gradually increasing even before the COVID-19 pandemic began.",
      "original_point_number": [
        13
      ]
    },
    {
      "point_number": 11,
      "point_content": "Stay-at-home orders during the pandemic led to a huge increase in people ordering groceries, clothing, and household supplies online.",
      "original_point_number": [
        14
      ]
    },
    {
      "point_number": 12,
      "point_content": "Almost two-thirds of respondents did not change their online shopping habits since the pandemic began; about one-quarter shop online more, 13% shop less, with most increases being small.",
      "original_point_number": [
        15,
        16,
        17
      ]
    },
    {
      "point_number": 13,
      "point_content": "People in more-affluent households and younger people (under 35) were more likely to increase their online shopping during the pandemic, while people working in service jobs affected by stay-at-home orders shopped online less often.",
      "original_point_number": [
        18,
        19,
        20
      ]
    },
    {
      "point_number": 14,
      "point_content": "About 20% of people never or almost never shop online, both before and during the COVID-19 pandemic.",
      "original_point_number": [
        21
      ]
    },
    {
      "point_number": 15,
      "point_content": "Younger people were most likely to shop online before the pandemic and increased their frequency during it, while older people are less likely to shop online and their patterns changed less during the pandemic.",
      "original_point_number": [
        22,
        23
      ]
    },
    {
      "point_number": 16,
      "point_content": "People in urban and rural areas have similar online shopping habits, with only slight increases in urban areas during the pandemic.",
      "original_point_number": [
        24
      ]
    },
    {
      "point_number": 17,
      "point_content": "Gender made very little difference in online shopping rates.",
      "original_point_number": [
        25
      ]
    },
    {
      "point_number": 18,
      "point_content": "Online shopping is highest among younger adults and is expected to continue growing as they age.",
      "original_point_number": [
        26
      ]
    },
    {
      "point_number": 19,
      "point_content": "E-commerce retail sales in the US accounted for 16% of sales in Q2 2020, then settled around 13-14% between Q3 2020 and Q2 2021, with projections to grow to 23.6% of all sales by 2025, amounting to $1.648 trillion in sales.",
      "original_point_number": [
        27,
        28,
        31,
        32
      ]
    },
    {
      "point_number": 20,
      "point_content": "UK online retail sales grew by 6.3% year-on-year in October 2019, with e-commerce rising to over a third of all retail sales in November 2020 and January 2021.",
      "original_point_number": [
        29,
        33
      ]
    },
    {
      "point_number": 21,
      "point_content": "Latin America led regional e-commerce growth in 2021 with a 36.7% increase.",
      "original_point_number": [
        30
      ]
    },
    {
      "point_number": 22,
      "point_content": "The COVID-19 pandemic has permanently changed online shopping behaviors, with more than half of respondents shopping online more frequently following the pandemic, especially consumers in emerging economies.",
      "original_point_number": [
        34,
        35,
        36
      ]
    },
    {
      "point_number": 23,
      "point_content": "Online purchases increased by 6 to 10 percentage points across most product categories during the pandemic, with the biggest gains in ICT/electronics, gardening/DIY, pharmaceuticals, education, furniture/household products, and cosmetics/personal care.",
      "original_point_number": [
        37,
        38
      ]
    },
    {
      "point_number": 24,
      "point_content": "Increases in online shopping during COVID-19 vary by country, with the strongest rises in China and Turkey and the weakest in Switzerland and Germany.",
      "original_point_number": [
        39
      ]
    },
    {
      "point_number": 25,
      "point_content": "Women and people with tertiary education increased their online purchases more than others; people aged 25 to 44 reported a stronger increase compared with younger ones.",
      "original_point_number": [
        40
      ]
    },
    {
      "point_number": 26,
      "point_content": "Small merchants in China were most equipped to sell products online, while those in South Africa were least prepared.",
      "original_point_number": [
        41
      ]
    },
    {
      "point_number": 27,
      "point_content": "Most respondents intend to continue shopping online and focusing on essential products in the future, suggesting changes in online shopping habits are likely to outlast the pandemic.",
      "original_point_number": [
        42
      ]
    },
    {
      "point_number": 28,
      "point_content": "Consumers have been buying more online than in stores, with online purchases accounting for 51% of purchases in 2016, up from 47% in 2014.",
      "original_point_number": [
        43
      ]
    },
    {
      "point_number": 29,
      "point_content": "Use of smartphones for purchases increased, with 44% of smartphone users making purchases through their devices, up from 41% a year earlier.",
      "original_point_number": [
        44
      ]
    },
    {
      "point_number": 30,
      "point_content": "About 190 million U.S. consumers, more than half the population, shopped online in 2016.",
      "original_point_number": [
        45
      ]
    },
    {
      "point_number": 31,
      "point_content": "Amazon's e-commerce revenue rose 15.8% in the last 12 months to $82.7 billion, significantly outpacing Walmart's $12.5 billion.",
      "original_point_number": [
        46
      ]
    },
    {
      "point_number": 32,
      "point_content": "The proportion of total sales taking place online grew by over 10% during the pandemic period (March to August) compared to the same period the previous year.",
      "original_point_number": [
        47
      ]
    },
    {
      "point_number": 33,
      "point_content": "Clothing, household goods, and 'other' stores saw their proportion of online sales more than double during the pandemic period.",
      "original_point_number": [
        48
      ]
    },
    {
      "point_number": 34,
      "point_content": "Food stores experienced the largest increase in online sales, nearly doubling in August 2020 compared with February 2020.",
      "original_point_number": [
        49
      ]
    },
    {
      "point_number": 35,
      "point_content": "Large supermarkets reported a huge surge in 'click and collect' and delivery orders during the pandemic.",
      "original_point_number": [
        50
      ]
    },
    {
      "point_number": 36,
      "point_content": "The boost in online sales was driven by physical stores moving sales to their websites, not by online-only stores.",
      "original_point_number": [
        51
      ]
    },
    {
      "point_number": 37,
      "point_content": "Both department stores and household goods stores reported a 70% increase in online sales during August 2020 compared with pre-COVID levels.",
      "original_point_number": [
        52
      ]
    }
  ]
}