{
  "question": "what happens if the government runs out of money",
  "key_points": {
    "clueweb22-en0000-11-03302": [
      {
        "point_number": 1,
        "point_content": "If the government has no money to pay bond holders, then it will be defaulting on its debt.",
        "spans": [
          "If the government has no money to pay bond holders, then it will be defaulting on its debt."
        ]
      },
      {
        "point_number": 2,
        "point_content": "Once the government has started to default on its debt, no-one will want to buy or hold government bonds, causing bond prices to fall and market interest rates to rise.",
        "spans": [
          "once it has started to default on its debt – no-one will want to buy or hold government bonds – so you will see the price of government bonds fall, and the market interest rate rise."
        ]
      },
      {
        "point_number": 3,
        "point_content": "The government may offer a partial default or haircut, paying back a certain percentage of the bond or extending the maturity period.",
        "spans": [
          "Haircut / partial default. If the government is in great financial difficulty it may offer a deal to bond holders that it will pay back a certain percentage, e.g. 50%.",
          "Alternatively, the government may extend the maturity of the bond, e.g. change a 30 year bond into a 45 year bond, to give itself more time to pay it back."
        ]
      },
      {
        "point_number": 4,
        "point_content": "The Central Bank can create money to pay bond holders, acting as lender of last resort to provide liquidity and avoid rising interest rates, but there is a limit to this without causing inflation.",
        "spans": [
          "If there is a Central Bank, the bank can create money in order to be able to pay the bond holders.",
          "In periods of uncertainty, having a Central Bank to act as lender of last resort can help provide liquidity and avoid rising interest rates.",
          "However, depending on the economic circumstances, there is a limit to how much money the Central Bank can create without causing inflation and other economic problems associated with high levels of inflation."
        ]
      },
      {
        "point_number": 5,
        "point_content": "The government can deliberately print money to create inflation, reducing the real value of outstanding bonds, making it easier to pay back, but this is effectively defaulting by inflation and deters future bond buyers.",
        "spans": [
          "However another option is to deliberately print money enough money to create inflation.",
          "High rates of inflation will reduce the real value of the outstanding bonds making it very easy for the government to pay it back.",
          "This is really defaulting by inflation and again, if bondholders see that the value of bond is reduced by inflation, they will be reluctant to buy in the future."
        ]
      },
      {
        "point_number": 6,
        "point_content": "The government could borrow from international organizations like the IMF, but loans usually come with conditions such as cutting government spending and supply side reforms.",
        "spans": [
          "If the government is in financial difficulty it could try and borrow from an international organisation like the IMF (e.g. UK in the 1970s).",
          "The IMF may offer a loan for the government to stay afloat in international bond markets, but the loan will usually come with conditions, such as cutting government spending and supply side reforms."
        ]
      },
      {
        "point_number": 7,
        "point_content": "The government could cut back on government spending, such as stopping welfare benefits or wages, which would be politically unpopular.",
        "spans": [
          "If the government needs to borrow and it can’t. The government could immediately freeze / stop some forms of government spending.",
          "For example, it could stop paying welfare benefits or wages. This, of course, would be highly politically unpopular."
        ]
      }
    ],
    "clueweb22-en0036-02-00346": [
      {
        "point_number": 1,
        "point_content": "The U.S. Treasury stands to run out of cash as soon as October if the debt limit isn't lifted.",
        "spans": [
          "The U.S. Treasury stands to run out of cash as soon as October if the debt limit isn't lifted in the coming weeks"
        ]
      },
      {
        "point_number": 2,
        "point_content": "If no action is taken, the Treasury would need to take \"extraordinary measures\" to finance the government's activities.",
        "spans": [
          "The Treasury would need to take \"extraordinary measures\" to finance the government's activities if no action is taken"
        ]
      },
      {
        "point_number": 3,
        "point_content": "Extraordinary measures include cutting off investments to federal retirement, health benefits and disability funds for civil servants and federal government retirees.",
        "spans": [
          "the department's few options include cutting off investments to federal retirement, health benefits and disability funds for civil servants and federal government retirees"
        ]
      },
      {
        "point_number": 4,
        "point_content": "Even extraordinary measures would only help briefly; the Treasury would probably run out of cash by October or November.",
        "spans": [
          "even those measures would only help briefly, CBO continued, estimating the Treasury would then probably run out of cash in the first quarter of the next fiscal year, which begins on October 1, and most likely by October or November"
        ]
      },
      {
        "point_number": 5,
        "point_content": "If the Treasury runs out of cash, the government would be unable to pay its obligations, forcing it to delay payments, default on debt obligations, or both.",
        "spans": [
          "If the Treasury runs out of cash, CBO says the government would effectively be unable to pay its obligations—forcing it to delay making payments, default on debt obligations or both"
        ]
      },
      {
        "point_number": 6,
        "point_content": "The Treasury says running out of cash could have catastrophic economic consequences.",
        "spans": [
          "which the Treasury says could have “catastrophic economic consequences.”"
        ]
      }
    ],
    "null": [],
    "clueweb22-en0022-64-00969": [
      {
        "point_number": 1,
        "point_content": "If the debt limit is reached and Congress chooses not to lift it, the United States would go into default.",
        "spans": [
          "If the debt limit is reached and Congress chooses not to lift it, the United States would go into default."
        ]
      },
      {
        "point_number": 2,
        "point_content": "Default means failure to repay a debt, leading to catastrophic events including financial crisis and threat to jobs and savings.",
        "spans": [
          "Default is the failure to repay a debt.",
          "According to the US Treasury website, failing to increase the debt ceiling would lead to catastrophic events."
        ]
      },
      {
        "point_number": 3,
        "point_content": "Failure to raise the debt limit would put the United States back in a deep economic hole, just as the country is recovering from recession.",
        "spans": [
          "[Failure to raise the debt limit] would precipitate another financial crisis and threaten the jobs and savings of everyday Americans – putting the United States right back in a deep economic hole, just as the country is recovering from the recent recession."
        ]
      },
      {
        "point_number": 4,
        "point_content": "If the government doesn't raise the debt limit, social security payments couldn't be made, federal employees and US troops would not get paid, and food stamps would come to a halt.",
        "spans": [
          "If the government doesn't raise the debt limit, social security payments couldn't be made, federal employees and US troops would not get paid, and food stamps would come to a halt."
        ]
      },
      {
        "point_number": 5,
        "point_content": "The government has never gone into default in American history, but this is expected to change if the debt ceiling is not raised in October 2021.",
        "spans": [
          "In American history, the government has never gone into default.",
          "This is expected to change in October 2021, should the debt ceiling not be raised."
        ]
      },
      {
        "point_number": 6,
        "point_content": "According to Treasury Secretary Janet Yellen, default could trigger a spike in interest rates, a steep drop in stock prices, financial turmoil, recession, loss of growth and jobs.",
        "spans": [
          "Default could trigger a spike in interest rates, a steep drop in stock prices and other financial turmoil.",
          "Our current economic recovery would reverse into recession, with billions of dollars of growth and millions of jobs lost."
        ]
      }
    ]
  }
}