{
  "question": "what happens if the government runs out of money",
  "key_points": [
    {
      "point_number": 1,
      "point_content": "If the government has no money to pay bond holders, then it will be defaulting on its debt.",
      "original_point_number": [
        1,
        14
      ]
    },
    {
      "point_number": 2,
      "point_content": "Once the government has started to default on its debt, no-one will want to buy or hold government bonds, causing bond prices to fall and market interest rates to rise.",
      "original_point_number": [
        2,
        19
      ]
    },
    {
      "point_number": 3,
      "point_content": "The government may offer a partial default or haircut, paying back a certain percentage of the bond or extending the maturity period.",
      "original_point_number": [
        3
      ]
    },
    {
      "point_number": 4,
      "point_content": "The Central Bank can create money to pay bond holders, acting as lender of last resort to provide liquidity and avoid rising interest rates, but there is a limit to this without causing inflation.",
      "original_point_number": [
        4
      ]
    },
    {
      "point_number": 5,
      "point_content": "The government can deliberately print money to create inflation, reducing the real value of outstanding bonds, making it easier to pay back, but this is effectively defaulting by inflation and deters future bond buyers.",
      "original_point_number": [
        5
      ]
    },
    {
      "point_number": 6,
      "point_content": "The government could borrow from international organizations like the IMF, but loans usually come with conditions such as cutting government spending and supply side reforms.",
      "original_point_number": [
        6
      ]
    },
    {
      "point_number": 7,
      "point_content": "The government could cut back on government spending, such as stopping welfare benefits or wages, which would be politically unpopular.",
      "original_point_number": [
        7
      ]
    },
    {
      "point_number": 8,
      "point_content": "The U.S. Treasury stands to run out of cash as soon as October if the debt limit isn't lifted.",
      "original_point_number": [
        8,
        11
      ]
    },
    {
      "point_number": 9,
      "point_content": "If no action is taken, the Treasury would need to take \"extraordinary measures\" to finance the government's activities, including cutting off investments to federal retirement, health benefits and disability funds for civil servants and federal government retirees, but even these measures would only help briefly.",
      "original_point_number": [
        9,
        10,
        11
      ]
    },
    {
      "point_number": 10,
      "point_content": "If the Treasury runs out of cash, the government would be unable to pay its obligations, forcing it to delay payments, default on debt obligations, or both, which could have catastrophic economic consequences including financial crisis, threat to jobs and savings, recession, loss of growth and jobs.",
      "original_point_number": [
        12,
        13,
        15,
        19
      ]
    },
    {
      "point_number": 11,
      "point_content": "Failure to raise the debt limit would put the United States back in a deep economic hole, just as the country is recovering from recession, and if the government doesn't raise the debt limit, social security payments couldn't be made, federal employees and US troops would not get paid, and food stamps would come to a halt.",
      "original_point_number": [
        16,
        17
      ]
    },
    {
      "point_number": 12,
      "point_content": "The government has never gone into default in American history, but this is expected to change if the debt ceiling is not raised in October 2021.",
      "original_point_number": [
        18
      ]
    }
  ]
}