{
  "question": "why is there a shortage of distilled water",
  "key_points": [
    {
      "point_number": 1,
      "point_content": "There is a shortage of distilled water in stores, including supermarkets and large stores, with shelves often empty or nearly empty, making it difficult to find for uses like humidifiers, medical devices, and other applications.",
      "original_point_number": [
        1,
        3,
        10,
        19,
        20,
        21,
        22,
        24,
        26
      ]
    },
    {
      "point_number": 2,
      "point_content": "The shortage of distilled water is caused by multiple factors including bottle and can shortages, manufacturers focusing on more profitable products, panic buying, hoarding, bulk buying, and increased demand from new users who don't normally buy distilled water.",
      "original_point_number": [
        1,
        4,
        5,
        7,
        12,
        13,
        23,
        25,
        26,
        27
      ]
    },
    {
      "point_number": 3,
      "point_content": "Distilled water demand has increased due to its use in medical equipment and devices such as oxygen machines, CPAP machines, humidifiers, baby formula, healthcare, labs, and other applications like NetiPots, golf cart batteries, certain appliances, and plants.",
      "original_point_number": [
        6,
        8,
        9,
        11,
        24
      ]
    },
    {
      "point_number": 4,
      "point_content": "There is higher demand for distilled water due to respiratory viruses other than COVID-19, which is pushing up demand for humidifier use.",
      "original_point_number": [
        2
      ]
    },
    {
      "point_number": 5,
      "point_content": "There are broader water shortage issues affecting regions such as parts of California and the Lake Mead reservoir area, influenced by climate change and leading to water scarcity for residents in Arizona, Nevada, and Mexico.",
      "original_point_number": [
        14,
        15,
        16
      ]
    },
    {
      "point_number": 6,
      "point_content": "Supply chain issues including shortages of glass jars, bottles, and plastic containers contribute to the shortage of distilled water and other products.",
      "original_point_number": [
        17,
        18,
        30,
        38
      ]
    },
    {
      "point_number": 7,
      "point_content": "Distilled water is produced by boiling water and collecting the condensation, a process that removes impurities but requires time and resources, which may contribute to shortages.",
      "original_point_number": [
        35
      ]
    },
    {
      "point_number": 8,
      "point_content": "There are claims that the distilled water shortage is part of a designed plan to control people, involving engineered supply shortages beyond natural disasters.",
      "original_point_number": [
        36,
        37
      ]
    },
    {
      "point_number": 9,
      "point_content": "Water shortages are a complex issue caused by many factors, leading governments to continuously address these challenges to serve populations, with concerns about steep water shortages in the future.",
      "original_point_number": [
        31,
        32,
        33
      ]
    },
    {
      "point_number": 10,
      "point_content": "In some drought-prone legal jurisdictions, it can be illegal to collect rainwater even on private property, which affects water availability.",
      "original_point_number": [
        34
      ]
    }
  ]
}