{
  "question": "why is there a shortage of distilled water",
  "key_points": {
    "clueweb22-en0004-34-19496": [
      {
        "point_number": 1,
        "point_content": "There is a bottle and can shortage and manufacturers are concentrating on core flavors that are more valuable, leading to gallon jugs being set aside for more profitable 20oz water, which is a problem because distilled water is only sold in gallon jugs.",
        "spans": [
          "there is a bottle and can shortage and manufacturers are concentrating on core flavors that are more valuable",
          "That means gallon jugs are being set aside for more profitable 20oz water, which is a problem because they only sell distilled water in gallon jugs."
        ]
      },
      {
        "point_number": 2,
        "point_content": "There is higher demand for distilled water due to respiratory viruses (something other than covid) which is pushing up demand for humidifier use.",
        "spans": [
          "There is also higher demand due to respiratory viruses (something other than covid) which is pushing up demand for humidifier use."
        ]
      }
    ],
    "null": [],
    "clueweb22-en0011-56-04390": [
      {
        "point_number": 1,
        "point_content": "There is a shortage of distilled water in supermarkets, leading to difficulty in finding it.",
        "spans": [
          "Currently, all of the supermarkets around me ran out of distilled water.",
          "Same problem here in Rhode Island. I went to four different stores yesterday and they were all completely out.",
          "Just hitting the distilled shortage here in the bay area (Peninsula) after going from Safeway to Lucky to Target to CVS to Robert’s to Rite Aid I finally asked the woman at the 2nd Safeway what’s going on… she barked (through her mask) with both hands in the air “Supply and DEMAND!!!”"
        ]
      },
      {
        "point_number": 2,
        "point_content": "People are hoarding distilled water, contributing to the shortage.",
        "spans": [
          "People are outta be ashamed for hoarding these.",
          "Damn good thing I wasn’t swallowing a tall glass of Oatmilk & Pepsi at that very moment."
        ]
      }
    ],
    "clueweb22-en0021-26-15331": [
      {
        "point_number": 1,
        "point_content": "There is a shortage of distilled water because of panic buying and bulk buying.",
        "spans": [
          "Bulk buying mentality has to stop.",
          "Bulk buying is good. Panic buying is not."
        ]
      },
      {
        "point_number": 2,
        "point_content": "Distilled water is used for medical equipment and baby formula, which may contribute to increased demand.",
        "spans": [
          "It’s used for a lot of equipment that people use when they’re sick: humidifiers, nebulizers and such.",
          "It's used to mix baby formula also"
        ]
      },
      {
        "point_number": 3,
        "point_content": "People started buying distilled water to drink when they couldn’t get other bottled water.",
        "spans": [
          "Also I imagine people started buying it to drink when they couldn’t get the other bottled water."
        ]
      }
    ],
    "clueweb22-en0016-56-01099": [
      {
        "point_number": 1,
        "point_content": "Distilled water is used in healthcare/labs and medical devices like oxygen machines, CPAP machines, and humidifiers, which may increase demand.",
        "spans": [
          "Yes, it is used in healthcare/labs.",
          "I think distilled water is used in some oxygen machines?",
          "I know it is used in CPAP machines during sleeping."
        ]
      },
      {
        "point_number": 2,
        "point_content": "Distilled water is important for medical devices because regular water can leave mineral deposits that degrade equipment.",
        "spans": [
          "You really shouldn't use anything but distilled water in medical devices.like that.  Any other water has dissolved minerals (especially \"hard\" water) that will create deposits which degrade equipment, block nozzles, etc."
        ]
      },
      {
        "point_number": 3,
        "point_content": "There is a shortage of distilled water in stores, making it difficult to find for uses like humidifiers and medical devices.",
        "spans": [
          "Why is it so difficult to find distilled water in stores?",
          "Yes, I've been having difficulty finding distilled water for my mom's humidifier."
        ]
      },
      {
        "point_number": 4,
        "point_content": "Distilled water is also used in other applications like NetiPots, golf cart batteries, and for certain appliances and plants, contributing to demand.",
        "spans": [
          "It’s also used for NetiPots/Neti spray bottles.",
          "Batteries used in golf carts require distilled water.  I use distilled water for large expensive houseplants and certain appliances."
        ]
      },
      {
        "point_number": 5,
        "point_content": "People may be buying distilled water mistakenly or in larger quantities, which could contribute to the shortage.",
        "spans": [
          "Maybe people are buying it mistakenly?"
        ]
      }
    ],
    "clueweb22-en0012-16-19289": [
      {
        "point_number": 1,
        "point_content": "The pandemic led to panic-buying as customers rushed to stock up on items that they deemed essential, including water.",
        "spans": [
          "the pandemic led to panic-buying as customers rushed to stock up on items that they deemed essential",
          "Surprisingly, even water wasn't spared and was recently reported to be available only in limited quantities at Costco outlets last month"
        ]
      },
      {
        "point_number": 2,
        "point_content": "Residents in some parts of California have been struggling to get access to water due to water shortage becoming a regular occurrence.",
        "spans": [
          "residents in some parts of California have been struggling to get access to water and have been purchasing it from supermarkets",
          "For many of them, water shortage has become a regular occurrence"
        ]
      },
      {
        "point_number": 3,
        "point_content": "Lake Mead reservoir is experiencing an unprecedented water shortage for the first time, affecting Arizona, Nevada, and Mexico.",
        "spans": [
          "Lake Mead reservoir is experiencing an unprecedented water shortage for the first time",
          "places like Arizona, Nevada, and Mexico will be badly affected in the coming months"
        ]
      },
      {
        "point_number": 4,
        "point_content": "The effects of climate change are contributing to the water shortage.",
        "spans": [
          "We are seeing the effects of climate change."
        ]
      }
    ],
    "clueweb22-en0027-83-06821": [
      {
        "point_number": 1,
        "point_content": "Pandemic supply-chain issues now mean a shortage of glass jars and bottles.",
        "spans": [
          "Pandemic supply-chain issues now mean a shortage of glass jars and bottles."
        ]
      },
      {
        "point_number": 2,
        "point_content": "There is a number of reasons there are shortages - yours may stem from the manufacture of plastic containers.",
        "spans": [
          "There is a number of reasons there are shortages - yours may stem from the manufacture of plastic containers."
        ]
      },
      {
        "point_number": 3,
        "point_content": "The distilled water section, however, was almost empty; the four or five remaining 1-gallon containers were all battered and dented.",
        "spans": [
          "The distilled water section, however, was almost empty; the four or five remaining 1-gallon containers were all battered and dented."
        ]
      }
    ],
    "clueweb22-en0019-31-14627": [
      {
        "point_number": 1,
        "point_content": "There have been 'runs' where affordable sources of pre-bottled, distilled water have been mysteriously out for weeks at a time.",
        "spans": [
          "We've had \"runs\" where the affordable sources of pre-bottled, distilled water (Target, Smart & Final) have been mysteriously out for weeks at a time."
        ]
      },
      {
        "point_number": 2,
        "point_content": "Many stores, including supermarkets and Target, have shelves devoid of distilled water, indicating a widespread shortage.",
        "spans": [
          "I went to two supermarkets and a target this evening but the shelves of all were devoid of distilled water!",
          "Only 3 of 21 Targets near me had it (yes, I live in the home of Target). Previously I had searched and a bunch of the stores said \"no longer carrying this item.\"",
          "None of the grocery stores around me had any distilled water."
        ]
      }
    ],
    "clueweb22-en0026-09-16250": [
      {
        "point_number": 1,
        "point_content": "There is a shortage of distilled water in stores in the Redmond area, with large stores completely out of gallon water jugs.",
        "spans": [
          "I’m out in the Redmond area and I’ve been to two large stores and they are completely out of gallon water jugs."
        ]
      },
      {
        "point_number": 2,
        "point_content": "Hoarding is suggested as a cause of the distilled water shortage.",
        "spans": [
          "Hording. Next time your store gets some in stock pile."
        ]
      },
      {
        "point_number": 3,
        "point_content": "Distilled water is used for CPAP machines to avoid mineral deposits, and users are experiencing shortages in local stores.",
        "spans": [
          "cpap machine uses distilled for humidifier, better for system to avoid mineral deposits etc. ALL local stores here are OUT."
        ]
      }
    ],
    "clueweb22-en0023-91-14718": [
      {
        "point_number": 1,
        "point_content": "Coronavirus concerns have led to a run on grocery stores and short supply of protective gloves and masks, causing a shortage of distilled water.",
        "spans": [
          "Coronavirus concerns have led to a run on grocery stores and short supply of protective gloves and masks."
        ]
      },
      {
        "point_number": 2,
        "point_content": "Finding distilled water, at least for now, could be a problem due to increased buying and stockpiling.",
        "spans": [
          "Finding distilled water, at least for now, could be a problem.",
          "Everybody is buying drinking water thinking we're going on lockdown"
        ]
      }
    ],
    "clueweb22-en0005-11-19783": [
      {
        "point_number": 1,
        "point_content": "There is a shortage of distilled water due to panic buying by people who don't normally buy distilled water.",
        "spans": [
          "There is a shortage of distilled water.  I looked for an explanation and evidently, the problem is panic buying by people who don't normally buy distilled water."
        ]
      },
      {
        "point_number": 2,
        "point_content": "There was a shortage of distilled water in March and April of 2020, but no evidence of current shortages.",
        "spans": [
          "Yes, there was a shortage of distilled water in March and April of 2020, when this video was made. I have seen no evidence of any current shortages."
        ]
      }
    ],
    "clueweb22-en0033-69-08502": [
      {
        "point_number": 1,
        "point_content": "There are a few reasons behind this act; spraying water over green leafy vegetables and fruits keeps them hydrated and prevents them from drying out over the course of their shelf life.",
        "spans": [
          "There are a few reasons behind this act; spraying water over green leafy vegetables and fruits keeps them hydrated and prevents them from drying out over the course of their shelf life."
        ]
      },
      {
        "point_number": 2,
        "point_content": "There is a number of reasons there are shortages - yours may stem from the manufacture of plastic containers.",
        "spans": [
          "There is a number of reasons there are shortages - yours may stem from the manufacture of plastic containers."
        ]
      },
      {
        "point_number": 3,
        "point_content": "This is because there are so many factors causing a shortage of water.",
        "spans": [
          "This is because there are so many factors causing a shortage of water."
        ]
      },
      {
        "point_number": 4,
        "point_content": "Governments are continuously dealing with water shortage issues to serve the masses.",
        "spans": [
          "Governments are continuously dealing with water shortage issues to serve the masses."
        ]
      },
      {
        "point_number": 5,
        "point_content": "This embarks a major concern the world may be facing in the coming years – steep water shortage.",
        "spans": [
          "This embarks a major concern the world may be facing in the coming years – steep water shortage."
        ]
      }
    ],
    "clueweb22-en0039-73-00880": [],
    "clueweb22-en0033-54-01585": [
      {
        "point_number": 1,
        "point_content": "In some legal jurisdictions, it can be illegal to collect rainwater, even on private property. This is more common in drought-prone areas.",
        "spans": [
          "In some legal jurisdictions, it can be illegal to collect rainwater, even on private property. This is more common in drought-prone areas."
        ]
      },
      {
        "point_number": 2,
        "point_content": "Distilled water is made by boiling water and collecting the condensation, which removes impurities but requires time and resources, possibly leading to shortages.",
        "spans": [
          "Distilled water has so many uses—drinking, watering plants, filling humidifiers, topping off fish tanks, and more.",
          "It’s also very easy to make at home with a few basic supplies.",
          "You actually have a few different methods to choose from depending on how much distilled water you’re trying to make.",
          "This wikiHow will walk you through all of them, step-by-step, so you can start making your very own distilled water right at home!"
        ]
      }
    ],
    "clueweb22-en0010-98-14288": [
      {
        "point_number": 1,
        "point_content": "The shortage is part of a designed plan to control people in a new system of their own design.",
        "spans": [
          "it’s part of a series of plans designed by someone to control people in a new system of their own design"
        ]
      },
      {
        "point_number": 2,
        "point_content": "The shortage is not just due to natural disasters but also engineered supply shortages.",
        "spans": [
          "food shortages don’t always happen for natural reasons, but are sometimes engineered"
        ]
      },
      {
        "point_number": 3,
        "point_content": "Increased prices and shortages of energy resources are the most important factors affecting supply chains, contributing to shortages.",
        "spans": [
          "Increased prices and shortages of energy resources are the most important factors affecting supply chains"
        ]
      }
    ]
  }
}