{
  "question": "what happens if you don't register to vote",
  "key_points": {
    "null": [],
    "clueweb22-en0037-00-01367": [
      {
        "point_number": 1,
        "point_content": "If you don’t vote you have not shown preference for anyone standing in the election, or any side in a referendum campaign. Your vote will not be counted for either side or directly affect the result.",
        "spans": [
          "If you don’t vote you have not shown preference for anyone standing in the election, or any side in a referendum campaign. Your vote will not be counted for either side or directly affect the result."
        ]
      },
      {
        "point_number": 2,
        "point_content": "You won’t be fined or arrested for not voting, although councils can technically fine you if you are asked to register and do not do so.",
        "spans": [
          "You won’t be fined or arrested for not voting, although councils can technically fine you if you are asked to register and do not do so."
        ]
      },
      {
        "point_number": 3,
        "point_content": "You will not be fined if you have a valid reason for not registering, for example a long stay in hospital, or you have severe learning difficulties.",
        "spans": [
          "You will not be fined if you have a valid reason for not registering, for example a long stay in hospital, or you have severe learning difficulties"
        ]
      },
      {
        "point_number": 4,
        "point_content": "If you don’t vote your vote does not get transferred to anyone else. You just become another statistic of those that did not turn up.",
        "spans": [
          "If you don’t vote your vote does not get transferred to anyone else. You just become another statistic of those that did not turn up."
        ]
      }
    ],
    "clueweb22-en0039-01-03978": [
      {
        "point_number": 1,
        "point_content": "If you do not vote at a State or local government election and you don't have a valid reason, you will be fined $55.",
        "spans": [
          "If you do not vote at a State or local government election and you don't have a valid reason, you will be fined $55."
        ]
      },
      {
        "point_number": 2,
        "point_content": "Apparent failure to vote notices are sent within three months of an election event if you didn't vote.",
        "spans": [
          "Apparent failure to vote notices are distributed within three months of an election event."
        ]
      },
      {
        "point_number": 3,
        "point_content": "Not knowing about an election is not a valid reason for failing to vote.",
        "spans": [
          "It is important you know about upcoming elections in your area as not knowing about an election is not a valid reason for failing to vote."
        ]
      },
      {
        "point_number": 4,
        "point_content": "If you don't respond to the failure to vote notice within 28 days, a reminder is sent and the matter may be referred to Revenue NSW with an additional $65 fee.",
        "spans": [
          "You must respond within 28 days of the issue date of the notice.",
          "If you do not reply within 28 days, we will send you a reminder notice before referring the matter to Revenue NSW for further action.",
          "There will be an additional $65 fee if this matter does get referred to Revenue NSW."
        ]
      },
      {
        "point_number": 5,
        "point_content": "Referral to Revenue NSW may result in penalty notice enforcement, cancellation or suspension of your driver licence, or cancellation of your car registration.",
        "spans": [
          "Referral may then result in a penalty notice enforcement order against you and lead to the cancellation or suspension of your driver licence, or the cancellation of your car registration."
        ]
      }
    ],
    "clueweb22-en0045-50-06375": [
      {
        "point_number": 1,
        "point_content": "Choosing not to register to vote means you become a statistic, a largely symbolic one, and a mass of absentees and spoilt papers is as symbolic as anything else.",
        "spans": [
          "whether or not I vote, I become a statistic – a largely symbolic one at that – and a mass of absentees and spoilt papers is as symbolic as anything else."
        ]
      },
      {
        "point_number": 2,
        "point_content": "Not registering to vote means you do not give politicians credibility, which they need not just to get into office but for credibility.",
        "spans": [
          "The electoral system, parties and politicians all need votes – not simply to get into office, but more fundamentally for credibility. I, and perhaps a few others, have decided not to give them that credibility."
        ]
      },
      {
        "point_number": 3,
        "point_content": "Those who don't register or vote are often denounced as voiceless and apathetic, but the author argues that not voting does not make one voiceless.",
        "spans": [
          "Those who choose not to vote – whether like me they didn’t register, won’t turn up on the day, or plan on spoiling their ballot – are widely denounced as voiceless wasters who sacrifice their place in a democracy.",
          "To all those who like me aren’t voting: don’t be fooled. You’re not voiceless, and you count just as much as those who put crosses on ballot papers."
        ]
      }
    ],
    "clueweb22-en0008-74-05245": [
      {
        "point_number": 1,
        "point_content": "It has always been the case that it was compulsory to register to vote, and the maximum penalty for failing to do so was £1000, although you would need prosecuted and fined by the courts.",
        "spans": [
          "It has always been the case that it was compulsory to register to vote, and the maximum penalty for failing to do so was £1000, although you would need prosecuted and fined by the courts."
        ]
      },
      {
        "point_number": 2,
        "point_content": "With the switch to IER, the government also changed it so that councils can issue a £80 civil penalty, like a parking ticket, to those failing to register, to make it easier to enforce.",
        "spans": [
          "With the switch to IER, the government also changed it so that councils can issue a £80 civil penalty, like a parking ticket, to those failing to register, to make it easier to enforce."
        ]
      },
      {
        "point_number": 3,
        "point_content": "The intention is that only those who refuse repeatedly can be fined.",
        "spans": [
          "The intention is that only those who refuse repeatedly can be fined."
        ]
      },
      {
        "point_number": 4,
        "point_content": "According to Yougov you cannot opt out if requested to fill in the form. However it does not say you will be fined, only that you may be fined.",
        "spans": [
          "According to Yougov you cannot opt out if requested to fill in the form. However it does not say you will be fined, only that you may be fined."
        ]
      },
      {
        "point_number": 5,
        "point_content": "You are extremely unlikely to be fined and even if you were you could challenge that fine as unreasonable and probably win.",
        "spans": [
          "You are extremely unlikely to be fined and even if you were you could challenge that fine as unreasonable and probably win."
        ]
      }
    ],
    "clueweb22-en0046-72-00292": [
      {
        "point_number": 1,
        "point_content": "Voting is compulsory for all Queenslanders over the age of 18. If you don’t vote, you may receive a fine.",
        "spans": [
          "Voting is compulsory for all Queenslanders over the age of 18.",
          "If you don’t vote, you may receive a fine."
        ]
      },
      {
        "point_number": 2,
        "point_content": "If you receive an ‘apparent failure to vote’ notice, you can provide a valid reason, tell that you did vote, or pay a fine.",
        "spans": [
          "If you receive an ‘apparent failure to vote’ notice, you can: provide a valid and sufficient reason for not voting",
          "tell us that you did vote and provide details",
          "pay a fine of 1 penalty unit at the time of the offence ($137.00) or half this amount ($68.50) if paid before the deadline."
        ]
      },
      {
        "point_number": 3,
        "point_content": "If you don’t respond to the ‘apparent failure to vote’ notice, you’ll be referred to the State Penalties Enforcement Registry (SPER) for further action.",
        "spans": [
          "If you don’t respond to the ‘apparent failure to vote’ notice, we’ll refer you to the State Penalties Enforcement Registry (SPER) for further action."
        ]
      }
    ],
    "clueweb22-en0007-58-12177": [
      {
        "point_number": 1,
        "point_content": "You can no longer register to vote for the elections taking place on 5 May 2022. You can still register for future elections.",
        "spans": [
          "You can no longer register to vote for the elections taking place on 5 May 2022. You can still register for future elections."
        ]
      },
      {
        "point_number": 2,
        "point_content": "To register, you need to give an address where you would be living if it were not for your current situation or an address where you have lived in the past.",
        "spans": [
          "To register, you need to give an address where you would be living if it were not for your current situation or an address where you have lived in the past."
        ]
      }
    ],
    "clueweb22-en0015-33-09061": [
      {
        "point_number": 1,
        "point_content": "If you registered to vote anonymously your details will not appear on either version of the electoral register. You will still be able to vote.",
        "spans": [
          "If you registered to vote anonymously your details will not appear on either version of the electoral register. You will still be able to vote."
        ]
      },
      {
        "point_number": 2,
        "point_content": "Everyone’s name and address goes on the full version of the electoral register, and you cannot opt out. This is the version of the register that’s used for elections and referendums.",
        "spans": [
          "Everyone’s name and address goes on the full version of the electoral register, and you cannot opt out. This is the version of the register that’s used for elections and referendums."
        ]
      }
    ],
    "clueweb22-en0044-30-15429": [
      {
        "point_number": 1,
        "point_content": "It is not illegal to not register to vote in the United States.",
        "spans": [
          "No you don’t have to vote, but it is against the law to vote if you have not registered.",
          "Nobody in the US is compelled to vote or to register to vote.",
          "it is definitely not illegal to not register to vote.",
          "No. Voting is a right and a responsibility, but with that, comes the responsibility to vote INFORMED.",
          "No it's not illegal.",
          "In the US voting is optional.",
          "No honey, it is NOT ‘illegal to not register to vote.’ Not in America.",
          "In the United States, it is up to each of the sevwral states to determine the voting laws, but in none of the states if it legally mandated to register to vote.",
          "Assuming you’re referring to the U.S., there is no requirement to register or vote.",
          "You should rephrase your question: Are you legally required to register to vote? The answer: NO.",
          "It is not illegal not to register to vote in the US.",
          "There is no law requiring U.S. citizens to register to vote. So no, it is not illegal to not register.",
          "No its not illegal.",
          "It’s not illegal to not register to vote.",
          "No. It isn’t illegal not to register to vote.",
          "There are no fines for not registering to vote.",
          "There is no legal requirement to register but obviously you cannot vote without a registration.",
          "No. It is not illegal “not to register to vote”.",
          "No, you have the choice NOT to vote.",
          "It's not illegal to not register to vote."
        ]
      },
      {
        "point_number": 2,
        "point_content": "You cannot vote if you have not registered to vote.",
        "spans": [
          "it is against the law to vote if you have not registered.",
          "You don’t have to register and you don’t have to vote.",
          "if you don't want to vote that is your choice and you do not have to register to vote.",
          "if you don't register to vote, you just can’t vote unless you do.",
          "you won’t be able to vote without registering.",
          "you can’t vote unless you do."
        ]
      },
      {
        "point_number": 3,
        "point_content": "Not registering to vote means you lose the opportunity to participate in elections and influence political outcomes.",
        "spans": [
          "if you don't want to vote you really shouldn't complain about anything political or any laws that are passed because you did not even",
          "when things go to hell when the wrong person wins, you have nobody to blame but yourself for not speaking up with your vote.",
          "if you don’t vote, you share in the responsibility of electing incompetent or corrupt candidates.",
          "if you wish to have ‘voice’ in what HAPPENS in America, if you wish to have a voice to make CHANGES in America, if you wish to make ‘America’ a HOME for yourself, and for your CHILDREN and you are a CITIZEN, then, if you are ABLE to vote, then you must REGISTER to vote, and then, you MUST vote!",
          "if you don’t vote you really shouldn’t complain about anything political or any laws that are passed because you did not even",
          "if you don’t vote, you share in the responsibility of electing incompetent or corrupt candidates.",
          "if you don't register to vote, you just can’t vote unless you do.",
          "If so, DON’T ever complain about any politician since YOU DIDN’T vote!"
        ]
      },
      {
        "point_number": 4,
        "point_content": "Not registering to vote may have other consequences such as not being called for jury duty or difficulty in credit verification.",
        "spans": [
          "Also jurors are selected from voter registration lists, so you may never have to serve on a jury if you don't register!",
          "It is not illegal to fail to register but it can have consequences. You may find it more difficult to get credit. Companies will check the details you have given them against the electoral roll, which is a public document, as part of the verification process of who you are."
        ]
      }
    ]
  }
}