{
  "question": "what happens if you don't register to vote",
  "key_points": [
    {
      "point_number": 1,
      "point_content": "If you don’t vote, you have not shown preference for anyone standing in the election or any side in a referendum campaign; your vote will not be counted for either side or directly affect the result, and your vote does not get transferred to anyone else; you just become another statistic of those that did not turn up.",
      "original_point_number": [
        1,
        4
      ]
    },
    {
      "point_number": 2,
      "point_content": "You won’t be fined or arrested for not voting, although councils can technically fine you if you are asked to register and do not do so; you are extremely unlikely to be fined and even if you were you could challenge that fine as unreasonable and probably win.",
      "original_point_number": [
        2,
        17
      ]
    },
    {
      "point_number": 3,
      "point_content": "You will not be fined if you have a valid reason for not registering, for example a long stay in hospital, or you have severe learning difficulties.",
      "original_point_number": [
        3
      ]
    },
    {
      "point_number": 4,
      "point_content": "If you do not vote at a State or local government election and you don't have a valid reason, you will be fined $55; apparent failure to vote notices are sent within three months of an election event if you didn't vote; if you receive an ‘apparent failure to vote’ notice, you can provide a valid reason, tell that you did vote, or pay a fine; if you don't respond to the failure to vote notice within 28 days, a reminder is sent and the matter may be referred to Revenue NSW with an additional $65 fee; if you don’t respond to the ‘apparent failure to vote’ notice, you’ll be referred to the State Penalties Enforcement Registry (SPER) for further action; referral to Revenue NSW may result in penalty notice enforcement, cancellation or suspension of your driver licence, or cancellation of your car registration.",
      "original_point_number": [
        5,
        6,
        8,
        9,
        19,
        20
      ]
    },
    {
      "point_number": 5,
      "point_content": "Not knowing about an election is not a valid reason for failing to vote.",
      "original_point_number": [
        7
      ]
    },
    {
      "point_number": 6,
      "point_content": "Choosing not to register to vote means you become a statistic, a largely symbolic one, and a mass of absentees and spoilt papers is as symbolic as anything else; not registering to vote means you do not give politicians credibility, which they need not just to get into office but for credibility; those who don't register or vote are often denounced as voiceless and apathetic, but the author argues that not voting does not make one voiceless.",
      "original_point_number": [
        10,
        11,
        12
      ]
    },
    {
      "point_number": 7,
      "point_content": "It has always been the case that it was compulsory to register to vote, and the maximum penalty for failing to do so was £1000, although you would need to be prosecuted and fined by the courts; with the switch to IER, the government also changed it so that councils can issue an £80 civil penalty, like a parking ticket, to those failing to register, to make it easier to enforce; the intention is that only those who refuse repeatedly can be fined.",
      "original_point_number": [
        13,
        14,
        15
      ]
    },
    {
      "point_number": 8,
      "point_content": "According to Yougov, you cannot opt out if requested to fill in the form; however, it does not say you will be fined, only that you may be fined.",
      "original_point_number": [
        16
      ]
    },
    {
      "point_number": 9,
      "point_content": "Voting is compulsory for all Queenslanders over the age of 18; if you don’t vote, you may receive a fine.",
      "original_point_number": [
        18
      ]
    },
    {
      "point_number": 10,
      "point_content": "You can no longer register to vote for the elections taking place on 5 May 2022; you can still register for future elections.",
      "original_point_number": [
        21
      ]
    },
    {
      "point_number": 11,
      "point_content": "To register, you need to give an address where you would be living if it were not for your current situation or an address where you have lived in the past.",
      "original_point_number": [
        22
      ]
    },
    {
      "point_number": 12,
      "point_content": "If you registered to vote anonymously, your details will not appear on either version of the electoral register; you will still be able to vote.",
      "original_point_number": [
        23
      ]
    },
    {
      "point_number": 13,
      "point_content": "Everyone’s name and address goes on the full version of the electoral register, and you cannot opt out; this is the version of the register that’s used for elections and referendums.",
      "original_point_number": [
        24
      ]
    },
    {
      "point_number": 14,
      "point_content": "It is not illegal to not register to vote in the United States.",
      "original_point_number": [
        25
      ]
    },
    {
      "point_number": 15,
      "point_content": "You cannot vote if you have not registered to vote.",
      "original_point_number": [
        26
      ]
    },
    {
      "point_number": 16,
      "point_content": "Not registering to vote means you lose the opportunity to participate in elections and influence political outcomes.",
      "original_point_number": [
        27
      ]
    },
    {
      "point_number": 17,
      "point_content": "Not registering to vote may have other consequences such as not being called for jury duty or difficulty in credit verification.",
      "original_point_number": [
        28
      ]
    }
  ]
}