{
  "question": "are standardized tests effective",
  "key_points": {
    "null": [],
    "clueweb22-en0018-21-17700": [
      {
        "point_number": 1,
        "point_content": "Standardized tests offer an objective measurement of education and a good metric to gauge areas for improvement.",
        "spans": [
          "Standardized tests offer an objective measurement of education and a good metric to gauge areas for improvement.",
          "Standardized tests offer students across the country a unified measure of their knowledge.",
          "At their core, standardized exams are designed to be objective measures. They assess students based on a similar set of questions, are given under nearly identical testing conditions, and are graded by a machine or blind reviewer. They are intended to provide an accurate, unfiltered measure of what a student knows.",
          "With problematic questions removed, or adapted for different populations of students, standardized tests offer the best objective measure of what students have learned. Taking that information, schools can determine areas for improvement."
        ]
      },
      {
        "point_number": 2,
        "point_content": "Standardized tests offer meaningful data to help students in marginalized groups.",
        "spans": [
          "Standardized tests offer meaningful data to help students in marginalized groups.",
          "If I don’t have testing data to make sure my child’s on the right track, I’m not able to intervene and say there is a problem and my child needs more.",
          "It’s really important to have a statewide test because of the income disparity that exists in our society.",
          "a real plus of these assessments is that they’ve really shone a light on the differences across sub-groups.",
          "Inclusion of students with disabilities and English learners in summative tests used for accountability allows us to measure how well the system is doing for these students, and then it is possible to fill in gaps in instructional opportunity.",
          "Advocates for marginalized groups of students, whether by race, learning disability, or other difference, can use testing data to prove a problem exists and to help solve the problem via more funding, development of programs, or other solutions.",
          "We only know that there’s a difference between White students and Black students and other students of color because we have the data.",
          "Data obtained through some standardized tests are particularly important to the civil rights community because they are the only available, consistent, and objective source of data about disparities in educational outcomes, even while vigilance is always required to ensure tests are not misused. These data are used to advocate for greater resource equity in schools and more fair treatment for students of color, low-income students, students with disabilities, and English learners… [W]e cannot fix what we cannot measure."
        ]
      },
      {
        "point_number": 3,
        "point_content": "Standardized tests are useful metrics for teacher evaluations.",
        "spans": [
          "Standardized tests are useful metrics for teacher evaluations.",
          "While grades and other measures are useful for teacher evaluations, standardized tests provide a consistent measure across classrooms and schools.",
          "Individual school administrators, school districts, and the state can compare teachers using test scores to show how each teacher has helped students master core concepts.",
          "The more data that can be provided, the more accurate the teacher evaluation decisions will end up being. Teacher evaluations should incorporate as many pieces of data as possible. Administration observation, student surveys, student test scores, professional portfolios, and on and on. The more data that is used, the more accurate the picture it will paint."
        ]
      },
      {
        "point_number": 4,
        "point_content": "Standardized test scores are good indicators of college and job success.",
        "spans": [
          "Standardized tests scores are good indicators of college and job success.",
          "Standardized tests can offer evidence of and promote academic rigor, which is invaluable in college as well as in students’ careers.",
          "considerable research suggests that interventions that help students improve test scores are linked to better adult outcomes such as college attendance, higher incomes, and the avoidance of risky behaviors… In other words, creating learning environments that lead to higher test scores is also likely to improve students’ long-term success in college and beyond…",
          "Standardized test scores have long been correlated with better college and life outcomes.",
          "students who score one standard deviation higher on math tests at the end of high school have been shown to earn 12% more annually, or $3,600 for each year of work life in 2001… Similarly… test scores are significantly correlated not only with educational attainment and labor market outcomes (employment, work experience, choice of occupation), but also with risky behavior (teenage pregnancy, smoking, participation in illegal activities)."
        ]
      },
      {
        "point_number": 5,
        "point_content": "Standardized tests only determine which students are good at taking tests, offer no meaningful measure of progress, and have not improved student performance.",
        "spans": [
          "Standardized tests only determine which students are good at taking tests, offer no meaningful measure of progress, and have not improved student performance.",
          "Standardized test scores are easily influenced by outside factors: stress, hunger, tiredness, and prior teacher or parent comments about the difficulty of the test, among other factors.",
          "In short, the tests only show which students are best at preparing for and taking the tests, not what knowledge students might exhibit if their stomachs weren’t empty.",
          "Students are tested on grade-appropriate material, but they are not re-tested to determine if they have learned information they tested poorly on the year before.",
          "each “state currently reports yearly change, by comparing the scores of this year’s students against the scores of last year’s students who were in the same grade. Even though educators, parents and policymakers might think change signals impact, it says much more about the change in who the students are because it is not measuring the growth of the same student from one year to the next.”",
          "Despite an increased focus on standardized testing, U.S. results in international comparisons show we have made no significant improvement over the past 20 years, according to the Program for International Student Assessment (PISA).",
          "The U.S. most recently ranked 23rd, 39th and 25th in reading, math and science, respectively.",
          "Our focus on standardized testing hasn’t helped us improve our results!"
        ]
      },
      {
        "point_number": 6,
        "point_content": "Standardized tests are racist, classist, and sexist.",
        "spans": [
          "Standardized tests are racist, classist, and sexist.",
          "The origin of American standardized tests are those created by psychologist Carl Brigham, PhD, for the Army during World War I, which was later adapted to become the SAT.",
          "The Army tests were created specifically to segregate soldiers by race, because at the time science inaccurately linked intelligence and race.",
          "Racial bias has not been stripped from standardized tests.",
          "Traditionally constructed standardized achievements, the kinds that we’ve used in this country for a long while, are intended chiefly to discriminate among students … to say that someone was in the 83rd percentile and someone is at 43rd percentile. And the reason you do that is so you can make judgments among these kids. But in order to do so, you have to make sure that the test has in fact a spread of scores. One of the ways to have that test create a spread of scores is to limit items in the test to socioeconomic variables, because socioeconomic status is a nicely spread out distribution, and that distribution does in fact spread kids’ scores out on a test.",
          "Too often, test designers rely on questions which assume background knowledge more often held by White, middle-class students.",
          "It’s not just that the designers have unconscious racial bias; the standardized testing industry depends on these kinds of biased questions in order to create a wide range of scores.",
          "Many well-resourced students have far greater access to test preparation, tutoring and taking the test multiple times, opportunities not afforded the less affluent… [T]hese admissions tests are a better measure of students’ family background and economic status than of their ability to succeed",
          "Girls tend to do less well than boys and perform better on questions with open-ended answers, according to a 2018 study by Stanford University’s Sean Reardon, which found that test format alone accounts for 25 percent of the gender difference in performance in both reading and math."
        ]
      },
      {
        "point_number": 7,
        "point_content": "Standardized tests are unfair metrics for teacher evaluations.",
        "spans": [
          "Standardized tests are unfair metrics for teacher evaluations.",
          "16 states and DC have stopped using standardized tests in teacher evaluations.",
          "standardized achievement tests should not be used to determine the effectiveness of a state, a district, a school, or a teacher. There’s almost certain to be a significant mismatch between what’s taught and what’s tested.",
          "An assistant superintendent… pointed out that in one of my four kindergarten classes, the student scores were noticeably lower, while in another, the students were outperforming the other three classes. He recommended that I have the teacher whose class had scored much lower work directly with the teacher who seemed to know how to get higher scores from her students. Seems reasonable, right? But here was the problem: The “underperforming” kindergarten teacher and the “high-performing” teacher were one and the same person."
        ]
      },
      {
        "point_number": 8,
        "point_content": "Standardized tests scores are not predictors of future success.",
        "spans": [
          "Standardized tests scores are not predictors of future success.",
          "Standardized tests can only, at best, evaluate rote knowledge of math, science, and English.",
          "Grade point averages (GPA) are a 5 times stronger indicator of college success than standardized tests, according to a study of 55,084 Chicago public school students.",
          "GPAs measure a very wide variety of skills and behaviors that are needed for success in college, where students will encounter widely varying content and expectations. In contrast, standardized tests measure only a small set of the skills that students need to succeed in college, and students can prepare for these tests in narrow ways that may not translate into better preparation to succeed in college.",
          "earning good grades requires consistent behaviors over time—showing up to class and participating, turning in assignments, taking quizzes, etc.—whereas students could in theory do well on a test even if they do not have the motivation and perseverance needed to achieve good grades. It seems likely that the kinds of habits high school grades capture are more relevant for success in college than a score from a single test."
        ]
      }
    ],
    "clueweb22-en0041-91-11576": [
      {
        "point_number": 1,
        "point_content": "Standardized testing requirements are designed to hold teachers, students, and schools accountable for academic achievement and to incentivize improvement.",
        "spans": [
          "Standardized testing requirements are designed to hold teachers, students, and schools accountable for academic achievement and to incentivize improvement."
        ]
      },
      {
        "point_number": 2,
        "point_content": "Standardized tests provide a benchmark for assessing problems and measuring progress, highlighting areas for improvement.",
        "spans": [
          "They provide a benchmark for assessing problems and measuring progress, highlighting areas for improvement."
        ]
      },
      {
        "point_number": 3,
        "point_content": "Standardized academic achievement tests in US public schools have been controversial since their inception, with concerns about fairness and advantage or disadvantage to some school districts.",
        "spans": [
          "Despite these key benefits, standardized academic achievement tests in US public schools have been controversial since their inception.",
          "More critically, parents and educators have questioned whether standardized tests are fair to teachers and students."
        ]
      },
      {
        "point_number": 4,
        "point_content": "High-stakes standardized testing can place undue stress on students and affect their performance.",
        "spans": [
          "Standardized test scores are often tied to important outcomes, such as graduation and school funding. Such high-stakes testing can place undue stress on students and affect their performance."
        ]
      },
      {
        "point_number": 5,
        "point_content": "Standardized tests fail to account for students who learn and demonstrate academic proficiency in different ways.",
        "spans": [
          "Standardized tests fail to account for students who learn and demonstrate academic proficiency in different ways."
        ]
      },
      {
        "point_number": 6,
        "point_content": "Standardized tests have devalued instruction in areas such as the arts, history, and electives by emphasizing reading, writing, and mathematics.",
        "spans": [
          "By placing emphasis on reading, writing, and mathematics, standardized tests have devalued instruction in areas such as the arts, history, and electives."
        ]
      },
      {
        "point_number": 7,
        "point_content": "A one-size-fits-all approach to standardized testing is arguably biased because it fails to account for variables such as language deficiencies, learning disabilities, difficult home lives, or varying knowledge of US cultural conventions.",
        "spans": [
          "a one-size-fits-all approach to testing is arguably biased because it fails to account for variables such as language deficiencies, learning disabilities, difficult home lives, or varying knowledge of US cultural conventions."
        ]
      },
      {
        "point_number": 8,
        "point_content": "Teachers feel pressured to \"teach to the test\" rather than providing a broad curriculum due to standardized testing standards.",
        "spans": [
          "The need to meet specific testing standards pressures teachers to “teach to the test” rather than providing a broad curriculum."
        ]
      },
      {
        "point_number": 9,
        "point_content": "Teachers express frustration about the time it takes to prepare for and administer standardized tests and feel excessive pressure to improve test scores.",
        "spans": [
          "Teachers have expressed frustration about the time it takes to prepare for and administer tests.",
          "Teachers may feel excessive pressure from their schools and administrators to improve their standardized test scores."
        ]
      },
      {
        "point_number": 10,
        "point_content": "Standardized tests measure achievement against goals rather than measuring progress, and test scores are often assumed to correlate strongly with teaching effectiveness, which can be misleading.",
        "spans": [
          "Standardized tests measure achievement against goals rather than measuring progress.",
          "Achievement test scores are commonly assumed to have a strong correlation with teaching effectiveness, a tendency that can place unfair blame on good teachers if scores are low and obscure teaching deficiencies if scores are high."
        ]
      }
    ],
    "clueweb22-en0036-33-15575": [
      {
        "point_number": 1,
        "point_content": "More than half of four-year colleges and universities throughout the U.S. are no longer requiring either an SAT or ACT score for 2021 admissions.",
        "spans": [
          "More than half of four-year colleges and universities throughout the U.S. are no longer requiring either an SAT or ACT score for 2021 admissions."
        ]
      },
      {
        "point_number": 2,
        "point_content": "States are administering standardized tests in creative and likely invalid ways due to COVID-19 disruptions.",
        "spans": [
          "states are now to administer state-level tests, clearly in creative (and likely invalid) ways, given the large proportions of students still learning from home, as well as a large number of students in abridged face-to-face and online schooling programs."
        ]
      },
      {
        "point_number": 3,
        "point_content": "Over 1,600 or more than 60% of four-year colleges and universities throughout the U.S. no longer require SAT or ACT scores for 2021 admissions, with many planning the same for 2022.",
        "spans": [
          "now post-COVID there are over 1,600 or more than 60% of four-year colleges and universities throughout the U.S. no longer requiring either an SAT or ACT score for 2021 admissions, and almost 1,440 are already planning on doing the same for 2022 admissions"
        ]
      },
      {
        "point_number": 4,
        "point_content": "Highly selective undergraduate institutions waiving standardized test requirements saw an increase in applications, but community colleges saw a decrease in enrollment, especially among first-time students.",
        "spans": [
          "much of the conversation has focused on those highly selective undergraduate institutions in which leaders have temporarily or permanently waived standardized tests (e.g., SAT and ACT) requirements, which resulted in an increase in applications.",
          "we have also seen an overall decrease in enrollment among community colleges and a decreased likelihood of enrollment among first-time students."
        ]
      },
      {
        "point_number": 5,
        "point_content": "Removing the SAT did not provide more equitable opportunities for students from lower-income and racially minoritized communities during the pandemic.",
        "spans": [
          "Based on the decreased likelihood of enrollment among first-generation students and increased vulnerability of institutions that disproportionately serve lower-income and/or racially minoritized families (e.g., minority-serving institutions), I would argue no."
        ]
      },
      {
        "point_number": 6,
        "point_content": "Standardized tests have long been proxies for class and race in the U.S., calling into question ideas of meritocracy.",
        "spans": [
          "For decades, research has pointed to the fact that many standardized tests have long been proxies for class and race in the U.S., thus calling into question ideas of meritocracy which proponents of these tests assume and advance."
        ]
      },
      {
        "point_number": 7,
        "point_content": "Students already advantaged are more likely to benefit from the omission of standardized tests due to other advantages in admissions processes.",
        "spans": [
          "one might assume that those who are positioned to most immediately take advantage of the SAT being omitted are those who are already advantaged."
        ]
      },
      {
        "point_number": 8,
        "point_content": "Despite increased applications due to reduced SAT and ACT requirements, rejection rates are higher, possibly favoring those with better academic experiences and raising equity issues.",
        "spans": [
          "evidence that is still coming in now suggests that rejection rates are higher this year than, really, ever.",
          "those with better academic experiences in high school (e.g., access to APA and IB courses) and essays, for example, both of which carried greater weight this pandemic year than years prior, may have counted more, still raising issues with equity"
        ]
      },
      {
        "point_number": 9,
        "point_content": "Standardized test scores have consistently shown that students with higher needs likely learned and achieved less during the pandemic due to lack of resources.",
        "spans": [
          "those with higher needs likely learned and achieved less during the pandemic given lack of resources. The test scores at issue already told us this, year-by-year and every year prior, however, regardless of COVID-19."
        ]
      },
      {
        "point_number": 10,
        "point_content": "Advocate moving away from standardized tests at both K-12 and college levels due to their correlation with race and privilege, and developing equity indicators to offset privilege in admissions.",
        "spans": [
          "I would advocate moving away from such tests at both levels given, primarily and in the name of equity, the extent to which all such large-scale standardized tests are so highly correlated with all indicators related to race and privilege.",
          "“equity indicators” need to also be developed, implemented, and actually used, so as to also help offset the privilege that quite literally prior privilege, opportunity, and access to opportunity still seem to have played in most university’s college admissions systems."
        ]
      },
      {
        "point_number": 11,
        "point_content": "Standardized tests track class and race more than predict college success and should be given significantly less weight in admissions.",
        "spans": [
          "standardized tests, which track class and race more than predict success in college, should be given significantly less weight in admission processes — both formally and informally."
        ]
      }
    ],
    "clueweb22-en0004-80-09216": [
      {
        "point_number": 1,
        "point_content": "Standardized testing is an outdated system that evaluates test-taking skills rather than intelligence.",
        "spans": [
          "standardized testing is an outdated system that evaluates test-taking skills rather than intelligence"
        ]
      },
      {
        "point_number": 2,
        "point_content": "Standardized tests are unfair to students with disabilities or difficulty with test taking.",
        "spans": [
          "it is unfair to students with disabilities or difficulty with test taking"
        ]
      },
      {
        "point_number": 3,
        "point_content": "Standardized testing causes many problems with teachers changing the curriculum to prepare for tests.",
        "spans": [
          "it causes many problems with teachers changing the curriculum to prepare for tests"
        ]
      },
      {
        "point_number": 4,
        "point_content": "Standardized testing puts too much stress on students due to its superfluous influence on college admissions.",
        "spans": [
          "putting too much stress on students due to its superfluous influence on college admissions"
        ]
      },
      {
        "point_number": 5,
        "point_content": "Standardized testing is not the ideal method of student evaluation.",
        "spans": [
          "standardized testing is a negative influence on the education system and therefore is not the ideal method of student evaluation"
        ]
      }
    ],
    "clueweb22-en0033-17-19542": [
      {
        "point_number": 1,
        "point_content": "Standardized achievement tests do a wonderful job of supplying the evidence needed to make norm-referenced interpretations of students' knowledge and/or skills in relationship to those of students nationally.",
        "spans": [
          "standardized achievement tests do a wonderful job of supplying the evidence needed to make norm-referenced interpretations of students' knowledge and/or skills in relationship to those of students nationally"
        ]
      },
      {
        "point_number": 2,
        "point_content": "Standardized achievement tests should not be used to evaluate the quality of education.",
        "spans": [
          "standardized achievement tests should not be used to evaluate the quality of education"
        ]
      },
      {
        "point_number": 3,
        "point_content": "Any inference about educational quality made on the basis of students' standardized achievement test performances is apt to be invalid.",
        "spans": [
          "any inference about educational quality made on the basis of students' standardized achievement test performances is apt to be invalid"
        ]
      },
      {
        "point_number": 4,
        "point_content": "There is almost certain to be a significant mismatch between what's taught and what's tested in standardized achievement tests.",
        "spans": [
          "there's almost certain to be a significant mismatch between what's taught and what's tested"
        ]
      },
      {
        "point_number": 5,
        "point_content": "Standardized achievement tests often exclude items that measure important content because they focus on items that discriminate among students.",
        "spans": [
          "items on which students perform well are often excluded",
          "items on which students perform well often cover the content that, because of its importance, teachers stress"
        ]
      },
      {
        "point_number": 6,
        "point_content": "Students' performances on standardized achievement tests are influenced by what's taught in school, a student's native intellectual ability, and a student's out-of-school learning, only one of which is linked to instructional quality.",
        "spans": [
          "students' performances on standardized achievement tests are heavily influenced by three causative factors, only one of which is linked to instructional quality"
        ]
      },
      {
        "point_number": 7,
        "point_content": "Many items on standardized achievement tests assess knowledge and/or skills learned outside of school, which can be influenced by socioeconomic status.",
        "spans": [
          "many items on standardized achievement tests really focus on assessing knowledge and/or skills learned outside of school"
        ]
      },
      {
        "point_number": 8,
        "point_content": "Using standardized achievement tests to evaluate educational quality is fundamentally flawed because of testing-teaching mismatches, psychometric tendencies, and confounded causation.",
        "spans": [
          "three significant reasons that it is thoroughly invalid to base inferences about the caliber of education on standardized achievement test scores"
        ]
      }
    ],
    "clueweb22-en0034-49-02162": [
      {
        "point_number": 1,
        "point_content": "College admission officers have begun to doubt the accuracy and usefulness of standardized tests, and many colleges choose to no longer use these as a means of evaluation.",
        "spans": [
          "Ironically, college admission officers have begun to doubt the accuracy and usefulness of these tests, and many colleges choose to no longer use these as a means of evaluation."
        ]
      },
      {
        "point_number": 2,
        "point_content": "Standardized tests were created to provide a standard and consistent evaluation of all students across America.",
        "spans": [
          "Colleges adopted standardized testing because the exams were believed to provide a standard and consistent evaluation of all students across America."
        ]
      },
      {
        "point_number": 3,
        "point_content": "Au Wayne’s study found that high stakes tests cause severe anxiety and narrow educational programs to focus solely on test content rather than a well-rounded curriculum.",
        "spans": [
          "Au Wayne’s study found that, other than simply causing severe anxiety, such tests have narrowed educational programs to focus solely on what the tests will cover, instead of cultivating a well-rounded curriculum that will allow students to learn the most and remember what they were taught."
        ]
      },
      {
        "point_number": 4,
        "point_content": "Standardized tests measure differences in educational background and family resources instead of the prospect for success in college, giving higher income students an advantage.",
        "spans": [
          "Unfortunately, not everyone learns the same material in high school, and often the test measures differences in educational background and family resources instead of the prospect for success in college.",
          "Some areas offer much better education than others, putting higher income students at an immediate advantage."
        ]
      },
      {
        "point_number": 5,
        "point_content": "Higher income students have access to more resources such as private tutors and family experience, while lower income students may have poorer education and less access to test prep resources.",
        "spans": [
          "Higher income students also have access to more resources, such as student materials and private tutors, and are much more likely to have family members who have attended college and been through the testing process before.",
          "On the other hand, lower income students may live in places with poorer public education systems and may also have little access to test prep resources and information."
        ]
      },
      {
        "point_number": 6,
        "point_content": "Practicing taking standardized tests often improves performance, which questions the accuracy of these tests to predict college success.",
        "spans": [
          "Practicing taking standardized tests often improves performance, which further calls into question the accuracy of these tests to predict success in college."
        ]
      },
      {
        "point_number": 7,
        "point_content": "Many students with learning disabilities, anxiety or attention disorders struggle with high stakes testing conditions, and extra time accommodations are often insufficient.",
        "spans": [
          "Many students with learning disabilities, anxiety or attention disorders struggle while testing under such strenuous conditions.",
          "Although extra time is occasionally offered, it usually isn’t enough to make up for the difficulties these students have with high stakes testing."
        ]
      },
      {
        "point_number": 8,
        "point_content": "There is evidence that standardized tests are racially biased, with African American students scoring lower than white students even with equal economic and academic backgrounds.",
        "spans": [
          "There is also evidence that shows that standardized tests are racially biased.",
          "The average score for African American students trails that of white students, even in situations where both parties are of equal economic and academic backgrounds."
        ]
      },
      {
        "point_number": 9,
        "point_content": "Since 2005, many schools have deemphasized the use of ACT and SAT scores, adopting test optional or test flexible policies to better evaluate students.",
        "spans": [
          "Since 2005, almost two hundred schools have begun to deemphasize the use of ACT and SAT standardized tests as a means of primary evaluation.",
          "Some of the leaders of this movement include highly ranked schools such as Sarah Lawrence, Franklin and Marshal and Holy Cross.",
          "These schools instead use a test optional policy, generally meaning that students are no longer required to submit SAT or ACT scores.",
          "Many other schools have moved to a test flexible policy for admissions."
        ]
      },
      {
        "point_number": 10,
        "point_content": "Standardized tests are no longer the best way to measure a student’s success and potential, and many students are denied opportunity because of their unfairness.",
        "spans": [
          "While originally intended as a fair way to equally evaluate the high volume of students applying to universities across the country, standardized tests are no longer the best way to measure a student’s success and potential.",
          "In fact, many students are being denied opportunity because of the unfairness of these tests."
        ]
      }
    ],
    "clueweb22-en0033-84-01222": [
      {
        "point_number": 1,
        "point_content": "Standardized testing provides a valuable metric to check the quality of curriculum and allows comparison with other schools.",
        "spans": [
          "Standardized testing is a metric for learning",
          "Standardized test scores are useful because they come from a neutral source and give us data that we can compare to other independent schools across the United States and with other international schools across the globe."
        ]
      },
      {
        "point_number": 2,
        "point_content": "Standardized testing helps identify areas for improvement in education programs.",
        "spans": [
          "Standardized testing helps pinpoint areas for improvement",
          "When we receive standardized test data at Whitby, we use it to evaluate the effectiveness of our education program."
        ]
      },
      {
        "point_number": 3,
        "point_content": "Standardized tests help schools evaluate progress over time and monitor individual student progress.",
        "spans": [
          "Standardized tests can help schools evaluate progress",
          "We compare data over a number of years to find trends—and then trace any changes back to their source.",
          "We’re also able to use a student’s historical assessment data to monitor their progress and uncover any challenges they may need to overcome"
        ]
      },
      {
        "point_number": 4,
        "point_content": "Test scores can negatively impact student confidence if interpreted as the sole judgement of ability.",
        "spans": [
          "Test scores can impact confidence",
          "it can be hard on a student if they feel that they didn’t perform as well as they’d like."
        ]
      },
      {
        "point_number": 5,
        "point_content": "Pressure to \"teach to the test\" can limit teaching methods and reduce creativity and engagement in learning.",
        "spans": [
          "There’s pressure to “teach to the test”",
          "Educators frequently start “teaching to the test” if they feel that their evaluations (and jobs) solely depend on how well students perform.",
          "This comes at the cost of inquiry, engagement, creativity and risk taking in student learning."
        ]
      },
      {
        "point_number": 6,
        "point_content": "Standardized test scores do not always provide a true picture of a student's ability due to various factors like test anxiety and cultural differences.",
        "spans": [
          "Scores don’t provide a true picture of a student’s ability",
          "Cultural factors, unfamiliarity with testing methods, test anxiety, and illness can wreak havoc with how well a student performs."
        ]
      },
      {
        "point_number": 7,
        "point_content": "High standardized test scores may not correlate with cognitive abilities like memory, attention, and processing speed.",
        "spans": [
          "researchers have found that high standardized scores have little correlation with memory, attention and processing speed."
        ]
      },
      {
        "point_number": 8,
        "point_content": "Standardized tests are useful when used as data to improve teaching and learning, but harmful when used to judge natural abilities or pressure teaching to the test.",
        "spans": [
          "Assessments are useful when they’re used as data to help schools improve the quality of the teaching and learning. They become harmful, however, when tests are used to judge students’ natural abilities and when educators are put under pressure to “teach to the test.”"
        ]
      }
    ]
  }
}