{
  "question": "are standardized tests effective",
  "key_points": [
    {
      "point_number": 1,
      "point_content": "Standardized tests provide objective, norm-referenced measurements of student knowledge and skills nationally, offering meaningful data to identify areas for improvement and help students, including those in marginalized groups, while also serving as benchmarks to assess problems and measure progress over time.",
      "original_point_number": [
        1,
        2,
        10,
        35,
        54,
        55
      ]
    },
    {
      "point_number": 2,
      "point_content": "Standardized tests are used as metrics for teacher evaluations and to hold teachers, students, and schools accountable for academic achievement and incentivize improvement, but they are also criticized as unfair and misleading measures of teaching effectiveness due to pressure to teach to the test and mismatches between teaching and testing.",
      "original_point_number": [
        3,
        7,
        9,
        16,
        17,
        18,
        32,
        57,
        60
      ]
    },
    {
      "point_number": 3,
      "point_content": "Standardized test scores are claimed by some sources to be good indicators of college and job success, while other sources argue that they are not predictors of future success and mainly measure test-taking skills rather than intelligence or cognitive abilities.",
      "original_point_number": [
        4,
        8,
        30,
        48,
        59
      ]
    },
    {
      "point_number": 4,
      "point_content": "Standardized tests have been criticized as racist, classist, and sexist, reflecting and tracking class and race more than predicting college success, and disadvantaging students with disabilities, language deficiencies, learning disabilities, or difficult home lives, while advantaging higher income students with more resources and test preparation opportunities.",
      "original_point_number": [
        6,
        15,
        24,
        29,
        31,
        46,
        47,
        49,
        50
      ]
    },
    {
      "point_number": 5,
      "point_content": "Standardized tests have been controversial since their inception due to concerns about fairness and advantage or disadvantage to some school districts, and high-stakes testing can cause undue stress and anxiety for students, negatively impacting performance and confidence.",
      "original_point_number": [
        11,
        12,
        45,
        56
      ]
    },
    {
      "point_number": 6,
      "point_content": "Standardized tests have devalued instruction in subjects like the arts, history, and electives by emphasizing reading, writing, and mathematics, leading to narrowed curricula and pressure on teachers to focus on test content rather than a broad education.",
      "original_point_number": [
        14,
        16,
        32,
        45,
        57
      ]
    },
    {
      "point_number": 7,
      "point_content": "Many colleges and universities in the U.S. have moved away from requiring standardized test scores like the SAT or ACT for admissions, with some institutions seeing increased applications and others seeing decreased enrollment, especially among first-time students, and concerns remain about equity and the impact on students from lower-income and racially minoritized communities.",
      "original_point_number": [
        19,
        21,
        22,
        23,
        25,
        26,
        43,
        51
      ]
    },
    {
      "point_number": 8,
      "point_content": "Standardized test scores during the pandemic have shown that students with higher needs likely learned and achieved less due to lack of resources, and some states have administered tests in creative but potentially invalid ways due to COVID-19 disruptions.",
      "original_point_number": [
        20,
        27
      ]
    },
    {
      "point_number": 9,
      "point_content": "There is advocacy for moving away from standardized tests at both K-12 and college levels due to their correlation with race and privilege, and for developing equity indicators to offset privilege in admissions, as standardized tests are considered outdated and flawed measures of student evaluation and educational quality.",
      "original_point_number": [
        28,
        29,
        30,
        34,
        36,
        37,
        38,
        39,
        40,
        41,
        42,
        52
      ]
    },
    {
      "point_number": 10,
      "point_content": "Standardized tests were created to provide a standard and consistent evaluation of all students across America, but their use to evaluate educational quality is fundamentally flawed due to mismatches between teaching and testing, psychometric tendencies, and confounded causation.",
      "original_point_number": [
        38,
        39,
        40,
        41,
        42,
        44
      ]
    },
    {
      "point_number": 11,
      "point_content": "Standardized tests can negatively impact student confidence if test scores are interpreted as the sole judgment of ability, and factors like test anxiety and cultural differences can prevent scores from reflecting true student ability.",
      "original_point_number": [
        56,
        58
      ]
    },
    {
      "point_number": 12,
      "point_content": "Practicing taking standardized tests often improves performance, which raises questions about the accuracy of these tests to predict college success.",
      "original_point_number": [
        48
      ]
    }
  ]
}