{
  "question": "what was the purpose of 9/11",
  "key_points": {
    "clueweb22-en0019-22-08693": [
      {
        "point_number": 1,
        "point_content": "The 9/11 attacks were motivated by al-Qaeda's opposition to U.S. foreign policies and actions in the Muslim world.",
        "spans": [
          "In the 1990s,  al-Qaeda leader Osama bin Laden declared a holy war against the United States, and issued two fatāwā that were released by bin Laden and others in 1996 and 1998.",
          "In these fatāwā, bin Laden sharply criticized the American government's financial involvement with the Saudi royal family as well as American military intervention in the Arab world."
        ]
      },
      {
        "point_number": 2,
        "point_content": "Bin Laden's 2002 'Letter to America' outlines specific grievances motivating the attacks, including U.S. support for Israel and military presence in Saudi Arabia.",
        "spans": [
          "These motivations were published in bin Laden's November 2002 \"Letter to America\",",
          "he said that al-Qaeda's motives for the attacks included Western support for attacking Muslims in Somalia, supporting Russian atrocities against Muslims in Chechnya, supporting the Indian oppression against Muslims in Kashmir, condoning the 1982 massacres in Lebanon, the presence of US troops in Saudi Arabia,",
          "US support of Israel,",
          "and sanctions against Iraq."
        ]
      },
      {
        "point_number": 3,
        "point_content": "The presence of U.S. troops in Saudi Arabia, home to Islam's holiest sites, was a key motivation for the attacks.",
        "spans": [
          "The continued presence of US troops after the Gulf War in Saudi Arabia was one of the stated motivations behind the September 11th attacks"
        ]
      },
      {
        "point_number": 4,
        "point_content": "Bin Laden and al-Qaeda issued fatwas calling for attacks against Americans due to U.S. actions in the Middle East and support for Israel.",
        "spans": [
          "Before the attacks, Al-Qaeda issued proclamations that provide insight into the motivations for the attacks: one was the fatwā of August 1996,",
          "a second was a shorter fatwa in February 1998.",
          "Three years before the September 11 attacks, Al-Qaeda released a Fatwa, stating \"We -- with God's help -- call on every Muslim who believes in God and wishes to be rewarded to comply with God's order to kill the Americans and plunder their money wherever and whenever they find it.",
          "The Fatwa also complains against the presence of the US in Saudi Arabia and support for Israel."
        ]
      },
      {
        "point_number": 5,
        "point_content": "Bin Laden cited U.S. sanctions against Iraq as a motivation for the attacks.",
        "spans": [
          "In the 1998 fatwa, Al Qaeda identified the Iraq sanctions as a reason to kill Americans:",
          "despite the great devastation inflicted on the Iraqi people by the crusader-Zionist alliance, and despite the huge number of those killed, which has exceeded 1 million ... despite all this, the Americans are once again trying to repeat the horrific massacres, as though they are not content with the protracted blockade imposed after the ferocious war or the fragmentation and devastation. ... On that basis, and in compliance with Allah's order, we issue the following fatwa to all Muslims: The ruling to kill the Americans and their allies—civilians and military—is an individual duty for every Muslim ..."
        ]
      },
      {
        "point_number": 6,
        "point_content": "Bin Laden and al-Qaeda viewed the attacks as a response to perceived American immorality and oppression.",
        "spans": [
          "In the above-mentioned 2002 \"Letter To America\", bin Laden laments the immoral behavior that has become the norm in the United States as a motivating factor in his decision to launch the attacks:",
          "The second thing we call you to, is to stop your oppression, lies, immorality and debauchery that has spread among you. (a) We call you to be a people of manners, principles, honour, and purity; to reject the immoral acts of fornication, homosexuality, intoxicants, gambling, and trading with interest."
        ]
      },
      {
        "point_number": 7,
        "point_content": "The U.S. government stated that terrorists attacked the United States because \"they hate us for our freedoms.\"",
        "spans": [
          "Following the attacks, the U.S. government took the position, as often repeated by the Bush Administration, that terrorists attacked the United States because \"they hate us for our freedoms.\"  President George W. Bush said in a speech to Congress nine days after the attacks that \"They hate what we see right here in this chamber — a democratically elected government. Their leaders are self-appointed. They hate our freedoms — our freedom of religion, our freedom of speech, our freedom to vote and assemble and disagree with each other.\""
        ]
      }
    ],
    "clueweb22-en0015-57-16812": [
      {
        "point_number": 1,
        "point_content": "The 9/11 attacks were carried out by 19 militants associated with the Islamic extremist group al Qaeda.",
        "spans": [
          "On September 11, 2001, 19 militants associated with the Islamic extremist group al Qaeda hijacked four airplanes and carried out suicide attacks against targets in the United States."
        ]
      },
      {
        "point_number": 2,
        "point_content": "The attacks were allegedly acting in retaliation for America’s support of Israel, its involvement in the Persian Gulf War and its continued military presence in the Middle East.",
        "spans": [
          "Reportedly financed by the al Qaeda terrorist organization of Saudi fugitive Osama bin Laden, they were allegedly acting in retaliation for America’s support of Israel, its involvement in the Persian Gulf War and its continued military presence in the Middle East."
        ]
      }
    ],
    "clueweb22-en0045-04-00514": [
      {
        "point_number": 1,
        "point_content": "The purpose of the 9/11 attacks was to attack the 'far enemy'—the United States—in order to bring about regime change across the Middle East.",
        "spans": [
          "bin Laden wove the attacks on New York and Washington into a larger strategic framework of attacking the “far enemy”—the United States—in order to bring about regime change across the Middle East."
        ]
      },
      {
        "point_number": 2,
        "point_content": "The attacks were planned by al-Qaeda as a global jihad against the United States, seen as a 'paper tiger' and weak power by bin Laden.",
        "spans": [
          "Osama bin Laden, the leader of the militant Islamic organization al-Qaeda, held naive beliefs about the United States in the run-up to the attacks.",
          "Bin Laden believed that the United States was a “paper tiger,” a belief shaped not just by America’s departure from Lebanon following the marine barracks bombing but also by the withdrawal of American forces from Somalia in 1993, following the deaths of 18 U.S. servicemen in Mogadishu, and the American pullout from Vietnam in the 1970s."
        ]
      }
    ],
    "clueweb22-en0034-07-08639": [
      {
        "point_number": 1,
        "point_content": "President Bush had a clear vision for his speech, which he describes in his memoir, Decision Points: “Above all I wanted to express comfort and resolve—comfort that we would recover from this blow, and resolve that we would bring the terrorists to justice.”",
        "spans": [
          "President Bush had a clear vision for his speech, which he describes in his memoir, Decision Points: “Above all I wanted to express comfort and resolve—comfort that we would recover from this blow, and resolve that we would bring the terrorists to justice.”"
        ]
      }
    ],
    "null": [],
    "clueweb22-en0005-20-05313": [
      {
        "point_number": 1,
        "point_content": "The 9/11 attacks were the most lethal terrorist attacks in history, killing nearly 3,000 people and leading to far-reaching changes in anti-terror approaches and operations.",
        "spans": [
          "They were the most lethal terrorist attacks in history, taking the lives of nearly 3,000 Americans and international citizens and ultimately leading to far-reaching changes in anti-terror approaches and operations in the U.S. and around the globe."
        ]
      },
      {
        "point_number": 2,
        "point_content": "The attacks were a meticulously planned terrorist operation involving hijacking four airliners and crashing them into key U.S. buildings and locations.",
        "spans": [
          "In a meticulously planned attack, terrorists hijacked four airliners. They flew three of the planes into buildings: the twin towers of the World Trade Center in New York and the Pentagon in Arlington, Virginia. They crashed the fourth plane in rural Pennsylvania."
        ]
      },
      {
        "point_number": 3,
        "point_content": "The purpose of the FBI investigation was to identify the attackers and prevent any future attacks.",
        "spans": [
          "Immediately after the attacks, the FBI’s top job was to identify the attackers and prevent another incident."
        ]
      },
      {
        "point_number": 4,
        "point_content": "The 19 hijackers were trained by al Qaeda and entered the United States to advance the plot.",
        "spans": [
          "The 19 men who hijacked and crashed the four planes were all trained by al Qaeda.",
          "The hijackers began entering the United States in January 2000 to advance the plot."
        ]
      }
    ],
    "clueweb22-en0019-81-07618": [
      {
        "point_number": 1,
        "point_content": "The purpose of the 9/11 attacks was to strike key U.S. political and military targets to cause significant damage and political collapse.",
        "spans": [
          "Khalid Sheikh Mohammed wanted to hit the World Trade Center, while bin Laden prioritized the White House, the U.S. Capitol, and the Pentagon because he believed that it would lead to the political collapse of the U.S. federal government."
        ]
      },
      {
        "point_number": 2,
        "point_content": "Bin Laden opposed the presence of U.S. Armed Forces in Saudi Arabia and viewed it as a provocation to the Muslim world, motivating the attacks.",
        "spans": [
          "Bin Laden strongly opposed the continued presence of the U.S. Armed Forces in Saudi Arabia.",
          "He proclaimed that the U.S. was \"too near to Mecca \", which he considered a provocation to the entire Muslim world."
        ]
      },
      {
        "point_number": 3,
        "point_content": "Bin Laden issued fatwas declaring war against the U.S., stating that all Americans were targets due to grievances including U.S. military presence in Saudi Arabia, sanctions on Iraq, and U.S. support of Israel.",
        "spans": [
          "Bin Laden issued another fatwa in February 1998, together with Ayman al Zawahiri, declaring war against the U.S. He stated \"We do not have to differentiate between military or civilian. As far as we are concerned, they [Americans] are all targets.\" Bin Laden cited grievances including the presence of U.S. infidels (soldiers) in the Saudi Arabian holy land, the Iraqi people's suffering due to sanctions imposed after the Persian Gulf War, and U.S. support of Israel."
        ]
      }
    ],
    "clueweb22-en0000-89-06594": [
      {
        "point_number": 1,
        "point_content": "Osama bin Laden's motives for their attacks included blaming the 'Zionist crusader alliance and their collaborators' for aggression against Muslims in many countries.",
        "spans": [
          "In Osama bin Laden's November 2002 \"Letter to America\" he explicitly stated al-Qaeda's motives for their attacks, blaming the \"Zionist crusader alliance and their collaborators\" for aggression against Muslims in many countries including Somalia, Bosnia Herzegovina, and the Qana massacre in Lebanon."
        ]
      },
      {
        "point_number": 2,
        "point_content": "Grievances mentioned by bin Laden included the presence of US troops in Saudi Arabia, US support of Israel, and sanctions against Iraq.",
        "spans": [
          "Grievances that were mentioned by bin Laden include the presence of US troops in Saudi Arabia, the US support of Israel, and sanctions against Iraq after the latter's attack on Kuwait."
        ]
      },
      {
        "point_number": 3,
        "point_content": "Bin Laden's purpose also involved changing power equations in the Middle East and triggering regime changes.",
        "spans": [
          "Laden's purpose also revolved around changing power equations in the Middle East and triggering regime changes."
        ]
      }
    ]
  }
}