{
  "question": "what ethical obligations, if any, do fast food companies have to consumers?",
  "key_points": [
    {
      "point_number": 1,
      "point_content": "Companies are responsible for the products they produce or sell and should inform consumers about any harm those products may cause, including providing nutritional information and smaller portion sizes.",
      "original_point_number": [
        1,
        10,
        30,
        21
      ]
    },
    {
      "point_number": 2,
      "point_content": "Fast food companies have an ethical obligation to offer healthier food choices, change aggressive marketing practices targeting young adults and children, and take health issues caused by mass-produced food seriously.",
      "original_point_number": [
        5,
        8,
        9,
        29
      ]
    },
    {
      "point_number": 3,
      "point_content": "There is a link between increased advertising of non-nutritional foods and obesity in children, with unhealthy food ads making up 50 percent of all ad time in children's shows; fast food ads on children's websites are less regulated than on TV, exposing kids to unhealthy choices.",
      "original_point_number": [
        6,
        7
      ]
    },
    {
      "point_number": 4,
      "point_content": "Fast food companies have been offering healthy alternatives to their menus and have started posting calorie information on menus to meet nutritional criteria in advertising to children, following new menu-labeling laws that may lead to reduced calorie intake in meals purchased for children.",
      "original_point_number": [
        3,
        14,
        15
      ]
    },
    {
      "point_number": 5,
      "point_content": "Nutritional labels can help consumers understand ingredients and make healthier choices, but not all consumers use or trust these labels consistently; mandatory labeling may encourage producers to reformulate unhealthy food products to reduce calories, benefiting consumers even if labels are not read.",
      "original_point_number": [
        16,
        17,
        18,
        19
      ]
    },
    {
      "point_number": 6,
      "point_content": "Many consumers may not prioritize nutritional quality when eating fast food, often choosing based on personal preference or taste, and consumers have personal responsibility for their food choices; fast food companies do not force anyone to eat their products.",
      "original_point_number": [
        20,
        22,
        25
      ]
    },
    {
      "point_number": 7,
      "point_content": "The author argues that blaming corporations for health problems is misguided, emphasizing that individuals must take responsibility for their own health choices, and that public health movements pushing for government control over health choices threaten individual liberty and privacy.",
      "original_point_number": [
        23,
        24
      ]
    },
    {
      "point_number": 8,
      "point_content": "Fast food companies have ethical obligations regarding animal welfare, employee treatment including fair wages and working conditions, environmental impact such as reducing packaging waste and deforestation, and truthful and responsible marketing especially towards children.",
      "original_point_number": [
        26,
        27,
        28,
        29
      ]
    },
    {
      "point_number": 9,
      "point_content": "Fast food companies sell inexpensive unhealthy food to maximize profits despite the health threats it poses, and their motives are considered unethical under a deontological framework focusing on motivation and principles rather than consequences; selling unhealthy food also has social consequences such as loss in stakeholder profits and damaging the organization's reputation.",
      "original_point_number": [
        31,
        32,
        33
      ]
    }
  ]
}