{
  "question": "why do people cheat in sports",
  "key_points": [
    {
      "point_number": 1,
      "point_content": "High-performance athletes and executives share personality traits that drive them to achieve goals at any cost, making them more susceptible to cheating.",
      "original_point_number": [
        1
      ]
    },
    {
      "point_number": 2,
      "point_content": "People like to win and cheating pays off, as the sports industry, valued around $500 billion a year, rewards winners with material and psychological benefits.",
      "original_point_number": [
        2,
        3
      ]
    },
    {
      "point_number": 3,
      "point_content": "The great material and psychological rewards make it easy for people to set aside ethical and moral values, as it is human nature to justify unethical behavior to benefit themselves and others.",
      "original_point_number": [
        4
      ]
    },
    {
      "point_number": 4,
      "point_content": "The inefficiency of controls by sports authorities to prevent cheating is due to societal pressure to produce winners, not a lack of resources.",
      "original_point_number": [
        5
      ]
    },
    {
      "point_number": 5,
      "point_content": "Cheating is situational and depends on how much a person can justify their actions, often influenced by a 'winning is everything' mentality that makes people vulnerable to cheating to maintain their identity.",
      "original_point_number": [
        6,
        7
      ]
    },
    {
      "point_number": 6,
      "point_content": "Cheaters often justify their actions as leveling the playing field because they believe others are cheating or they have a disadvantage.",
      "original_point_number": [
        8
      ]
    },
    {
      "point_number": 7,
      "point_content": "People motivated by external rewards like medals and accolades are more likely to cheat than those intrinsically motivated.",
      "original_point_number": [
        9
      ]
    },
    {
      "point_number": 8,
      "point_content": "Cheaters focus on short-term benefits and often ignore long-term consequences of their actions.",
      "original_point_number": [
        10
      ]
    },
    {
      "point_number": 9,
      "point_content": "Physical and mental exhaustion can increase the likelihood of cheating due to diminished capacity to resist temptation.",
      "original_point_number": [
        11
      ]
    },
    {
      "point_number": 10,
      "point_content": "Pressure to perform well, especially amplified by social media, can increase the likelihood of cheating.",
      "original_point_number": [
        12
      ]
    },
    {
      "point_number": 11,
      "point_content": "People are willing and able to dope at large scale, with many athletes possibly getting away by taking low doses when unlikely to be tested, making physical gains during low suspicion periods.",
      "original_point_number": [
        13,
        14,
        15
      ]
    },
    {
      "point_number": 12,
      "point_content": "There will continue to be people willing to take risks to game the system.",
      "original_point_number": [
        16
      ]
    }
  ]
}