{
  "question": "are dress codes a good idea for schools",
  "key_points": [
    {
      "point_number": 1,
      "point_content": "Dress codes at school can reduce violence, bullying, and theft by promoting a safer educational environment, limiting gang-related colors, and enhancing security through easier identification of trespassers.",
      "original_point_number": [
        1,
        2,
        6,
        17,
        19,
        34,
        35,
        39,
        43
      ]
    },
    {
      "point_number": 2,
      "point_content": "Dress codes promote equality among students by reducing socioeconomic and racial differences, limiting mocking, and fostering tolerance and a sense of belonging, which helps students focus more on academics and co-curricular activities.",
      "original_point_number": [
        3,
        7,
        17,
        20,
        35,
        36,
        37,
        50,
        51,
        89,
        96
      ]
    },
    {
      "point_number": 3,
      "point_content": "Dress codes reduce distractions in the classroom by preventing inappropriate or revealing clothing, encouraging discipline, and helping maintain a focused academic environment.",
      "original_point_number": [
        5,
        8,
        9,
        24,
        88,
        94,
        97
      ]
    },
    {
      "point_number": 4,
      "point_content": "Dress codes simplify getting ready for school, reducing confusion, wardrobe battles, and tardiness, which also lessens the burden on parents.",
      "original_point_number": [
        4,
        40
      ]
    },
    {
      "point_number": 5,
      "point_content": "School uniforms and dress codes can improve attendance, teacher retention, classroom behavior, and reduce noise levels, although some studies find no significant effect on academic achievement or behavioral problems.",
      "original_point_number": [
        27,
        28,
        29,
        30,
        31,
        32,
        38
      ]
    },
    {
      "point_number": 6,
      "point_content": "Dress codes and uniforms can be controversial due to concerns about suppressing freedom of expression, financial burden, and unequal support among students.",
      "original_point_number": [
        26,
        29,
        52,
        54
      ]
    },
    {
      "point_number": 7,
      "point_content": "Dress codes are often criticized for being sexist, old-fashioned, and ineffective, especially when targeting girls' clothing, leading to gender bias, more discipline for girls, and feelings of judgment and shame.",
      "original_point_number": [
        10,
        11,
        12,
        13,
        58,
        69,
        71,
        83,
        84,
        90
      ]
    },
    {
      "point_number": 8,
      "point_content": "Addressing harassment by educating boys not to stare is considered more effective than imposing strict dress codes on girls, which may teach girls that their appearance defines them.",
      "original_point_number": [
        11,
        12,
        13
      ]
    },
    {
      "point_number": 9,
      "point_content": "Dress codes suppress individuality and student voice, teaching conformity over adaptability, which may not prepare students for diverse workplaces and contradict values like creativity and self-respect.",
      "original_point_number": [
        21,
        22,
        23,
        68
      ]
    },
    {
      "point_number": 10,
      "point_content": "Dress codes should be simple, gender-neutral, evenly enforced, and devised with community and student consultation, including religious, cultural, and LGBTQI+ groups, to ensure inclusivity and respect for community values.",
      "original_point_number": [
        56,
        57,
        59,
        60,
        61,
        62,
        63,
        65
      ]
    },
    {
      "point_number": 11,
      "point_content": "Dress codes are intended to promote a safe learning environment with minimal distractions, but often cause more distraction than they prevent, leading to frequent violations, disciplinary actions, and resistance that negatively affect student morale.",
      "original_point_number": [
        66,
        67,
        72,
        78,
        79
      ]
    },
    {
      "point_number": 12,
      "point_content": "Enforcement of dress codes can be uncomfortable and problematic for teachers, requiring good judgment, restraint, respect, private handling of violations, and consistent administrative support to reduce teacher burden and maintain fairness.",
      "original_point_number": [
        70,
        76,
        77,
        80
      ]
    },
    {
      "point_number": 13,
      "point_content": "School dress codes have been implemented to address issues like gang-related violence and to create a professional environment, but their implementation is often reactionary and controversial.",
      "original_point_number": [
        55,
        81,
        82
      ]
    },
    {
      "point_number": 14,
      "point_content": "Dress codes typically prohibit clothing with racist, sexist, obscene, or gang-related messages, overly revealing clothing, hats in classrooms, and jewelry that can be weapons, with rules often based on common sense needs.",
      "original_point_number": [
        42,
        74
      ]
    },
    {
      "point_number": 15,
      "point_content": "Most school dress codes allow for some individualization through accessories and color choices within guidelines, balancing self-expression with appropriate dress.",
      "original_point_number": [
        44,
        86
      ]
    },
    {
      "point_number": 16,
      "point_content": "School dress codes aim to promote a safe and focused learning environment, relieve pressure on young women regarding fashion and body image, and reflect more body-positive values promoting equity rather than shame.",
      "original_point_number": [
        91,
        92
      ]
    },
    {
      "point_number": 17,
      "point_content": "Dress codes give teachers justification to address clothing that makes peers feel uncomfortable or unsafe, helping quickly identify and handle inappropriate clothing that is revealing or promotes hate or violence.",
      "original_point_number": [
        93,
        94
      ]
    },
    {
      "point_number": 18,
      "point_content": "Dress codes can emphasize socioeconomic and racial divisions they try to eliminate, as poorer students may wear faded or torn apparel, and stricter codes are more common in minority and poorer schools.",
      "original_point_number": [
        50,
        51
      ]
    },
    {
      "point_number": 19,
      "point_content": "Dress codes restrict freedom of expression, force conformity, eliminate diversity strength, and can negatively impact gender-nonconforming students.",
      "original_point_number": [
        45,
        46
      ]
    },
    {
      "point_number": 20,
      "point_content": "Some studies find no significant association between school uniform policies and student achievement, substance use, behavioral problems, or attendance, and uniforms may negatively affect academic achievement.",
      "original_point_number": [
        30,
        31
      ]
    },
    {
      "point_number": 21,
      "point_content": "Uniform purchases complement other apparel purchases, leading to greater household expenditures on clothing, and strict dress codes serve the interests of retailers more than students.",
      "original_point_number": [
        33,
        54
      ]
    },
    {
      "point_number": 22,
      "point_content": "A general review of the student dress code at the beginning of the year helps students see it applies to everyone and that they aren't being singled out.",
      "original_point_number": [
        75
      ]
    },
    {
      "point_number": 23,
      "point_content": "Schools should involve students in creating dress code policies to ensure the codes serve as a backdrop to learning and are upheld by the students themselves.",
      "original_point_number": [
        73
      ]
    }
  ]
}