{
  "question": "are dress codes a good idea for schools",
  "key_points": {
    "clueweb22-en0023-74-17362": [
      {
        "point_number": 1,
        "point_content": "Dress codes at school can drastically limit acts of violence.",
        "spans": [
          "Dress codes at school can drastically limit acts of violence."
        ]
      },
      {
        "point_number": 2,
        "point_content": "Having a dress code at school encourages a more optimistic educational atmosphere by eliminating violence caused by socioeconomic variances.",
        "spans": [
          "Having a dress code at school encourages a more optimistic educational atmosphere. The majority of schools across the country have taken this point as the major reason for implementation. These guidelines aim to eliminate any type of violence that can be caused due to socioeconomic variances."
        ]
      },
      {
        "point_number": 3,
        "point_content": "Dress codes build constant equality among all the students, helping them concentrate more on academic and co-curricular activities.",
        "spans": [
          "The primary objective of a school dress code is to build constant equality among all the students. When all the students wear the same style of dress, then there will be the same kind of atmosphere across the school campus. This pattern encourages the student to concentrate more on their academic and co-curricular activities since the visual differences in social-economic gradings are very less."
        ]
      },
      {
        "point_number": 4,
        "point_content": "Dress codes make it simpler and easy to get ready for school every day, reducing confusion and burden on parents.",
        "spans": [
          "As there is a fixed school dress code to follow every day, there will be no confusion for students each day while they are getting ready for school.",
          "This will reduce the extra burden on parents and also it will save time for shopping for clothes frequently."
        ]
      },
      {
        "point_number": 5,
        "point_content": "Dress codes limit distractions in the classroom by preventing inappropriate clothing and encouraging discipline.",
        "spans": [
          "It limits the distractions that may arise in the classroom.",
          "Even though each school may have a different kind of dress code, they follow a common motto of inculcating discipline in students.",
          "They will have a common rule of fixed length skirts and shorts for students.",
          "They are not permitted to expose any part of the body nor wear any weird printings or writings on their clothing.",
          "Especially if there are any sexual content, illegal acts or violent writings have shown on the clothing, then they are forbidden and punished.",
          "By having a fixed type of dress code, such problems can be reduced thereby enhancing the positivity in school classrooms."
        ]
      },
      {
        "point_number": 6,
        "point_content": "Dress codes help to easily spot trespassers and enhance security on campus and during field trips.",
        "spans": [
          "Dress codes help to easily spot the trespassers.",
          "As everyone in the school will be outfitted in the same manner with the implementation of the dress code, then it will be easy to identify the outsiders.",
          "It will also be a great help to teachers to notice their students when they are out on a field trip or tour.",
          "This will avoid any misdeeds from occurring on the campus while developing a secure environment for the students."
        ]
      },
      {
        "point_number": 7,
        "point_content": "Dress codes limit the amount of mocking in the classroom by encouraging a sense of equality among students.",
        "spans": [
          "It limits the amount of mocking that occurs in the classroom.",
          "Many studies from speaking to parents have shown that when dress codes are implemented, children have shown a gradual increase in academic performance.",
          "As there will be a sense of equality encouraged in the classroom, it will greatly reduce mocking between girls and boys."
        ]
      },
      {
        "point_number": 8,
        "point_content": "Dress codes promote discipline and prepare students for future careers and social interactions.",
        "spans": [
          "Both the parents and students will be encouraged to follow a disciplined routine to make sure that they are in acceptance of the schools’ dress code.",
          "Students who are used to dress properly will be well equipped to evolve into the actual world, especially when they enter into the ever-competitive job market.",
          "Bonneville Academy Charter School in Stansbury Park UT always stress the importance of having a dress code that develops a sense of discipline in the child’s mindset as they will learn a lesson that will help them in other aspects throughout the life."
        ]
      }
    ],
    "clueweb22-en0026-63-04336": [
      {
        "point_number": 1,
        "point_content": "Dress codes may help foster an environment conducive to learning by preventing clothing from becoming a distraction.",
        "spans": [
          "Do dress codes help to foster an environment conducive to learning? Do they help prevent clothing (or the lack of) from becoming a distraction for students?"
        ]
      },
      {
        "point_number": 2,
        "point_content": "Dress codes can be seen as sexist, old-fashioned, and ineffective, especially when they target girls' clothing.",
        "spans": [
          "Or are school dress codes sexist, old-fashioned and ineffective?"
        ]
      },
      {
        "point_number": 3,
        "point_content": "Dress codes for girls are complicated because they may be intended to protect girls or to prevent boys from temptation, raising questions about their purpose.",
        "spans": [
          "The dress code — for girls, at least — has become a complicated issue. Is it intended to protect the girls against unwanted advances, or the boys against temptation?"
        ]
      },
      {
        "point_number": 4,
        "point_content": "Demanding girls to disregard certain clothing styles may teach them that their appearance is the measure of who they are.",
        "spans": [
          "Does demanding that young women disregard the siren song of advertising and the media and leave the midriff-baring tops on the racks teach them that they are worth more than their appearance, or that their appearance is the measure of who they are?"
        ]
      },
      {
        "point_number": 5,
        "point_content": "Addressing harassment by teaching boys not to stare is more effective than imposing strict dress codes on girls.",
        "spans": [
          "‘Don’t tell us what to wear; teach the boys not to stare.’ They are correct: Addressing leering or harassment will challenge young men’s assumptions. Imposing purdah on middle school girls does the opposite."
        ]
      },
      {
        "point_number": 6,
        "point_content": "Fashion trends emphasize body consciousness at young ages, contributing to self-objectification pressures on young women.",
        "spans": [
          "Fashions catering to girls emphasize body consciousness at the youngest ages — Gap offers “skinny jeans” for toddlers, Target hawks bikinis for infants. Good luck finding anything but those itty-bitty shorts for your 12-year-old."
        ]
      },
      {
        "point_number": 7,
        "point_content": "Dress codes may be less about sex and more about maintaining standards and appropriate attire in school settings.",
        "spans": [
          "What is left behind, in the form of school dress codes requiring collars, limiting tank tops and decreeing a certain length for shorts and skirts, could be viewed as less about sex than about putting school on the list of places where there are standards, and where the freedom to do whatever we want, whenever we want shouldn’t and doesn’t apply."
        ]
      },
      {
        "point_number": 8,
        "point_content": "A dress code that is evenly applied can be a reasonable way of setting school apart and maintaining standards.",
        "spans": [
          "Unless it’s unevenly applied (as in schools where the dress code applies only to girls, or is enforced more stringently for some students than for others), that form of dress code seems to me to be a reasonable way of setting school apart."
        ]
      }
    ],
    "null": [],
    "clueweb22-en0031-94-01501": [
      {
        "point_number": 1,
        "point_content": "School dress codes can lead to a safer educational environment that increases students’ ability to learn, increases equality between the sexes and tolerance among ethnic and social groups.",
        "spans": [
          "Larry Wilder favors school dress codes because they lead to a safer educational environment that increases students’ ability to learn, increases equality between the sexes and tolerance among ethnic and social groups."
        ]
      },
      {
        "point_number": 2,
        "point_content": "Dress codes are supported by courts when instituted properly and related to legitimate pedagogical purposes, with safety being a primary concern.",
        "spans": [
          "While some challenges have been made concerning their constitutionality, in general court rulings have supported codes that are instituted properly and can be shown to be rationally related to a legitimate pedagogical purpose. The safety of the children in the schools appears to be the overriding concern considered by the courts."
        ]
      },
      {
        "point_number": 3,
        "point_content": "Dress codes and uniforms can decrease violence, theft, prevent gang-related colors, instill discipline, resist peer pressure, help concentration, and aid in intruder recognition.",
        "spans": [
          "The manual stated potential benefits, such as decreasing violence and theft, preventing students from wearing gang-related colors to school, instilling student discipline, helping to resist peer pressure, helping students concentrate on academics and aiding in recognition of intruders."
        ]
      },
      {
        "point_number": 4,
        "point_content": "Research shows dress codes/uniforms reduce crime, improve sense of belonging and tolerance, improve academic performance, reduce teasing, and promote equality between sexes.",
        "spans": [
          "A survey reported by the New York Police Department listed many positive results after a uniform policy was begun in 2000: overall crime was down 14.7 percent and there was an improved sense of belonging and tolerance.",
          "Other results of the research revealed that 68 percent of the parents believed the uniform policy improved overall academic performance. Eighty-eight percent of the parents thought the code reduced teasing between boys and girls. Eighty-four percent felt the uniform code promoted equality between the sexes."
        ]
      },
      {
        "point_number": 5,
        "point_content": "Dress codes teach conformity over adaptability and do not prepare students for diverse workplace expectations.",
        "spans": [
          "Scott Key opposes school dress codes because they teach students that conformity is more important than adaptability and do not prepare young people for the workplace and its emphasis on flexibility and problem-solving.",
          "The lack of uniform approach to acceptable workplace dress does not mean each workplace does not have expectations. Rather, it means students need to adapt, not conform. Students need to learn to dress appropriately based on context. Dress codes do not facilitate this learning. Instead, dress codes teach students that conformity and obedience to authority are most important."
        ]
      },
      {
        "point_number": 6,
        "point_content": "Dress codes suppress individuality and student voice, which are qualities employers seek such as adaptability, creativity, critical thinking, and problem-solving.",
        "spans": [
          "Individuality is suppressed. Student voice is suppressed.",
          "Employers want adaptable workers adept at creative and critical thinking, good decision-making and effective problem-solving."
        ]
      },
      {
        "point_number": 7,
        "point_content": "Schools should promote adaptability and individuality rather than conformity, so dress codes have no place in schools.",
        "spans": [
          "Schools need to move away from conformity to adaptability. Instead of suppressing students, schools should promote the development of individuality and voice to better prepare them for life after school. This means dress codes have no place in schools."
        ]
      }
    ],
    "clueweb22-en0008-64-13039": [
      {
        "point_number": 1,
        "point_content": "Proponents argue that students will pay more attention to their classwork if they aren’t preoccupied with fashion, and that they’ll be better behaved.",
        "spans": [
          "Proponents argue that students will pay more attention to their classwork if they aren’t preoccupied with fashion, and that they’ll be better behaved."
        ]
      },
      {
        "point_number": 2,
        "point_content": "School administrators say uniforms help eliminate gang-related styles and logos and make it easier to spot a stranger on campus.",
        "spans": [
          "school administrators say uniforms help eliminate gang-related styles and logos. They also make it easier to spot a stranger on campus."
        ]
      },
      {
        "point_number": 3,
        "point_content": "Mandatory uniforms are controversial because many parents and students feel they suppress freedom of expression and can be a financial burden.",
        "spans": [
          "mandatory uniforms are controversial because a lot of parents and students don’t like the idea of forcing children to dress alike, which they say suppresses freedom of expression. Some families complain about the financial burden of purchasing uniforms in addition to their kids’ other clothing."
        ]
      },
      {
        "point_number": 4,
        "point_content": "Research shows that in countries where students wear uniforms, students listen better, noise levels are lower, and classes start on time.",
        "spans": [
          "for countries where students wear school uniforms, our study found that students listen significantly better, there are lower noise levels, and lower teaching waiting times with classes starting on time."
        ]
      },
      {
        "point_number": 5,
        "point_content": "Uniform adoption improves attendance in secondary grades and increases teacher retention in elementary schools.",
        "spans": [
          "we find evidence that uniform adoption improves attendance in secondary grades, while in elementary schools they generate large increases in teacher retention."
        ]
      },
      {
        "point_number": 6,
        "point_content": "Most students dislike uniforms, but some acknowledge benefits such as better treatment of females and fewer detentions for uniform violations among females.",
        "spans": [
          "The vast majority of students said they dislike uniforms, although some agreed there were benefits. “For example, in reference to gender, more than expected females than males indicated students treated them better with uniforms. Also, fewer females than males got detention for not wearing a uniform or for wearing a uniform inappropriately."
        ]
      },
      {
        "point_number": 7,
        "point_content": "Some studies find no significant association between school uniform policies and student achievement, suggesting uniforms are not a solution to all educational problems.",
        "spans": [
          "The results do not suggest any significant association between school uniform policies and achievement. Although the results do not definitely support or reject either side of the uniform argument, they do strongly intimate that uniforms are not the solution to all of American education’s ills."
        ]
      },
      {
        "point_number": 8,
        "point_content": "Some research indicates uniforms have no direct effect on substance use, behavioral problems, or attendance, and may negatively affect academic achievement.",
        "spans": [
          "The findings indicate that student uniforms have no direct effect on substance use, behavioral problems, or attendance. Contrary to current discourse, the authors found a negative effect of uniforms on student academic achievement."
        ]
      },
      {
        "point_number": 9,
        "point_content": "Teachers from schools with uniform policies perceive lower levels of gang presence, but students from schools without uniforms report higher self-perception scores.",
        "spans": [
          "teachers from schools with uniform policies perceived lower levels of gang presence.",
          "students from schools without uniforms reported higher self-perception scores than students from schools with uniform policies."
        ]
      },
      {
        "point_number": 10,
        "point_content": "Uniform purchases do not substitute for other apparel purchases but rather complement them, leading to greater household expenditures on clothing.",
        "spans": [
          "consumers do not substitute uniforms for other apparel purchases. Rather, uniforms and nonuniform apparel appear to be complements in consumers’ purchases, resulting in greater household expenditures on nonuniform apparel."
        ]
      }
    ],
    "clueweb22-en0000-45-16430": [
      {
        "point_number": 1,
        "point_content": "School dress codes can help students dress for safety by reducing the fear of concealed weapons.",
        "spans": [
          "A school dress code can help students dress for safety.",
          "Having a dress code that requires a student’s beltline exposed reduces the fear of a concealed weapon."
        ]
      },
      {
        "point_number": 2,
        "point_content": "Dress codes at school can reduce acts of violence and bullying by promoting a more positive educational environment and reducing socioeconomic differences.",
        "spans": [
          "Dress codes at school can reduce acts of violence.",
          "Having a dress code at school promotes a more positive educational environment.",
          "Ensuring that every student looks relatively the same reduces the chances of bullying while class is in session."
        ]
      },
      {
        "point_number": 3,
        "point_content": "School dress codes help kids stay focused on their education by reducing visual comparisons and fitting in with peers.",
        "spans": [
          "School dress codes help kids stay focused on their education.",
          "When students wear the same outfit or one that follows the guidelines of the school, then there are fewer concerns with how each person can fit in with their peers.",
          "Creating uniformity on campus with clothing options reduces the visual comparisons that students make about the socioeconomic status of each person."
        ]
      },
      {
        "point_number": 4,
        "point_content": "The use of a dress code can help to enhance school and community pride by creating a sense of belonging and team spirit.",
        "spans": [
          "The use of a dress code can help to enhance school and community pride.",
          "When students follow a specific dress code at school, then there are often higher levels of local pride associated with such an action.",
          "When there is a sense of belonging created in the classroom, then there are higher levels of caring, respect, and trust throughout the school."
        ]
      },
      {
        "point_number": 5,
        "point_content": "Some schools see an improvement in attendance and discipline with uniforms or dress codes.",
        "spans": [
          "Some schools see an improvement in attendance with uniforms.",
          "The average absence rate for students in middle or high school falls by about 7% after uniforms or a specific school dress code becomes enforced.",
          "When John Adams Middle School in Albuquerque, NM implemented a mandatory uniform program, their discipline referrals dropped from over 1,500 to about 400 in a single semester."
        ]
      },
      {
        "point_number": 6,
        "point_content": "The presence of a school dress code can prevent gang affiliation colors and displays, creating a safer learning environment.",
        "spans": [
          "The presence of a school dress code can prevent gang affiliation colors.",
          "The U.S. Department of Education supports a strict school dress code that can include uniforms because it prevents gang displays.",
          "The goal is to prevent gang members from showing their insignias or colors while in the classroom, thereby creating a safer learning environment for everyone."
        ]
      },
      {
        "point_number": 7,
        "point_content": "School dress codes make it easier for students to get ready for class in the morning, reducing wardrobe battles and tardiness.",
        "spans": [
          "School dress codes make it easier for students to get ready for class in the morning.",
          "Parents and kids spend less time trying to decide what to wear to school when there is a standard dress code in place.",
          "The Lyndhurst School District in New Jersey credits the implementation of a mandatory uniform as the reason for a reduction in tardiness."
        ]
      },
      {
        "point_number": 8,
        "point_content": "It is possible for a school dress code or mandatory uniform policy to cost less overall than regular clothing.",
        "spans": [
          "It is possible for a school dress code or mandatory uniform policy to cost less.",
          "A study of costs in this area that took place in the United Kingdom found that the cost of purchasing school uniforms was less than $130 per outfit, but the apparel chosen for out-of-school activities averaged more than $160.",
          "77% of U.S. school leaders say that the average annual cost of school uniforms per child is about $150 or less."
        ]
      },
      {
        "point_number": 9,
        "point_content": "Many of the rules of a dress code abide by common sense needs, such as prohibiting profanity and inappropriate clothing lengths.",
        "spans": [
          "Many of the rules of a dress code abide by common sense needs.",
          "Any shirts with profanity printed on them are instantly disallowed.",
          "Students must follow a fingertip rule when evaluating the length of skirts or shorts."
        ]
      },
      {
        "point_number": 10,
        "point_content": "Dress codes help administrators to instantly identify trespassers and keep students safe.",
        "spans": [
          "Dress codes help administrators to instantly identify trespassers.",
          "When everyone in the school is dressed in the same way, then the presence of a dress code makes it easier to spot someone who is out of place."
        ]
      },
      {
        "point_number": 11,
        "point_content": "Most school dress codes allow for individualization through accessories and color choices within guidelines.",
        "spans": [
          "Most school dress codes allow for individualization.",
          "Most kids can wear earrings, necklaces, headbands, or bracelets that allow them to express their individuality.",
          "Most districts give students a palette of colors from which to choose."
        ]
      },
      {
        "point_number": 12,
        "point_content": "Dress codes at school restrict a person’s freedom of expression and force conformity.",
        "spans": [
          "Dress codes at school restrict a person’s freedom of expression.",
          "Restricting what students can wear removes the ability to create empowering moments that can lead to maturity.",
          "It forces them to comply with someone else’s standard of appropriateness, which only teaches conformity."
        ]
      },
      {
        "point_number": 13,
        "point_content": "Dress codes eliminate the strength of diversity and can negatively impact gender-nonconforming students.",
        "spans": [
          "It eliminates the strength of diversity from the school.",
          "Many schools use gender-based uniforms or dress codes to create conformity in the name of safety.",
          "Students who are gender-nonconforming, gender-fluid, or transgendered will feel ostracized by this structure."
        ]
      },
      {
        "point_number": 14,
        "point_content": "School dress codes do not always stop violence and may even correlate with increased violent incidents.",
        "spans": [
          "School dress codes do not always stop violence.",
          "When the Miami-Dade County Public Schools implemented a mandatory uniform policy, the number of violent incidents in their middle schools nearly doubled after just one year."
        ]
      },
      {
        "point_number": 15,
        "point_content": "School dress codes have zero effect on attendance or preparedness and may negatively impact test performance.",
        "spans": [
          "School dress codes have zero effect on attendance or preparedness.",
          "A study out of Virginia Tech found that there was no effect on behavioral problems or absenteeism when these rules were enforced.",
          "Some students performed worse on tests when uniforms were mandated."
        ]
      },
      {
        "point_number": 16,
        "point_content": "A standard dress code can be challenging to enforce and may increase disciplinary time away from learning.",
        "spans": [
          "A standard dress code can be challenging to enforce.",
          "Kids tend to spend more time in the office, away from their learning opportunities, because their apparel violates some kind of rule."
        ]
      },
      {
        "point_number": 17,
        "point_content": "Dress codes can emphasize socioeconomic divisions they try to eliminate, as poorer students may wear faded or torn apparel.",
        "spans": [
          "Dress codes can emphasize the socioeconomic divisions they try to eliminate.",
          "Kids that come from poor families tend to wear apparel that is faded, torn, and tattered."
        ]
      },
      {
        "point_number": 18,
        "point_content": "School dress codes can emphasize racial divisions in a community, with stricter codes more common in minority and poorer schools.",
        "spans": [
          "School dress codes can emphasize racial divisions in a community.",
          "Schools that have a minority population of 50% or more are four times more likely to require a strict dress code than schools with 20% to 49% demographic."
        ]
      },
      {
        "point_number": 19,
        "point_content": "Most students do not support the idea of a strict dress code and feel it does not reduce fights or increase connection to school.",
        "spans": [
          "Most students do not support the idea of a strict dress code.",
          "90% of junior high students report that they didn’t like wearing uniforms.",
          "81% of middle school students said that a strict dress code did nothing to reduce fights."
        ]
      },
      {
        "point_number": 20,
        "point_content": "Implementing school dress codes doesn’t solve genuine problems in the classroom and may divert resources from more effective solutions.",
        "spans": [
          "Implementing school dress codes doesn’t solve genuine problems in the classroom.",
          "Instead of spending funds on the enforcement of a student’s apparel, that money could be used to reduce classroom sizes, improve security, or encourage higher levels of parental involvement."
        ]
      },
      {
        "point_number": 21,
        "point_content": "Strict dress codes serve the interest of retailers more than students, with significant spending on uniforms.",
        "spans": [
          "Strict dress codes serve the interest of retailers more than students.",
          "The United States spends over $1 billion each year on school uniforms and apparel items that meet strict, mandatory dress codes."
        ]
      },
      {
        "point_number": 22,
        "point_content": "The implementation of dress code rules is usually reactionary, often in response to specific incidents.",
        "spans": [
          "The implementation of dress code rules is usually reactionary.",
          "After the Columbine attack, many districts changed their rules to prevent certain clothing items from being worn."
        ]
      }
    ],
    "clueweb22-en0017-63-08355": [
      {
        "point_number": 1,
        "point_content": "School dress codes should give a clear set of rules and guidelines to students and parents about what is (and is not acceptable) to wear at school. It should be simple, gender-neutral, and enforced evenly across the school.",
        "spans": [
          "School dress codes should give a clear set of rules and guidelines to students and parents about what is (and is not acceptable) to wear at school. It should be simple, gender-neutral, and enforced evenly across the school."
        ]
      },
      {
        "point_number": 2,
        "point_content": "The dress code needs to be devised with community and student consultation to ensure the community’s views are respected.",
        "spans": [
          "The dress code needs to be devised with community and student consultation to ensure the community’s views are respected."
        ]
      },
      {
        "point_number": 3,
        "point_content": "Many dress rules can be considered discriminatory against girls and forcing girls to change their behavior to avert the ‘male gaze’.",
        "spans": [
          "many dress rules can be considered discriminatory against girls and forcing girls to change their behavior to avert the ‘male gaze’."
        ]
      },
      {
        "point_number": 4,
        "point_content": "If you are in a community with a lot of religious or cultural minority members, it’s worth consulting them so their concerns and standards are included.",
        "spans": [
          "If you are in a community with a lot of religious or cultural minority members, it’s worth consulting them so their concerns and standards are included."
        ]
      },
      {
        "point_number": 5,
        "point_content": "School dress codes are incredibly controversial and you will be laying out what your school’s values are and how traditional you’re planning to be.",
        "spans": [
          "As you can surely realize, school dress codes are incredibly controversial. You will be laying out what your school’s values are and how traditional you’re planning to be."
        ]
      },
      {
        "point_number": 6,
        "point_content": "There’s potential to insult religious groups, cultural minorities, and LGBTQI+ people, who all should be consulted in order for an inclusive policy to be put into place.",
        "spans": [
          "There’s potential to insult religious groups, cultural minorities, and LGBTQI+ people, who all should be consulted in order for an inclusive policy to be put into place."
        ]
      },
      {
        "point_number": 7,
        "point_content": "Some policies that used to be commonplace may now be seen as oppressive toward women, so women must be central to the consultation process.",
        "spans": [
          "Furthermore, some policies that used to be commonplace may now be seen as oppressive toward women, so women must be central to the consultation process."
        ]
      },
      {
        "point_number": 8,
        "point_content": "Personally, I belive gaining the consent of the community is essential.",
        "spans": [
          "Personally, I belive gaining the consent of the community is essential."
        ]
      },
      {
        "point_number": 9,
        "point_content": "If your school is private, founded on certain values, or of a stated religious persuasion, it can be easier to both devise and enforce a dress code because you have a basis on which you can rely for the founding of the policy.",
        "spans": [
          "If your school is private, founded on certain values, or of a stated religious persuasion, it can be easier to both devise and enforce a dress code because you have a basis on which you can rely for the founding of the policy."
        ]
      },
      {
        "point_number": 10,
        "point_content": "School dress code policies are highly dependent on the type of school and the community setting in which the school is situated.",
        "spans": [
          "As you can see, school dress code policies are highly dependent on the type of school and the community setting in which the school is situated."
        ]
      }
    ],
    "clueweb22-en0046-50-06419": [
      {
        "point_number": 1,
        "point_content": "Dress codes are intended to promote a safe learning environment with minimal distractions, but often cause more distraction than they prevent.",
        "spans": [
          "dress codes are in place to promote a safe learning environment with minimal distractions, but as anyone whose teen has been charged with violating it can attest, adhering to such detailed policies is often more distracting than the distractions they were designed to prevent."
        ]
      },
      {
        "point_number": 2,
        "point_content": "Strict dress codes lead to frequent violations and disciplinary actions, especially among girls.",
        "spans": [
          "the stricter it is, the more kids will violate it.",
          "dress code violations comprise the bulk of minor disciplinary actions on any given day, and girls are far more likely to be in violation than boys."
        ]
      },
      {
        "point_number": 3,
        "point_content": "Dress codes can create an antagonistic environment and contradict the values we want to teach children, such as individualism and self-respect.",
        "spans": [
          "In addition to creating an antagonistic environment, where educators are forced into the awkward role of policing their students’ attire, the notion of a stringent dress code is contrary to the fundamentals we want our children to learn."
        ]
      },
      {
        "point_number": 4,
        "point_content": "Dress codes impact boys and girls differently, often resulting in gender bias and more discipline for girls.",
        "spans": [
          "More girls are being disciplined, more girls are missing class. The subtext is, girls are the distraction."
        ]
      },
      {
        "point_number": 5,
        "point_content": "Enforcing dress codes can be uncomfortable and problematic for teachers, especially male teachers.",
        "spans": [
          "Monitoring what students wear and what they’re exposing requires teachers to look closely at places they aren’t necessarily comfortable looking at—nor should they be."
        ]
      },
      {
        "point_number": 6,
        "point_content": "Society's oversexualization of females is reflected in school dress code policies, which often target clothing styles marketed to youth.",
        "spans": [
          "Our society’s obsession with image and our fixation to oversexualize anything female is directly reflected in school dress code policies.",
          "students get harangued for wearing the very clothes they are targeted to buy."
        ]
      },
      {
        "point_number": 7,
        "point_content": "Restricting dress codes leads to resistance and negatively affects student morale.",
        "spans": [
          "But the more we restrict, the more they resist, and it’s taking a toll on morale."
        ]
      },
      {
        "point_number": 8,
        "point_content": "Dress codes should serve as a backdrop to learning, not an obstacle, and students should be involved in creating policies they would uphold.",
        "spans": [
          "I’m not suggesting we abolish the dress code entirely, because it does serve a purpose, but it should be a backdrop to learning, not an obstacle.",
          "So why not adopt Mary Barra’s vision and collaborate with students on a policy they would uphold?"
        ]
      }
    ],
    "clueweb22-en0021-73-06756": [
      {
        "point_number": 1,
        "point_content": "Schools typically ban T-shirts that display racist, sexist, obscene, or gang-related messages. Generally, clothing shouldn't be overly revealing, hats can't be worn in the classroom, and jewelry shouldn't be able to double as a weapon.",
        "spans": [
          "Schools typically ban T-shirts that display racist, sexist, obscene, or gang-related messages.",
          "Generally, clothing shouldn't be overly revealing, hats can't be worn in the classroom, and jewelry shouldn't be able to double as a weapon (heavy chains, for example)."
        ]
      },
      {
        "point_number": 2,
        "point_content": "A general review of the student dress code at the beginning of the year helps students see it applies to everyone and that they aren't being singled out.",
        "spans": [
          "Depending on the school, an administrator or class advisor will gather the students at the beginning of the year to go over the rules and expectations.",
          "This general review of the student dress code is helpful because kids can see it applies to everyone and that they aren't being singled out."
        ]
      },
      {
        "point_number": 3,
        "point_content": "When addressing dress code violations, speak to the student privately and respectfully to avoid embarrassment and disruption.",
        "spans": [
          "When you do see a dress code violation that can't be ignored, speak to the student privately.",
          "I always preferred to talk to the student at the end of class to avoid disrupting class time or drawing unnecessary attention to the student.",
          "It's important to be respectful to kids and not make it a bigger issue than it needs to be."
        ]
      },
      {
        "point_number": 4,
        "point_content": "Having an administrator make the final decision on dress code violations can help maintain consistency and reduce teacher burden.",
        "spans": [
          "My high school had an administrator who made the final decision and called parents if necessary.",
          "This arrangement not only took the teacher off the hook but also kept kids from being subjected to multiple teachers' ideas of what qualified as appropriate dress."
        ]
      },
      {
        "point_number": 5,
        "point_content": "Studies regarding the effectiveness of dress codes are inconclusive, and concerns exist about unequal application and issues of free speech and religious freedom.",
        "spans": [
          "Studies regarding the effectiveness of dress codes are inconclusive.",
          "And a growing concern with student dress codes is that they're not always applied equally to boys and girls, with dress codes often being stricter for girls on the basis that what they wear can be \"distracting\" to boys.",
          "In addition, some people have raised issues of free speech and religious freedom in terms of what T-shirt messages students have a right to wear."
        ]
      },
      {
        "point_number": 6,
        "point_content": "Dress codes can be perceived as unfair if minor violations are not consistently enforced, leading to student objections.",
        "spans": [
          "One of the biggest objections kids have to the dress code is that it's applied unfairly.",
          "Unless it's a flagrant violation—a totally offensive T-shirt message that can't be missed, for example—minor violations often slip through the day undetected.",
          "This leads to students being quick to point out when other kids have worn the very thing they're getting reprimanded for and not gotten in trouble."
        ]
      },
      {
        "point_number": 7,
        "point_content": "Teachers should use good judgment, restraint, and respect when enforcing dress codes, balancing enforcement with focus on teaching and learning.",
        "spans": [
          "It's important to use good judgment, restraint, and respect when dealing with dress code issues.",
          "If you ignore obvious violations, you'll look like you don't care about the code, and it is your responsibility as a member of the faculty to support school rules.",
          "But you don't have to look for problems either.",
          "So start your class with a quick scan of your students, make a mental note if you need to speak to anyone after class, and move on to focus on teaching and learning."
        ]
      }
    ],
    "clueweb22-en0022-27-01130": [
      {
        "point_number": 1,
        "point_content": "Schools have implemented student dress codes to address a wide range of issues, some of which have been quite controversial.",
        "spans": [
          "Over the years, schools have implemented student dress codes to address a wide range of issues, some of which have been quite controversial."
        ]
      },
      {
        "point_number": 2,
        "point_content": "Dress codes have been used historically to address issues like gang-related violence and to create a more professional school environment.",
        "spans": [
          "In the 1990s, there was a push for dress codes to prevent promotion of gang-related violence.",
          "In recent years, a desire to stop conflict over designer labels and create a more “professional” school environment resulted in dress codes and uniforms becoming more popular."
        ]
      },
      {
        "point_number": 3,
        "point_content": "Some students, especially girls, protest dress codes because they feel the policies are unfair and target them.",
        "spans": [
          "A few years ago, student dress codes made headlines because several groups of students—predominately girls—began to question and protest school dress codes because they thought the policies were unfair."
        ]
      },
      {
        "point_number": 4,
        "point_content": "Criticism of dress codes includes that they unfairly target girls and transgender students, imply girls are at fault for harassment, cause feelings of judgment and shame, and apply different standards based on body development.",
        "spans": [
          "The young spokeswomen said that: (1) the dress codes unfairly target girls and transgender students; (2) they send a message to girls that if they are harassed by boys, it is their fault; (3) they feel judged and shamed by the dress codes; and (4) that a different standard is applied to girls who are more curvy and developed than other girls."
        ]
      },
      {
        "point_number": 5,
        "point_content": "Students at Haven Middle School protested a ban on leggings and yoga pants, feeling it was unfair and made them feel guilty for boys' behavior.",
        "spans": [
          "One example took place at Haven Middle School in Evanston, IL where over 500 students signed a petition opposing what they’d been told was a full ban on leggings and yoga pants.",
          "“Not being able to wear leggings because it’s ‘too distracting for boys’ is giving us the impression we should be guilty for what guys do,” said Sophie Hasty, a 7th grader at the school, “We just want to be comfortable!”"
        ]
      }
    ],
    "clueweb22-en0040-36-11685": [
      {
        "point_number": 1,
        "point_content": "School dress codes allow students a certain level of self-expression while maintaining appropriate dress.",
        "spans": [
          "The benefit of opting for a dress code instead is that it allows students a certain level of self-expression while maintaining appropriate dress."
        ]
      },
      {
        "point_number": 2,
        "point_content": "School dress codes are put into place for the benefit of students to prevent inappropriate dressing and distractions.",
        "spans": [
          "these codes are most often put into place for the benefit of students.",
          "School dress codes ensure that students will not dress inappropriately."
        ]
      },
      {
        "point_number": 3,
        "point_content": "School dress codes help maintain a focused academic environment by restricting revealing or risqué fashion trends.",
        "spans": [
          "Many fashion trends have no place in the school environment, as they are often too revealing or risque to promote a focused academic environment."
        ]
      },
      {
        "point_number": 4,
        "point_content": "Dress codes help reduce jealousy and competition among students by keeping wardrobe basic and non-distracting, promoting acceptance and focus on learning.",
        "spans": [
          "Students can feel a sense of jealousy and competition when they are confronted with ridiculous fashion standards.",
          "Instead, keeping the acceptable wardrobe basic and non-distracting helps students feel accepted by their peers and helps to keep them focused on their learning."
        ]
      },
      {
        "point_number": 5,
        "point_content": "There is debate about dress codes being unfair toward girls and focusing on policing girls' clothing, leading to body shaming concerns.",
        "spans": [
          "Many, in particular, cite these codes as being unfair toward girls.",
          "Other arguments against dress codes express concern over the idea that girls are being told to cover themselves up in order to not distract male students.",
          "In a way, this leads to the idea that dress codes focus on body shaming young girls by telling them not to wear clothes that expose or accentuate certain parts of their bodies."
        ]
      },
      {
        "point_number": 6,
        "point_content": "The purpose of school dress codes is to promote a safe and focused learning environment and relieve pressure on young women regarding fashion and body image.",
        "spans": [
          "it is also important to remember the purpose of school dress codes.",
          "These codes are put into place in order to help promote a safe and focused learning environment for all students.",
          "School dress codes help to relieve some of the constant pressure facing young women and focusing on their bodies."
        ]
      },
      {
        "point_number": 7,
        "point_content": "Modern school dress codes aim to promote equity among students rather than shame, reflecting more body-positive values.",
        "spans": [
          "The goal with these dress codes should be to promote equity among students rather than shame, and modern school dress codes are working toward reflecting those values instead."
        ]
      }
    ],
    "clueweb22-en0014-70-00000": [
      {
        "point_number": 1,
        "point_content": "A dress code gives teachers the justification they need to address clothing that makes peers feel uncomfortable or unsafe.",
        "spans": [
          "If a student is wearing something that makes their peers feel uncomfortable or unsafe, teachers should be able to say something about it — and a dress code gives them the justification they need to do just that."
        ]
      },
      {
        "point_number": 2,
        "point_content": "Dress code rules help teachers quickly identify and handle inappropriate clothing that is revealing or promotes hate or violence.",
        "spans": [
          "What’s not OK is when a student intentionally wears something that is super revealing or promotes hate or violence. In those instances, a teacher needs to be able to refer to a dress code so they don’t waste time pondering which kinds of clothing are unacceptable or the best methods of handling the situation."
        ]
      },
      {
        "point_number": 3,
        "point_content": "School uniforms can prevent improper clothing and reduce bullying based on clothing.",
        "spans": [
          "Honestly, I even think school uniforms can be helpful because they prevent kids from wearing improper clothing — and they also make it less likely that someone will get bullied for what they’re wearing."
        ]
      },
      {
        "point_number": 4,
        "point_content": "Dress policies exist to make education a priority and ensure equal treatment for all students.",
        "spans": [
          "Dress policies exist for a reason: to make education a priority for all students. A written code, enforced fairly, ensures that we are treated equally ."
        ]
      },
      {
        "point_number": 5,
        "point_content": "Learning to follow dress standards in school prepares students for future careers where specific attire is required.",
        "spans": [
          "I do agree creativity and self- expression are important. That said, school is setting us up for our careers, and most jobs require specific attire. Learning to follow standards now will only help in the future."
        ]
      }
    ]
  }
}