{
  "question": "should underaged children be allowed to own social media accounts?",
  "key_points": {
    "clueweb22-en0028-40-01133": [
      {
        "point_number": 1,
        "point_content": "It is illegal for children under age 13 to open an online account without verifiable parental consent according to the Children’s Online Privacy Protection Act.",
        "spans": [
          "According to the Children’s Online Privacy Protection Act, it’s illegal for commercial websites and apps to allow children under age 13 to open an online account without verifiable parental consent."
        ]
      },
      {
        "point_number": 2,
        "point_content": "Many children bypass the age restriction by using a parent’s email and a fake birth date, often with permission.",
        "spans": [
          "Still, most children are savvy enough to get around this rule by using a parent’s e-mail and a fake birth date, often with permission."
        ]
      },
      {
        "point_number": 3,
        "point_content": "Children aged 7 to 11 have not developed the ability to consider hypothetical situations and potential negative consequences of posting on social media.",
        "spans": [
          "At ages 7 to 11, children are still thinking very concretely, and they haven’t yet developed the ability to consider hypothetical situations,",
          "So an 8-year-old girl posting a video about how to do her hair is just thinking, ‘My friends will see this and it will be great!’ She can’t take that next step and think about who else might watch that video and write mean comments or even repost it and use it to sell hair products."
        ]
      },
      {
        "point_number": 4,
        "point_content": "Some kids may be ready to handle social media under the legal age of 13, but most probably can’t; parents are the best judge of their child's readiness.",
        "spans": [
          "Some kids may be ready to handle social media under the legal age of 13, but most probably can’t,",
          "You are the best judge of your child. Ask: Can she use it in ways that are healthy and respectful of others?"
        ]
      },
      {
        "point_number": 5,
        "point_content": "Parents should supervise their child's social media use closely, including knowing their username and password and following them on the platform.",
        "spans": [
          "When you do decide to let your kid make his first foray into social media, approach it as if you’re taking a new swimmer to the adult pool: Go in together at first, and keep a watchful eye on him as he finds his way.",
          "Next, make sure you have full access to your child’s account by learning his username and password, and by following him with your own account."
        ]
      },
      {
        "point_number": 6,
        "point_content": "Parents should review their child's followers and block unknown people.",
        "spans": [
          "I also go through her list of followers every couple of weeks to make sure they are all people she knows in real life.",
          "If they’re not, Slater logs in and blocks them."
        ]
      },
      {
        "point_number": 7,
        "point_content": "Parents should turn off location services to prevent geotagging on photos posted by children.",
        "spans": [
          "Another huge safety issue to keep in mind is geotagging (when a photo is stamped with the location where it was taken): Before you let your kid post, go to the settings on his phone and turn “location services” off."
        ]
      },
      {
        "point_number": 8,
        "point_content": "Parents should maintain ongoing conversations with their children about online safety, bullying, and inappropriate contact.",
        "spans": [
          "Also, be certain that he knows he can talk to you about anything bad or weird that happens—whether another kid starts bullying him or someone he doesn’t know tries to contact him or ask for personal information.",
          "It’s a conversation you have to begin before you give him the device or let him join the site, and you must keep the discussion going."
        ]
      },
      {
        "point_number": 9,
        "point_content": "Parents should set clear rules for technology use and consequences for breaking them.",
        "spans": [
          "Lay down the rules for using technology from the beginning (when and how he’s allowed to use it and specific punishments if he breaks the rules)."
        ]
      },
      {
        "point_number": 10,
        "point_content": "Children should be taught to avoid posting anything they wouldn’t want their family members to see.",
        "spans": [
          "Stress the “Grandma Rule,” says Dr. Rich. “Never post or ‘snap’ anything that you wouldn’t want your grandma to see.”"
        ]
      },
      {
        "point_number": 11,
        "point_content": "Social media can affect children's self-worth, especially focusing on appearance and popularity, which can be harmful.",
        "spans": [
          "Constantly viewing images that feature appearance, popularity, and even ‘sexiness’ pushes a dangerous message, especially to young girls."
        ]
      },
      {
        "point_number": 12,
        "point_content": "Parents should encourage children to post positive content related to interests and causes rather than just appearance.",
        "spans": [
          "To keep your child’s image from sliding too far into the “look how pretty I am” lane, encourage her to post about books she likes, causes she’s interested in, and positive messages that she’d like to share."
        ]
      }
    ],
    "clueweb22-en0019-08-09289": [
      {
        "point_number": 1,
        "point_content": "Most social media sites say that you have to be at least 13 to make an account.",
        "spans": [
          "Most social media sites say that you have to be at least 13 to make an account."
        ]
      },
      {
        "point_number": 2,
        "point_content": "Many children under 13 do not know what they are getting into when they make a social media account.",
        "spans": [
          "Not many kids know what they’re getting into when they make a social media account."
        ]
      },
      {
        "point_number": 3,
        "point_content": "Young children can be exposed to bad or inappropriate things on social media, which might influence them negatively.",
        "spans": [
          "The young children can be exposed to bad or inappropriate things, and might even influence the child that it’s okay to look at or do these things."
        ]
      },
      {
        "point_number": 4,
        "point_content": "There are more cons than pros when it comes to social media for kids under the age of 13.",
        "spans": [
          "there are more cons then there are pros when it comes to social media for kids under the age of 13."
        ]
      },
      {
        "point_number": 5,
        "point_content": "Children under the age 13 should focus more on school or natural play than social media.",
        "spans": [
          "Children under the age 13 should be more into school or natural play than social media."
        ]
      },
      {
        "point_number": 6,
        "point_content": "It is safer to wait until the child is older to allow them on social media so they can understand what to do and avoid cons.",
        "spans": [
          "It is safe to wait until the child is the appropriate age to allow them on social media.",
          "When they are older they will be smarter, and able to understand what and what not to do."
        ]
      }
    ],
    "clueweb22-en0009-12-07744": [
      {
        "point_number": 1,
        "point_content": "There is debate about the right age for kids to use social media, with some saying as young as 8 and others saying not before 15.",
        "spans": [
          "While some people argue that kids as young as 8 can access social media platforms, many people say that they shouldn’t be allowed to create their accounts before 15 years of age."
        ]
      },
      {
        "point_number": 2,
        "point_content": "Parents often give in to kids' requests to create social media accounts to avoid tantrums, but they worry about safety and want to monitor usage.",
        "spans": [
          "Young kids often throw a tantrum or try their level best to convince their parents to let them create an account on Facebook or Instagram. Parents often give in to such requests, as they want to put an end to the drama. Parents of young kids are often worried about their safety and also feel the need to keep an eye on their social media usage habits in the initial years."
        ]
      },
      {
        "point_number": 3,
        "point_content": "Kids often get mobile phones early and may secretly create social media accounts without parents' knowledge, using apps and tricks to hide them.",
        "spans": [
          "Most kids secretively create their social media accounts, without the knowledge of their parents. With the onset of technology, there are certain apps and tricks which hide the particular app. This way kids manage to fool their parents easily."
        ]
      },
      {
        "point_number": 4,
        "point_content": "It is important to decide the right age to give a child a smartphone and allow access to social media to avoid secretive usage.",
        "spans": [
          "In order to avoid such a scenario, it is important to decide the right age to give your child a smartphone, as well as allow him to access social media sites."
        ]
      },
      {
        "point_number": 5,
        "point_content": "The recommended age to allow a child to access social media is around 13, with some level of supervision.",
        "spans": [
          "13 is probably the right age to introduce your child to the world of social media - however, under some level of supervision."
        ]
      },
      {
        "point_number": 6,
        "point_content": "Once children enter teenage years, they may secretly create social media accounts if not allowed, so it's better to avoid this by allowing supervised access.",
        "spans": [
          "Once your child enters his teenage years, it becomes a bit tricky to control them, as even if you don’t allow them to create accounts on social media, they will find a secretive way to do so. It is better to avoid such a situation, as after this your child might start hiding things from you."
        ]
      },
      {
        "point_number": 7,
        "point_content": "Parents should earn their kids' trust, make terms and conditions clear, maintain transparency, and balance privacy and supervision.",
        "spans": [
          "Earn your kids trust and make certain terms and conditions clear to him. Maintain transparency, while giving him the much needed privacy as well. A balance of everything will help you as well as your child in dealing with it."
        ]
      }
    ],
    "clueweb22-en0044-64-16952": [
      {
        "point_number": 1,
        "point_content": "Most social media websites have specific age limits, typically requiring users to be at least 13 years old.",
        "spans": [
          "Most social media websites have specific age limits.",
          "Twitter, Facebook, TikTok, and many others require that users be at least 13 years old before they can make an account."
        ]
      },
      {
        "point_number": 2,
        "point_content": "Psychologists suggest children under 11 are too young for social media, and 13 is the minimum age recommended by some experts.",
        "spans": [
          "According to Dr. Lisa Strohman, psychologist and author of ‘Unplug: Raising Kids in a Technology Addicted Age’, kids under 11 are certainly too young.",
          "Dr. Kristy Goodwin, a public speaker on the issue of how technology affects children, says that 13 is the absolute minimum age that any child should be on social media."
        ]
      },
      {
        "point_number": 3,
        "point_content": "There is no one-size-fits-all answer; readiness for social media depends on the individual child and external factors like peer usage.",
        "spans": [
          "Truthfully, deciding what age your kids should start using social media should be down to the individual.",
          "Each child is different, so the period that they’re ready for social media is also different.",
          "When your kid’s friends are all using Facebook, denying it to your child can be difficult."
        ]
      },
      {
        "point_number": 4,
        "point_content": "Social media can expose children to mature content and cyberbullying, which can be harmful.",
        "spans": [
          "Social media can be filled with some pretty adult content.",
          "Exposure to mature material at too young of an age can damage your child’s development.",
          "The connectivity of social media also leaves them open to cyberbullying."
        ]
      },
      {
        "point_number": 5,
        "point_content": "Parents should regulate their children's social media usage rather than banning it outright.",
        "spans": [
          "You must have some control over how much your kids are using social media.",
          "When they first start using it, they should be relegated to only a few hours a day at most.",
          "While it can be tempting to say that your child isn’t ready for social media, it can be beneficial to both you and child that you regulate their time with, rather than banning it outright."
        ]
      },
      {
        "point_number": 6,
        "point_content": "Children should be taught how to use social media safely and responsibly, including understanding dangers and privacy settings.",
        "spans": [
          "Your child should understand the dangers, as well as learn how to act appropriately online.",
          "The most important lesson you can teach your children is the proper use of safety and privacy features.",
          "Make sure they know how to turn on features like 2FA, and that they have their accounts set to private."
        ]
      }
    ],
    "clueweb22-en0004-15-08634": [
      {
        "point_number": 1,
        "point_content": "Children under 12 should not be on social media at all, according to a leading Australian child psychologist.",
        "spans": [
          "Parents must get tough about social media use in the wake of the tragic death of 14-year-old Amy 'Dolly' Everett, a leading Australian child psychologist says, warning children under 12 should not be on social media at all."
        ]
      },
      {
        "point_number": 2,
        "point_content": "Dr Michael Carr-Gregg said children under 12 should be banned from using social media because they do not have the neurological maturity to manage their digital footprint.",
        "spans": [
          "Dr Michael Carr-Gregg, a youth mental health expert who is known for writing books like The Princess Bitchface Syndrome, said children under 12 should be banned from using social media.",
          "You have got up to 60 per cent to 70 per cent of primary school kids on Facebook, Twitter, Instagram and Snapchat and they simply do not have the neurological maturity to manage their digital footprint."
        ]
      },
      {
        "point_number": 3,
        "point_content": "Parents are not enforcing the ban on social media use for children under 12, causing problems in primary schools.",
        "spans": [
          "It is as simple as that — yet I go to primary schools right across Australia and the principals are pulling their hair out because the parents aren't enforcing this."
        ]
      },
      {
        "point_number": 4,
        "point_content": "Being chronically victimised on or off-line is one of the risk factors for teenage suicide.",
        "spans": [
          "Dr Carr-Gregg said being chronically victimised on or off-line was one of the risk factors for teenage suicide."
        ]
      },
      {
        "point_number": 5,
        "point_content": "Bullying crisis is a parent, school and community problem and requires preventative measures.",
        "spans": [
          "Dr Carr-Gregg said the bullying crisis facing our children was a parent, school and community problem.",
          "It is not going to be solved easily — what we need to be as parents is preventative."
        ]
      }
    ],
    "clueweb22-en0041-48-12455": [
      {
        "point_number": 1,
        "point_content": "Children under 13 should not be allowed on social media because it can influence their development and transition into their teens negatively.",
        "spans": [
          "Children Under 13 Should Not Be Allowed on Social Media, and Here’s Why",
          "Letting your kid on social media sites can influence their development and even the transition into their teens."
        ]
      },
      {
        "point_number": 2,
        "point_content": "Children on social media see a different reality and feel pressured to keep up with worldwide trends, which can harm their developing self-esteem.",
        "spans": [
          "Your kid will see a different reality on social media sites.",
          "On these sites, they won’t just be influenced by kids around their own age and in their circle of friends, but way beyond. They will feel pressured to keep up with worldwide trends.",
          "For a young mind that is in the developing stages of self-esteem, it can give them the impression that they won’t ever be able to attain the same status, get the same things — basically, they’ll think they will never be able to catch up."
        ]
      },
      {
        "point_number": 3,
        "point_content": "Children under 13 might share too much personal information on social media, which can put them in danger.",
        "spans": [
          "Your kid might share too much.",
          "Like it or not, if a kid under 13 uses a social media site, they will also be tempted to share and they might share things that are not really for the whole world to see.",
          "Even if they only share their location or an image that easily shows where they are, it can get stalkers and shady characters’ attention and could put your kid in danger."
        ]
      },
      {
        "point_number": 4,
        "point_content": "Children under 13 are more affected by online bullying, which can severely impact their self-esteem and mental health.",
        "spans": [
          "They might become a victim of online bullying or become one.",
          "While bullying happens no matter how old you are, kids under 13 are the most affected by it because that’s when kids’ self-esteem starts to form.",
          "Bullying will make children seek virtual approval, which can become uncontrollable.",
          "Abusive language and gossiping can spike anxiety too, which might result in panic attacks.",
          "There is even a chance that cyberbullying could trigger self-harm."
        ]
      },
      {
        "point_number": 5,
        "point_content": "Social media can cause anxiety and depression in children under 13 due to trends, bullying, and false reality.",
        "spans": [
          "Your kid might develop anxiety.",
          "All the trends, bullying, and false reality can make kids anxious easily, and even depressed.",
          "Kids still don’t have a strong self-esteem and confidence and this is the main reason why kids shouldn’t be allowed to use social sites."
        ]
      },
      {
        "point_number": 6,
        "point_content": "Children can be pushed into participating in dangerous social media trends that can put their lives at risk.",
        "spans": [
          "Your kid can get pushed into participating in dangerous trends.",
          "Some of the past trends and challenges are known for being unpredictable and very dangerous."
        ]
      },
      {
        "point_number": 7,
        "point_content": "Children are targets for scammers and identity thieves on social media, which can lead to serious consequences.",
        "spans": [
          "He might get scammed and even become a victim of identity theft.",
          "Kids are a treasure in the eyes of scammers and identity thieves.",
          "These people specifically target children who are using social sites and things can get really bad really fast because scammers find them to be the easiest targets."
        ]
      }
    ],
    "null": [],
    "clueweb22-en0013-23-03963": [
      {
        "point_number": 1,
        "point_content": "Social media is now a hot spot for child predators who can easily pretend to be a child themselves to groom victims.",
        "spans": [
          "Social media is now a hot spot for child predators. They can easily pretend to be a child themselves, as the prep their victims."
        ]
      },
      {
        "point_number": 2,
        "point_content": "Many children lie about their age to get onto social media, and parents may not know they even have an account.",
        "spans": [
          "Many lie about their age to get onto the social media. Parents may not know they even have an account."
        ]
      },
      {
        "point_number": 3,
        "point_content": "Social media is ridiculously addictive and can cause behavioral complications in children when taken away.",
        "spans": [
          "Social Media is ridiculously addictive.",
          "You may be able to recognize constant behavior complications in your children if they have reached a higher level of addiction. When you take the phone away for a punishment, they may talk back more rudely than normal. They may also seem to become restless and extremely irritate. This can also be met with many tears, as they do not know how to cope without their social media."
        ]
      },
      {
        "point_number": 4,
        "point_content": "Social media is a useless distraction that can take up several hours during the day and distract from real life.",
        "spans": [
          "Social media can easily take up several hours during the day.",
          "Social media is a useless distraction"
        ]
      },
      {
        "point_number": 5,
        "point_content": "Social media can lead to bullying and cyberbullying, which can be severe and even lead to suicide.",
        "spans": [
          "Bullies love social media",
          "Cyber bullying has been a consistent meh the most recent episodes seem to involve a lot of students.",
          "In some cases, the bullying has gone far enough for an individual to take their own life."
        ]
      },
      {
        "point_number": 6,
        "point_content": "Social media replaces real life interactions and reduces sincere personal communication.",
        "spans": [
          "Increased social media usage makes in –person meetings even more rare.",
          "Everything is done behind a phone or computer screen. This eliminates sincere handshakes and warm hugs. It also takes a way a lot of the sincerity that comes from personal conversation."
        ]
      },
      {
        "point_number": 7,
        "point_content": "Social media can cause self-esteem issues, especially in young girls, due to unrealistic expectations and altered images.",
        "spans": [
          "Social media serves primarily to shatter young girls’ self-esteem",
          "Many kids look to social media to get their news for the day.",
          "They expect to date people that look perfect, yet this is not realistic.",
          "Self-esteem can be a big problem when it comes to social media."
        ]
      },
      {
        "point_number": 8,
        "point_content": "Social media lacks emotional tone and can cause misunderstandings and cold interactions.",
        "spans": [
          "It’s impossible to convey tone online. Even with emojis",
          "The tone and emotion are missing in text messages.",
          "Relationships can suffer when they only exist on social media."
        ]
      }
    ],
    "clueweb22-en0029-64-08844": [
      {
        "point_number": 1,
        "point_content": "One-in-three parents say they have had concerns or questions about their child’s technology use in the last year.",
        "spans": [
          "One-in-three parents say they have had concerns or questions about their child’s technology use in the last year."
        ]
      },
      {
        "point_number": 2,
        "point_content": "Parents of children over age 5 are more likely to have concerns about their child's technology use than parents of children under age 5.",
        "spans": [
          "Parents who have children over the age of 5 are significantly more likely than parents who only have children under age 5 to say they have had questions or concerns of this type over the past year (36% vs. 21%)."
        ]
      },
      {
        "point_number": 3,
        "point_content": "Most parents have not felt uncomfortable about information posted about their child by others online; few have requested content be removed.",
        "spans": [
          "Most parents say they have not felt uncomfortable about the information posted about their child by others online; few have requested content be removed."
        ]
      },
      {
        "point_number": 4,
        "point_content": "Parents of younger children are more sensitive about content posted about their child online than parents of older children.",
        "spans": [
          "Parents of younger children tend to be a bit more sensitive about the content that is posted about their child.",
          "Among parents who only have children age 11 or younger, 14% say they have ever felt uncomfortable about something a spouse, family member, or friend posted about their child on social media.",
          "This compares with 3% of parents who only have children age 12 and older."
        ]
      },
      {
        "point_number": 5,
        "point_content": "Parents who feel uncomfortable about content posted about their child often ask for it to be removed.",
        "spans": [
          "However, when parents do feel uncomfortable, many are likely to ask the poster to remove the offending content.",
          "Overall, 11% of parents have ever asked a family member, caregiver, or friend to take something about their child down from social media."
        ]
      }
    ]
  }
}