{
  "question": "how can government reduce unemployment",
  "key_points": {
    "clueweb22-en0029-89-08941": [
      {
        "point_number": 1,
        "point_content": "Diversification of economic activities can help reduce unemployment.",
        "spans": [
          "Diversification of economic activities."
        ]
      },
      {
        "point_number": 2,
        "point_content": "Control of population growth is a measure to curb unemployment.",
        "spans": [
          "Control of population growth."
        ]
      },
      {
        "point_number": 3,
        "point_content": "Adoption of policies that encourage labour intensive methods of production can reduce unemployment.",
        "spans": [
          "Adoption of policies that encourage labour intensive methods of production."
        ]
      },
      {
        "point_number": 4,
        "point_content": "Partnering with the private sector to create employment is a government strategy to reduce unemployment.",
        "spans": [
          "Partner with the private sector to create employment."
        ]
      },
      {
        "point_number": 5,
        "point_content": "Adopting a relevant education system helps in reducing unemployment.",
        "spans": [
          "Adopting relevant education system."
        ]
      },
      {
        "point_number": 6,
        "point_content": "Encouraging direct foreign investment is a solution to reduce unemployment.",
        "spans": [
          "Encouraging direct foreign investment."
        ]
      },
      {
        "point_number": 7,
        "point_content": "Encouraging efficient exploitation and use of locally available resources can reduce unemployment.",
        "spans": [
          "Encouraging efficient exploitation and use of locally available resources."
        ]
      },
      {
        "point_number": 8,
        "point_content": "Availing investment funds through favorable credit like the Youth Fund and Uwezo Fund in Kenya helps reduce unemployment.",
        "spans": [
          "Availing investment funds through favorable credit like the Youth Fund and Uwezo Fund in Kenya."
        ]
      }
    ],
    "clueweb22-en0044-78-05857": [
      {
        "point_number": 1,
        "point_content": "The government is currently using the 'New Deal Scheme' to reduce unemployment by offering subsidies to companies to employ workers who would otherwise be on benefits.",
        "spans": [
          "I will mainly focus on the Governments 'New Deal Scheme' which tackles the ongoing unemployment problem by offering subsidies to companies to employ workers who would otherwise be on the dole."
        ]
      },
      {
        "point_number": 2,
        "point_content": "Subsidising companies to take on workers helps create jobs but requires large government spending.",
        "spans": [
          "Subsidising companies to take on workers helps create jobs, but this requires large government spending."
        ]
      },
      {
        "point_number": 3,
        "point_content": "Training is essential but cannot create jobs itself and is also costly.",
        "spans": [
          "Training is essential, but cannot create jobs itself, and is also costly."
        ]
      },
      {
        "point_number": 4,
        "point_content": "The government must adopt broader and more imaginative solutions beyond conventional ideas to reduce unemployment.",
        "spans": [
          "Any new solutions must be broader and more imaginative. The government must forget about conventional ideas."
        ]
      },
      {
        "point_number": 5,
        "point_content": "The New Deal Scheme is a key part of the Government's Welfare to Work strategy, providing jobseekers opportunities to develop skills and find work.",
        "spans": [
          "The New Deal Scheme \"New Deal is a key part of the Government's Welfare to Work strategy. It gives New Deal jobseekers aged 18-24, 25 plus, 50 plus and New Deal jobseekers with disabilities a chance to develop their potential, gain skills and experience and find work."
        ]
      },
      {
        "point_number": 6,
        "point_content": "The New Deal also offers opportunities for lone parents and disabled people on health-related benefits to explore work options.",
        "spans": [
          "In addition, New Deal for Lone Parents and New Deal for Disabled People offers the opportunity to lone parents and disabled people on health related benefits to explore work options."
        ]
      },
      {
        "point_number": 7,
        "point_content": "More than 89,729 companies have signed New Deal employer agreements, showing business participation in the scheme.",
        "spans": [
          "More than 89,729 companies have signed New Deal employer agreements so far."
        ]
      },
      {
        "point_number": 8,
        "point_content": "Partnership between the Employment Service and a wide range of organisations is crucial to the success of the New Deal.",
        "spans": [
          "Partnership between the Employment Service and a wide range of organisations is crucial to the success of New Deal."
        ]
      },
      {
        "point_number": 9,
        "point_content": "The New Deal Innovation Funds support local pilots designed to improve the performance of New Deal.",
        "spans": [
          "The New Deal Innovation Funds have been set up to support local pilots designed to improve the performance of New Deal."
        ]
      },
      {
        "point_number": 10,
        "point_content": "The government has invested more in helping individuals participate in the labour market, which benefits individuals, communities, and businesses.",
        "spans": [
          "The government have invested more in helping individuals participate in the labour market. This is not only a better use of their resources; it means that everyone is given the opportunity to develop their talents to the full.",
          "This way, everyone seems to benefit – not only individuals, but also the communities in which they live and the businesses in which they work."
        ]
      }
    ],
    "null": [],
    "clueweb22-en0015-62-12873": [
      {
        "point_number": 1,
        "point_content": "Encourage entrepreneurship to reduce unemployment by teaching people about entrepreneurship so they can start small businesses and create job opportunities.",
        "spans": [
          "Encourage entrepreneurship reduce unemployment in South Africa",
          "People must be taught about entrepreneurship.",
          "People will start small business and able to create job opportunities to others."
        ]
      },
      {
        "point_number": 2,
        "point_content": "Education and training are essential to reduce unemployment by providing knowledge and skills needed for employment.",
        "spans": [
          "Education and training is needed in our society, when we are educated it will be easy for us to get jobs.",
          "The government must provide training centers so that we will be trained for jobs, internships and leanerships will prepare us for jobs."
        ]
      },
      {
        "point_number": 3,
        "point_content": "Teaching children about business and entrepreneurship from an early age helps reduce unemployment by preparing them to start their own businesses.",
        "spans": [
          "if we teach our children in an early age about business and entrepreneurship.",
          "universities and college must offer entrepreneurship courses so that students they wont focus on government for jobs."
        ]
      }
    ],
    "clueweb22-en0031-15-16761": [
      {
        "point_number": 1,
        "point_content": "Reducing occupational immobility through apprenticeship schemes to provide new skills and improve incentives to find work.",
        "spans": [
          "Reducing occupational immobility: Immobility is a cause structural unemployment.",
          "Policies such as apprenticeship schemes aim to provide the unemployed with the new skills they need to find fresh employment and to improve the incentives to find work."
        ]
      },
      {
        "point_number": 2,
        "point_content": "Reducing geographical immobility by addressing factors like high house prices and low house-building to improve labour mobility.",
        "spans": [
          "Reducing the geographical immobility of labour: Many people have the right skills to find fresh work but factors such as high house prices and housing rents, family and social ties and regional differences in the cost of living make it difficult and sometimes impossible to change location in order to get a new job.",
          "Many economists point to a persistently low level of new house-building as a major factor impeding labour mobility and the chances finding new work."
        ]
      },
      {
        "point_number": 3,
        "point_content": "Benefit and tax reforms to improve incentives for unemployed people to take jobs, such as linking welfare benefits to work experience programmes or lowering marginal tax rates.",
        "spans": [
          "Benefit and tax reforms: To some economists, a policy that reduces the real value of welfare benefits might increase the incentive for the unemployed to take a job.",
          "Targeted measures to improve people's incentives might include linking welfare benefits to participation in work experience programmes or lower marginal tax rates for people on low incomes."
        ]
      },
      {
        "point_number": 4,
        "point_content": "Boosting aggregate demand through fiscal stimulus like increased state investment spending or lower taxes to create new jobs.",
        "spans": [
          "Boosting aggregate demand:",
          "A Keynesian-style stimulus is an active policy during a recession.",
          "This might include increases in state investment spending or lower taxes to boost disposable income",
          "Both are a fiscal stimulus.",
          "Many governments have turned to fiscal policy as a way of creating new jobs; some economists refer to such programmes as providing 'shovel-ready' jobs, typically involving construction projects that are labour intensive"
        ]
      },
      {
        "point_number": 5,
        "point_content": "Employment subsidies and employment tax cuts to encourage businesses to hire more workers, especially the long-term unemployed and young people.",
        "spans": [
          "Employment subsidies and/or employment tax cuts (demand-side policy):",
          "Government subsidies for businesses that take on the long-term unemployed – for example, as part of the UK Youth Contract, payments of up to £2,275 are available to employers who take on young people (aged 18-24) who have been claiming JSA for more than six months",
          "Lower taxes on businesses that employ more workers might be effective, for example cuts in employer national insurance contributions for young, low-paid workers"
        ]
      },
      {
        "point_number": 6,
        "point_content": "Raising the participation age to keep young people in education or training longer to improve their employability.",
        "spans": [
          "Changing the participation age",
          "From 2013, young people in the UK will be required to continue in education or training until they turn 17 and from 2015 they will be required to continue in education or training until they turn 18."
        ]
      },
      {
        "point_number": 7,
        "point_content": "Unemployment policies aim to improve skills, provide incentives to work, increase labour mobility, maintain demand, and encourage entrepreneurship to create jobs.",
        "spans": [
          "Unemployment policies are designed to",
          "Improve skills / human capital to make people more flexible in the workplace",
          "Provide stronger incentives to look for and accept work",
          "Increase the occupational and geographical mobility of labour",
          "Maintain a sufficiently high level of demand to create enough new jobs",
          "Encourage entrepreneurship and innovation as a way of creating new products and market demand which will generate new employment opportunities"
        ]
      },
      {
        "point_number": 8,
        "point_content": "Demand and supply-side policies need to work together; boosting demand alone is ineffective if unemployment is structural.",
        "spans": [
          "Demand and supply-side policies need to work in tandem for unemployment to fall.",
          "Simply boosting demand if the root cause of unemployment is structural is an ineffective way of tackling the problem."
        ]
      }
    ],
    "clueweb22-en0005-57-12329": [
      {
        "point_number": 1,
        "point_content": "The government is overhauling the benefits system by replacing the majority of working age benefits with Universal Credit to create a simpler, fairer system that removes complexities and ensures a smooth transition between benefits and work.",
        "spans": [
          "To make work pay we are completely overhauling the benefits system, replacing the majority of working age benefits with the Universal Credit. This will create a simpler, fairer benefits system; it will remove the complexities that keep people trapped on welfare, and ensure that we smooth the transition between benefits and work."
        ]
      },
      {
        "point_number": 2,
        "point_content": "The introduction of the Work Programme provides effective back to work support for all, drawing on private, voluntary and third sector expertise to deliver tailored support based on individual need, with payment by results to reward success.",
        "spans": [
          "Crucially, with the introduction of the new Work Programme next month, we are also putting in place effective back to work support for all.",
          "The Work Programme is a revolution in service provision.",
          "It is entirely unlike anything that has gone before.",
          "It will draw upon the best of private, voluntary and third sector expertise to deliver truly tailored support based on individual need.",
          "We will not dictate the nature of this support but instead will reward success using payment by results."
        ]
      },
      {
        "point_number": 3,
        "point_content": "The Work Programme uses a payment by results model with long contracts and financial incentives for maintaining employment, encouraging providers to invest in people and deliver sustainable employment outcomes.",
        "spans": [
          "The contracts are long, up to seven years and include financial incentives for maintaining, as well as securing, employment.",
          "Longer contracts mean providers have more certainty and are more willing to invest in provision.",
          "Differential payments means they can invest in people."
        ]
      },
      {
        "point_number": 4,
        "point_content": "The government is addressing intergenerational worklessness by planning a bolt-on programme to the Work Programme to provide additional front-line support to problem families, focusing on employability and easing barriers to work, funded by £200 million from the European Social Fund.",
        "spans": [
          "We are planning to build a bolt-on programme to the Work Programme which will provide additional front-line support to our problem families strategy.",
          "With a focus on improving their basic employability and easing some of the issues that stop them from working.",
          "Government will provide £200 million funding from the European Social Fund."
        ]
      },
      {
        "point_number": 5,
        "point_content": "The government is tackling problem drug use by tailoring benefit conditions around treatment programmes and contracting pilot schemes using payment by results to create a recovery system focusing on full recovery and reintegration into communities.",
        "spans": [
          "We will be making changes to the benefits system to encourage and support out of work drug users if they take up treatment, tailoring benefit conditions around their treatment programme.",
          "Using the payment by results model we are contracting for eight small-scale pilot schemes exploring how we can create a recovery system that focuses not only on getting people into treatment but getting them into full recovery, off drugs, and reintegrated into their communities."
        ]
      },
      {
        "point_number": 6,
        "point_content": "The government is using payment by results to fund projects that reduce reoffending and is developing a package to support offenders into work quickly after release, reinvesting savings from reduced benefit claims back into support services.",
        "spans": [
          "My colleagues in the Ministry of Justice are already working on a series of pilot programmes to use payment by results as the vehicle to fund projects that reduce reoffending.",
          "We are also looking at how we get offenders back to work, using the payment by results approach.",
          "We should be reinvesting the savings we make from getting offenders off the benefits register and into work, putting the money back into support for people leaving prison.",
          "Justice Minister Crispin Blunt and I are working on the details of a package for offenders which we hope to be able to announce very soon."
        ]
      }
    ],
    "clueweb22-en0025-25-12164": [
      {
        "point_number": 1,
        "point_content": "There are two main strategies for reducing unemployment – Demand side policies to reduce demand-deficient unemployment (unemployment caused by recession) and Supply side policies to reduce structural unemployment / (the natural rate of unemployment)",
        "spans": [
          "There are two main strategies for reducing unemployment – Demand side policies to reduce demand-deficient unemployment (unemployment caused by recession)",
          "Supply side policies to reduce structural unemployment / (the natural rate of unemployment)"
        ]
      },
      {
        "point_number": 2,
        "point_content": "Monetary policy – cutting interest rates to boost aggregate demand (AD)",
        "spans": [
          "Monetary policy – cutting interest rates to boost aggregate demand (AD)"
        ]
      },
      {
        "point_number": 3,
        "point_content": "Fiscal policy – cutting taxes to boost AD.",
        "spans": [
          "Fiscal policy – cutting taxes to boost AD."
        ]
      },
      {
        "point_number": 4,
        "point_content": "Education and training to help reduce structural unemployment.",
        "spans": [
          "Education and training to help reduce structural unemployment."
        ]
      },
      {
        "point_number": 5,
        "point_content": "Geographical subsidies to encourage firms to invest in depressed areas.",
        "spans": [
          "Geographical subsidies to encourage firms to invest in depressed areas."
        ]
      },
      {
        "point_number": 6,
        "point_content": "Lower minimum wage to reduce real wage unemployment.",
        "spans": [
          "Lower minimum wage to reduce real wage unemployment."
        ]
      },
      {
        "point_number": 7,
        "point_content": "More flexible labour markets, to make it easier to hire and fire workers.",
        "spans": [
          "More flexible labour markets, to make it easier to hire and fire workers."
        ]
      },
      {
        "point_number": 8,
        "point_content": "Fiscal policy can decrease unemployment by helping to increase aggregate demand and the rate of economic growth. The government will need to pursue expansionary fiscal policy; this involves cutting taxes and increasing government spending.",
        "spans": [
          "Fiscal policy can decrease unemployment by helping to increase aggregate demand and the rate of economic growth. The government will need to pursue expansionary fiscal policy; this involves cutting taxes and increasing government spending."
        ]
      },
      {
        "point_number": 9,
        "point_content": "Lower taxes increase disposable income (e.g. VAT cut to 15% in 2008) and therefore help to increase consumption, leading to higher aggregate demand (AD).",
        "spans": [
          "Lower taxes increase disposable income (e.g. VAT cut to 15% in 2008) and therefore help to increase consumption, leading to higher aggregate demand (AD)."
        ]
      },
      {
        "point_number": 10,
        "point_content": "With an increase in AD, there will be an increase in Real GDP (as long as there is spare capacity in the economy.) If firms produce more, there will be an increase in demand for workers and therefore lower demand-deficient unemployment.",
        "spans": [
          "With an increase in AD, there will be an increase in Real GDP (as long as there is spare capacity in the economy.) If firms produce more, there will be an increase in demand for workers and therefore lower demand-deficient unemployment."
        ]
      },
      {
        "point_number": 11,
        "point_content": "Monetary policy would involve cutting interest rates. Lower rates decrease the cost of borrowing and encourage people to spend and invest. This increases AD and should also help to increase GDP and reduce demand deficient unemployment.",
        "spans": [
          "Monetary policy would involve cutting interest rates. Lower rates decrease the cost of borrowing and encourage people to spend and invest. This increases AD and should also help to increase GDP and reduce demand deficient unemployment."
        ]
      },
      {
        "point_number": 12,
        "point_content": "Supply side policies deal with more micro-economic issues. They don’t aim to boost overall aggregate demand but seek to overcome imperfections in the labour market and reduce unemployment caused by supply side factors.",
        "spans": [
          "Supply side policies deal with more micro-economic issues. They don’t aim to boost overall aggregate demand but seek to overcome imperfections in the labour market and reduce unemployment caused by supply side factors."
        ]
      },
      {
        "point_number": 13,
        "point_content": "Education and training. The aim is to give the long-term unemployed new skills which enable them to find jobs in developing industries, e.g. retrain unemployed steel workers to have basic I.T. skills which help them find work in the service sector.",
        "spans": [
          "Education and training. The aim is to give the long-term unemployed new skills which enable them to find jobs in developing industries, e.g. retrain unemployed steel workers to have basic I.T. skills which help them find work in the service sector."
        ]
      },
      {
        "point_number": 14,
        "point_content": "Reduce the power of trades unions. If unions can bargain for wages above the market clearing level, they will cause real wage unemployment. In this case reducing the influence of trades unions (or reducing Minimum wages) will help solve this real wage unemployment.",
        "spans": [
          "Reduce the power of trades unions. If unions can bargain for wages above the market clearing level, they will cause real wage unemployment. In this case reducing the influence of trades unions (or reducing Minimum wages) will help solve this real wage unemployment."
        ]
      },
      {
        "point_number": 15,
        "point_content": "Employment subsidies. Firms could be given tax breaks or subsidies for taking on long-term unemployed. This helps give them new confidence and on the job training.",
        "spans": [
          "Employment subsidies. Firms could be given tax breaks or subsidies for taking on long-term unemployed. This helps give them new confidence and on the job training."
        ]
      },
      {
        "point_number": 16,
        "point_content": "Improve labour market flexibility. It is argued that higher structural rates of unemployment in Europe is due to restrictive labour markets which discourage firms from employing workers in the first place.",
        "spans": [
          "Improve labour market flexibility. It is argued that higher structural rates of unemployment in Europe is due to restrictive labour markets which discourage firms from employing workers in the first place."
        ]
      },
      {
        "point_number": 17,
        "point_content": "Stricter benefit requirements. Governments could take a more pro-active role in making the unemployed accept a job or risk losing benefits.",
        "spans": [
          "Stricter benefit requirements. Governments could take a more pro-active role in making the unemployed accept a job or risk losing benefits."
        ]
      },
      {
        "point_number": 18,
        "point_content": "Improved geographical mobility. Often unemployed is more concentrated in certain regions. To overcome this geographical unemployment, the government could give tax breaks to firms who set up in depressed areas.",
        "spans": [
          "Improved geographical mobility. Often unemployed is more concentrated in certain regions. To overcome this geographical unemployment, the government could give tax breaks to firms who set up in depressed areas."
        ]
      }
    ],
    "clueweb22-en0035-24-00535": [
      {
        "point_number": 1,
        "point_content": "Both the organised and un-organised sectors must adopt labour-intensive technology if sufficient employment opportunities are to be generated.",
        "spans": [
          "Both the organised and un-organised sectors must adopt labour-intensive technology if sufficient employment opportunities are to be generated in both the rural and urban sectors of the economy."
        ]
      },
      {
        "point_number": 2,
        "point_content": "Suitable monetary and fiscal measures need to be adopted to discourage the use of capital-intensive techniques to raise labour intensity.",
        "spans": [
          "Therefore, for raising labour intensity, suitable monetary and fiscal measures need to be adopted to discourage the use of capital-intensive techniques."
        ]
      },
      {
        "point_number": 3,
        "point_content": "Investment in agriculture and rural infrastructure generates employment directly and has a multiplier effect through backward and forward linkages.",
        "spans": [
          "Of special importance from the viewpoint of employment generation is investment in irrigation, rural roads, flood control projects, power generation and other infrastructure.",
          "It is worth noting that investment not only generates employment directly but also has a multiplier effect which operates through backward and forward linkages."
        ]
      },
      {
        "point_number": 4,
        "point_content": "Government's Common Minimum Programme provides for stepping up of investment in agriculture and rural infrastructures to generate employment.",
        "spans": [
          "Therefore, UPA government’s Common Minimum Programme (CMP) which provides for stepping up of investment in agriculture and rural infrastructures is a greatly welcome step for employment generation."
        ]
      },
      {
        "point_number": 5,
        "point_content": "Government announced to furnish more credit to farmers at lower than market rates of interest to increase productivity and reduce under-employment.",
        "spans": [
          "The announcement by the government to furnish more credit to farmers at lower than market rates of interest from commercial banks will also ensure that the small and medium farmers will be able to buy fertilizers, other high-yielding inputs, and arrange for their irrigation.",
          "This will raise their productivity and tend to reduce under­employment and disguised unemployment."
        ]
      },
      {
        "point_number": 6,
        "point_content": "There is an urgent need for diversification of agriculture to more labour absorbing and higher income-yielding activities like horticulture, animal husbandry, fisheries etc.",
        "spans": [
          "Besides there is urgent need for diversification of agriculture.",
          "For example, there is an urgent need for a relative shift from growing of crops to horticulture, vegetable production, floriculture, animal husbandry, fisheries etc. which are more labour absorbing and higher income-yielding."
        ]
      },
      {
        "point_number": 7,
        "point_content": "Promotion of agro-processing industries for export purposes has a large employment potential.",
        "spans": [
          "In addition to this, promotion of agro-processing industries for export purposes has a large employment potential."
        ]
      },
      {
        "point_number": 8,
        "point_content": "Organised industrial sector must absorb sufficient number of workers by encouraging labour-intensive technologies instead of capital-intensive ones.",
        "spans": [
          "For solving unemployment problem in the urban areas, the organised industrial sector must also absorb a sufficient number of workers.",
          "Therefore, to encourage the use of relatively more labour-intensive technologies and thereby to generate more employment opportunities, fiscal and monetary concessions mentioned above on use of capital must be withdrawn."
        ]
      },
      {
        "point_number": 9,
        "point_content": "Fiscal and monetary concessions on use of capital must be withdrawn to encourage labour-intensive technologies in industries.",
        "spans": [
          "Therefore, to encourage the use of relatively more labour-intensive technologies and thereby to generate more employment opportunities, fiscal and monetary concessions mentioned above on use of capital must be withdrawn."
        ]
      },
      {
        "point_number": 10,
        "point_content": "Growth of services sector, especially software services and BPO, has large employment potential, especially for educated youth.",
        "spans": [
          "Of special mention are software services and BPO (Business Processing Outsourcing) which have a lot of employment potential, especially for the educated youth of the country."
        ]
      },
      {
        "point_number": 11,
        "point_content": "Expansion of education and health care generates employment opportunities and promotes human capital accumulation.",
        "spans": [
          "Lastly, the expansion of education and health care not only promotes accumulation of human capital and thereby contributes to growth of output, it will also generate a good deal of employment opportunities."
        ]
      },
      {
        "point_number": 12,
        "point_content": "More schools, hospitals, and health care clinics create employment during construction and operation, employing both educated and unskilled persons.",
        "spans": [
          "More schools, hospitals, health care clinics in the rural and urban areas will not only create employment during their construction but also, and more important, when they start working to provide education and health services. Their working provides employment to both the educated and unskilled persons."
        ]
      }
    ],
    "clueweb22-en0029-09-11285": [
      {
        "point_number": 1,
        "point_content": "Government should invest in agriculture as a full-time largest industry to reduce unemployment by promoting growth in villages and reducing urban transition burden.",
        "spans": [
          "Govt should think of making an Agriculture ... A full time largest indusrty ... Investment in this industry will give us the fastest and largest rate of returns.",
          "Treating Agriculture as indusrty and developing all types of support system around this industy will automatically bring down the unemployment."
        ]
      },
      {
        "point_number": 2,
        "point_content": "Government can reduce unemployment by job creation in the public sector through large scale public works and infrastructure projects.",
        "spans": [
          "Job creation in the public sector, for example, through large scale public works and infrastructure projects, which require a large work force."
        ]
      },
      {
        "point_number": 3,
        "point_content": "Government can provide incentives to businesses to create jobs, combined with re-training programs for the unemployed.",
        "spans": [
          "Incentives to businesses to create jobs (usually tax breaks or co-funding), combined with a re-training programme for the unemployed to allow them to take advantage of those job openings."
        ]
      },
      {
        "point_number": 4,
        "point_content": "Government can increase the money supply and lower taxes to spur demand and spending, which can reduce unemployment.",
        "spans": [
          "Increasing the money supply in the economy",
          "Lowering taxes"
        ]
      },
      {
        "point_number": 5,
        "point_content": "Government can implement partial subsidies to private industry for new hires and fund infrastructure projects to reduce unemployment.",
        "spans": [
          "The easiest is a partial subsidy the way Germany funds “short work” or kurtzarbeit. The govt pays up to half salary to new hires in private industry till the economy improves to absorb them.",
          "The other thing fund all infrastructure back logs and fix the broken bridges, roads etc."
        ]
      },
      {
        "point_number": 6,
        "point_content": "Government can reduce unemployment by lowering interest rates to make borrowing easier for companies planning to expand.",
        "spans": [
          "When the government lowers interest rates, it makes borrowing easier for companies that are planning to expand."
        ]
      },
      {
        "point_number": 7,
        "point_content": "Government can provide comprehensive health care to reduce the need for full-time employment and allow more workforce participation.",
        "spans": [
          "government could use the tax system to provide comprehensive health care. Such a program would dramatically reduce the need for full time employment and allow more participation in the work force."
        ]
      },
      {
        "point_number": 8,
        "point_content": "Government can implement schemes like the National Rural Employment Guarantee Act to provide wage employment in rural areas.",
        "spans": [
          "National Rural Employment Guarantee Act, 2005 - one of the biggest steps to reduce unemployment rates throughout the country"
        ]
      },
      {
        "point_number": 9,
        "point_content": "Government can reduce unemployment by encouraging small and medium scale industries, providing education, and establishing industries in high unemployment areas.",
        "spans": [
          "The government must be concentrate on the devolopment of small scale industries.",
          "Government must be provide education to the people to get the better jobes.",
          "Establish the industries which are"
        ]
      }
    ],
    "clueweb22-en0014-12-06986": [
      {
        "point_number": 1,
        "point_content": "Government should adopt a package of realistic policies to stimulate growth and increase employment.",
        "spans": [
          "We could make significant progress in stimulating growth and increasing employment if government were to adopt a package of realistic policies."
        ]
      },
      {
        "point_number": 2,
        "point_content": "Key reforms include securing more generating capacity and putting South Africa’s finances on a sustainable footing.",
        "spans": [
          "Securing more generating capacity;",
          "Putting South Africa’s finances on a sustainable footing;"
        ]
      },
      {
        "point_number": 3,
        "point_content": "Tackling the skills crisis through fundamental reform of basic education and training is necessary.",
        "spans": [
          "Tackling the skills crisis through fundamental reform of basic education and training;"
        ]
      },
      {
        "point_number": 4,
        "point_content": "Encouraging skilled immigration can help address unemployment.",
        "spans": [
          "Encouraging as much skilled immigration as we can attract."
        ]
      },
      {
        "point_number": 5,
        "point_content": "Policies that undermine property rights must be rolled back and government must rethink its attitude to business, markets, and the size of the state.",
        "spans": [
          "Policies that undermine property rights must also be rolled back, while the government will have to rethink its attitude to business, the role of markets and the size of the state,"
        ]
      },
      {
        "point_number": 6,
        "point_content": "Labour market reforms are urgent alongside growth to create a job-rich economy.",
        "spans": [
          "growth alone will not make for a job-rich economy and that labour market reforms are also urgent."
        ]
      },
      {
        "point_number": 7,
        "point_content": "Labour market reforms include legal exemptions for small and new firms from collective bargaining agreements.",
        "spans": [
          "Legal exemptions for small and new firms from collective bargaining agreements to which they are not party;"
        ]
      },
      {
        "point_number": 8,
        "point_content": "Rebalancing collective bargaining to better represent small and new firms is needed.",
        "spans": [
          "Rebalancing collective bargaining to ensure small and new firms are better represented;"
        ]
      },
      {
        "point_number": 9,
        "point_content": "Industrial policy biases favoring capital-intensive firms should be reversed.",
        "spans": [
          "The existing biases of industrial policy – which work in favour of capital-intensive firms – should be reversed;"
        ]
      },
      {
        "point_number": 10,
        "point_content": "The employment tax incentive should be expanded to include more workers and for a longer period.",
        "spans": [
          "the employment tax incentive should be expanded to include more workers and for a longer period;"
        ]
      },
      {
        "point_number": 11,
        "point_content": "Making it easier for firms to dismiss employees during probationary periods would help de-risk employment decisions.",
        "spans": [
          "Making it easier for firms to get rid of employees during their probationary periods would help de-risk the employment decision."
        ]
      }
    ]
  }
}