{
  "question": "how did slavery end",
  "key_points": {
    "clueweb22-en0013-42-10161": [
      {
        "point_number": 1,
        "point_content": "Western Civilization itself brought an end to Slavers (those who transported and resold Slaves).",
        "spans": [
          "Western Civilization itself brought an end to Slavers (those who transported and resold Slaves)."
        ]
      },
      {
        "point_number": 2,
        "point_content": "America outlawed Slavery (the keeping of Slaves) via the American Civil War (which killed over 600-thousand soldiers) and the Emancipation Proclamation in the 1860’s.",
        "spans": [
          "America outlawed Slavery (the keeping of Slaves) via the American Civil War (which killed over 600-thousand soldiers) and the Emancipation Proclamation in the 1860’s."
        ]
      }
    ],
    "clueweb22-en0006-25-08106": [
      {
        "point_number": 1,
        "point_content": "Slavery was abolished in the United States through a series of actions including the Emancipation Proclamation and the Thirteenth Amendment.",
        "spans": [
          "Emancipation Proclamation as originally issued, 1 Jan 1863",
          "Thirteenth Amendment to the US constitution, 18 Dec 1865"
        ]
      },
      {
        "point_number": 2,
        "point_content": "The Emancipation Proclamation declared slaves in Confederate states to be free as of January 1, 1863.",
        "spans": [
          "The Emancipation Proclamation was a presidential proclamation and executive order issued by United States President Abraham Lincoln on September 22, 1862, during the Civil War.",
          "On January 1, 1863, the Proclamation changed the legal status under federal law of more than 3.5 million enslaved African Americans in the secessionist Confederate states from enslaved to free."
        ]
      },
      {
        "point_number": 3,
        "point_content": "The Thirteenth Amendment abolished slavery and involuntary servitude in the United States, except as punishment for a crime, and was ratified in December 1865.",
        "spans": [
          "The Thirteenth Amendment (Amendment XIII) to the United States Constitution abolished slavery and involuntary servitude, except as punishment for a crime.",
          "The amendment was passed by Congress on January 31, 1865, and ratified by the required 27 of the then 36 states on December 6, 1865, and proclaimed on December 18."
        ]
      },
      {
        "point_number": 4,
        "point_content": "During the Civil War, abolition of slavery was required by President Abraham Lincoln for readmission of Confederate states.",
        "spans": [
          "During the war, abolition of slavery was required by President Abraham Lincoln for readmission of Confederate states."
        ]
      },
      {
        "point_number": 5,
        "point_content": "Some states abolished slavery by state action during the Civil War before the Thirteenth Amendment.",
        "spans": [
          "The Union-occupied territories of Louisiana and eastern Virginia, which had been exempted from the Emancipation Proclamation, also abolished slavery through respective state constitutions drafted in 1864.",
          "The border states of Maryland (November 1864) and Missouri (January 1865), and the Union-occupied Confederate state, Tennessee (January 1865), all abolished slavery prior to the end of the Civil War, as did the new state of West Virginia, separated from Virginia in 1863 over the issue of slavery, in February 1865."
        ]
      },
      {
        "point_number": 6,
        "point_content": "Juneteenth commemorates the announcement of freedom for slaves in Texas on June 19, 1865, marking the effective end of slavery in the last Confederate state.",
        "spans": [
          "Juneteenth is a federal holiday in the United States commemorating the emancipation of African-American slaves.",
          "Juneteenth's commemoration is on the anniversary date of the June 19, 1865, announcement of General Order No. 3 by Union Army general Gordon Granger, proclaiming freedom for slaves in Texas, which was the last state of the Confederacy with institutional slavery."
        ]
      }
    ],
    "clueweb22-en0001-67-13243": [
      {
        "point_number": 1,
        "point_content": "Slavery officially ended in the United States on December 6, 1865, after the 13th amendment to the constitution was passed and ratified, abolishing slavery across the nation.",
        "spans": [
          "Slavery officially ended in the United States on December 6, 1865, after the 13 th amendment to the constitution was passed and ratified, abolishing slavery across the nation."
        ]
      },
      {
        "point_number": 2,
        "point_content": "The 13th amendment states that nobody should work as a slave or involuntary servant, except if forced by law as punishment for a crime committed.",
        "spans": [
          "The 13 th amendment states that nobody should work as a slave or involuntary servant, except if forced by law as punishment for a crime committed."
        ]
      },
      {
        "point_number": 3,
        "point_content": "The 13th amendment was passed after the Civil War to make slavery illegal and prosecutable by law.",
        "spans": [
          "This amendment was passed after the Civil War.",
          "For this reason the 13 th amendment was passed."
        ]
      },
      {
        "point_number": 4,
        "point_content": "The Emancipation Proclamation declared all slaves in the U.S. free on September 22, 1862, but it was only the first step and did not end slavery legally.",
        "spans": [
          "Some people think that slavery ended with Lincoln’s Emancipation Proclamation in September 22, 1862, where he declared all slaves in the U.S. free, but this was only the first step."
        ]
      },
      {
        "point_number": 5,
        "point_content": "Juneteenth commemorates the day slaves in Texas were informed of their freedom on June 19, 1865, over two years after the Emancipation Proclamation.",
        "spans": [
          "When Major General Gordon Granger then arrived in Galveston with his troops on June 19 th, 1865, the news that the war was over and the slaves were set free became a huge celebration, even though it was over two years after the Emancipation Proclamation.",
          "Today, Juneteenth is the oldest known celebration that commemorates the end of slavery in the U.S. which people still celebrate today."
        ]
      }
    ],
    "clueweb22-en0008-71-17203": [
      {
        "point_number": 1,
        "point_content": "The 13th Amendment was adopted into the U.S. Constitution, ensuring that slavery and involuntary servitude shall not exist within the United States.",
        "spans": [
          "the 13th Amendment is formally adopted into the U.S. Constitution, ensuring that “neither slavery nor involuntary servitude… shall exist within the United States, or any place subject to their jurisdiction.”"
        ]
      },
      {
        "point_number": 2,
        "point_content": "Before the Civil War, the anti-slavery Republican Party sought to stop the extension of slavery into new territories, not to abolish it outright.",
        "spans": [
          "Before the American Civil War, Abraham Lincoln and other leaders of the anti-slavery Republican Party sought not to abolish slavery but merely to stop its extension into new territories and states in the American West."
        ]
      },
      {
        "point_number": 3,
        "point_content": "Lincoln's election led to the secession of Southern states and the start of the Civil War.",
        "spans": [
          "In November 1860, Lincoln’s election as president signaled the secession of seven Southern states and the formation of the Confederate States of America.",
          "Shortly after his inauguration in 1861, the Civil War began."
        ]
      },
      {
        "point_number": 4,
        "point_content": "The Emancipation Proclamation was issued by Lincoln on January 1, 1863, declaring enslaved people in rebelling states to be free.",
        "spans": [
          "That day—January 1, 1863—President Lincoln formally issued the Emancipation Proclamation, calling on the Union army to liberate all enslaved people in states still in rebellion as “an act of justice, warranted by the Constitution, upon military necessity.”",
          "These three million enslaved people were declared to be “then, thenceforward, and forever free.”"
        ]
      },
      {
        "point_number": 5,
        "point_content": "The Emancipation Proclamation transformed the Civil War into a war for freedom and allowed enlistment of African American soldiers.",
        "spans": [
          "The Emancipation Proclamation transformed the Civil War from a war against secession into a war for “a new birth of freedom,” as Lincoln stated in his Gettysburg Address in 1863.",
          "enabled the Union to enlist the 180,000 African American soldiers and sailors who volunteered to fight between January 1, 1863, and the conclusion of the war."
        ]
      },
      {
        "point_number": 6,
        "point_content": "The 13th Amendment was passed by Congress and ratified by the states, becoming law on December 18, 1865.",
        "spans": [
          "The Republican Party subsequently introduced the 13th Amendment into Congress, and in April 1864 the necessary two-thirds of the overwhelmingly Republican Senate passed the amendment.",
          "the House of Representatives, featuring a higher proportion of Democrats, did not pass the amendment by a two-thirds majority until January 1865",
          "On December 2, 1865, Georgia became the 27th state to ratify the 13th Amendment, thus giving it the requisite three-fourths majority of states’ approval necessary to make it the law of the land.",
          "On December 18, the 13th Amendment was officially adopted into the Constitution"
        ]
      }
    ],
    "clueweb22-en0016-85-02356": [
      {
        "point_number": 1,
        "point_content": "The 13th Amendment was adopted as part of the United States Constitution on December 18, 1865, officially abolishing slavery and immediately freeing more than 100,000 enslaved people.",
        "spans": [
          "On December 18, 1865, the 13th Amendment was adopted as part of the United States Constitution.",
          "The amendment officially abolished slavery, and immediately freed more than 100,000 enslaved people, from Kentucky to Delaware."
        ]
      },
      {
        "point_number": 2,
        "point_content": "The 13th Amendment includes an exception allowing involuntary servitude as punishment for crime, which some scholars say allowed a form of slavery to continue and laid groundwork for mass incarceration.",
        "spans": [
          "Yet the 13th Amendment maintains an important exception for keeping people in \"involuntary servitude\" as \"punishment for crime whereof the party shall have been duly convicted.\"",
          "Some scholars say this exception ended slavery in one form only to allow it to continue in another."
        ]
      },
      {
        "point_number": 3,
        "point_content": "Before the 13th Amendment, President Abraham Lincoln issued the Emancipation Proclamation during the Civil War, declaring enslaved people in rebelling states free, but it had limited practical effect.",
        "spans": [
          "Two years earlier, at the height of the U.S. Civil War, President Abraham Lincoln issued the Emancipation Proclamation, which declared all Blacks held captive in the states who'd rebelled against the United States (as members of the Confederacy) were free.",
          "This did not have a sweeping practical impact, however, as the Confederacy considered itself a separate nation and did not follow U.S. laws, and the proclamation did not free enslaved populations in the “border states” that sided with the United States."
        ]
      }
    ],
    "clueweb22-en0009-47-17138": [
      {
        "point_number": 1,
        "point_content": "Slavery came to an end in numerous ways including exhaustion of supplies, evolution into other systems of dependent labour, withering away, formal abolition, ceasing to be profitable, or abolition by warfare or threat of warfare.",
        "spans": [
          "Slavery came to an end in numerous ways.",
          "Household slavery ended because of an exhaustion of supplies, because slavery evolved into some other system of dependent labour, because it withered away, or because it was formally abolished.",
          "Productive slavery came to an end for the additional reasons that it ceased to be profitable or that it was abolished by warfare or the threat of warfare."
        ]
      },
      {
        "point_number": 2,
        "point_content": "Slavery gradually disappeared in many societies through legal changes, economic shifts, and social transformations, often replaced by serfdom or other forms of dependent labor.",
        "spans": [
          "In Rome, on the other hand, slavery began to yield to tenancy and the antecedents of serfdom before the fall of the empire, as the diminishing supply of slaves and the rise of their price coincided with the disintegration of the olive oil- and wine-producing plantations of southern Italy and loss of markets in the face of competition from Spain, Gaul, and North Africa.",
          "In the Eastern Roman Empire (Byzantium) serfdom was the predominant form of dependent labour, and slavery was definitely secondary.",
          "Throughout most of Europe household slavery persisted well into the late Middle Ages and even later and only gradually died out.",
          "Serfdom replaced slavery in medieval Germany.",
          "By the end of the Middle Ages slavery no longer existed in England, and the famous Cartwright decision of the reign of Elizabeth I (1569) held that “England was too pure an air for slaves to breathe in.”",
          "Slavery persisted longer in eastern Europe.",
          "In Poland it was replaced by the second enserfment; the sale and purchase of slaves were forbidden in the 15th century.",
          "A similar process occurred in Lithuania, where slavery was formally abolished in 1588.",
          "In Russia it came to an end with the first enserfment: agricultural slaves were formally converted into serfs in 1679, and household slaves were converted into house serfs in 1723."
        ]
      },
      {
        "point_number": 3,
        "point_content": "The British abolition movement played a crucial role in ending slavery, including abolishing the slave trade in 1807 and slavery in British colonies in 1834.",
        "spans": [
          "The reexportation of slaves from England was challenged by a group of humanitarians led by Granville Sharpe.",
          "Chief Justice Mansfield ruled in 1772 that James Somerset, a fugitive slave from Virginia, could not be forcibly returned to the colonies by his master.",
          "The fate of slavery in most of the rest of the world depended on the British abolition movement, which was initiated by the English Quakers in 1783 when they presented the first important antislavery petition to Parliament.",
          "In 1807 the British abolished the slave trade with their colonies.",
          "In the Caribbean, slavery was abolished by British Parliamentary fiat, effective July 31, 1834, when 776,000 slaves in the British plantation colonies were freed."
        ]
      },
      {
        "point_number": 4,
        "point_content": "Slavery was abolished in various countries and regions at different times, often influenced by colonial powers and local movements.",
        "spans": [
          "The British move in 1807 to abolish the slave trade had an immediate impact on the juntas struggling for independence in Spanish America.",
          "The slave trade was declared illegal in Venezuela and Mexico in 1810, in Chile in 1811, and in Argentina in 1812.",
          "Chile freed its Black slaves in 1823; Mexico abolished slavery in 1829, and Peru in 1854.",
          "Puerto Rico abolished slavery (with provisions for periods of apprenticeship) in 1873 and Cuba in 1880.",
          "Brazil was the last Western Hemisphere nation to abolish slavery.",
          "On May 13, 1888, all Brazilian slaves were manumitted.",
          "The European colonization movement of the second half of the 19th century put an end to slavery in many parts of Africa, East Asia, and Southeast Asia.",
          "The imperial government formally abolished slavery in China in 1906, and the law became effective on January 31, 1910.",
          "Slavery was legally abolished in Korea in the Gap-o reform of 1894 but remained extant in reality until 1930.",
          "Some parts of Africa and much of the Islamic world retained slavery at the end of World War I.",
          "The league had considerable success in Africa, with the assistance of the colonial powers, and by the late 1930s slavery was abolished in Liberia and Ethiopia.",
          "Slavery was abolished in most Islamic countries, although it persisted in Saudi Arabia into the 1960s.",
          "It finally was made illegal in the Arabian Peninsula in 1962."
        ]
      },
      {
        "point_number": 5,
        "point_content": "In the United States, slavery ended through a combination of political conflict, the Civil War, and legal actions including the Emancipation Proclamation and the Thirteenth Amendment.",
        "spans": [
          "The American antislavery movement, linked to the “Second Great Awakening,” succeeded in arousing immense hostility between the non-slave North, where most states had voluntarily abolished slavery by 1804, and the slaveholding South.",
          "It took political developments and forces (especially the emergence of the Free-Soil movement and the conflict over the expansion of slavery), the South’s secession, the Civil War, and Abraham Lincoln ’s Emancipation Proclamation on January 1, 1863, to put slavery on the road to extinction in the United States.",
          "The proclamation was confirmed by the Thirteenth Amendment to the Constitution, which put an end to slavery."
        ]
      }
    ],
    "clueweb22-en0001-13-14738": [
      {
        "point_number": 1,
        "point_content": "The Emancipation Proclamation was issued by President Abraham Lincoln on January 1, 1863, abolishing slavery in states in rebellion against the United States.",
        "spans": [
          "Emancipation Proclamation, which was issued in its final form by President Abraham Lincoln on January 1, 1863"
        ]
      },
      {
        "point_number": 2,
        "point_content": "The Thirteenth Amendment to the Constitution abolished slavery in the United States in December 1865.",
        "spans": [
          "abolished everywhere else with the ratification of the Thirteenth Amendment in December, 1865"
        ]
      },
      {
        "point_number": 3,
        "point_content": "Neither the Emancipation Proclamation nor the Thirteenth Amendment applied to Indian Territory, where slavery survived for several months after abolition elsewhere.",
        "spans": [
          "neither document applied to Indian Territory, and consequently, slavery survived in that part of the United States for several months after it was abolished everywhere else with the ratification of the Thirteenth Amendment in December, 1865"
        ]
      },
      {
        "point_number": 4,
        "point_content": "The Emancipation Proclamation did not apply to Indian Territory because it was limited to states or parts of states in rebellion, and Indian Territory was not a state.",
        "spans": [
          "The Emancipation Proclamation by its own language appeared not to apply to Indian Territory, as it was specifically limited to “all persons held as slaves within any State or designated part of a State, the people whereof shall then be in rebellion against the United States.” Since Indian Territory was not a “state,” the Proclamation had no impact in Indian Territory"
        ]
      },
      {
        "point_number": 5,
        "point_content": "The Thirteenth Amendment applies “within the United States, or any place subject to their jurisdiction,” but Indian Territory was not considered under the jurisdiction of the United States at that time.",
        "spans": [
          "the language of the Thirteenth Amendment itself seems to rule out application to the Civilized Tribes. The somewhat awkwardly worded amendment provides that it applies “within the United States, or any place subject to their jurisdiction.”",
          "Indian Territory was not within the “jurisdiction” of the United States as that term was understood in the 1860’s"
        ]
      },
      {
        "point_number": 6,
        "point_content": "In 1866, the United States entered into new treaties with the Civilized Tribes, in which the tribes acknowledged that slavery would no longer be recognized as a legal institution.",
        "spans": [
          "in 1866, the United States addressed the slavery in Indian Territory issue by entering into new treaties with each of the Civilized Tribes",
          "in each of the 1866 treaties the tribal signatory acknowledged that slavery would no longer be recognized as a legal institution by the tribe"
        ]
      },
      {
        "point_number": 7,
        "point_content": "Slavery legally ended in Indian Territory on June 14, 1866, when the Creek Tribe agreed to abandon African-American slavery.",
        "spans": [
          "slavery in the continental United States came to an end as a legal institution on June 14, 1866, when the Creek Tribe agreed to abandon African-American slavery"
        ]
      }
    ],
    "clueweb22-en0025-86-02793": [
      {
        "point_number": 1,
        "point_content": "The campaign to end slavery began in the late 18th century.",
        "spans": [
          "The campaign to end slavery began in the late 18th century."
        ]
      },
      {
        "point_number": 2,
        "point_content": "The abolition campaign was centered in London, home to Parliament and financial institutions, and debates about the slave trade began as early as 1776.",
        "spans": [
          "London was the focus for the abolition campaign, being home both to Parliament and to the important financial institutions of the City.",
          "As early as 1776, the House of Commons debated a motion 'that the slave trade is contrary to the laws of God and the rights of men'."
        ]
      },
      {
        "point_number": 3,
        "point_content": "Prominent abolitionists like Thomas Clarkson and William Wilberforce played vital roles in the campaign, with Wilberforce securing legislation to end the trade in 1807.",
        "spans": [
          "Clarkson and Wilberforce were two of the most prominent abolitionists, playing a vital role in the ultimate success of the campaign.",
          "William Wilberforce was the key figure supporting the cause within Parliament.",
          "In 1806-07, with the abolition campaign gaining further momentum, he had a breakthrough.",
          "Legislation was finally passed in both the Commons and the Lords which brought an end to Britain’s involvement in the trade.",
          "The bill received royal assent in March and the trade was made illegal from 1 May 1807."
        ]
      },
      {
        "point_number": 4,
        "point_content": "The Haitian Revolution was a significant event that influenced the abolition movement, marking the first successful slave rebellion and the establishment of Haiti as an independent republic in 1804.",
        "spans": [
          "Alongside the work of famous campaigners and formerly enslaved people living in London, one of the key events in the abolition movement was a rebellion on the island of Haiti.",
          "On 23 August 1791 a massive revolt by enslaved Africans erupted on the island of Saint Domingue, now known as Haiti and the Dominican Republic.",
          "The Haitian Revolution, as it became known, was the only successful slave rebellion in world history.",
          "On 1 January 1804 Haiti was declared an independent republic."
        ]
      },
      {
        "point_number": 5,
        "point_content": "Although the slave trade was abolished in 1807, slavery itself continued in British colonies until full emancipation was achieved in 1838.",
        "spans": [
          "Although the abolitionists had won the end of Britain’s involvement in the trade, plantation slavery still existed in British colonies.",
          "The abolition of slavery now became the main focus of the campaign though this was a long and difficult struggle.",
          "Full emancipation was not achieved until 1838 and none of the ex-slaves received compensation."
        ]
      }
    ],
    "clueweb22-en0029-71-16600": [
      {
        "point_number": 1,
        "point_content": "The Slavery Abolition Law was enacted on 28th August 1833, marking a crucial step in ending the slave trade.",
        "spans": [
          "On 28th August 1833 a very important act received its Royal Assent. The Slavery Abolition Law would finally be enacted, after years of campaigning, suffering and injustice."
        ]
      },
      {
        "point_number": 2,
        "point_content": "The Slave Trade Act of 1807 made it illegal to purchase slaves directly from Africa but did not end slavery itself.",
        "spans": [
          "Only a few decades previously, in 1807 another act had been passed which had made it illegal to purchase slaves directly from the African continent."
        ]
      },
      {
        "point_number": 3,
        "point_content": "The fight to end slavery involved political, economic, social, and cultural issues and was contentious due to Britain's economic reliance on slave-grown products.",
        "spans": [
          "The fight to end the slave trade was a long drawn out battle which brought to the surface a host of issues ranging from politics and economics to more social and cultural concerns.",
          "The decision to bring the practice of slavery to an end was a contentious one. Britain had been engaged in slavery since the sixteenth century, with economic prosperity being secured through the use of slave-grown products such as sugar and cotton."
        ]
      },
      {
        "point_number": 4,
        "point_content": "The campaign in Britain was led by Quaker anti-slavery groups and significant court cases such as the 1772 Somerset case helped build momentum.",
        "spans": [
          "The campaign in Britain was led by significant Quaker anti-slavery groups who made public their concerns and brought it to the attention of politicians who were in a position to enact real change.",
          "In May 1772 a significant court judgement by Lord Mansfield in the case of James Somerset, who was an enslaved African, versus Charles Stewart, a Customs Officer."
        ]
      },
      {
        "point_number": 5,
        "point_content": "William Wilberforce and the Anti-Slavery Society played a key role in bringing the issue to Parliament and public attention.",
        "spans": [
          "Back in Britain, the abolition of slavery was a cause championed by William Wilberforce, a Member of Parliament and philanthropist who was one of the most important and influential figures.",
          "Other anti-slavery activists such as Hannah More and Granville Sharp were persuaded to join Wilberforce, which soon led to the foundation of the Anti-Slavery Society."
        ]
      },
      {
        "point_number": 6,
        "point_content": "The Slave Trade Act of 1807 outlawed the trade of slaves but not slavery itself, and enforcement was initially weak.",
        "spans": [
          "By 1807, with slavery garnering great public attention as well as in the courts, Parliament passed the Slave Trade Act.",
          "This was a momentous step, however it still was not the end goal as it simply outlawed the trade of slaves but not slavery itself.",
          "Once enacted, the legislation worked through the imposition of fines which sadly did little to deter slave owners and traders who had great financial incentives in ensuring that the practice continued."
        ]
      },
      {
        "point_number": 7,
        "point_content": "The Royal Navy's West African Squadron helped enforce the ban on the slave trade by freeing Africans bound for enslavement.",
        "spans": [
          "The Royal Navy was also called in to assist in the implementation through the establishment of the West African Squadron which patrolled the coast. Between 1808 and 1860 it successfully freed 150,000 Africans bound for a life of enslavement."
        ]
      },
      {
        "point_number": 8,
        "point_content": "Resistance and revolts by enslaved people, such as the Haitian Revolution, were significant in the movement towards abolition.",
        "spans": [
          "One often overlooked factor in bringing an end to the practice of the slave trade was the role played by those already enslaved.",
          "A growing resistance movement was developing amongst the slaves themselves, so much so that the French colony of St Domingue had been seized by the slaves themselves in a dramatic uprising leading to the establishment of Haiti."
        ]
      },
      {
        "point_number": 9,
        "point_content": "The Baptist War in Jamaica in 1831 led to British Parliamentary inquiries that helped establish the Slavery Abolition Act.",
        "spans": [
          "The Baptist War, as it became known, in Jamaica originated with a peaceful strike led by the Baptist Minister Samuel Sharpe, however it was brutally suppressed which led to loss of life and property.",
          "Such was the extent of the violence that the British Parliament was forced to hold two inquiries that would make important inroads in establishing the Slavery Abolition Act a year later."
        ]
      },
      {
        "point_number": 10,
        "point_content": "The Slavery Abolition Act of 1833 freed around 800,000 slaves in British colonies and took effect on 1st August 1834 with a transitional apprenticeship phase.",
        "spans": [
          "By 26th July 1833, the wheels were in motion for a new piece of legislation to be passed, however sadly William Wilberforce would die only three days later.",
          "As part of the act, slavery was abolished in most British colonies which resulted in around 800,000 slaves being freed in the Caribbean as well as South Africa and a small amount in Canada.",
          "The law took effect on 1st August 1834 and put into practice a transitional phase which included reassigning roles of slaves as “apprentices” which was later brought to an end in 1840."
        ]
      },
      {
        "point_number": 11,
        "point_content": "Full legal emancipation was granted by 1st August 1838 after the apprenticeship system ended.",
        "spans": [
          "By 1st August 1838 this was finally achieved with full legal emancipation granted."
        ]
      },
      {
        "point_number": 12,
        "point_content": "The British government compensated slave owners for their loss, paying around £20 million.",
        "spans": [
          "The British government sought around £20 million to pay for the loss of slaves, many of those in receipt of this compensation were from the higher echelons of society."
        ]
      }
    ],
    "clueweb22-en0045-69-01613": [
      {
        "point_number": 1,
        "point_content": "President Abraham Lincoln issued the Emancipation Proclamation declaring all persons held as slaves shall be forever free, effective January 1, 1863.",
        "spans": [
          "In 1862, President Abraham Lincoln issued the Emancipation Proclamation declaring “all persons held as slaves… shall be then, thenceforward, and forever free,” effective January 1, 1863."
        ]
      },
      {
        "point_number": 2,
        "point_content": "Slavery was formally abolished with the ratification of the 13th Amendment to the Constitution in 1865.",
        "spans": [
          "It was not until the ratification of the 13th Amendment to the Constitution, in 1865, that slavery was formally abolished"
        ]
      },
      {
        "point_number": 3,
        "point_content": "Haiti was the first sovereign nation in the Western Hemisphere to unconditionally abolish slavery in the modern era in 1804.",
        "spans": [
          "Haiti (then Saint-Domingue) formally declared independence from France in 1804 and became the first sovereign nation in the Western Hemisphere to unconditionally abolish slavery in the modern era."
        ]
      },
      {
        "point_number": 4,
        "point_content": "Pennsylvania became the first state to abolish slavery in 1780 by adopting a statute providing freedom for every slave born after its enactment.",
        "spans": [
          "In 1780, Pennsylvania became the first state to abolish slavery when it adopted a statute that provided for the freedom of every slave born after its enactment"
        ]
      },
      {
        "point_number": 5,
        "point_content": "Mauritania was the last country to abolish slavery and did not make slavery a crime until 2007.",
        "spans": [
          "Mauritania is the world’s last country to abolish slavery, and the country didn’t make slavery a crime until 2007."
        ]
      }
    ],
    "clueweb22-en0002-92-17730": [
      {
        "point_number": 1,
        "point_content": "Slavery ended in the British Empire after the Slavery Abolition Act came into play in 1833.",
        "spans": [
          "Slavery ended in the British Empire after the Slavery Abolition Act came into play in 1833"
        ]
      },
      {
        "point_number": 2,
        "point_content": "Before the abolition of slavery, the Slave Trade Act 1807 prohibited the slave trade in the British Empire but did not abolish slavery itself.",
        "spans": [
          "Before this was enforced, the Slave Trade Act 1807 was an Act of the Parliament of the United Kingdom prohibiting the slave trade in the British Empire.",
          "Although it didn't get rid of slavery as a whole, it encouraged British action to press other nation states to abolish their own slave trades."
        ]
      },
      {
        "point_number": 3,
        "point_content": "The Slavery Abolition Act included compensation for slave owners, amounting to £20 million at the time.",
        "spans": [
          "The Act provided for compensation for slave owners.",
          "The amount of money to be spent on the compensation claims was set to £20million (around £16billion now).",
          "The money was paid out in compensation for the loss of the slaves to the registered owners of the freed slaves."
        ]
      }
    ],
    "clueweb22-en0025-08-16424": [
      {
        "point_number": 1,
        "point_content": "The end of chattel slavery in America required an immense Civil War and the Reconstruction period that followed.",
        "spans": [
          "To abolish this terrible crime, it took an immense Civil War--and the Reconstruction period in the South that followed the war was the setting for a dramatic struggle to assure the equality of former slaves."
        ]
      },
      {
        "point_number": 2,
        "point_content": "The American Civil War and Reconstruction completed the revolution by smashing the 254-year-old system of slavery in the American South.",
        "spans": [
          "The American Civil War from 1861 to 1865 and the Reconstruction era that followed completed the revolution, smashing the 254-year-old system of slavery in the American South and transforming Southern society."
        ]
      },
      {
        "point_number": 3,
        "point_content": "The Emancipation Proclamation in 1863 freed slaves in the seceded states of the Confederacy and was a turning point in the war.",
        "spans": [
          "But it was not until Lincoln signed the Emancipation Proclamation in 1863--which only freed slaves in the seceded states of the Confederacy--that Union forces actually began to have some sustained successes."
        ]
      },
      {
        "point_number": 4,
        "point_content": "More than 179,000 Black soldiers enlisted to fight for freedom, with over 40,000 dying by the war's end, helping to end slavery in the South.",
        "spans": [
          "The signing of the Emancipation Proclamation preceded the voluntary service of more than 179,000 Black soldiers who enlisted to fight for freedom for themselves and every other slave, North and South. By the war's end, more than 40,000 Black soldiers had lost their lives to end the slave system in the South."
        ]
      },
      {
        "point_number": 5,
        "point_content": "Reconstruction was a period of radical struggle to impose multiracial democracy and transform Southern society after the Civil War.",
        "spans": [
          "The postwar period known as Reconstruction represented a pitched battle to impose radical and multiracial democracy on the former Confederacy by constructing civil society on the ashes of the formerly agrarian society ruled by a small slave-owning oligarchy."
        ]
      },
      {
        "point_number": 6,
        "point_content": "Radical Reconstruction involved dividing the South into military districts, new state constitutions, and ratification of the 14th Amendment to ensure equality of former slaves.",
        "spans": [
          "Radical Reconstruction was predicated on the ability of Republicans to wrest political power from the slaveocracy in Southern state houses. To do this, the federal government divided the South into five military districts, called for new state constitutional conventions and demanded that each Southern state agree to and ratify the 14th Amendment, which declared the equality of former slaves before the law."
        ]
      },
      {
        "point_number": 7,
        "point_content": "During Reconstruction, Black Americans gained political power, voting rights, and were elected to state governments and Congress.",
        "spans": [
          "Just two years removed from slavery, Blacks were elected to state governments and Congress. All told, 600 Black Republicans joined state legislatures, 14 went to the U.S. House of Representatives, and 2 went to the U.S. Senate."
        ]
      },
      {
        "point_number": 8,
        "point_content": "Reconstruction created state governments responsible for caring for the poor and working classes and modernized the South with public schools and hospitals.",
        "spans": [
          "Reconstruction actually created state governments across the South and endowed them with the responsibility to care for the poor and working classes. It was during Reconstruction that public schools and hospitals were created across the South for the first time in its history."
        ]
      },
      {
        "point_number": 9,
        "point_content": "The end of Reconstruction came in 1877 when federal troops were withdrawn from the South, ending federal enforcement of civil rights.",
        "spans": [
          "Reconstruction lasted until 1877, when federal troops were pulled out of the Southern states.",
          "In the presidential election of 1877, a compromise was struck between Democrats and Republicans--if the Republicans won, they would agree to immediately withdraw all federal troops from the South, officially ending the era of Reconstruction."
        ]
      }
    ],
    "clueweb22-en0026-15-11984": [
      {
        "point_number": 1,
        "point_content": "The Emancipation Proclamation freed some 3 million enslaved people in the rebel states and declared them forever free.",
        "spans": [
          "On September 22, 1862, Lincoln issued a preliminary emancipation proclamation, and on January 1, 1863, he made it official that “slaves within any State, or designated part of a State…in rebellion,…shall be then, thenceforward, and forever free.”",
          "By freeing some 3 million enslaved people in the rebel states, the Emancipation Proclamation deprived the Confederacy of the bulk of its labor forces and put international public opinion strongly on the Union side."
        ]
      },
      {
        "point_number": 2,
        "point_content": "The 13th Amendment, adopted on December 18, 1865, officially abolished slavery in the United States.",
        "spans": [
          "The 13th Amendment, adopted on December 18, 1865, officially abolished slavery,"
        ]
      },
      {
        "point_number": 3,
        "point_content": "The Emancipation Proclamation did not officially end all slavery; that was achieved with the 13th Amendment after the Civil War ended in 1865.",
        "spans": [
          "Though the Emancipation Proclamation didn’t officially end all slavery in America—that would happen with the passage of the 13th Amendment after the Civil War’s end in 1865—"
        ]
      }
    ],
    "null": [],
    "clueweb22-en0041-95-09578": [
      {
        "point_number": 1,
        "point_content": "The Abolition of the Slave Trade Act was a movement developed in Britain to end the slave trade.",
        "spans": [
          "The Abolition of the Slave Trade Act was a movement developed in Britain to end the slave trade."
        ]
      }
    ],
    "clueweb22-en0018-30-02290": [
      {
        "point_number": 1,
        "point_content": "President Lincoln formally issued the Emancipation Proclamation, calling on the Union army to liberate all enslaved people in states still in rebellion.",
        "spans": [
          "That day—January 1, 1863— President Lincoln formally issued the Emancipation Proclamation, calling on the Union army to liberate all enslaved people in states still in rebellion as “an act of justice, warranted by the Constitution, upon military necessity.”"
        ]
      },
      {
        "point_number": 2,
        "point_content": "Slavery officially ended in the United States on Dec. 6, 1865, when the 13th Amendment was ratified.",
        "spans": [
          "As a legal matter, slavery officially ended in the United States on Dec. 6, 1865, when the 13th Amendment was ratified by three-quarters of the then-states — 27 out of 36 — and became a part of the Constitution."
        ]
      },
      {
        "point_number": 3,
        "point_content": "The Slavery Abolition Act dismantled large-scale plantation slavery in Britain’s tropical colonies.",
        "spans": [
          "The Slavery Abolition Act did not explicitly refer to British North America. Its aim was rather to dismantle the large-scale plantation slavery that existed in Britain’s tropical colonies, where the enslaved population was usually larger than that of the white colonists."
        ]
      },
      {
        "point_number": 4,
        "point_content": "Slavery lasted in about half of U.S. states until 1865 and was replaced by sharecropping and convict leasing.",
        "spans": [
          "Slavery lasted in about half of U.S. states until 1865. As an economic system, slavery was largely replaced by sharecropping and convict leasing."
        ]
      }
    ],
    "clueweb22-en0015-15-09050": [
      {
        "point_number": 1,
        "point_content": "The Abolition Act abolished slavery throughout the British Empire in 1834.",
        "spans": [
          "In 1834, the Abolition Act abolished slavery throughout the British Empire, including British colonies in North America."
        ]
      },
      {
        "point_number": 2,
        "point_content": "France abolished slavery in all its colonies in 1847.",
        "spans": [
          "In 1847, France would abolish slavery in all its colonies."
        ]
      },
      {
        "point_number": 3,
        "point_content": "Mauritania was the last country to abolish slavery and made it a crime in 2007.",
        "spans": [
          "Mauritania is the world’s last country to abolish slavery, and the country didn’t make slavery a crime until 2007."
        ]
      },
      {
        "point_number": 4,
        "point_content": "The slave trade was made illegal in Britain from 1 May 1807.",
        "spans": [
          "The bill received royal assent in March and the trade was made illegal from 1 May 1807."
        ]
      },
      {
        "point_number": 5,
        "point_content": "The 13th amendment ratified in 1865 abolished slavery in the US, except as punishment for a crime.",
        "spans": [
          "The 13th amendment, ratified in 1865, essentially abolished slavery, but also made it legal to exploit people as a punishment for a crime: “Neither slavery nor involuntary servitude, except as a punishment for crime.”"
        ]
      },
      {
        "point_number": 6,
        "point_content": "Haiti was the first sovereign nation in the Western Hemisphere to abolish slavery in 1804.",
        "spans": [
          "Haiti (then Saint-Domingue) formally declared independence from France in 1804 and became the first sovereign nation in the Western Hemisphere to unconditionally abolish slavery in the modern era."
        ]
      },
      {
        "point_number": 7,
        "point_content": "Slavery was abolished in the British Empire in 1834, including Canada.",
        "spans": [
          "The historian Marcel Trudel catalogued the existence of about 4,200 slaves in Canada between 1671 and 1834, the year slavery was abolished in the British Empire."
        ]
      },
      {
        "point_number": 8,
        "point_content": "Slavery was abolished in Brazil on May 13, 1888.",
        "spans": [
          "On May 13, 1888, the remaining 700,000 enslaved persons in Brazil were freed."
        ]
      },
      {
        "point_number": 9,
        "point_content": "Slavery was abolished in Jamaica in 1834 following the British Parliament’s 1807 abolition of the slave trade.",
        "spans": [
          "the abolition of the slave trade was followed by the abolition of slavery in 1834 and full emancipation within four years."
        ]
      },
      {
        "point_number": 10,
        "point_content": "William Wilberforce was a leader of the movement to abolish the slave trade in the UK.",
        "spans": [
          "William Wilberforce (24 August 1759 – 29 July 1833) was a British politician, philanthropist, and a leader of the movement to abolish the slave trade."
        ]
      },
      {
        "point_number": 11,
        "point_content": "The British Parliament passed the Slavery Abolition Act 1833 after inquiries following the 1831 rebellion.",
        "spans": [
          "Because of the loss of property and life in the 1831 rebellion, the British Parliament held two inquiries. The results of these inquiries contributed greatly to the abolition of slavery with the Slavery Abolition Act 1833."
        ]
      },
      {
        "point_number": 12,
        "point_content": "Lincoln issued the preliminary Emancipation Proclamation in 1862 to free slaves in rebellious states.",
        "spans": [
          "Just one month after writing this letter, Lincoln issued his preliminary Emancipation Proclamation, which announced that at the beginning of 1863, he would use his war powers to free all slaves in states still in rebellion as they came under Union control."
        ]
      }
    ],
    "clueweb22-en0027-55-03575": [
      {
        "point_number": 1,
        "point_content": "The Act to Abolish the Transatlantic Slave Trade is passed in Parliament in 1807.",
        "spans": [
          "1807: The Act to Abolish the Transatlantic Slave Trade is passed in Parliament."
        ]
      },
      {
        "point_number": 2,
        "point_content": "The Slavery Abolition Act is passed in Parliament in 1833, taking effect in 1834, giving all enslaved people in the Caribbean their freedom.",
        "spans": [
          "1833: Slavery Abolition Act is passed in Parliament, taking effect in 1834. This act gives all enslaved people in the Caribbean their freedom"
        ]
      },
      {
        "point_number": 3,
        "point_content": "Ex-slaves in the Caribbean were forced to undertake a period of 'apprenticeship' which delayed full abolition of slavery until 1838.",
        "spans": [
          "ex-slaves in the Caribbean are forced to undertake a period of 'apprenticeship' (working for former masters for a low wage) which means that slavery is not fully abolished in practice until 1838."
        ]
      }
    ],
    "clueweb22-en0040-21-09515": [
      {
        "point_number": 1,
        "point_content": "The transatlantic slave trade was eventually curtailed due to European and American governments passing legislation abolishing their nation's involvement in it.",
        "spans": [
          "The transatlantic slave trade was eventually curtailed due to European and American governments passing legislation abolishing their nation's involvement in it."
        ]
      },
      {
        "point_number": 2,
        "point_content": "In 1807 Britain made the international slave trade illegal with the Slave Trade Act 1807, as did the United States in 1808.",
        "spans": [
          "In 1807 Britain (which already held a small coastal territory, intended for the resettlement of formerly enslaved people, in Freetown, Sierra Leone ), made the international slave trade illegal with the Slave Trade Act 1807,[20] : 42  as did the United States in 1808."
        ]
      },
      {
        "point_number": 3,
        "point_content": "Slavery in Ethiopia was finally abolished by order of emperor Haile Selassie on 26 August 1942.",
        "spans": [
          "Slavery in Ethiopia persisted until 1942. The Anti-Slavery Society estimated that there were 2,000,000 enslaved people in the early 1930s, out of an estimated population of between 8 and 16 million. [28] It was finally abolished by order of emperor Haile Selassie on 26 August 1942."
        ]
      },
      {
        "point_number": 4,
        "point_content": "Slavery in northern Nigeria was finally outlawed in 1936.",
        "spans": [
          "Slavery in northern Nigeria was finally outlawed in 1936."
        ]
      },
      {
        "point_number": 5,
        "point_content": "Brazil's foreign trade of enslaved people was banned in 1850, sons of enslaved people were freed in 1871, enslaved people over 60 were freed in 1885, and slavery was legally ended nationwide on 13 May 1888 by the Lei Áurea.",
        "spans": [
          "First, foreign trade of enslaved people was banned in 1850. Then, in 1871, the sons of the enslaved people were freed. In 1885, enslaved people aged over 60 years were freed.",
          "Slavery was legally ended nationwide on 13 May by the Lei Áurea (\"Golden Law\") of 1888."
        ]
      },
      {
        "point_number": 6,
        "point_content": "Slavery in the British Empire was abolished with the Slavery Abolition Act 1833, with full emancipation granted on 1 August 1838.",
        "spans": [
          "The Slavery Abolition Act, passed on 1 August 1833, outlawed slavery itself throughout the British Empire, with the exception of India.",
          "Full emancipation was granted ahead of schedule on 1 August 1838."
        ]
      },
      {
        "point_number": 7,
        "point_content": "Slavery was abolished in the French colonies in 1794, restored by Napoleon in 1802, and finally abolished in 1848.",
        "spans": [
          "In 1793, influenced by the French Declaration of the Rights of Man and of the Citizen of August 1789 and alarmed as the massive slave revolt of August 1791 that had become the Haitian Revolution threatened to ally itself with the British, the Revolutionary French commissioners Léger-Félicité Sonthonax and Étienne Polverel declared general emancipation to reconcile them with France.",
          "In Paris, on 4 February 1794, Abbé Grégoire and the Convention ratified this action by officially abolishing slavery in all French territories outside mainland France, freeing all the slaves both for moral and security reasons.",
          "Napoleon personally opposed the abolition and restored colonial slavery in 1802.",
          "Slavery in the French colonies was finally abolished only in 1848, three months after the beginning of the revolution against the July Monarchy."
        ]
      },
      {
        "point_number": 8,
        "point_content": "The Emancipation Proclamation issued by Abraham Lincoln on 1 January 1863 changed the legal status of 3 million enslaved people in the Confederacy from 'slave' to 'free'.",
        "spans": [
          "The Emancipation Proclamation was an executive order issued by Lincoln on 1 January 1863. In a single stroke, it changed the legal status, as recognized by the U.S. government, of 3 million enslaved people in designated areas of the Confederacy from \"slave\" to \"free.\""
        ]
      },
      {
        "point_number": 9,
        "point_content": "Slavery was legally abolished in the United States in 1865 by the Thirteenth Amendment to the United States Constitution.",
        "spans": [
          "Slavery was legally abolished in 1865 by the Thirteenth Amendment to the United States Constitution ."
        ]
      },
      {
        "point_number": 10,
        "point_content": "The 1926 Slavery Convention and the Universal Declaration of Human Rights in 1948 explicitly banned slavery worldwide.",
        "spans": [
          "The 1926 Slavery Convention, an initiative of the League of Nations, was a turning point in banning global slavery.",
          "Article 4 of the Universal Declaration of Human Rights, adopted in 1948 by the UN General Assembly, explicitly banned slavery."
        ]
      }
    ],
    "clueweb22-en0020-46-09553": [
      {
        "point_number": 1,
        "point_content": "Slavery was first abolished by stopping slave ships from setting sail, but slaves already held were not freed immediately.",
        "spans": [
          "When slavery was first abolished, no more slave ships were allowed to set sail. But this didn’t include freeing those who were already held as slaves."
        ]
      },
      {
        "point_number": 2,
        "point_content": "All slaves in the British Empire were granted freedom in 1838, with owners compensated but slaves not.",
        "spans": [
          "It wasn’t until 1838 that all slaves in the British Empire were granted freedom. None of them were given any form of compensation for a lifetime of anguish and torture, while owners were paid by the government for the loss of each slave."
        ]
      },
      {
        "point_number": 3,
        "point_content": "Abolition was achieved through the efforts of activists like Thomas Clarkson and William Wilberforce who campaigned and introduced anti-slavery motions in parliament.",
        "spans": [
          "Two of the most influential abolitionists were Thomas Clarkson and William Wilberforce.",
          "Clarkson spent time creating an in-depth study of the trade.",
          "William Wilberforce played his part from inside parliament.",
          "he spent 18 years introducing anti-slavery motions in parliament."
        ]
      }
    ],
    "clueweb22-en0007-93-03812": [
      {
        "point_number": 1,
        "point_content": "The 13th amendment abolished slavery in the United States.",
        "spans": [
          "Passed by Congress on January 31, 1865, and ratified on December 6, 1865, the 13th amendment abolished slavery in the United States.",
          "The 13th amendment, which formally abolished slavery in the United States, passed the Senate on April 8, 1864, and the House on January 31, 1865."
        ]
      },
      {
        "point_number": 2,
        "point_content": "Slavery officially ended in the United States on December 6, 1865, when the 13th Amendment was ratified.",
        "spans": [
          "As a legal matter, slavery officially ended in the United States on Dec. 6, 1865, when the 13th Amendment was ratified by three-quarters of the then-states — 27 out of 36 — and became a part of the Constitution."
        ]
      },
      {
        "point_number": 3,
        "point_content": "Lincoln’s Emancipation Proclamation of 1863 freed enslaved people in areas in rebellion against the United States.",
        "spans": [
          "Lincoln’s Emancipation Proclamation of 1863 freed enslaved people in areas in rebellion against the United States."
        ]
      },
      {
        "point_number": 4,
        "point_content": "Mississippi was the last state to ratify the 13th Amendment, officially abolishing slavery.",
        "spans": [
          "Mississippi Becomes Last State to Ratify 13th Amendment",
          "After what’s being seen as an “oversightâ€ by the state of Mississippi, the Southern territory has become the last state to consent to the 13th Amendment–officially abolishing slavery."
        ]
      },
      {
        "point_number": 5,
        "point_content": "The Thirteenth Amendment abolished slavery and involuntary servitude, except as punishment for a crime.",
        "spans": [
          "The Thirteenth Amendment (Amendment XIII) to the United States Constitution abolished slavery and involuntary servitude, except as punishment for a crime."
        ]
      },
      {
        "point_number": 6,
        "point_content": "The 13th Amendment was adopted on December 18, 1865, officially abolishing slavery and freeing more than 100,000 enslaved people.",
        "spans": [
          "Dec 18, 1865 CE: Slavery is Abolished. On December 18, 1865, the Thirteenth Amendment was adopted as part of the United States Constitution. The amendment officially abolished slavery, and immediately freed more than 100,000 enslaved people, from Kentucky to Delaware."
        ]
      }
    ]
  }
}