{
  "question": "what happened to europe after ww1",
  "key_points": [
    {
      "point_number": 1,
      "point_content": "World War I caused the collapse of four empires (German, Russian, Austro-Hungarian, Ottoman), ending centuries-old monarchies and empires in Europe, leading to the dissolution of Austria-Hungary and the Ottoman Empire, and the reorganisation of European borders and sovereignties.",
      "original_point_number": [
        1,
        24,
        27,
        29,
        30
      ]
    },
    {
      "point_number": 2,
      "point_content": "Post-war treaties, including the Treaty of Versailles in 1919, officially ended the war, blamed the Central Powers, imposed harsh conditions and reparations on Germany, redrew borders, created new countries, and transferred territories among European powers and their colonies.",
      "original_point_number": [
        2,
        17,
        26,
        34
      ]
    },
    {
      "point_number": 3,
      "point_content": "Several new nations were established or regained independence after the war, including Poland, Czechoslovakia, Yugoslavia, Lithuania, Latvia, Estonia, Finland, Armenia, Georgia, Azerbaijan, and the Kingdom of Serbs, Croats and Slovenes (later Yugoslavia).",
      "original_point_number": [
        2,
        5,
        28
      ]
    },
    {
      "point_number": 4,
      "point_content": "Newly independent nations such as Estonia, Latvia, Lithuania, Finland, and Poland fought wars against Soviet Russia and other forces to secure their independence and borders, with peace treaties and international interventions concluding conflicts by the early 1920s.",
      "original_point_number": [
        11,
        12,
        13
      ]
    },
    {
      "point_number": 5,
      "point_content": "The Russian Civil War (1917-1923) was a complex struggle between Bolsheviks and anti-communist forces, ending with the creation of the USSR in 1922, and inspired the spread of radical political ideas leading to civil wars and clashes between communist and anti-communist forces in Europe.",
      "original_point_number": [
        4,
        8
      ]
    },
    {
      "point_number": 6,
      "point_content": "Finland fought a civil war between conservative Whites and socialist Reds after the Russian Revolution, resulting in Finnish independence and the establishment of a republic in 1919.",
      "original_point_number": [
        9
      ]
    },
    {
      "point_number": 7,
      "point_content": "The German Revolution (1918-1919) led to the abdication of the Kaiser and the proclamation of the German Republic, with uprisings suppressed by the army and paramilitary groups.",
      "original_point_number": [
        10
      ]
    },
    {
      "point_number": 8,
      "point_content": "The Greco-Turkish War (1919-1922) resulted from Greek occupation of Anatolia and Turkish nationalist resistance, ending with the establishment of modern Turkey's boundaries after the Turkish War of Independence and the Treaty of Lausanne in 1923.",
      "original_point_number": [
        14,
        30
      ]
    },
    {
      "point_number": 9,
      "point_content": "Within the British Empire, disaffected nations fought for independence after WW1, including the Irish War of Independence (1919-1921) which led to the Anglo-Irish Treaty, partitioning Ireland and creating an autonomous Dominion in the south but sparking a civil war, and the Egyptian Revolution of 1919 which led to Britain declaring Egyptian independence in 1922 though British presence continued.",
      "original_point_number": [
        6,
        15,
        16
      ]
    },
    {
      "point_number": 10,
      "point_content": "Peace did not return to Europe until 1923, five years after the end of the First World War, due to ongoing conflicts and instability.",
      "original_point_number": [
        3,
        7
      ]
    },
    {
      "point_number": 11,
      "point_content": "The political geography of Europe was transformed with the fall of empires, creation of new states, introduction of parliamentary democracy in most European states, and establishment of the League of Nations to promote peace.",
      "original_point_number": [
        18,
        19
      ]
    },
    {
      "point_number": 12,
      "point_content": "The postwar order was fragile and faced many grievances and economic problems, leading to political instability, the rise of fascism and radical nationalism in Europe, and was further worsened by the Great Depression starting in 1929.",
      "original_point_number": [
        20,
        21,
        22
      ]
    },
    {
      "point_number": 13,
      "point_content": "The aftermath of World War I saw drastic political, cultural, economic, and social change across Eurasia, Africa, and other areas, including social trauma such as a lost generation, demographic imbalances, and changes in gender roles, especially in France where women took on new roles during the war.",
      "original_point_number": [
        23,
        35
      ]
    },
    {
      "point_number": 14,
      "point_content": "The United Kingdom faced economic costs, loss of Ireland as the Irish Free State, and growing assertiveness of Commonwealth nations after World War I.",
      "original_point_number": [
        31
      ]
    },
    {
      "point_number": 15,
      "point_content": "France regained Alsace-Lorraine, sought to prevent future German aggression, and faced economic challenges leading to the occupation of the Ruhr in 1923.",
      "original_point_number": [
        32
      ]
    },
    {
      "point_number": 16,
      "point_content": "Italy gained territories such as South Tyrol, Trieste, and Istria but faced dissatisfaction over unfulfilled territorial ambitions, leading to nationalist movements like the Fiume Exploit.",
      "original_point_number": [
        33
      ]
    }
  ]
}