{
  "question": "how can market forces of supply and demand affect interest rates and the economy",
  "key_points": [
    {
      "point_number": 1,
      "point_content": "The money supply in the United States is influenced by supply and demand and the actions of the Federal Reserve and commercial banks.",
      "original_point_number": [
        1
      ]
    },
    {
      "point_number": 2,
      "point_content": "Money supply and interest rates have an inverse relationship: a larger money supply lowers market interest rates, making it less expensive for consumers to borrow, while a smaller money supply raises market interest rates, making it pricier for consumers to take out a loan.",
      "original_point_number": [
        2,
        6,
        13
      ]
    },
    {
      "point_number": 3,
      "point_content": "The current level of liquid money (supply) coordinates with the total demand for liquid money (demand) to help determine interest rates.",
      "original_point_number": [
        3
      ]
    },
    {
      "point_number": 4,
      "point_content": "Setting interest rates involves assessing the strength of the economy, including factors like inflation, unemployment, and supply and demand.",
      "original_point_number": [
        4
      ]
    },
    {
      "point_number": 5,
      "point_content": "Interest rates affect the lending rates at which commercial banks borrow from the Fed, from each other, and the rates set for consumers to borrow from retail banks.",
      "original_point_number": [
        5
      ]
    },
    {
      "point_number": 6,
      "point_content": "Supply and demand is the relationship between buyers and sellers that is used as a measure for price determination in financial markets, where forces interact to affect an equilibrium price between buyers and sellers whereby the quantity of demand equals the quantity of supply.",
      "original_point_number": [
        7,
        8
      ]
    },
    {
      "point_number": 7,
      "point_content": "Generally, positive news means increased demand and lessened supply, equating to higher prices; negative news usually spells lower demand and increased supply.",
      "original_point_number": [
        9
      ]
    },
    {
      "point_number": 8,
      "point_content": "When rates increase, forex rollover payments also increase, incentivizing more traders to buy and fewer to sell, affecting supply and demand.",
      "original_point_number": [
        10
      ]
    },
    {
      "point_number": 9,
      "point_content": "Price aims to find a comfortable point where buyers and sellers balance, moving up when demand increases and down when supply exceeds demand.",
      "original_point_number": [
        11
      ]
    },
    {
      "point_number": 10,
      "point_content": "Higher demand for money leads to higher interest rates.",
      "original_point_number": [
        12
      ]
    },
    {
      "point_number": 11,
      "point_content": "Higher fiscal deficit leads to higher government borrowing, which results in higher interest rates.",
      "original_point_number": [
        14
      ]
    },
    {
      "point_number": 12,
      "point_content": "In a high inflation era, interest rates tend to stay up, and vice versa.",
      "original_point_number": [
        15
      ]
    },
    {
      "point_number": 13,
      "point_content": "If India wants to attract global capital, then the interest rates in India need to go up if the interest rates are going up globally.",
      "original_point_number": [
        16
      ]
    },
    {
      "point_number": 14,
      "point_content": "Central bank’s monetary policy objectives influence the interest rates.",
      "original_point_number": [
        17
      ]
    },
    {
      "point_number": 15,
      "point_content": "Interest rates that lenders charge can significantly influence the level of consumer demand in the economy and economic growth.",
      "original_point_number": [
        18
      ]
    },
    {
      "point_number": 16,
      "point_content": "When interest rates are high, some loans become too costly and borrower demand may lessen, reducing total consumption of loans; when interest rates drop, demand for loan products increases.",
      "original_point_number": [
        19
      ]
    },
    {
      "point_number": 17,
      "point_content": "Low interest rates make it cheaper to borrow money, increasing consumer demand; high interest rates make borrowing costly, reducing demand and total consumption.",
      "original_point_number": [
        20
      ]
    },
    {
      "point_number": 18,
      "point_content": "Low interest rates encourage investment by making saving less rewarding and loans cheaper for businesses; high interest rates discourage investment.",
      "original_point_number": [
        21
      ]
    },
    {
      "point_number": 19,
      "point_content": "Consumer demand and investments influence economic growth; low interest rates can spur growth and reduce unemployment, while high rates can slow growth.",
      "original_point_number": [
        22
      ]
    },
    {
      "point_number": 20,
      "point_content": "The Federal Reserve influences interest rates to affect consumer spending, investment, and economic growth by altering the federal funds rate.",
      "original_point_number": [
        23
      ]
    },
    {
      "point_number": 21,
      "point_content": "If customer demand decreases, then suppliers will typically reduce their production, which slows down the economy.",
      "original_point_number": [
        24
      ]
    },
    {
      "point_number": 22,
      "point_content": "In an economy with high inflation, a consumer will have less buying power.",
      "original_point_number": [
        25
      ]
    },
    {
      "point_number": 23,
      "point_content": "If the demand for food commodities is really high, but the availability of food commodities is lower than normal, consumer prices for food will sharply rise.",
      "original_point_number": [
        26
      ]
    },
    {
      "point_number": 24,
      "point_content": "Paying more for food will affect a consumer's buying power, giving her less money to spend on other products and services.",
      "original_point_number": [
        27
      ]
    },
    {
      "point_number": 25,
      "point_content": "When people have employment, they have money to turn around and spend in the economy.",
      "original_point_number": [
        28
      ]
    },
    {
      "point_number": 26,
      "point_content": "If there is a demand for many types of products and services in a healthy economy, businesses will grow and add jobs.",
      "original_point_number": [
        29
      ]
    },
    {
      "point_number": 27,
      "point_content": "The best market situation for a product is equilibrium price, where the patterns of supply and demand intersect, and consumer demand closely balances with available supply, keeping the price relatively stable.",
      "original_point_number": [
        30,
        31
      ]
    }
  ]
}