{
  "question": "what was the importance and significance of art during the prehistoric period?",
  "key_points": {
    "clueweb22-en0014-79-07362": [
      {
        "point_number": 1,
        "point_content": "Cave art was what people in prehistoric times did in order to record history and culture.",
        "spans": [
          "Cave art is significant because it was what people in prehistoric times did in order to record history and culture."
        ]
      },
      {
        "point_number": 2,
        "point_content": "Prehistoric cave art served as a warning to people who were to come later, such as showing how to kill a beast or warning of a beast.",
        "spans": [
          "But, prehistoric cave art was also significant because it also served as a warning to people who were to come later. For example, they could show the way to kill a beast or warn them of a beast."
        ]
      },
      {
        "point_number": 3,
        "point_content": "Some believed prehistoric art to be religious in nature, with cave paintings being products of worship and portable figurines interpreted as deities.",
        "spans": [
          "Some believed the art to be religious in nature. Cave paintings in particular were the products of worship, though portable figurines were also interpreted as being deities."
        ]
      },
      {
        "point_number": 4,
        "point_content": "Prehistoric art includes artifacts made before written records, with the earliest art from the Paleolithic era and important developments in the Neolithic era.",
        "spans": [
          "Prehistoric art refers artifacts made before there was a written record. The earliest art comes from the Paleolithic era (the Old Stone Age ), but it was in the Neolithic era that we see the most important developments in human history."
        ]
      },
      {
        "point_number": 5,
        "point_content": "Common subjects in prehistoric art were animal and human figures, often depicting moments of hunting.",
        "spans": [
          "The subjects that were common in prehistoric art were animal figures and human figures.",
          "The paintings supposedly are descriptions on moments of hunting."
        ]
      },
      {
        "point_number": 6,
        "point_content": "Animal art in caves was interpreted as an attempt to influence hunting success, exert power over animals, or increase fertility of herds.",
        "spans": [
          "Hunting was critical to early humans' survival, and animal art in caves has often been interpreted as an attempt to influence the success of the hunt, exert power over animals that were simultaneously dangerous to early humans and vital to their existence, or to increase the fertility of herds in the wild."
        ]
      }
    ],
    "clueweb22-en0003-31-04936": [
      {
        "point_number": 1,
        "point_content": "The importance of that little art that has been discovered has given us insights and understanding into lives that came before written language.",
        "spans": [
          "The importance of that little art that has been discovered has given us insights and understanding into lives that came before written language"
        ]
      },
      {
        "point_number": 2,
        "point_content": "Prehistoric art may have been a way for humans to say 'I was here'.",
        "spans": [
          "I think by doing that art, they want to say that “I was here”"
        ]
      },
      {
        "point_number": 3,
        "point_content": "The impact of art during the prehistoric period has allowed us to gain knowledge and understanding of how humans lived at the time.",
        "spans": [
          "The impact of art during the prehistoric period has allowed us to gain knowledge and understanding of how humans lived at the time"
        ]
      },
      {
        "point_number": 4,
        "point_content": "Because there were no other human recordings or writings at the time, the art allows us to understand human activities and events that occurred during that time period.",
        "spans": [
          "Because there were no other human recordings or writings at the time, the art allows us to understand human activities. The art provides us with information about the events that occurred during that time period"
        ]
      },
      {
        "point_number": 5,
        "point_content": "Craving painting would display events from various eras and pass a message.",
        "spans": [
          "Craving painting, for example, would display events from various eras and pass a massage"
        ]
      }
    ],
    "null": [],
    "clueweb22-en0002-77-05771": [
      {
        "point_number": 1,
        "point_content": "Prehistoric art gives us insight into the development of the human mind and ways.",
        "spans": [
          "Prehistoric art, in particular, is very important because it gives us insight into the development of the human mind and ways."
        ]
      },
      {
        "point_number": 2,
        "point_content": "Art shows us that there was more to our prehistoric ancestors than neanderthalic behaviour.",
        "spans": [
          "art shows us that there was more to our prehistoric ancestors than neanderthalic behaviour."
        ]
      },
      {
        "point_number": 3,
        "point_content": "There was an abundance of art created during prehistoric times, the majority holding important information that we can use to unlock mysteries about the early humans.",
        "spans": [
          "There was an abundance of art created during prehistoric times, the majority holding important information that we can use to unlock mysteries about the early humans."
        ]
      },
      {
        "point_number": 4,
        "point_content": "Early art was made for rituals and sacred ceremonies, depicting spiritual journeys and animal guardians.",
        "spans": [
          "Research suggests that early art was made for rituals and sacred ceremonies.",
          "One example of this is the murals that were often used to depict and map out what early humans believed to be their spiritual journey which they created while intoxicated.",
          "Prehistoric paintings also often included some form of wildlife.",
          "The animals on the walls of most caves actually represent animal guardians. The prehistoric people painted them to protect both themselves and the spirit of the animal."
        ]
      },
      {
        "point_number": 5,
        "point_content": "Painting was a possible first sign of independent thought and opinion.",
        "spans": [
          "painting was a possible first sign of independent thought and opinion."
        ]
      },
      {
        "point_number": 6,
        "point_content": "Art contributed to society in many consequential ways and holds the key to our understanding.",
        "spans": [
          "Art contributed to society in many consequential ways.",
          "Art holds the key to our understanding"
        ]
      }
    ],
    "clueweb22-en0019-33-15167": [
      {
        "point_number": 1,
        "point_content": "The significance of cave paintings is that they give us ideas of how intelligent and cultural the inhabitants of the caves in question were.",
        "spans": [
          "The significance of cave paintings is that they give us ideas of how intelligent and cultural the inhabitants of the caves in question were."
        ]
      },
      {
        "point_number": 2,
        "point_content": "The people who drew these cave paintings not only left behind evidence that they were advanced enough to paint on the cave walls, but also left behind evidence of their activities and what they found important enough to make paintings of.",
        "spans": [
          "The people who drew these cave paintings not only left behind evidence that they were advanced enough to paint on the cave walls, but also left behind evidence of their activities and what they found important enough to make paintings of."
        ]
      },
      {
        "point_number": 3,
        "point_content": "Prehistoric cave-art is important as it serves as some of the best means of showing the interaction between our primitive ancestors and the world as they perceived it.",
        "spans": [
          "Prehistoric cave-art is important as it serves as some of the best means of showing the interaction between our primitive ancestors and the world as they perceived it."
        ]
      },
      {
        "point_number": 4,
        "point_content": "The impact of art during the prehistoric period has allowed us to gain knowledge and understanding of how humans lived at the time.",
        "spans": [
          "The impact of art during the prehistoric period has allowed us to gain knowledge and understanding of how humans lived at the time."
        ]
      },
      {
        "point_number": 5,
        "point_content": "Because there were no other human recordings or writings at the time, the art allows us to understand human activities.",
        "spans": [
          "Because there were no other human recordings or writings at the time, the art allows us to understand human activities."
        ]
      },
      {
        "point_number": 6,
        "point_content": "The art provides us with information about the events that occurred during that time period.",
        "spans": [
          "The art provides us with information about the events that occurred during that time period."
        ]
      },
      {
        "point_number": 7,
        "point_content": "Craving painting, for example, would display events from various eras and pass a massage.",
        "spans": [
          "Craving painting, for example, would display events from various eras and pass a massage."
        ]
      }
    ],
    "clueweb22-en0043-35-14589": [
      {
        "point_number": 1,
        "point_content": "Prehistoric art gives us insight into the development of the human mind and ways.",
        "spans": [
          "Prehistoric art, in particular, is very important because it gives us insight into the development of the human mind and ways."
        ]
      },
      {
        "point_number": 2,
        "point_content": "Evidence of artistic thinking in hominids dates back 290,000 years ago; the Palaeolithic age.",
        "spans": [
          "Evidence of artistic thinking in hominids dates back 290,000 years ago; the Palaeolithic age."
        ]
      },
      {
        "point_number": 3,
        "point_content": "Research suggests that early art was made for rituals and sacred ceremonies.",
        "spans": [
          "Research suggests that early art was made for rituals and sacred ceremonies."
        ]
      },
      {
        "point_number": 4,
        "point_content": "Art is an important glimpse into history because it is often one of the few things to survive and can tell us stories, relate the moods and beliefs of an era, and allow us to relate to the people who came before us.",
        "spans": [
          "Art is an important glimpse into history because it is often one of the few things to survive. It can tell us stories, relate the moods and beliefs of an era, and allow us to relate to the people who came before us."
        ]
      }
    ],
    "clueweb22-en0044-26-13848": [
      {
        "point_number": 1,
        "point_content": "The development of human cognition is linked to their ability to express themselves as artists, and representing the world in symbols may have foreshadowed the beginnings of language.",
        "spans": [
          "paleontologists, or scientists who study prehistoric life, now tend to link the development of human cognition to their ability to express themselves as artists.",
          "These scientists argue that the act of representing the world in symbols actually may have foreshadowed the beginnings of language."
        ]
      },
      {
        "point_number": 2,
        "point_content": "Prehistoric art was created before formal writing and during human migration and settlement, indicating its role in early human culture.",
        "spans": [
          "The first human artistic representations seem to have occurred about 100,000 B.C.E.",
          "All were created in the time period before the invention of formal writing, when human populations were migrating and settling on every continent except Antarctica."
        ]
      },
      {
        "point_number": 3,
        "point_content": "Cave paintings, often located in inaccessible places, likely had purposes beyond aesthetics, possibly to exert power or authority over the world and influence hunting success.",
        "spans": [
          "One possibility is that these Stone Age people were creating paintings purely for aesthetic purposes: they just wanted to beautify their surroundings.",
          "However, since many of these works of art were found in places almost inaccessible to humans, such as deep within isolated caves, or at the end of long passages, scholars theorize that paintings in such remote locations must have had some other reason.",
          "This hypothesis contends that they had some sort of agency, meaning these paintings were created to exert some power or authority over the world of those who came into contact with them.",
          "This line of reasoning argues that since these were hunting societies, possibly during times of scarcity, the hunters hoped to conjure up game by depicting them on cave walls, and maybe exercise control over the animals by capturing their spirits and coercing them to come closer to the hunters."
        ]
      },
      {
        "point_number": 4,
        "point_content": "Venus figurines with exaggerated sexual features reflect a deep interest in fertility and survival, indicating the significance of fertility in prehistoric art.",
        "spans": [
          "Most scholars agree that these prehistoric voluptuous figurines reflected a deep interest in fertility, and ultimately, the survival of the individual and the family, all of which were matters of great concern to Stone Age people."
        ]
      }
    ],
    "clueweb22-en0032-02-17993": [
      {
        "point_number": 1,
        "point_content": "The significance of cave paintings is that they give us ideas of how intelligent and cultural the inhabitants of the caves in question were.",
        "spans": [
          "The significance of cave paintings is that they give us ideas of how intelligent and cultural the inhabitants of the caves in question were."
        ]
      },
      {
        "point_number": 2,
        "point_content": "The people who drew these cave paintings not only left behind evidence that they were advanced enough to paint on the cave walls, but also left behind evidence of their activities and what they found important enough to make paintings of.",
        "spans": [
          "The people who drew these cave paintings not only left behind evidence that they were advanced enough to paint on the cave walls, but also left behind evidence of their activities and what they found important enough to make paintings of."
        ]
      },
      {
        "point_number": 3,
        "point_content": "Prehistoric cave-art is important as it serves as some of the best means of showing the interaction between our primitive ancestors and the world as they perceived it.",
        "spans": [
          "Prehistoric cave-art is important as it serves as some of the best means of showing the interaction between our primitive ancestors and the world as they perceived it."
        ]
      },
      {
        "point_number": 4,
        "point_content": "These people painted mostly animals that they most likely hunted as a major source of food, and in doing so left behind evidence of their activities.",
        "spans": [
          "These people painted mostly animals that they most likely hunted as a major source of food, and in doing so left behind evidence of their activities."
        ]
      },
      {
        "point_number": 5,
        "point_content": "The paintings that have been discovered offer valuable evidence of our history.",
        "spans": [
          "The paintings that have been discovered offer valuable evidence of our history."
        ]
      },
      {
        "point_number": 6,
        "point_content": "Cave painting was the people of the pasts' version of documentation.",
        "spans": [
          "Cave painting was the people of the pasts' version of documentation."
        ]
      },
      {
        "point_number": 7,
        "point_content": "Cave art is significant because it was what people in prehistoric times did in order to record history and culture.",
        "spans": [
          "Cave art is significant because it was what people in prehistoric times did in order to record history and culture."
        ]
      },
      {
        "point_number": 8,
        "point_content": "Prehistoric cave art was also significant because it also served as a warning to people who were to come later.",
        "spans": [
          "But, prehistoric cave art was also significant because it also served as a warning to people who were to come later."
        ]
      },
      {
        "point_number": 9,
        "point_content": "For example, they could show the way to kill a beast or warn them of a beast.",
        "spans": [
          "For example, they could show the way to kill a beast or warn them of a beast."
        ]
      }
    ]
  }
}