{
  "question": "is the american dream still alive for immigrants",
  "key_points": [
    {
      "point_number": 1,
      "point_content": "Nine out of ten immigrants in the U.S. believe the American Dream is possible to achieve, with an overwhelming majority believing hard work leads to success and happiness; 60% would recommend relocating to the U.S. to friends and family.",
      "original_point_number": [
        1,
        2,
        10,
        11
      ]
    },
    {
      "point_number": 2,
      "point_content": "Immigrants recognize advantages of moving to the U.S. such as access to education and higher standards of living (49% and 47% respectively), but also face numerous hardships.",
      "original_point_number": [
        3
      ]
    },
    {
      "point_number": 3,
      "point_content": "When asked if they would choose to move to the U.S. again, 25% of Mexican immigrants and 18% of Puerto Rican and Venezuelan immigrants would not choose to stay.",
      "original_point_number": [
        4
      ]
    },
    {
      "point_number": 4,
      "point_content": "Immigrants work hard to support their loved ones who rely on remittances as a lifeline, and have opportunities in the U.S. such as education, work, support, and the chance to pursue their dreams and thrive.",
      "original_point_number": [
        5,
        6
      ]
    },
    {
      "point_number": 5,
      "point_content": "America offers diversity, abundant resources, networks, education, workforce opportunities, government assistance, safety, innovation, technology, science, and a culture of people helping each other and paying it forward.",
      "original_point_number": [
        7,
        8,
        9
      ]
    },
    {
      "point_number": 6,
      "point_content": "The American Dream is the opportunity to reach personal goals, have a dream job and life, and is still possible despite lack of social mobility improvement; it is the belief that anyone can attain success in a society with upward mobility.",
      "original_point_number": [
        12,
        13
      ]
    },
    {
      "point_number": 7,
      "point_content": "The American Dream is under threat, especially for vulnerable people, due to anti-refugee and immigrant policies by the Trump administration, including halting refugee resettlement, asylum restrictions, indefinite detention, and family separations.",
      "original_point_number": [
        14,
        15,
        16,
        17,
        18,
        19
      ]
    },
    {
      "point_number": 8,
      "point_content": "Refugees contribute positively to American communities, exhibiting higher entrepreneurship rates and median household incomes than US-born citizens.",
      "original_point_number": [
        20
      ]
    },
    {
      "point_number": 9,
      "point_content": "The American Dream has sometimes been supported by withholding opportunities from some people through immigration restriction or prejudice, ensuring fulfillment only for the privileged; displaced natives and enslaved African Americans experienced the opposite, with hard work rarely rewarded.",
      "original_point_number": [
        21,
        22
      ]
    },
    {
      "point_number": 10,
      "point_content": "Even workers not subject to prejudice find their ambitions less attainable due to COVID-19 and its economic fallout, exposing vulnerabilities in the American Dream's assumptions of constant growth and affecting opportunities for many including immigrants.",
      "original_point_number": [
        23,
        24,
        25,
        26
      ]
    },
    {
      "point_number": 11,
      "point_content": "The American Dream needs redefinition beyond material wealth to include democratic opportunities and less material rewards, which could be more inclusive for immigrants.",
      "original_point_number": [
        27
      ]
    },
    {
      "point_number": 12,
      "point_content": "Newer immigrants, despite poverty, remain optimistic about their future and see their children's future as brighter than their own, maintaining strong communities centered around family, faith, and local social activities rather than career building, and are happier as they have yet to be negatively affected by educational meritocracy.",
      "original_point_number": [
        28,
        29,
        30,
        33,
        34,
        35,
        36
      ]
    },
    {
      "point_number": 13,
      "point_content": "The American Dream is still alive and inspires hope among immigrants, who see it in action when applying for visas and view America as a country with an obligation to build a better life, motivated by a spirit of continuous improvement and striving for perfection.",
      "original_point_number": [
        37,
        38,
        39,
        40
      ]
    },
    {
      "point_number": 14,
      "point_content": "The divisions and anger in America reflect a functioning republic searching for the best way forward, illustrating the dynamic nature of the American Dream.",
      "original_point_number": [
        41
      ]
    },
    {
      "point_number": 15,
      "point_content": "Immigrants accept the risks and responsibilities of pursuing the American Dream because the possibility of success outweighs the uncertainty.",
      "original_point_number": [
        42
      ]
    },
    {
      "point_number": 16,
      "point_content": "The American Dream is considered dead for American citizens due to American privilege, but remains alive and valid for foreigners, as evidenced by high immigration rates and international efforts to study in America.",
      "original_point_number": [
        43,
        44
      ]
    },
    {
      "point_number": 17,
      "point_content": "The American Dream is seen as a huge opportunity, freedom, and happiness for people facing difficulties in their own countries and seeking a better future.",
      "original_point_number": [
        45
      ]
    },
    {
      "point_number": 18,
      "point_content": "Many people have lost hope for the American Dream due to discrimination, lack of high-paid jobs, and fast changes in immigration laws; discrimination in the workforce, especially against women, restricts achievement, and job opportunities have decreased, leaving many immigrants stuck in low-paying, dead-end jobs often without legal documents.",
      "original_point_number": [
        46,
        47,
        48
      ]
    },
    {
      "point_number": 19,
      "point_content": "Strict immigration laws make it difficult for immigrants to enter the country legally and advance in society, threatening the American Dream; however, immigration laws regulate legal status and immigrants have access to education and job opportunities, sometimes more than Americans due to supportive programs.",
      "original_point_number": [
        49,
        50
      ]
    },
    {
      "point_number": 20,
      "point_content": "The American Dream has been more of a dream for foreigners than a universal reality in the United States; discrimination, strict immigration laws, and lack of job opportunities cause it to fade, with many immigrants coming illegally and doing low-status work.",
      "original_point_number": [
        51,
        52
      ]
    },
    {
      "point_number": 21,
      "point_content": "Most Native Americans (57%), white Americans (56%), and Hispanic Americans (53%) see the American Dream as attainable; half of Asian Americans (50%) agree, while fewer Black Americans (45%) agree, with roughly 17% of Black Americans saying there is no such thing as the American Dream; just over half (54%) of US adults think the American Dream is attainable for them personally.",
      "original_point_number": [
        53,
        54,
        55,
        56
      ]
    }
  ]
}