{
  "question": "is the american dream still alive for immigrants",
  "key_points": {
    "clueweb22-en0040-54-13229": [
      {
        "point_number": 1,
        "point_content": "Nine out of ten immigrants in the U.S. still believe that the American Dream is possible to achieve.",
        "spans": [
          "Nine out of ten immigrants in the U.S. still believe that the American Dream is possible to achieve."
        ]
      },
      {
        "point_number": 2,
        "point_content": "An overwhelming majority of immigrants believe that with hard work, success and happiness are attainable, and 60 percent would still recommend relocating to the U.S. to their friends and family.",
        "spans": [
          "An overwhelming majority of immigrants believe that with hard work, success and happiness are attainable, and 60 percent would still recommend relocating to the U.S. to their friends and family."
        ]
      },
      {
        "point_number": 3,
        "point_content": "While most respondents cited the distinct advantages of moving to the U.S. were access to education and higher standards of living (49 and 47 percent respectively), immigrants do face numerous hardships.",
        "spans": [
          "While most respondents cited the distinct advantages of moving to the U.S. were access to education and higher standards of living (49 and 47 percent respectively), immigrants do face numerous hardships."
        ]
      },
      {
        "point_number": 4,
        "point_content": "When asked if, given the chance, to make the choice to move to the U.S. again, 25 percent of Mexican immigrants would not choose to stay in the U.S., and nearly one out of five Puerto Rican and Venezuelan immigrants (18 percent) expressed the same.",
        "spans": [
          "When asked if, given the chance, to make the choice to move to the U.S. again, 25 percent of Mexican immigrants would not choose to stay in the U.S., and nearly one out of five Puerto Rican and Venezuelan immigrants (18 percent) expressed the same."
        ]
      },
      {
        "point_number": 5,
        "point_content": "Immigrants are heroes, working hard to help their loved ones who rely on the money they send as a lifeline.",
        "spans": [
          "they are heroes, working hard to help their loved ones who rely on the money they send as a lifeline."
        ]
      },
      {
        "point_number": 6,
        "point_content": "Immigrants have opportunities in the U.S. such as education, work, support, and the general opportunity to pursue their dreams and thrive.",
        "spans": [
          "Being in America gave me this opportunity, education, work, support, and the general opportunity to pursue my dreams and thrive."
        ]
      },
      {
        "point_number": 7,
        "point_content": "America offers diversity and if you can dream it, work hard and smart, everything is attainable.",
        "spans": [
          "America offers me diversity. There is something for everyone and if you can dream it, work hard and smart, everything is attainable."
        ]
      },
      {
        "point_number": 8,
        "point_content": "America offers an abundance of resources and networks, and it is about people helping each other and paying it forward.",
        "spans": [
          "The main opportunity America offers me is the abundance of resources and networks. It truly is about people helping each other — and pay it forward."
        ]
      },
      {
        "point_number": 9,
        "point_content": "America gives you the opportunity of education, work force, government assistance, and safety. America is full of innovation, technology, science, and support to help us.",
        "spans": [
          "America gives you the opportunity of education, work force, government assistance, and safety. America is full of innovation, technology, science, and support to help us."
        ]
      }
    ],
    "clueweb22-en0009-37-12281": [
      {
        "point_number": 1,
        "point_content": "Nine out of ten immigrants in the U.S. still believe that the American Dream is possible to achieve.",
        "spans": [
          "Nine out of ten immigrants in the U.S. still believe that the American Dream is possible to achieve."
        ]
      },
      {
        "point_number": 2,
        "point_content": "An overwhelming majority of immigrants believe that with hard work, success and happiness are attainable, and 60 percent would still recommend relocating to the U.S. to their friends and family.",
        "spans": [
          "An overwhelming majority of immigrants believe that with hard work, success and happiness are attainable, and 60 percent would still recommend relocating to the U.S. to their friends and family."
        ]
      },
      {
        "point_number": 3,
        "point_content": "The American Dream is the opportunity to reach the goals one sets for themselves. It is about having your dream job and life you have always fantasized about. The American Dream is still possible despite the lack of improvement within social mobility in American society over the past years.",
        "spans": [
          "The American Dream is the opportunity to reach the goals one sets for themselves. It is about having your dream job and life you have always fantasized about.  The American Dream is still possible despite the lack of improvement within social mobility in American society over the past years."
        ]
      },
      {
        "point_number": 4,
        "point_content": "The American dream is the belief that anyone, regardless of where they were born or what class they were born into, can attain their own version of success in a society in which upward mobility is possible for everyone.",
        "spans": [
          "The American dream is the belief that anyone, regardless of where they were born or what class they were born into, can attain their own version of success in a society in which upward mobility is possible for everyone."
        ]
      }
    ],
    "clueweb22-en0039-92-17340": [
      {
        "point_number": 1,
        "point_content": "The American Dream is under threat, especially for the most vulnerable people, who we used to welcome to our great nation.",
        "spans": [
          "I think Ali sums up best how I will feel this Fourth of July: that the American Dream is under threat, especially for the most vulnerable people, who we used to welcome to our great nation."
        ]
      },
      {
        "point_number": 2,
        "point_content": "The Trump administration is implementing anti-refugee and immigrant policies that harm the most vulnerable people.",
        "spans": [
          "Instead of facing global challenges with facts, humility, and compassion, the Trump administration is preying on people’s fears and insecurities and unleashing a series of new anti-refugee and immigrant policies, while telling lies about the most vulnerable people."
        ]
      },
      {
        "point_number": 3,
        "point_content": "The Trump administration has almost halted refugee resettlement, admitting a record-low number of refugees in 2017, an 82% drop from previous administrations.",
        "spans": [
          "The United States has a long and proud history of resettling refugees and has the world’s longest and most thorough refugee resettlement process. However, the Trump administration is tarnishing that legacy by almost halting refugee resettlement. In 2017, President Trump admitted a record-low number of refugees—an 82% drop from previous Republican and Democratic administrations."
        ]
      },
      {
        "point_number": 4,
        "point_content": "Women fleeing domestic violence in Central America can no longer effectively seek asylum in the US due to a ruling by Attorney General Jeff Sessions under the Trump administration.",
        "spans": [
          "Women escaping domestic violence used to be able to apply for asylum in the United States. Under the Trump administration, Attorney General Jeff Sessions issued a ruling making it basically impossible for women in the Central Americas fleeing domestic violence to seek asylum in the United States."
        ]
      },
      {
        "point_number": 5,
        "point_content": "Asylum seekers are being detained indefinitely and their claims ignored under the Trump administration.",
        "spans": [
          "Asylum seekers have a right under US and international law to claim asylum and be interviewed by an asylum officer to see if their claim is credible. Under the Trump administration, asylum claimants are being indefinitely detained, subjected to punitive measures for seeking asylum, and their claims ignored."
        ]
      },
      {
        "point_number": 6,
        "point_content": "Over 2,000 children were separated from their families due to the Trump administration’s zero tolerance policy at the border.",
        "spans": [
          "Over 2,000 children were separated from their families as a direct result of the Trump administration’s zero tolerance policy at the border."
        ]
      },
      {
        "point_number": 7,
        "point_content": "Refugees contribute positively to American communities, with higher entrepreneurship rates and median household incomes than US-born citizens.",
        "spans": [
          "Refugees revitalize American communities. They want to work, contribute to communities, and start businesses. Thirteen percent are entrepreneurs vs. 9% of US-born citizens; their median household income after 25 years in the US is $67,000 ($14,000 more than the median for all US households); and in 2015, they paid a total of $20.9 billion in taxes."
        ]
      }
    ],
    "clueweb22-en0040-22-12202": [
      {
        "point_number": 1,
        "point_content": "The American Dream has sometimes been supported by withholding opportunities from some people, by immigration restriction or prejudice, to ensure fulfillment of the dream only for the privileged.",
        "spans": [
          "The American Dream has sometimes been supported by withholding opportunities from some people, by immigration restriction or prejudice, to ensure fulfillment of the dream only for the privileged."
        ]
      },
      {
        "point_number": 2,
        "point_content": "Displaced Natives and enslaved African Americans lived with the cruelest opposite of the American Dream, their abilities brought sneers and their hard work rarely won them rewards.",
        "spans": [
          "Displaced Natives and enslaved African Americans lived with the cruelest opposite of the American Dream. Their abilities brought sneers and their hard work rarely won them rewards."
        ]
      },
      {
        "point_number": 3,
        "point_content": "Even workers not subject to prejudice, playing by the rules of the American Dream, are finding their ambitions less and less attainable due to COVID and its economic fallout.",
        "spans": [
          "Even workers not subject to prejudice, playing by the rules of the American Dream, are finding their ambitions less and less attainable."
        ]
      },
      {
        "point_number": 4,
        "point_content": "The American Dream has been associated with growth and expansion, but recent crises like COVID-19 expose vulnerabilities in this system, affecting opportunities for many including immigrants.",
        "spans": [
          "The dream of personal advancement has inhibited the response to the COVID-19 outbreak, which calls for Americans to rise to public challenges.",
          "The entire system built to achieve growth is short on resilience."
        ]
      },
      {
        "point_number": 5,
        "point_content": "The American Dream's assumptions of constant growth have enabled the United States to be simultaneously conservative and liberal, but both sides assume life without major disasters, which is challenged by current crises.",
        "spans": [
          "The American Dream with its assumptions of constant growth has enabled the United States to be simultaneously conservative and liberal.",
          "Both outlooks assume life without major disasters."
        ]
      },
      {
        "point_number": 6,
        "point_content": "Recent economic and cultural trends have shaken the promises of the American Dream, including opportunities becoming lopsided and less accessible.",
        "spans": [
          "Recent economic and cultural trends have actually shaken the promises of the American Dream.",
          "opportunities to acquire talents and skills [have] become lopsided."
        ]
      },
      {
        "point_number": 7,
        "point_content": "The American Dream needs to be redefined beyond material wealth to include democratic opportunities and less material rewards, which could be more inclusive for immigrants.",
        "spans": [
          "The COVID pandemic provides us an opportunity to rethink the American Dream and to reclaim the depths of democratic opportunities embedded in it.",
          "The sooner more can rally to finding riches beyond the material, the sooner we can figure out the healthier paths, with less squeezing for material gain."
        ]
      }
    ],
    "null": [],
    "clueweb22-en0014-32-00056": [
      {
        "point_number": 1,
        "point_content": "Newer immigrants, who despite poverty, are still optimistic.",
        "spans": [
          "Newer immigrants, who despite poverty, are still optimistic."
        ]
      },
      {
        "point_number": 2,
        "point_content": "While most working class Americans see their children’s future as dimmer than their own, working class immigrants see it as brighter.",
        "spans": [
          "While most working class Americans see their children’s future as dimmer than their own, working class immigrants see it as brighter."
        ]
      },
      {
        "point_number": 3,
        "point_content": "Stephen who came to US from Kenya at 14, was happy and optimistic about his life, and expected any future children would do better, because “No matter who is in the White House, you just have to work really hard.",
        "spans": [
          "Stephen who came to US from Kenya at 14, who was happy and optimistic about his life, and expected any future children would do better, because “No matter who is in the White House, you just have to work really hard."
        ]
      },
      {
        "point_number": 4,
        "point_content": "The American Dream, as defined by the residents, is working. They can get a job, without a college degree, that gives them enough stability to buy a home, raise a family, and then retire to watch their kids do even better.",
        "spans": [
          "In these places the American Dream, as defined by the residents, is working. They can get a job, without a college degree, that gives them enough stability to buy a home, raise a family, and then retire to watch their kids do even better."
        ]
      },
      {
        "point_number": 5,
        "point_content": "Many of the immigrants have left behind awful situations, such as the Bosnian and Iraqi immigrants in Buffalo and Utica.",
        "spans": [
          "Many of the immigrants have left behind awful situations, such as the Bosnian and Iraqi immigrants in Buffalo and Utica."
        ]
      },
      {
        "point_number": 6,
        "point_content": "Newer working class immigrants haven’t fully accepted America’s dominant secular and material culture that views credentials as the central goal of life and individual liberty as the central form of meaning.",
        "spans": [
          "Newer working class immigrants haven’t fully accepted America’s dominant secular and material culture that views credentials as the central goal of life and individual liberty as the central form of meaning."
        ]
      },
      {
        "point_number": 7,
        "point_content": "They still put their personal desires second to longer term social connections, including family, faith, and local community.",
        "spans": [
          "They still put their personal desires second to longer term social connections, including family, faith, and local community."
        ]
      },
      {
        "point_number": 8,
        "point_content": "They maintain strong communities centered around the church social, the backyard bbq, the sports league, and other things not connected to career building.",
        "spans": [
          "They maintain strong communities centered around the church social, the backyard bbq, the sports league, and other things not connected to career building."
        ]
      },
      {
        "point_number": 9,
        "point_content": "They are also happier because they have yet to be chewed up and spit out by our educational meritocracy.",
        "spans": [
          "They are also happier because they have yet to be chewed up and spit out by our educational meritocracy."
        ]
      }
    ],
    "clueweb22-en0004-05-00303": [
      {
        "point_number": 1,
        "point_content": "The American Dream is still alive and inspires hope among immigrants.",
        "spans": [
          "The American Dream is Still Alive. Trust me, I’m a Foreigner."
        ]
      },
      {
        "point_number": 2,
        "point_content": "Many immigrants see the American Dream in action when they apply for visas and hope for a better life in the U.S.",
        "spans": [
          "I thought to myself that this was the American dream in action. We were all perfectly cliched foreigners imagining what our lives would become when we made it to the promised land, and each of us was immensely proud that the opportunity was imminent."
        ]
      },
      {
        "point_number": 3,
        "point_content": "America is seen as a country where one has the obligation to build a better life, not just a place where one can potentially build a better life.",
        "spans": [
          "Rather than a land where one could potentially build a better life, America  is, to many of us, a country where one has the obligation to build one."
        ]
      },
      {
        "point_number": 4,
        "point_content": "The American spirit is about continuous improvement and striving to be more perfect, which is a motivating factor for immigrants.",
        "spans": [
          "The phrase “more perfect” epitomizes the American spirit.",
          "America’s ethos is one for continuous improvement, and this especially evident in the electoral process, because continuous improvement requires self-examination."
        ]
      },
      {
        "point_number": 5,
        "point_content": "The divisions and anger in America are signs of a functioning republic that is searching for the best way forward, which reflects the dynamic nature of the American Dream.",
        "spans": [
          "The seemingly deleterious divisions and anger shown on the media are direct consequences of this self-examination. We therefore ought not to see them as vices, but signals that the Republic is working as intended, searching for the best way forward."
        ]
      },
      {
        "point_number": 6,
        "point_content": "Immigrants are willing to accept the risks and responsibilities that come with pursuing the American Dream because the possibility of success is worth the uncertainty.",
        "spans": [
          "Staring at the broad stripes and bright stars, each of us in that embassy was more than ready to accept that responsibility regardless of the risks that it entailed.",
          "The American Dream suggests that even the smallest possibility of reaching that height is worth the uncertainty it entails."
        ]
      }
    ],
    "clueweb22-en0044-41-05109": [
      {
        "point_number": 1,
        "point_content": "The American Dream is dead for American citizens because it is their reality due to American privilege.",
        "spans": [
          "for Americans this dream is dead",
          "the “American Dream” is dead for Americans"
        ]
      },
      {
        "point_number": 2,
        "point_content": "The American Dream is still alive and valid for foreigners, as evidenced by high immigration rates and international efforts to study in America.",
        "spans": [
          "for foreigners the “American Dream” is still very alive and valid",
          "why are so many people trying to come into our country?",
          "there are thousands of migrants and asylum seekers at our borders",
          "kids in China, Nigeria, India studying so hard just to get accepted into an American College"
        ]
      }
    ],
    "clueweb22-en0041-79-15910": [
      {
        "point_number": 1,
        "point_content": "The American Dream is seen as a huge opportunity, freedom, and happiness for people who have trouble in their own countries and are looking for a big future.",
        "spans": [
          "The American Dream is been told to give huge opportunity, freedom, and happiness.",
          "It has been a huge chance for the people who have trouble in their own countries and looking for a big future."
        ]
      },
      {
        "point_number": 2,
        "point_content": "Many people have lost hope for the American Dream due to discrimination, lack of high paid jobs, and fast changes in immigration laws.",
        "spans": [
          "As much as this “Dream” has been alive enough most of us lost the hope for the American Dream.",
          "It is a true story that the country immured with lots of discrimination, and very less high paid jobs and the fast adjust for the new immigration laws."
        ]
      },
      {
        "point_number": 3,
        "point_content": "Discrimination in the workforce, especially against women, restricts people from achieving the American Dream.",
        "spans": [
          "People are restricted to achieve the American Dream from the discrimination the U.S have.",
          "In the work force there is lots of discrimination because of their gender and the would be women in this case.",
          "Women has never been treated the same way as men because they are quoted to be less powerful than men and do not get the same amount of checks this day.",
          "Men see them as emotional and they will not make good business decisions."
        ]
      },
      {
        "point_number": 4,
        "point_content": "Job opportunities have decreased, and many immigrants are stuck in low paying, dead end jobs, often without legal documents, making the American Dream unachievable.",
        "spans": [
          "Job opportunities have decreased in the years and even fewer for them cause they are not holding the legal documents or maybe just don’t want them to work, which have forced people to stay in the positions they are right now and not move up.",
          "Even though unemployment has lowered, the jobs that people are getting are not high paying jobs but dead end jobs that pay minimum wage forcing to work paycheck to paycheck.",
          "This way makes it unachievable the American Dream because they can not provide the green cards at the interview.",
          "They are stuck working for places that have to pay them under the table and most of the time the people running their businesses are not paying the employees and threatening to deport them if they inform the authorities."
        ]
      },
      {
        "point_number": 5,
        "point_content": "Strict immigration laws make it difficult for immigrants to enter the country legally and advance in society, threatening the American Dream.",
        "spans": [
          "Immigration papers and green cards into the next reason the American Dream is almost diminishing.",
          "Immigration laws have made it difficult for immigrants to enter the country and start their lives.",
          "Being a country that was founded on immigrants, are very strict on who can come in and out of the country.",
          "Strict laws are causing immigrants to enter illegally and not being able to get real jobs for them move up the ranks and become in power because to do so you must be a citizen of the Unite States.",
          "Hearing the views of some of the candidates in the 2016 elections has made me think that immigration laws will only get worse and the American Dream will no longer exist for immigrants at all."
        ]
      },
      {
        "point_number": 6,
        "point_content": "Immigration laws are intended to regulate legal status, and immigrants have access to education and job opportunities, sometimes more than Americans due to supportive programs.",
        "spans": [
          "Immigration laws are in place to make sure that Americans know who’s in the country legally and illegally.",
          "Immigrants get the same amount of opportunities to go to school, get jobs, and support their families.",
          "Most universities give scholarships to minorities to help them stay in school without the strain of tuition.",
          "Immigrants get the same and or more opportunities than Americans due to the programs in place to help them transform to culture."
        ]
      },
      {
        "point_number": 7,
        "point_content": "The American Dream has been more of a dream for foreigners than a universal reality in the United States.",
        "spans": [
          "“American Dream of the last 100- some years has been more something dreamed by foreigners from afar, especially those who experienced fas-cism or Stalinism, than lived as a universal reality on the ground in the United States.” said Sasha Abramsky in “Waking up from the American Dream” (pg91)"
        ]
      },
      {
        "point_number": 8,
        "point_content": "Discrimination, strict immigration laws, and lack of job opportunities are causing the American Dream to fade, with many immigrants coming illegally and doing low-status work.",
        "spans": [
          "These discrimination in the States, and immigration laws which getting strict more and more and also the lack of job opportunities makes the American Dream getting faded.",
          "While it is getting harder to reach it (like any other dream), people from other countries still move here to gain opportunities for their families but most come here illegally, due to strict immigration laws.",
          "Since they come here illegally they are left to do this countries dirty work maybe until."
        ]
      }
    ],
    "clueweb22-en0027-81-13268": [
      {
        "point_number": 1,
        "point_content": "Most Native Americans (57%), white Americans (56%), and Hispanic Americans (53%) see the American Dream as attainable.",
        "spans": [
          "Most Native Americans (57%), white Americans (56%), and Hispanic Americans (53%) see the American Dream as attainable."
        ]
      },
      {
        "point_number": 2,
        "point_content": "Half (50%) of Asian Americans say the American Dream is attainable, while fewer (45%) Black Americans agree.",
        "spans": [
          "Half (50%) of Asian Americans say the same, while fewer (45%) Black Americans agree."
        ]
      },
      {
        "point_number": 3,
        "point_content": "Roughly one in six (17%) Black Americans say that there is no such thing as the American Dream.",
        "spans": [
          "Roughly one in six (17%) Black Americans say that there is no such thing as the American Dream."
        ]
      },
      {
        "point_number": 4,
        "point_content": "Just over half (54%) of US adults think the American Dream is attainable for them personally.",
        "spans": [
          "just over half (54%) of US adults think the American Dream is attainable for them."
        ]
      }
    ]
  }
}