{
  "question": "why did apartheid end",
  "key_points": {
    "clueweb22-en0032-89-07167": [
      {
        "point_number": 1,
        "point_content": "Apartheid ended due to years of violent internal protest, weakening white commitment, international economic and cultural sanctions, economic struggles, and the end of the Cold War.",
        "spans": [
          "Years of violent internal protest, weakening white commitment, international economic and cultural sanctions, economic struggles, and the end of the Cold War brought down white minority rule in Pretoria."
        ]
      },
      {
        "point_number": 2,
        "point_content": "International economic and cultural sanctions were imposed on South Africa, pressuring the regime economically and politically.",
        "spans": [
          "After the U.S. Congress passed the Comprehensive Anti-Apartheid Act in 1986, many large multinational companies withdrew from South Africa.",
          "By the late 1980s, the South African economy was struggling with the effects of the internal and external boycotts as well as the burden of its military commitment in occupying Namibia."
        ]
      },
      {
        "point_number": 3,
        "point_content": "The end of the Cold War removed the justification for supporting the Apartheid regime as a bulwark against communism.",
        "spans": [
          "Defenders of the Apartheid regime, both inside and outside South Africa, had promoted it as a bulwark against communism.",
          "However, the end of the Cold War rendered this argument obsolete.",
          "When South Africa reached a multilateral agreement in 1988 to end its occupation of Namibia in return for a Cuban withdrawal from Angola, even the most ardent anti-communists in the United States lost their justification for support of the Apartheid regime."
        ]
      },
      {
        "point_number": 4,
        "point_content": "Political reforms initiated by F.W. de Klerk, including lifting the ban on the ANC and releasing Nelson Mandela, paved the way for the end of Apartheid.",
        "spans": [
          "His successor, F W de Klerk, in a move that surprised observers, announced in his opening address to Parliament in February 1990 that he was lifting the ban on the ANC and other black liberation parties, allowing freedom of the press, and releasing political prisoners.",
          "The country waited in anticipation for the release of Nelson Mandela who walked out of prison after 27 years on February 11, 1990."
        ]
      },
      {
        "point_number": 5,
        "point_content": "The election of Nelson Mandela as South Africa’s first black president in 1994 marked the formal end of Apartheid.",
        "spans": [
          "In April 1994, Nelson Mandela was elected as South Africa’s first black president."
        ]
      }
    ],
    "clueweb22-en0009-94-03190": [
      {
        "point_number": 1,
        "point_content": "The end of apartheid began in the early 1990s, culminating with the formation of a democratic South African government in 1994.",
        "spans": [
          "After years of often violent protest, the end of apartheid began in the early 1990s, culminating with the formation of a democratic South African government in 1994."
        ]
      },
      {
        "point_number": 2,
        "point_content": "The end of apartheid can be credited to the combined efforts of the South African people and governments of the world community, including the United States.",
        "spans": [
          "The end of apartheid can be credited to the combined efforts of the South African people and governments of the world community, including the United States."
        ]
      },
      {
        "point_number": 3,
        "point_content": "The United States enacted the Comprehensive Anti-Apartheid Act in 1986 imposing economic sanctions against South Africa, which contributed to the downfall of apartheid.",
        "spans": [
          "Finally, in 1986, the U.S. Congress, overriding President Ronald Reagan’s veto, enacted the Comprehensive Anti-Apartheid Act imposing the first substantial economic sanctions to be levied against South Africa for its practice of racial apartheid."
        ]
      },
      {
        "point_number": 4,
        "point_content": "International sanctions and loss of revenue, security, and reputation pressured South Africa to end apartheid.",
        "spans": [
          "The sanctions imposed by the Comprehensive Anti-Apartheid Act, passed by the U.S. Congress in 1986, drove many large multinational companies – along with their money and jobs – out of South Africa. As a result, holding on to apartheid brought the white-controlled South African state significant losses in revenue, security, and international reputation."
        ]
      },
      {
        "point_number": 5,
        "point_content": "The end of the Cold War reduced the justification for supporting apartheid as a defense against communism.",
        "spans": [
          "Supporters of apartheid, both inside South Africa and in many Western countries had touted it as a defense against communism. That defense lost steam when the Cold War ended in 1991."
        ]
      },
      {
        "point_number": 6,
        "point_content": "F.W. de Klerk lifted bans on liberation parties, restored freedom of the press, and released political prisoners, including Nelson Mandela, which led to the end of apartheid.",
        "spans": [
          "Botha’s successor F. W. de Klerk, amazed observers by lifting the ban on the African National Congress and other Black liberation parties, restoring freedom of the press, and releasing political prisoners. On February 11, 1990, Nelson Mandela walked free after 27 years in prison."
        ]
      },
      {
        "point_number": 7,
        "point_content": "South Africa held its first all-race democratic election in 1994, marking the official end of apartheid.",
        "spans": [
          "On July 2, 1993, Prime Minister de Klerk agreed to hold South Africa’s first all-race, democratic election.",
          "On May 9, 1994, the newly elected, and now racially mixed, South African parliament elected Nelson Mandela as the first president of the nation’s post-apartheid era."
        ]
      }
    ],
    "clueweb22-en0013-89-04030": [
      {
        "point_number": 1,
        "point_content": "A combination of internal and international resistance to apartheid helped dismantle the white supremacist regime.",
        "spans": [
          "A combination of internal and international resistance to apartheid helped dismantle the white supremacist regime."
        ]
      },
      {
        "point_number": 2,
        "point_content": "It took decades of activism from both inside and outside the country, as well as international economic pressure, to end the regime.",
        "spans": [
          "It took decades of activism from both inside and outside the country, as well as international economic pressure, to end the regime that allowed the country’s white minority to subjugate its Black majority."
        ]
      },
      {
        "point_number": 3,
        "point_content": "Black South Africans resisted apartheid from the very beginning, including the ANC's Defiance Campaign in the early 1950s.",
        "spans": [
          "Black South Africans resisted apartheid from the very beginning.",
          "In the early 1950s, the African National Congress, or ANC, launched a Defiance Campaign."
        ]
      },
      {
        "point_number": 4,
        "point_content": "The government banned the ANC in 1960 and arrested Nelson Mandela in 1962, but resistance continued inside South Africa through groups like the United Democratic Front formed in 1983.",
        "spans": [
          "In response, the government banned the ANC in 1960, and arrested the prominent ANC activist Nelson Mandela in August 1962.",
          "What many dissidents started to do inside the country was to form a kind of an alternative…resistance movement called the United Democratic Front,",
          "The UDF, formed in 1983, “was a [collaboration] of church leaders and political leaders who were not banned at that stage, community leaders, trade unionists, etc."
        ]
      },
      {
        "point_number": 5,
        "point_content": "International economic sanctions were imposed on South Africa in the 1980s despite opposition from Reagan and Thatcher, placing significant economic pressure on the apartheid government.",
        "spans": [
          "Campaigns for economic sanctions against South Africa gained steam in the 1980s, but faced considerable resistance from two important heads of state: United States President Ronald Reagan and United Kingdom Prime Minister Margaret Thatcher.",
          "Reagan vetoed the Comprehensive Anti-Apartheid Act of 1986, but the U.S. Congress overrode his decision with a two-thirds majority, passing the act to impose sanctions on South Africa.",
          "The U.K. also imposed limited sanctions despite Thatcher’s objections.",
          "The combination of international sanctions placed significant economic pressure on South Africa, which was then at war with the present-day nations of Namibia, Zambia and Angola."
        ]
      },
      {
        "point_number": 6,
        "point_content": "International advocacy urged the release of Nelson Mandela and other imprisoned ANC members, and attempts at negotiation began as early as 1984.",
        "spans": [
          "Anti-apartheid activism also drew international attention to Mandela.",
          "International advocates urged South Africa to release him and other imprisoned ANC members and allow exiled members back into the country.",
          "As early as 1984 there were attempts by national intelligence inside the government structures and also by some of the ministers to make contact with the ANC … and sound out the waters of a possibility of a negotiated settlement,"
        ]
      },
      {
        "point_number": 7,
        "point_content": "The fall of the Berlin Wall in 1989 helped end apartheid by removing the apartheid government's Cold War justification and increasing international support for the ANC.",
        "spans": [
          "Visser speculates that the fall of the Berlin Wall in November 1989 helped speed the process of ending apartheid along because it took away one of the government’s main defenses of itself among Western allies: that it needed to remain in place to fight communism.",
          "The argument that the ANC are only the puppets of the Reds couldn’t be used anymore,",
          "both because the Cold War was ending and because the ANC now had a lot more support in Europe and the U.S."
        ]
      },
      {
        "point_number": 8,
        "point_content": "Nelson Mandela was released from prison in 1990, and formal negotiations to end apartheid began that year, culminating in Mandela's election as president in 1994.",
        "spans": [
          "Mandela finally walked free on February 11, 1990, and negotiations to end apartheid formally began that year.",
          "These negotiations lasted for four years, ending with the election of Mandela as president."
        ]
      }
    ],
    "clueweb22-en0005-20-15936": [
      {
        "point_number": 1,
        "point_content": "Apartheid came to an end in the early 1990s in a series of steps that led to the formation of a democratic government in 1994.",
        "spans": [
          "Apartheid, the Afrikaans name given by the white-ruled South Africa’s Nationalist Party in 1948 to the country’s harsh, institutionalized system of racial segregation, came to an end in the early 1990s in a series of steps that led to the formation of a democratic government in 1994."
        ]
      },
      {
        "point_number": 2,
        "point_content": "Years of violent internal protest, weakening white commitment, international economic and cultural sanctions, economic struggles, and the end of the Cold War brought down white minority rule in Pretoria.",
        "spans": [
          "Years of violent internal protest, weakening white commitment, international economic and cultural sanctions, economic struggles, and the end of the Cold War brought down white minority rule in Pretoria."
        ]
      },
      {
        "point_number": 3,
        "point_content": "The international community began to take notice of the brutality of the Apartheid regime after the Sharpeville Massacre in 1960, leading to calls for sanctions against South Africa.",
        "spans": [
          "The international community had begun to take notice of the brutality of the Apartheid regime after white South African police opened fire on unarmed black protesters in the town of Sharpeville in 1960, killing 69 people and wounding 186 others. The United Nations led the call for sanctions against the South African Government."
        ]
      },
      {
        "point_number": 4,
        "point_content": "By the late 1970s and 1980s, grassroots movements pressured governments to impose economic and cultural sanctions on South Africa, which hurt its economy.",
        "spans": [
          "However, by the late 1970s, grassroots movements in Europe and the United States succeeded in pressuring their governments into imposing economic and cultural sanctions on Pretoria.",
          "After the U.S. Congress passed the Comprehensive Anti-Apartheid Act in 1986, many large multinational companies withdrew from South Africa.",
          "By the late 1980s, the South African economy was struggling with the effects of the internal and external boycotts as well as the burden of its military commitment in occupying Namibia."
        ]
      },
      {
        "point_number": 5,
        "point_content": "The end of the Cold War undermined the justification for Apartheid as a bulwark against communism, leading to negotiations and agreements that weakened the regime.",
        "spans": [
          "Defenders of the Apartheid regime, both inside and outside South Africa, had promoted it as a bulwark against communism.",
          "However, the end of the Cold War rendered this argument obsolete.",
          "When South Africa reached a multilateral agreement in 1988 to end its occupation of Namibia in return for a Cuban withdrawal from Angola, even the most ardent anti-communists in the United States lost their justification for support of the Apartheid regime."
        ]
      },
      {
        "point_number": 6,
        "point_content": "Internal unrest and international condemnation led to political changes, including the release of Nelson Mandela and lifting the ban on the ANC in 1990.",
        "spans": [
          "The effects of the internal unrest and international condemnation led to dramatic changes beginning in 1989.",
          "His successor, F W de Klerk, in a move that surprised observers, announced in his opening address to Parliament in February 1990 that he was lifting the ban on the ANC and other black liberation parties, allowing freedom of the press, and releasing political prisoners.",
          "The country waited in anticipation for the release of Nelson Mandela who walked out of prison after 27 years on February 11, 1990."
        ]
      },
      {
        "point_number": 7,
        "point_content": "After democratic elections were agreed upon, Nelson Mandela was elected as South Africa’s first black president in 1994, marking the official end of Apartheid.",
        "spans": [
          "After Prime Minister de Klerk agreed to democratic elections for the country, the United States lifted sanctions and increased foreign aid, and many of the U.S. companies who disinvested in the 1980s returned with new investments and joint ventures.",
          "In April 1994, Nelson Mandela was elected as South Africa’s first black president."
        ]
      }
    ],
    "clueweb22-en0039-66-06567": [
      {
        "point_number": 1,
        "point_content": "Apartheid came to an end in the early 1990s in a series of steps that led to the formation of a democratic government in 1994.",
        "spans": [
          "Apartheid, the Afrikaans name given by the white-ruled South Africa's Nationalist Party in 1948 to the country's harsh, institutionalized system of racial segregation, came to an end in the early 1990s in a series of steps that led to the formation of a democratic government in 1994."
        ]
      },
      {
        "point_number": 2,
        "point_content": "Years of violent internal protest, weakening white commitment, international economic and cultural sanctions, economic struggles, and the end of the Cold War brought down white minority rule in Pretoria.",
        "spans": [
          "Years of violent internal protest, weakening white commitment, international economic and cultural sanctions, economic struggles, and the end of the Cold War brought down white minority rule in Pretoria."
        ]
      },
      {
        "point_number": 3,
        "point_content": "The international community imposed economic and cultural sanctions on South Africa, especially after the Sharpeville massacre in 1960.",
        "spans": [
          "The international community had begun to take notice of the brutality of the Apartheid regime after white South African police opened fire on unarmed black protesters in the town of Sharpeville in 1960, killing 69 people and wounding 186 others.",
          "The United Nations led the call for sanctions against the South African Government.",
          "However, by the late 1970s, grassroots movements in Europe and the United States succeeded in pressuring their governments into imposing economic and cultural sanctions on Pretoria."
        ]
      },
      {
        "point_number": 4,
        "point_content": "The end of the Cold War removed the justification for supporting the Apartheid regime as a bulwark against communism.",
        "spans": [
          "Defenders of the Apartheid regime, both inside and outside South Africa, had promoted it as a bulwark against communism.",
          "However, the end of the Cold War rendered this argument obsolete."
        ]
      },
      {
        "point_number": 5,
        "point_content": "Economic struggles and military commitments weakened the Apartheid regime, leading to negotiations and agreements such as the end of South Africa's occupation of Namibia.",
        "spans": [
          "By the late 1980s, the South African economy was struggling with the effects of the internal and external boycotts as well as the burden of its military commitment in occupying Namibia.",
          "When South Africa reached a multilateral agreement in 1988 to end its occupation of Namibia in return for a Cuban withdrawal from Angola, even the most ardent anti-communists in the United States lost their justification for support of the Apartheid regime."
        ]
      },
      {
        "point_number": 6,
        "point_content": "Internal unrest and international condemnation led to political changes, including the release of Nelson Mandela and the lifting of bans on liberation parties.",
        "spans": [
          "The effects of the internal unrest and international condemnation led to dramatic changes beginning in 1989.",
          "F W de Klerk, in a move that surprised observers, announced in his opening address to Parliament in February 1990 that he was lifting the ban on the ANC and other black liberation parties, allowing freedom of the press, and releasing political prisoners.",
          "Nelson Mandela who walked out of prison after 27 years on February 11, 1990."
        ]
      }
    ],
    "clueweb22-en0026-12-13310": [
      {
        "point_number": 1,
        "point_content": "Mandela was a strong anti-apartheid activist. The apartheid government did not tolerate opposition, and his activism caused him to be imprisoned for 27 years.",
        "spans": [
          "Mandela was a strong anti-apartheid activist. The apartheid government did not tolerate opposition, and his activism caused him to be imprisoned for 27 years."
        ]
      },
      {
        "point_number": 2,
        "point_content": "Mandela was released from prison on February 11, 1990. Later on, Mandela became the first african president for South Africa, in 1994.",
        "spans": [
          "Mandela was released from prison on February 11, 1990. Later on, Mandela became the first african president for South Africa, in 1994."
        ]
      },
      {
        "point_number": 3,
        "point_content": "Mandela united South Africa through sports, symbolizing unity between racially divided parts of South Africa.",
        "spans": [
          "Nelson Mandela united the two racially divided parts of South Africa. According to The Daily News, Mandela united South Africa through sports,,",
          "When Mandela wore that green and gold jersey with a prancing antelope on the left breast, he represented the entire country of South Africa, he showed South Africa as a whole rather than the whites and the colored.",
          "Mandela used this tactic to his advantage and united the two racially segregated parts of South Africa, thus leaving behind him a legacy."
        ]
      },
      {
        "point_number": 4,
        "point_content": "In 1990, under immense pressure abroad and from conscientious objectors at home, the process of repealing the Apartheid laws began; and in 1994 the first fully democratic elections were held in South Africa in which all races, demographics and creeds were represented inclusively.",
        "spans": [
          "Up until 1990, South Africa was governed under an oppressive apartheid system which subjugated all non-white (non-European) citizens.",
          "However, in 1990, under immense pressure abroad and from conscientious objectors at home, the process of repealing the Apartheid laws began; and in 1994 the first fully democratic elections were held in South Africa in which all races, demographics and creeds were represented inclusively."
        ]
      },
      {
        "point_number": 5,
        "point_content": "Mandela was a member of the African National Congress and believed in non-violent disobedience to fight apartheid.",
        "spans": [
          "Nelson Mandela was a South African nationalist and leader of the African National Congress, which began in the 1940’s. He helped bring an end to apartheid.",
          "As a member of the African National Congress party, he believed in non-violent disobedience."
        ]
      }
    ],
    "clueweb22-en0012-12-14467": [
      {
        "point_number": 1,
        "point_content": "Years of violent internal protest, weakening white commitment, international economic and cultural sanctions, economic struggles, and the end of the Cold War brought down white minority rule in Pretoria.",
        "spans": [
          "Years of violent internal protest, weakening white commitment, international economic and cultural sanctions, economic struggles, and the end of the Cold War brought down white minority rule in Pretoria."
        ]
      },
      {
        "point_number": 2,
        "point_content": "Apartheid in South Africa ended during the 1990s because the white leaders realized that the policy was hurting the country’s economy and international reputation.",
        "spans": [
          "Apartheid in South Africa ended during the 1990s because the white leaders realized that the policy was hurting the country’s economy and international reputation."
        ]
      },
      {
        "point_number": 3,
        "point_content": "The apartheid system in South Africa was ended through a series of negotiations between 1990 and 1993 and through unilateral steps by the de Klerk government.",
        "spans": [
          "The apartheid system in South Africa was ended through a series of negotiations between 1990 and 1993 and through unilateral steps by the de Klerk government."
        ]
      }
    ],
    "clueweb22-en0032-35-18585": [
      {
        "point_number": 1,
        "point_content": "Apartheid ended in 1990 when FW de Klerk became president and stated his intention to dismantle the apartheid system.",
        "spans": [
          "Apartheid ended in 1990 when FW de Klerk became president and stated his intention to dismantle the apartheid system."
        ]
      },
      {
        "point_number": 2,
        "point_content": "Apartheid started to fall apart in the face of internal rebellion and international sanctions.",
        "spans": [
          "Apartheid started to fall apart in the face of internal rebellion and international sanctions."
        ]
      },
      {
        "point_number": 3,
        "point_content": "The African National Congress led internal rebellion and was responsible for creating a multi-racial government and reducing racial inequalities after apartheid ended.",
        "spans": [
          "The African National Congress led internal rebellion and was responsible for creating a multi-racial government and reducing racial inequalities after apartheid ended."
        ]
      }
    ],
    "null": []
  }
}