{
  "question": "what type of adaptive leadership is needed during irrational warfare",
  "key_points": [
    {
      "point_number": 1,
      "point_content": "Leaders must be flexible to succeed in adapting to change, especially in complex and uncertain situations, demonstrating cognitive, emotional, and dispositional flexibility to adapt effectively.",
      "original_point_number": [
        1,
        3
      ]
    },
    {
      "point_number": 2,
      "point_content": "Flexible leadership involves adapting management style, accepting change positively, revising plans, and considering others' concerns.",
      "original_point_number": [
        2
      ]
    },
    {
      "point_number": 3,
      "point_content": "Cognitive flexibility means using different thinking strategies and mental frameworks, being nimble and open to new approaches.",
      "original_point_number": [
        4
      ]
    },
    {
      "point_number": 4,
      "point_content": "Emotional flexibility involves varying one's approach to emotions, being comfortable with transition processes like anxiety and resistance, and moving change forward.",
      "original_point_number": [
        5
      ]
    },
    {
      "point_number": 5,
      "point_content": "Dispositional flexibility means remaining optimistic yet realistic, tolerating ambiguity, and seeing change as an opportunity.",
      "original_point_number": [
        6
      ]
    },
    {
      "point_number": 6,
      "point_content": "To adapt to irrational warfare, leaders need to be flexible in cognition, emotion, and disposition to handle uncertainty and emotional challenges effectively.",
      "original_point_number": [
        7
      ]
    },
    {
      "point_number": 7,
      "point_content": "The type of adaptive leadership needed is inspired, informed, and flexible enough to meet the demands of a new generation while remaining committed to the principles that have made the Army great.",
      "original_point_number": [
        8
      ]
    },
    {
      "point_number": 8,
      "point_content": "Education is the most effective weapon in adaptive leadership to understand and motivate the millennial generation in the Army.",
      "original_point_number": [
        9
      ]
    },
    {
      "point_number": 9,
      "point_content": "Adaptive leadership must leverage social media and technology to connect with and train the millennial generation effectively.",
      "original_point_number": [
        10
      ]
    },
    {
      "point_number": 10,
      "point_content": "Adaptive leadership requires embracing change in thinking, training, and interaction with junior soldiers to meet future operational challenges.",
      "original_point_number": [
        11
      ]
    },
    {
      "point_number": 11,
      "point_content": "Leaders can make a difference through personal accountability, caring, and “re-onboarding” of all their people.",
      "original_point_number": [
        12
      ]
    },
    {
      "point_number": 12,
      "point_content": "Adaptive leadership aims to maximize the effectiveness of leaders in an environment of increasing uncertainty and complexity.",
      "original_point_number": [
        13
      ]
    },
    {
      "point_number": 13,
      "point_content": "Adaptive leadership requires addressing adaptive challenges that are not clear-cut or easy to identify and cannot be solved solely by the leader's authority or expertise.",
      "original_point_number": [
        14
      ]
    },
    {
      "point_number": 14,
      "point_content": "During adaptive challenges, leaders must encourage others to define challenging situations and implement solutions.",
      "original_point_number": [
        15
      ]
    },
    {
      "point_number": 15,
      "point_content": "Leader behaviors important in adaptive leadership include getting on the balcony, identifying adaptive challenges, regulating distress, maintaining disciplined attention, giving the work back to the people, and protecting leadership voices from below.",
      "original_point_number": [
        16
      ]
    },
    {
      "point_number": 16,
      "point_content": "Military leaders need new tools and techniques to face a fast-changing and unpredictable type of enemy.",
      "original_point_number": [
        17
      ]
    },
    {
      "point_number": 17,
      "point_content": "Creating a personal link is crucial to leading people through challenging times.",
      "original_point_number": [
        18
      ]
    },
    {
      "point_number": 18,
      "point_content": "The ability to make fast and effective decisions that draw quickly upon the insights of all those on the front lines is among the defining qualities of combat-ready leadership.",
      "original_point_number": [
        19
      ]
    },
    {
      "point_number": 19,
      "point_content": "It is encoded in a Marine dictum: When you’re 70% ready and have 70% consensus, act.",
      "original_point_number": [
        20
      ]
    },
    {
      "point_number": 20,
      "point_content": "If you can’t learn to make good and timely decisions under ambiguous conditions, you’ve chosen the wrong calling.",
      "original_point_number": [
        21
      ]
    },
    {
      "point_number": 21,
      "point_content": "In combat a commander must unequivocally commit to two objectives: (1) Accomplish the mission, and (2) Bring all your people back from the battlefield, whatever their condition. Mission first, then team, then self.",
      "original_point_number": [
        22
      ]
    },
    {
      "point_number": 22,
      "point_content": "Mission must come first, self-interest last.",
      "original_point_number": [
        23
      ]
    },
    {
      "point_number": 23,
      "point_content": "Conveying strategic intent is one of the skills essential to aligning people across an organization to reach a common goal—and leaders must then rely on the people’s ingenuity for getting there.",
      "original_point_number": [
        24
      ]
    },
    {
      "point_number": 24,
      "point_content": "Transformational leadership is the best style for managing an external crisis, as it involves seeing the bigger picture, seeking counsel, and creating a flexible and adaptive plan, and transformational leaders are agile and better at adapting and maneuvering organizations through a crisis compared to transactional or directive leaders.",
      "original_point_number": [
        25,
        26
      ]
    },
    {
      "point_number": 25,
      "point_content": "Directive leadership is less effective in external crises due to lack of big-picture thinking and over-reliance on instructions without analysis.",
      "original_point_number": [
        27
      ]
    },
    {
      "point_number": 26,
      "point_content": "Authentic leadership, characterized by clear principles, ethical boundaries, transparency, and self-awareness, is crucial in crisis management, and authentic leaders are well equipped to handle crisis impartially and are not easily deceived by disinformation.",
      "original_point_number": [
        28,
        29
      ]
    },
    {
      "point_number": 27,
      "point_content": "Officers conditioned to conformity in peacetime cannot be expected to behave boldly and flexibly in combat, and the company commander lacked authority to make small adaptive decisions before deployment but was expected to pursue the enemy boldly in combat.",
      "original_point_number": [
        30,
        31
      ]
    }
  ]
}