{
  "question": "how does the way you dress affect you",
  "key_points": {
    "null": [],
    "clueweb22-en0033-88-17040": [
      {
        "point_number": 1,
        "point_content": "The clothes we wear send powerful signals to our peers and strangers, projecting the self image of us that we want to display.",
        "spans": [
          "The clothes we wear send powerful signals to our peers and strangers, projecting the self image of us that we want to display."
        ]
      },
      {
        "point_number": 2,
        "point_content": "Fashion choices can affect both your self image, the impression that you convey to others and in turn, the way in which people behave towards you.",
        "spans": [
          "your fashion choices can affect both your self image, the impression that you convey to others and in turn, the way in which people behave towards you."
        ]
      },
      {
        "point_number": 3,
        "point_content": "Clothes have developed from a practical asset to a social marker: they affect the way we see ourselves. They help us to be seen in the light that we wish to be, and also exude our personalities and social status.",
        "spans": [
          "Clothes have developed from a practical asset to a social marker: they affect the way we see ourselves. They help us to be seen in the light that we wish to be, and also exude our personalities and social status."
        ]
      },
      {
        "point_number": 4,
        "point_content": "Our ability to create and wear clothes gives us a equivalent advantage in being able to distinguish ourselves from a crowd and demonstrate our individuality in an effort to find a mate.",
        "spans": [
          "our ability to create and wear clothes gives us a equivalent advantage in being able to distinguish ourselves from a crowd and demonstrate our individuality in an effort to find a mate."
        ]
      },
      {
        "point_number": 5,
        "point_content": "Clothing may play a part in the dating ritual of deception where men try to impress by emphasizing security and women by exaggerating physical features.",
        "spans": [
          "In both cases, clothing may play a part in this dating ritual of deception."
        ]
      },
      {
        "point_number": 6,
        "point_content": "The color of clothing affects the way in which men rate both males' and females' attractiveness, and how women rate men's attractiveness.",
        "spans": [
          "the color of clothing affects the way in which men rate both males' and females' attractiveness, and how women rate men's attractiveness."
        ]
      },
      {
        "point_number": 7,
        "point_content": "Red clothes tend to lead participants to rate subjects more favorably in terms of attractiveness compared to when they wore clothes of other colors.",
        "spans": [
          "Roberts and his fellow researchers found that red clothes would tend to lead participants to rate subjects more favorably in terms of attractiveness compared to when they wore clothes of other colors."
        ]
      },
      {
        "point_number": 8,
        "point_content": "In males, tight-fitting clothes helped lead to perceptions of increased masculinity over those who wore baggy garments.",
        "spans": [
          "Specifically in males, tight-fitting clothes as opposed helped lead to perceptions of increased masculinity over those who wore baggy garments"
        ]
      }
    ],
    "clueweb22-en0019-83-15190": [
      {
        "point_number": 1,
        "point_content": "Your clothing can make you feel powerful",
        "spans": [
          "Your clothing can make you feel powerful",
          "Those who dressed up felt significantly more powerful and in control of the situation than their under-dressed peers."
        ]
      },
      {
        "point_number": 2,
        "point_content": "Your clothing can make you a better thinker",
        "spans": [
          "Your clothing can make you a better thinker",
          "the subjects who dressed in business formal clothing could think faster on their feet and had more creative ideas."
        ]
      },
      {
        "point_number": 3,
        "point_content": "Your clothing can make you exercise harder (but make it feel easier)",
        "spans": [
          "Your clothing can make you exercise harder (but make it feel easier)",
          "people who exercised in red could lift heavier weights and had higher average heart rates, indicating they were working harder than those wearing blue"
        ]
      },
      {
        "point_number": 4,
        "point_content": "Your clothing can make you smarter",
        "spans": [
          "Your clothing can make you smarter",
          "Dressing in clothing that is associated with intelligence, like doctor’s coats or pilot’s uniforms, may not only make you look smarter but may actually make you act smarter too"
        ]
      },
      {
        "point_number": 5,
        "point_content": "Your clothing can make you focus better",
        "spans": [
          "Your clothing can make you focus better",
          "people wearing the “smarter” doctor’s lab coats were able to focus harder and longer than those who thought they were wearing just a painter’s smock"
        ]
      },
      {
        "point_number": 6,
        "point_content": "Your clothing can help you get your way",
        "spans": [
          "Your clothing can help you get your way",
          "people who were dressed better routinely trumped those who were dressed down"
        ]
      },
      {
        "point_number": 7,
        "point_content": "Your clothing can make you more honest",
        "spans": [
          "Your clothing can make you more honest",
          "Those wearing the knock-offs were more likely to cheat during a subsequent game and expressed more suspicion of other players"
        ]
      },
      {
        "point_number": 8,
        "point_content": "Your clothing can make you want to work out",
        "spans": [
          "Your clothing can make you want to work out",
          "Wearing running shorts and sneakers first thing in the morning is more than a comfy way to run errands; seeing yourself in athletic duds could motivate you to hit the gym"
        ]
      },
      {
        "point_number": 9,
        "point_content": "Your clothing can cheer you up",
        "spans": [
          "Your clothing can cheer you up",
          "we dress how we’d like to feel or how we’d like others to think we’re feeling"
        ]
      },
      {
        "point_number": 10,
        "point_content": "Your clothing can make you lose weight",
        "spans": [
          "Your clothing can make you lose weight",
          "Wearing a snug-fitting pair of pants, tightening your belt a notch, or even tying a ribbon around your waist underneath your clothing can give you a subconscious signal to stop eating as soon as you are full"
        ]
      }
    ],
    "clueweb22-en0004-45-00369": [
      {
        "point_number": 1,
        "point_content": "The clothes we wear affect our behavior, attitudes, personality, mood, confidence, and even the way we interact with others.",
        "spans": [
          "Science says that the clothes we wear affect our behavior, attitudes, personality, mood, confidence, and even the way we interact with others."
        ]
      },
      {
        "point_number": 2,
        "point_content": "Wearing formal office wear and structured clothes puts us in the right frame of mind to conduct business and makes us feel more confident.",
        "spans": [
          "Wearing formal office wear and structured clothes puts us in the right frame of mind to conduct business.",
          "Wearing power clothing makes us more feel more confident"
        ]
      },
      {
        "point_number": 3,
        "point_content": "Wearing casual and relaxed dress code helps us become more friendly and creative, while formal clothes make people less open and find it more difficult to relax.",
        "spans": [
          "Studies have found that people tend to be less open and find it more difficult to relax when they wear formal clothes.",
          "a casual and relaxed dress code at work helps us become more friendly and creative"
        ]
      },
      {
        "point_number": 4,
        "point_content": "Wearing gym clothes or active wear makes it more likely that we will actually exercise because it acts as a reminder to make healthy choices and reduces the excuse of 'dressing for exercise'.",
        "spans": [
          "Wearing gym clothes / active wear makes it more likely that we will actually exercise.",
          "wearing our workout gear acts as a reminder to make healthy choices.",
          "having the clothes on eliminates the step of ‘dressing for exercise’"
        ]
      },
      {
        "point_number": 5,
        "point_content": "Wearing uniforms or clothing associated with a specific role activates knowledge and expectations about that role, making people more conscious of their duties and encouraging attention to their jobs.",
        "spans": [
          "Any kind of clothing that is associated with a specific role activates all our knowledge and expectations about how people from that profession should behave.",
          "wearing uniforms and coats can make people more conscious of their duties and encourage them to pay more attention to their jobs."
        ]
      },
      {
        "point_number": 6,
        "point_content": "Clothes can affect our perceived social status and even change our political views and attitudes, as people unconsciously behave in ways congruent with their look.",
        "spans": [
          "clothes affect our perceived social status, they can even change our political views and attitudes.",
          "people unconsciously attempt to behave in ways that are congruent their look."
        ]
      },
      {
        "point_number": 7,
        "point_content": "Wearing brightly colored clothes can boost our mood and energy, acting as a mini pick-me-up, while dull colors are associated with low energy and somber mood.",
        "spans": [
          "Research says the quickest little fix for a bad day is to wear brightly colored clothes.",
          "Cheerful colors work as a mini pick-me-up; and thus boosting our mood and energy.",
          "we associate bright colors with happiness, sunny days, and carefree times",
          "we associate deep and dull colors with low energy, being tired and a more somber mood."
        ]
      },
      {
        "point_number": 8,
        "point_content": "Even hidden clothes like socks and underwear can influence our self-perception and confidence levels; wearing something perceived as sexy can make us feel more self-assured and powerful.",
        "spans": [
          "Amazingly even our underwear affects the way we feel about ourselves.",
          "Hidden clothes like our socks and underwear can exert a powerful influence on our self-perception and confidence levels.",
          "Wearing something we perceive as sexy can make us feel more self assured, more powerful and more confident."
        ]
      }
    ],
    "clueweb22-en0011-13-08531": [
      {
        "point_number": 1,
        "point_content": "Your clothing communicates and can have a serious effect on your ability to achieve success.",
        "spans": [
          "your clothing communicates — and it can have a serious effect on your ability to achieve success"
        ]
      },
      {
        "point_number": 2,
        "point_content": "People judge us by the way we look and that includes the way we dress, especially in the workplace.",
        "spans": [
          "people judge us by the way we look and that includes the way we dress",
          "Especially in the workplace, clothing significantly influences how others perceive you and how they respond toward you"
        ]
      },
      {
        "point_number": 3,
        "point_content": "Your appearance strongly influences other people's perception of your financial success, authority, trustworthiness, intelligence, and suitability for hire or promotion.",
        "spans": [
          "Research shows\u0000that your appearance strongly influences other people's perception of your financial success, authority, trustworthiness, intelligence, and suitability for hire or promotion"
        ]
      },
      {
        "point_number": 4,
        "point_content": "What you wear influences your level of career advancement because perception is often reality.",
        "spans": [
          "what you wear not only communicates who you are in the minds of others, but also influences your level of career advancement"
        ]
      },
      {
        "point_number": 5,
        "point_content": "Clothing combined with communication skills influences others' behavior toward you, including compliance, trust, access, salary, hiring, and purchasing decisions.",
        "spans": [
          "when you combine your appearance with communication skills, not only is others' perception of you affected, but their behavior toward you is also influenced",
          "Clothing plus communication skills determine whether or not others will comply with your request, trust you with information, give you access to decision makers, pay you a certain salary or fee for contracted business, hire you, or purchase your products and services"
        ]
      },
      {
        "point_number": 6,
        "point_content": "Avoid unprofessional images by choosing clothing that reflects your credibility and ensures you 'sell for what you're worth'.",
        "spans": [
          "To achieve career advancement, avoid an unprofessional image that may enslave your career to others' misperceptions",
          "choose clothing that accurately reflects your credibility and ensures you 'sell for what you're worth'"
        ]
      }
    ],
    "clueweb22-en0038-05-07782": [
      {
        "point_number": 1,
        "point_content": "Your wardrobe says a lot about you, including your type of employment, ambitions, emotions, and spending habits.",
        "spans": [
          "It's no news that your wardrobe says a lot about you.",
          "What you wear can inform passersby of your type of employment, as well as your ambitions, emotions and spending habits."
        ]
      },
      {
        "point_number": 2,
        "point_content": "Clothing choices are influenced by internal motivations such as emotions, experiences, and culture.",
        "spans": [
          "Shopping and spending behaviors often come from internal motivations such as emotions, experiences and culture."
        ]
      },
      {
        "point_number": 3,
        "point_content": "Clothes help people figure out where they fit in socially and economically, especially in the absence of official marks of rank.",
        "spans": [
          "Americans rely on clothing as an economic and social indicator because there aren't official marks of rank such as a caste system or aristocracy.",
          "It's what \"helps you figure out where you fit in. Especially now, with the economy, with people losing status, maintaining a sense of who we are becomes even more important. Our clothes help place us where we think we want to be."
        ]
      },
      {
        "point_number": 4,
        "point_content": "Clothing can be used as a tool to project a positive image or as a weapon against others.",
        "spans": [
          "They're using clothes and accessories both as a tool to know where they fit in and as a weapon against others."
        ]
      },
      {
        "point_number": 5,
        "point_content": "Classic clothing items like the little black dress, blazer, and pumps project a positive image because they are versatile and timeless.",
        "spans": [
          "Dr. Baumgartner recommends the basics when trying to project a positive image: the little black dress, the blazer, the pumps.",
          "It has multiple functions, and it's appropriate for different age ranges and body types. It became a classic because it works no matter who you are."
        ]
      },
      {
        "point_number": 6,
        "point_content": "Clothes that look like you didn't take time or effort, or that don't fit your body/age/situation, send a negative message.",
        "spans": [
          "Anything where it looks like you didn’t take the time or make the effort comes across badly.",
          "The worst clothing is the kind that tries to undo, ignore or hide where or who you are, or the kind that shows you didn't pay attention to your body/age/situation ... Any clothes that prohibit you from doing your job well send the wrong message."
        ]
      },
      {
        "point_number": 7,
        "point_content": "Clothes influence the wearer's psychological processes and how they feel, not just how others perceive them.",
        "spans": [
          "A study this year from Northwestern University examined a concept called \"enclothed cognition.\"",
          "Researchers define it in their report as \"the systematic influence that clothes have on the wearer's psychological processes,\" meaning what your clothes are saying to you, not about you. And how they make you feel."
        ]
      },
      {
        "point_number": 8,
        "point_content": "Dressing in a certain way can shift your internal self and affect your behavior and feelings.",
        "spans": [
          "When you dress in a certain way, it helps shift your internal self.",
          "Enclothed cognition gives scientific proof to the idea that you should dress not how you feel, but how you want to feel."
        ]
      },
      {
        "point_number": 9,
        "point_content": "The clothes you choose send messages to others and to yourself about how you want to feel, such as powerful, sexy, in control, or wealthy.",
        "spans": [
          "Which clothes make you feel powerful? Sexy? In control? Wealthy? The clothes you choose are sending a message to those around you, but also to you, yourself."
        ]
      }
    ]
  }
}