{
  "question": "what makes people believe in conspiracies",
  "key_points": [
    {
      "point_number": 1,
      "point_content": "People who believe in conspiracy theories tend to have a greater need for cognitive closure, a need for uniqueness, and narcissism, which provide a feeling of superiority and special knowledge.",
      "original_point_number": [
        1,
        17,
        28
      ]
    },
    {
      "point_number": 2,
      "point_content": "Believers in conspiracy theories are more likely to have cognitive biases such as hypersensitive agency detection, teleologic thinking, confirmation bias, and illusory pattern perception, including apophenia, leading them to see meaningful connections between unrelated events.",
      "original_point_number": [
        2,
        30,
        32,
        33
      ]
    },
    {
      "point_number": 3,
      "point_content": "Conspiracy beliefs are associated with lower levels of education and analytic thinking; people with lower education may lack the tools to differentiate credible from non-credible sources, while educated people tend to be more skeptical.",
      "original_point_number": [
        3,
        9,
        15,
        24
      ]
    },
    {
      "point_number": 4,
      "point_content": "Belief in conspiracy theories is far more normal than many might think, with half of the US population believing in at least one political or medical conspiracy theory; belief cuts across social class, gender, and age, with younger people tending to believe more, and no consistent gender differences found.",
      "original_point_number": [
        4,
        18,
        44
      ]
    },
    {
      "point_number": 5,
      "point_content": "The internet, social media, and global communication have democratized knowledge and increased the spread and visibility of conspiracy theories, while also devaluing expertise and making it harder to distinguish between reliable information and misinformation.",
      "original_point_number": [
        5,
        41
      ]
    },
    {
      "point_number": 6,
      "point_content": "Search algorithms and confirmation bias reinforce exposure to conspiracy theories online, contributing to their spread.",
      "original_point_number": [
        6,
        33
      ]
    },
    {
      "point_number": 7,
      "point_content": "Belief in one conspiracy theory predicts belief in others, even contradictory ones, indicating a shared psychological make-up among conspiracy believers and an underlying belief that something is being covered up.",
      "original_point_number": [
        7,
        19
      ]
    },
    {
      "point_number": 8,
      "point_content": "Believers in conspiracy theories are likely to see apparent connections between disparate events that others do not notice, reflecting a tendency to see patterns where none exist.",
      "original_point_number": [
        8,
        26,
        30
      ]
    },
    {
      "point_number": 9,
      "point_content": "Believers tend to have an inflated sense of their own intellectual competence and are lower in intellectual humility.",
      "original_point_number": [
        10
      ]
    },
    {
      "point_number": 10,
      "point_content": "Believing in conspiracy theories can satisfy psychological motives including the need to feel special and be part of a community, to alleviate anxiety and a sense of lacking control, and to fulfill epistemic, existential, and social needs.",
      "original_point_number": [
        11,
        12,
        13,
        34,
        56,
        57,
        60
      ]
    },
    {
      "point_number": 11,
      "point_content": "Belief in conspiracy theories is not new and has always been present, especially during times of crisis, social upheaval, or unsettling events such as pandemics, close elections, or terrorist attacks, as people seek alternative ways to make sense of shocking or painful situations.",
      "original_point_number": [
        14,
        25,
        38
      ]
    },
    {
      "point_number": 12,
      "point_content": "People who feel powerless, disillusioned, unhappy, unsuccessful, socially awkward, ostracized, or lacking a sense of belonging or status are more likely to believe in conspiracy theories, using them to find meaning and cope with difficulties.",
      "original_point_number": [
        16,
        20,
        21,
        58
      ]
    },
    {
      "point_number": 13,
      "point_content": "Conspiracy thinkers may suffer from personality disorders, being odd, eccentric, self-centred, socially awkward, distrustful of society and authorities, and often have personality traits such as paranoid thinking, schizotypy, magical thinking, and disorganized thinking patterns.",
      "original_point_number": [
        23,
        26,
        27
      ]
    },
    {
      "point_number": 14,
      "point_content": "Poor education and lack of understanding of complex subjects contribute to belief in conspiracies; educated people tend to be more skeptical.",
      "original_point_number": [
        24
      ]
    },
    {
      "point_number": 15,
      "point_content": "Conspiracy theories often have villains, blaming groups viewed with suspicion or as threatening, and tap into society's collective anxieties and obsessions related to cultural and historical events, reinforcing tribalism and group identity antagonism.",
      "original_point_number": [
        35,
        36,
        37,
        49
      ]
    },
    {
      "point_number": 16,
      "point_content": "People tend to assume events happen because someone or something made it happen for a reason, leading to conspiracy theories with 'goodies' and 'baddies', blaming politicians for bad events even when beyond their control, which feeds conspiracy thinking.",
      "original_point_number": [
        47,
        48
      ]
    },
    {
      "point_number": 17,
      "point_content": "People construct beliefs to support what they want to be true, and having more information does not necessarily reduce conspiracy beliefs; there is no cost for people to be wrong about their political views, so they may prefer beliefs that make them feel good.",
      "original_point_number": [
        50,
        51
      ]
    },
    {
      "point_number": 18,
      "point_content": "Conspiracy theories exploit basic human characteristics such as the mind's tendency to find patterns and make sense of its environment, offering explanations that make people feel safer and help make sense of the world.",
      "original_point_number": [
        52,
        53
      ]
    },
    {
      "point_number": 19,
      "point_content": "A conspiracy theory provides an explanation for overwhelming events and quenches curiosity when there is insufficient or conflicting information about a topic, especially when an event is impactful but public explanations are mundane or incomplete.",
      "original_point_number": [
        54,
        55
      ]
    },
    {
      "point_number": 20,
      "point_content": "Conspiracy theories offer a way for people to feel safe and have some autonomy or control within random events, acting as a coping mechanism for those who feel at the mercy of fate or anxious and powerless.",
      "original_point_number": [
        56,
        57
      ]
    },
    {
      "point_number": 21,
      "point_content": "Evolutionary psychology suggests that suspicious thoughts, paranoia, and conspiracy theories may have been advantageous for early humans to manage fears and anticipate threats from powerful and potentially hostile coalitions, making conspiracy thinking a safer strategy than carefree trust.",
      "original_point_number": [
        29,
        59
      ]
    },
    {
      "point_number": 22,
      "point_content": "Humans are good at recognizing patterns but sometimes over-interpret coincidences as meaningful, leading to conspiracy theories; conspiracy thinkers see bad things happening to good people and conclude the world is unfair, leading them to look for hidden reasons as an illusion of control.",
      "original_point_number": [
        22,
        46
      ]
    },
    {
      "point_number": 23,
      "point_content": "Belief in conspiracies cuts across social class, gender, and age, and is not limited to a stereotypical demographic; both political left and right are equally likely to believe in conspiracy theories, with different theories appealing to each side.",
      "original_point_number": [
        44,
        45
      ]
    },
    {
      "point_number": 24,
      "point_content": "There is an infinite number of conspiracy theories, so everybody is likely to believe a few.",
      "original_point_number": [
        43
      ]
    }
  ]
}