{
  "question": "did margaret thatcher's policies work",
  "key_points": [
    {
      "point_number": 1,
      "point_content": "Margaret Thatcher's policies hit the poor hardest, causing a brutal widening of inequality, with pensioners and children hit hardest by poverty increases during her years, and increased poverty especially among the poor and vulnerable.",
      "original_point_number": [
        1,
        3,
        7
      ]
    },
    {
      "point_number": 2,
      "point_content": "The income gap between the top 10% and bottom 10% doubled from 5 times to 10 times between 1979 and 1997.",
      "original_point_number": [
        2
      ]
    },
    {
      "point_number": 3,
      "point_content": "The sacrifice imposed on the poor produced nothing miraculous except for the rich, who saw their tax rates fall significantly.",
      "original_point_number": [
        4
      ]
    },
    {
      "point_number": 4,
      "point_content": "Housing was the hardest hit service despite Thatcher being closely associated with council home sales; the Housing Act 1980 allowed council house tenants to buy their homes at a discounted price, leading to over 1 million homes sold by 1987, a boom in house prices, increased home ownership, and shifting working class voting behavior towards Conservative.",
      "original_point_number": [
        5,
        29,
        35
      ]
    },
    {
      "point_number": 5,
      "point_content": "Thatcher introduced NHS managers, a reform designed by Sir Roy Griffiths.",
      "original_point_number": [
        6
      ]
    },
    {
      "point_number": 6,
      "point_content": "Margaret Thatcher reduced the influence of trade unions through legal obstacles, decline of manufacturing, requiring secret ballots before work stoppages, refusing concessions during the miners’ strike, and legislation restricting secondary action and political strikes, significantly weakening trade unions.",
      "original_point_number": [
        8,
        10,
        26,
        32,
        37
      ]
    },
    {
      "point_number": 7,
      "point_content": "During her first term, the government lowered direct taxes while increasing taxes on spending, sold off public housing, implemented austerity measures, and made other reforms; her government progressively cut income tax rates significantly, lowering them to a postwar low after her third term in 1987.",
      "original_point_number": [
        9,
        12,
        41
      ]
    },
    {
      "point_number": 8,
      "point_content": "Her government pushed through an unpopular “community charge” (poll tax) in 1989 that was met with street protests, high levels of nonpayment, and reduced Conservative support in Scotland.",
      "original_point_number": [
        13,
        39
      ]
    },
    {
      "point_number": 9,
      "point_content": "The proportion of GDP absorbed by the welfare state increased significantly during Thatcher's first and much of her second term, largely due to huge increases in unemployment; by 1990 there was no real change in the proportion of GDP devoted to social security compared with 1979, indicating failure to cut the size of the state.",
      "original_point_number": [
        14,
        15,
        16
      ]
    },
    {
      "point_number": 10,
      "point_content": "Thatcher's welfare policy aimed to reduce the welfare state by cutting benefits relative to work, taxing short-term unemployment and sickness benefits, opposing unified tax-benefit systems with tax credits for the poor, and residualising welfare to be a last resort for the poorest, making it irrelevant to middle and high incomes who would choose private provision instead; she was largely successful in this residualisation.",
      "original_point_number": [
        17,
        18,
        19,
        20
      ]
    },
    {
      "point_number": 11,
      "point_content": "Thatcher's individualism was rooted in self-help, charity, self-reliance, and independence; she argued individuals must take responsibility for their own lives and government should get out of the way to allow self-reliance and charity to flourish.",
      "original_point_number": [
        21,
        22
      ]
    },
    {
      "point_number": 12,
      "point_content": "Thatcher's deregulatory push and privatisation of state-owned companies like British Telecom, British Gas, British Airways, and Rolls-Royce, along with deregulation of banks and financial services, established London as a global financial centre and created the new internationally focused City; privatisation allowed ordinary people to buy shares but later led to foreign ownership and loss of power for small shareholders.",
      "original_point_number": [
        11,
        23,
        24,
        36,
        42
      ]
    },
    {
      "point_number": 13,
      "point_content": "Thatcher's policies led to the decline of northern England's manufacturing industry and economic imbalance favoring the south.",
      "original_point_number": [
        25
      ]
    },
    {
      "point_number": 14,
      "point_content": "Thatcher's education reforms introduced school choice, league tables, reduced local authority control, and marketisation principles into state education including SATs tests, league tables, and the national curriculum.",
      "original_point_number": [
        27,
        38
      ]
    },
    {
      "point_number": 15,
      "point_content": "Thatcher's policies inspired a generation of Eurosceptics and changed the Tory party's stance on Europe.",
      "original_point_number": [
        28
      ]
    },
    {
      "point_number": 16,
      "point_content": "Winning the Falklands war in 1982 boosted Thatcher's popularity and the prestige of the armed forces.",
      "original_point_number": [
        30
      ]
    },
    {
      "point_number": 17,
      "point_content": "Thatcher's policies shifted the political debate on tax and welfare, moving away from the postwar consensus.",
      "original_point_number": [
        31
      ]
    },
    {
      "point_number": 18,
      "point_content": "The government raised the base interest rate to 30% in 1979 to try and bring down inflation, which peaked at 20% in 1980; in 1981 Chancellor Geoffrey Howe raised taxes and cut spending during a recession, increasing unemployment but successfully bringing down inflation.",
      "original_point_number": [
        33,
        34
      ]
    },
    {
      "point_number": 19,
      "point_content": "The government abandoned its commitment to full employment, stating this was the responsibility of employers and employees.",
      "original_point_number": [
        43
      ]
    }
  ]
}