{
  "question": "how wealthy countries can aid other countries",
  "key_points": [
    {
      "point_number": 1,
      "point_content": "Wealthy nations have accumulated significant financial wealth and are ranked by the total amount of aid they have distributed, with examples including the US giving over $30 billion in 2015, Germany over $20 billion, and Sweden committing to 1.41% of gross national income, though few countries meet the UN target of 0.7%.",
      "original_point_number": [
        1,
        24,
        25,
        26,
        27
      ]
    },
    {
      "point_number": 2,
      "point_content": "Development assistance aims to promote overall economic development, long-term growth, and poverty reduction through grants and loans, and is provided by entities like the Development Assistance Committee (DAC) which focuses on humanitarian aid and economic development to improve living standards and achieve the 2030 Agenda for Sustainable Development.",
      "original_point_number": [
        2,
        29,
        30,
        31
      ]
    },
    {
      "point_number": 3,
      "point_content": "Affirmative arguments state that increasing development assistance improves economic development, reduces poverty, boosts long-term growth, and strengthens sectors like health care, agriculture, and environment, with aid working well when recipient countries have capacity and leadership, but aid alone is insufficient for sustained growth.",
      "original_point_number": [
        3,
        21,
        23
      ]
    },
    {
      "point_number": 4,
      "point_content": "Foreign aid can have negative effects such as being stolen by governments or terrorists, poorly administered, suppressing local production, disincentivizing governance reforms, undermining local institutions, reducing government accountability, fostering dependency, corruption, and financial loss, and benefiting developed nations more than recipients.",
      "original_point_number": [
        4,
        5,
        44,
        45
      ]
    },
    {
      "point_number": 5,
      "point_content": "Alternatives to aid include advocating for governments to stop actions that hinder poor countries' development, such as limiting arms trade, improving trade policies, providing technical advice not tied to aid, and developing better drugs, with trade suggested as a better way to aid poorer nations and address environmental issues rather than obligatory aid.",
      "original_point_number": [
        6,
        7
      ]
    },
    {
      "point_number": 6,
      "point_content": "Wealthy countries, especially in the MENA region, can increase financial contributions to the International Development Association (IDA), which provides grants, concessional loans, debt relief, and support across sectors like education, health, water, agriculture, infrastructure, institutional reforms, conflict, and climate change, playing a critical role in conflict-affected countries by providing emergency relief and services.",
      "original_point_number": [
        8,
        9,
        10,
        11,
        12
      ]
    },
    {
      "point_number": 7,
      "point_content": "Wealthy nations influence development in poor countries mainly by providing resources and trading opportunities, but financial aid and market access have limited ability to trigger growth, especially in the poorest countries, where internal factors like history and institutions are more important for economic success.",
      "original_point_number": [
        13,
        14,
        15
      ]
    },
    {
      "point_number": 8,
      "point_content": "European Union membership stimulates deep policy and institutional changes and impressive growth by offering aid, market access, and political integration.",
      "original_point_number": [
        16
      ]
    },
    {
      "point_number": 9,
      "point_content": "Rich countries impose costly obligations on poor countries through trade agreements like TRIPS, which increase medicine prices and harm development, and wealthy nations should provide poor countries with policy autonomy and experimentation space, while also taking positive steps such as fighting corruption, assisting research and development, and enhancing global labor mobility, including improving cross-border mobility of low-skill laborers to increase incomes.",
      "original_point_number": [
        17,
        18,
        19,
        20
      ]
    },
    {
      "point_number": 10,
      "point_content": "Foreign aid is primarily used to maintain power imbalances rather than to help poor countries, with governments reluctant to give away power and aid geared towards making recipients more efficient producers within their designated world economic position, thus conserving the unjust status quo, and donor countries motivated by self-interest expect gratitude and aid may not reach those most in need.",
      "original_point_number": [
        32,
        33,
        34,
        35
      ]
    },
    {
      "point_number": 11,
      "point_content": "The extreme suffering of the world’s poor is a consequence of wealthy countries' behavior, not a misfortune to be solved by foreign aid; addressing global poverty requires understanding, introspection, and changes in outlook and activities, as foreign aid is not the answer.",
      "original_point_number": [
        36,
        37
      ]
    },
    {
      "point_number": 12,
      "point_content": "Rich countries should financially assist poor countries as it directs extra money towards a good cause and helps respected countries with fewer financial resources, providing aid to help poor countries stand on their own, avoiding dependency and encouraging self-reliance and education, including sending people to educate children and teach agricultural skills, and directing aid to help and train people directly rather than giving money to governments to avoid corruption.",
      "original_point_number": [
        38,
        39,
        40,
        41
      ]
    },
    {
      "point_number": 13,
      "point_content": "Humanitarian, religious, social, or moral duty motivates many rich countries to help poor countries suffering from famine, drought, war, or disease, and to help countries close to independence by providing aid, infrastructural support, and project management assistance to enable full independence.",
      "original_point_number": [
        42,
        43
      ]
    },
    {
      "point_number": 14,
      "point_content": "Foreign aid normally flows from richer to poorer countries and helps developing countries' economies grow when combined with good economic policies and management, creating jobs, solving balance of payment problems by supplementing foreign exchange earnings, providing experts to assist various sectors, and is very important in disaster times for relief and rebuilding, as well as allowing technology transfer from developed to developing countries.",
      "original_point_number": [
        46,
        47,
        48,
        49,
        50,
        51,
        52,
        53
      ]
    },
    {
      "point_number": 15,
      "point_content": "Governments in developed countries provide foreign aid to improve resource access and boost local economies, with aid given as outright gifts, low-interest loans, or with donor caveats requiring purchase of goods from the donor country, benefiting both donor domestic economies and recipient international economies, creating stronger relationships and goodwill, reducing poverty impact, providing economic opportunities, stimulating trade, security agreements, mutual aid compacts, encouraging national independence by supporting weak institutions, preventing corruption, fighting poverty, and offering agricultural improvements by sharing expertise from top food producers.",
      "original_point_number": [
        54,
        55,
        56,
        57,
        58,
        59,
        60,
        61
      ]
    },
    {
      "point_number": 16,
      "point_content": "Foreign aid allows countries to help others without direct interference, supporting development and self-sufficiency, and does not require a significant amount to create positive change due to currency value differences.",
      "original_point_number": [
        62,
        63
      ]
    }
  ]
}