{
  "question": "how wealthy countries can aid other countries",
  "key_points": {
    "clueweb22-en0022-92-09167": [
      {
        "point_number": 1,
        "point_content": "Wealthy nations have accumulated significant financial wealth and are ranked by the total amount of aid they have distributed.",
        "spans": [
          "Wealthy nations is not a term of art, but rather refers to a set of countries that have accumulated a significant amount of financial wealth. This National Public Radio piece lists thirty “wealthy” countries and ranks them by the total amount of aid they have distributed."
        ]
      },
      {
        "point_number": 2,
        "point_content": "Development assistance is designed to promote overall economic development of a country, with an emphasis on long-term growth and long-term poverty reduction, and includes outright grants and loans.",
        "spans": [
          "Development assistance .  While there is no universal agreement as to what constitutes development assistance, most sources (Wikipedia Summary, OECD) argue that it is designed to promote overall economic development of a country, with an emphasis on long-term growth and long-term poverty reduction. It is distinguished from short-term humanitarian aid such as food aid, which is designed to alleviate an immediate problem. Many definitions also exclude food aid. It includes outright grants and loans."
        ]
      },
      {
        "point_number": 3,
        "point_content": "Affirmative debaters argue that increasing development assistance will improve a country’s economic development, reducing poverty and boosting long-term economic growth, and strengthen sectors like health care, agriculture, environment.",
        "spans": [
          "Affirmative debaters arguably have to make a moral case for increasing the total amount of development assistance and will likely argue that it will improve a country’s economic development, reducing poverty and boosting long-term economic growth.  Debaters may also argue that it will it will strengthen a particular sector — health care, agriculture, environment, etc."
        ]
      },
      {
        "point_number": 4,
        "point_content": "Foreign aid can be stolen by governments, poorly administered, stolen by terrorists, suppress local production, disincentivize governance reforms, and undermine local institutions, leaving countries worse off.",
        "spans": [
          "(a) It is stolen by governments (corruption)",
          "(b) It is poorly administered",
          "(c) It is stolen by terrorists and other armed groups that are fighting in the countries and often utilized to increase violence",
          "(d) It suppresses local production and local reforms",
          "(e) It disincentivizes governments from creating the governance structures needed to support long-term growth and poverty reduction.",
          "(g) It can undermine the development of countries own institutions, such as their own health care systems and agricultural sectors"
        ]
      },
      {
        "point_number": 5,
        "point_content": "Foreign aid can undermine the development of local state capacity because governments receiving large aid flows may not need to be accountable to their citizens or develop tax systems.",
        "spans": [
          "Foreign aid – transfers from rich countries to poor countries – has much to its credit, particularly in terms of health care, with many people alive today who would otherwise be dead. But foreign aid also undermines the development of local state capacity. This is most obvious in countries – mostly in Africa – where the government receives aid directly and aid flows are large relative to fiscal expenditure (often more than half the total). Such governments need no contract with their citizens, no parliament, and no tax-collection system. If they are accountable to anyone, it is to the donors; but even this fails in practice, because the donors, under pressure from their own citizens (who rightly want to help the poor), need to disburse money just as much as poor-country governments need to receive it, if not more so."
        ]
      },
      {
        "point_number": 6,
        "point_content": "One alternative to aid is to agitate for governments to stop doing things that make it harder for poor countries to develop, such as limiting arms trade, improving trade policies, providing technical advice not tied to aid, and developing better drugs.",
        "spans": [
          "What should we do instead? One thing that we can do is to agitate for our own governments to stop doing those things that make it harder for poor countries to stop being poor. Reducing aid is one, but so is limiting the arms trade, improving rich-country trade and subsidy policies, providing technical advice that is not tied to aid, and developing better drugs for diseases that do not affect rich people."
        ]
      },
      {
        "point_number": 7,
        "point_content": "Trade is suggested as a better way to aid poorer nations and improve environmental issues, rather than an obligation to provide aid.",
        "spans": [
          "Is there an obligation to help? No.  Would it be in everyone’s best interest for wealthy nations to aid poorer nations? Absolutely. How best to aid them?  Trade.  How best to improve environmental issues?  Once again, trade."
        ]
      }
    ],
    "clueweb22-en0000-65-00490": [
      {
        "point_number": 1,
        "point_content": "Wealthy countries, especially in the MENA region, can increase their financial contributions to the International Development Association (IDA) to support the poorest developing countries.",
        "spans": [
          "It is critical that these countries — and others in the Middle East and North Africa (MENA) region who could potentially contribute — sustain and increase their presence and participation in this important international forum and support a global public good.",
          "The World Bank Group is grateful for generous financial contributions to IDA from the international donor community. However, I believe that the more fortunate MENA countries can and must enhance their contribution to IDA. Some countries in the MENA region are among the wealthiest in the world."
        ]
      },
      {
        "point_number": 2,
        "point_content": "IDA provides financial assistance such as grants, concessional loans, and debt relief to the poorest countries, helping them with basic services and development projects.",
        "spans": [
          "IDA was created in 1960 to provide 'soft-loans' — grant funding, concessional loans, debt relief — to the poorest developing countries who could not afford to borrow on the terms that could be offered by the International Bank for Reconstruction and Development (IBRD).",
          "IDA has become one of the largest sources of assistance for the world’s 77 poorest countries and the foremost instrument to channel multilateral funding where it is needed the most and in the quickest and most efficient way possible."
        ]
      },
      {
        "point_number": 3,
        "point_content": "IDA's support covers a wide range of sectors including education, health, water and sanitation, agriculture, infrastructure, and institutional reforms, and also addresses conflict and climate change impacts.",
        "spans": [
          "IDA's work covers primary education, basic health services, clean water and sanitation, agriculture, business climate improvements, infrastructure, and institutional reforms.",
          "Of course, IDA is now prioritizing investments to deal with the worst impacts of climate change."
        ]
      },
      {
        "point_number": 4,
        "point_content": "IDA has played a critical role in conflict-affected countries like Yemen, Syria, and Djibouti by providing emergency relief, health services, food access, and education support.",
        "spans": [
          "In Yemen, through its many contributions, IDA has played a critical role to provide relief and mitigate the long-lasting impacts of the country’s tragic conflict.",
          "In Lebanon, IDA is helping the country enrol 200,000 Syrian children in public schools. In Jordan, IDA assistance is creating 100,000 jobs for Jordanian nationals and Syrian refugees.",
          "In Djibouti, from 2014–18, IDA provided essential services to 1.9 million people."
        ]
      },
      {
        "point_number": 5,
        "point_content": "IDA is a valuable international institution that can provide knowledge, financial resources, and development strategies to help eliminate extreme poverty and boost shared prosperity.",
        "spans": [
          "Institutions like IDA deserve our utmost support because when misfortune strikes countries, the knowledge and financial resources of institutions such as IDA can save, protect, and nurture lives.",
          "To eliminate extreme poverty and boost shared prosperity, institutions like IDA are a valuable ally for governments and citizens."
        ]
      }
    ],
    "clueweb22-en0034-73-13386": [
      {
        "point_number": 1,
        "point_content": "Wealthy nations can materially shape development in poor countries largely by providing resources and trading opportunities.",
        "spans": [
          "that wealthy nations can materially shape development in the poor world and that their efforts to do so should consist largely of providing resources to and trading opportunities for poor countries"
        ]
      },
      {
        "point_number": 2,
        "point_content": "Financial aid and opening markets have limited ability to trigger growth, especially in the poorest countries.",
        "spans": [
          "financial aid and the further opening of wealthy countries' markets are tools with only a limited ability to trigger growth, especially in the poorest countries"
        ]
      },
      {
        "point_number": 3,
        "point_content": "Internal factors such as history and institutions are more important than external aid and market access for economic success.",
        "spans": [
          "Why has Vietnam outpaced Nicaragua? The answers are internal: history and economic and political institutions have trumped other factors in determining economic success. Access to the U.S. market and the largesse of Western donors have not been powerful enough to overcome Nicaragua's history of social and economic inequality"
        ]
      },
      {
        "point_number": 4,
        "point_content": "European Union membership stimulates deep policy and institutional changes and impressive growth by offering aid, market access, and political integration.",
        "spans": [
          "A notable exception to the limitations of outside assistance is European Union membership. By offering its poorer eastern and southern neighbors not just aid transfers and market access but the prospect of joining the union, the EU has stimulated deep policy and institutional changes and impressive growth in about 20 countries"
        ]
      },
      {
        "point_number": 5,
        "point_content": "Rich countries impose costly obligations on poor countries through trade agreements, such as TRIPS, which increase medicine prices and harm development.",
        "spans": [
          "Currently, the developed world uses international trade agreements to impose costly and onerous obligations on poor countries. The most egregious example has been the WTO's intellectual property agreement, the Trade-Related Aspects of Intellectual Property Rights (TRIPS). Despite recent efforts to cushion its impact on the poorest countries, TRIPS will make the prices of essential medicines significantly greater"
        ]
      },
      {
        "point_number": 6,
        "point_content": "Wealthy nations should provide poor countries with enough space to craft their own economic policy and allow policy autonomy and experimentation.",
        "spans": [
          "Almost all successful cases of development in the last 50 years have been based on creative -- and often heterodox -- policy innovations",
          "Wealthy nations and international development organizations thus should not operate as if the right policies and institutional arrangements are the same across time and space"
        ]
      },
      {
        "point_number": 7,
        "point_content": "Wealthy countries should take positive steps such as fighting corruption, assisting research and development, and enhancing global labor mobility.",
        "spans": [
          "Wealthy nations can also take positive steps to directly benefit developing countries -- specifically, by taking action against corrupt leaders, assisting research and development, and enhancing global labor mobility"
        ]
      },
      {
        "point_number": 8,
        "point_content": "Trade negotiators should improve cross-border mobility of labor, especially low-skill laborers, to increase incomes of poor countries' citizens.",
        "spans": [
          "Finally, to have a big impact on developing countries, trade negotiators should spend more time improving the cross-border mobility of labor -- particularly of low-skill laborers, who typically are at the bottom of the pile"
        ]
      },
      {
        "point_number": 9,
        "point_content": "Aid works well when recipient countries have capacity and leadership to use it wisely, but aid alone is not sufficient for sustained growth.",
        "spans": [
          "Assistance does work well, but only when the recipient countries do the right things to help themselves and have the capacity and the leadership to spend the money wisely"
        ]
      },
      {
        "point_number": 10,
        "point_content": "Rich countries must lead in enacting measures to reduce greenhouse gas emissions to prevent disproportionate costs on developing countries.",
        "spans": [
          "Rich countries also harm their developing counterparts in other ways, most notably with their emissions of greenhouse gases. According to the growing scientific consensus, the costs of climate change will disproportionately burden developing countries"
        ]
      }
    ],
    "clueweb22-en0035-72-07032": [
      {
        "point_number": 1,
        "point_content": "Aid is an important tool for promoting economic development and welfare, and forms an important part of many governments’ foreign strategy.",
        "spans": [
          "Aid is an important tool for promoting economic development and welfare, and forms an important part of many governments’ foreign strategy."
        ]
      },
      {
        "point_number": 2,
        "point_content": "The US gave over $30 billion in official development assistance in 2015, either as bilateral aid or through international organizations such as the World Bank or UN.",
        "spans": [
          "The US, unsurprisingly, comes top when looking at total spend. Last year, it gave over $30 billion either as bilateral aid or through international organizations such as the World Bank or UN."
        ]
      },
      {
        "point_number": 3,
        "point_content": "Germany gave over $20 billion of official development assistance in 2015, an increase of over $4 billion compared to 2014.",
        "spans": [
          "Germany is second, with over $20 billion of ODA last year. This constitutes an increase of over $4 billion compared to 2014."
        ]
      },
      {
        "point_number": 4,
        "point_content": "Sweden’s net official development assistance was 1.41% of gross national income in 2015, and the country has committed to keeping this figure above 1%.",
        "spans": [
          "Last year, Sweden’s net ODA was 1.41% of gross national income, and the country has committed to keeping this figure above 1%."
        ]
      },
      {
        "point_number": 5,
        "point_content": "The UN calls for economically advanced countries to spend at least 0.7% of gross national income on official development assistance, but few countries have met this target.",
        "spans": [
          "The UN calls for economically advanced countries to spend at least 0.7% of gross national income on ODA.",
          "However, as the chart above shows, few countries have met it."
        ]
      }
    ],
    "clueweb22-en0013-50-00874": [
      {
        "point_number": 1,
        "point_content": "Foreign aid is offered to help with emergency preparedness, disaster relief, economic development, and poverty reduction.",
        "spans": [
          "Foreign aid is offered to help with emergency preparedness, disaster relief, economic development, and poverty reduction."
        ]
      },
      {
        "point_number": 2,
        "point_content": "The Development Assistance Committee, made up of 30 major donors, was created to oversee and discuss issues surrounding foreign aid; specifically focusing on humanitarian aid and economic development.",
        "spans": [
          "The Development Assistance Committee, made up of 30 major donors, was created to oversee and discuss issues surrounding foreign aid; specifically focusing on humanitarian aid and economic development."
        ]
      },
      {
        "point_number": 3,
        "point_content": "Development Assistance Committee (DAC) members provide government aid that promotes and specifically targets the economic development and welfare of developing countries.",
        "spans": [
          "Development Assistance Committee (DAC) members provide government aid that promotes and specifically targets the economic development and welfare of developing countries."
        ]
      },
      {
        "point_number": 4,
        "point_content": "The overarching objective of the DAC for the period 2018-2022 is to promote development co-operation and other relevant policies so as to contribute to implementation of the 2030 Agenda for Sustainable Development, including sustained, inclusive and sustainable economic growth, poverty eradication, improvement of living standards in developing countries, and to a future in which no country will depend on aid.",
        "spans": [
          "\"The overarching objective of the DAC for the period 2018-2022 is to promote development co-operation and other relevant policies so as to contribute to implementation of the 2030 Agenda for Sustainable Development, including sustained, inclusive and sustainable economic growth, poverty eradication, improvement of living standards in developing countries, and to a future in which no country will depend on aid.\""
        ]
      }
    ],
    "clueweb22-en0011-37-10076": [
      {
        "point_number": 1,
        "point_content": "Foreign aid is primarily used to maintain power imbalances rather than to help poor countries.",
        "spans": [
          "Foreign aid: less about helping poor countries than maintaining a power imbalance",
          "the primary purpose of this industry is to fulfil the power ambitions of the source or self-styled “donor” state."
        ]
      },
      {
        "point_number": 2,
        "point_content": "Governments do not want to give away power and aid is geared towards making recipients more efficient producers within their designated world economic position.",
        "spans": [
          "governments do not purposefully give away their power and do not want to create an abundance of rival powers",
          "any assistance provided by aid is usually geared towards making its recipients more efficient producers within their designated world economic position."
        ]
      },
      {
        "point_number": 3,
        "point_content": "Foreign aid will not fundamentally alter the status of a country or its inhabitants; it conserves the unjust status quo.",
        "spans": [
          "foreign aid will not fundamentally alter the status of a country or its inhabitants",
          "foreign aid is, in its entirety, an act of conservation towards a grossly unjust status quo."
        ]
      },
      {
        "point_number": 4,
        "point_content": "Donor countries motivated by self-interest expect gratitude and aid may not reach those most in need.",
        "spans": [
          "Donor countries motivated by self-interest are more likely to expect gratitude for their actions",
          "those most in need are not necessarily those most likely to receive assistance."
        ]
      },
      {
        "point_number": 5,
        "point_content": "The extreme suffering of the world’s poor is a consequence of the behavior of wealthy countries, not a misfortune to be solved by foreign aid.",
        "spans": [
          "those in wealthy countries are responsible for the plight of the world’s destitute",
          "The extreme suffering of the world’s poor is not a hapless misfortune or abstract concern to be dealt with by the voluntary donations of states or civil society."
        ]
      },
      {
        "point_number": 6,
        "point_content": "Any attempt to deal with global poverty must begin with understanding, introspection, and changes in outlook and activities; foreign aid is not the answer.",
        "spans": [
          "any attempt to deal with this crisis must begin with understanding, introspection, and making subsequent changes to our outlook and activities. Foreign aid certainly isn’t the answer."
        ]
      }
    ],
    "clueweb22-en0028-72-16161": [
      {
        "point_number": 1,
        "point_content": "Rich countries should financially assist poor countries as it directs extra money towards a good cause and helps respected countries with fewer financial resources.",
        "spans": [
          "Absolutely, I think rich countries such financially assist poor countries. I figure, why not? This is a firm example of extra money going towards a good cause. I think a more wealthy country helping out another respected country that may not have the same financial resources is a very good thing."
        ]
      },
      {
        "point_number": 2,
        "point_content": "Aid should be given to help poor countries stand on their own, avoiding dependency and encouraging self-reliance and education.",
        "spans": [
          "Give them as help as they need to stand up. Otherwise, the nation relying on aids, will have no self respect. Rich nation work on give and take principle, that country getting aid   will be under debt and unable to pay that because of less resources.   County must rely on their own resources and try to built new resources. Educate the people about crises and how they can help their country because man power is every thing."
        ]
      },
      {
        "point_number": 3,
        "point_content": "Rich countries should help through education by sending people to poorer countries to educate children and teach adults agricultural skills.",
        "spans": [
          "I believe that they should give aid, though not through money and food, but through education. First world countries should be able to send people over to third world countries to give children a complete education, and to teach adults how to properly grow crops."
        ]
      },
      {
        "point_number": 4,
        "point_content": "Aid should be directed to help and train people directly rather than giving money to governments to avoid corruption.",
        "spans": [
          "I definitely think that our richer countries should help the poorer ones, but I think instead of giving the government all of the money , they should   help and train people from those countries so the money doesnt just go in the government workers pockets."
        ]
      },
      {
        "point_number": 5,
        "point_content": "Humanitarian, religious, social, or moral duty motivates many rich countries to help poor countries suffering from famine, drought, war, or disease.",
        "spans": [
          "Here are many reasons for helping poor countries. First of all, There are humanitarian reasons. Like individuals who give to charity, Many countries feel it is their religious, Social, Or moral duty to help people in other countries who are suffering from famine, Drought, War, Or disease."
        ]
      },
      {
        "point_number": 6,
        "point_content": "Rich countries should help countries that are close to becoming independent by providing aid, infrastructural support, and project management assistance to enable them to become fully independent and able to help others.",
        "spans": [
          "I think that rich countries should help fine-tune those countries which are already working hard to become fully developed but are missing some final touches, Need a little bit of aid, Some infrastructural support, Some project management assistance etc. That way we are equipping even more countires that are able to help poor countries."
        ]
      },
      {
        "point_number": 7,
        "point_content": "Foreign aid often leads to dependency, corruption, and financial loss in poorer countries, and much of the aid money ends up benefiting developed nations instead.",
        "spans": [
          "A developed country faces various difficulties when choosing who to help. First, its choice could leave a lot of people unhappy, and damage its relationships with other countries. Second, allowing foreigners to have a significant influence on a nation could lead to negative consequences. Some donors do not have the best intentions. They could use their power for their own advantage. This could lead to corruption and financial loss in the less developed country. Third, Third, a developing nation may become dependent on foreign aid. And some donors might charge a hefty interest for their financial assistance. This could pose a bigger headache than not receiving aid at all.",
          "Also, studies have shown that for every $1 that goes into helping developing nations, $24 go to the developed nations. Many companies and stuff like that have hidden the fact that their interest rates to help are high, and a lot of the money that is made in a developing nation, that is supposedly helping, actually goes back to the countries back home, such as the U.S. and the U.k."
        ]
      },
      {
        "point_number": 8,
        "point_content": "Foreign aid to governments can reduce government accountability to their people and may be misused by corrupt officials.",
        "spans": [
          "If foreign aid is given to governments, then the governments don't have to rely on taxes from the people of the country. When the government is relying on taxes, they are more likely to be just, since the people want to know where the money is going, and if it doesn't go to where they were told it was going, then they can refute the taxes and payments being made. If the goverments are getting foreign money, they don't necessarily have to tell the people that there is money, and therefore, don't have to tell them where it is going or keep those promises. They can use it to their own avail."
        ]
      }
    ],
    "clueweb22-en0024-70-20076": [
      {
        "point_number": 1,
        "point_content": "Foreign aid normally comes from richer countries to poorer countries.",
        "spans": [
          "Foreign aid normally comes from richer countries to poorer countries."
        ]
      },
      {
        "point_number": 2,
        "point_content": "Foreign aid helps the economy of the developing country to grow when combined with good economic policies and management.",
        "spans": [
          "Foreign aid helps the economy of the developing country to grow. When the recipient country of a foreign aid combines the aid received (if it is in the form of money) with very good economic policies and management, then this will allow for the economy of the country to grow."
        ]
      },
      {
        "point_number": 3,
        "point_content": "Foreign aid makes it possible for more jobs to be created in the country that is receiving the aid.",
        "spans": [
          "Employment avenues are created as a result of foreign aid.",
          "Foreign aid makes it possible for more jobs to be created in the country that is receiving the aid."
        ]
      },
      {
        "point_number": 4,
        "point_content": "Foreign aid helps in solving the problem of balance of payment by supplementing foreign exchange earnings.",
        "spans": [
          "Foreign aid helps in solving the problem of balance of payment.",
          "Countries that receive financial aid in the forms of loans, grants, etc are capable of using this aid to supplement their foreign exchange earnings."
        ]
      },
      {
        "point_number": 5,
        "point_content": "Developed countries provide experts to developing countries to assist in various sectors of their economy.",
        "spans": [
          "Foreign aid allows for experts to come into the country and help.",
          "Normally when developed countries give out aid to developing countries, they make available certain experts to go into the developing countries to assist them in handling various sectors of their economy."
        ]
      },
      {
        "point_number": 6,
        "point_content": "Foreign aid is very important in times of disasters to help countries surmount difficulties.",
        "spans": [
          "Foreign aid is very important in times of disasters.",
          "When a country is facing unbearable hardships brought on by natural or man-made disasters, foreign aid is one of the most important things that helps a country to surmount the difficulties of the disaster."
        ]
      },
      {
        "point_number": 7,
        "point_content": "Foreign aid helps in rebuilding a country after a disaster, as seen in Haiti after the 2010 earthquake.",
        "spans": [
          "Foreign aid helps in rebuilding a country after a disaster.",
          "Foreign aid is very important in the rebuilding of a country after a major disaster or catastrophe such as floods or earthquakes.",
          "But thanks to foreign aid that poured in from several countries all over the world, Haiti is gradually getting back on its feet."
        ]
      },
      {
        "point_number": 8,
        "point_content": "Foreign aid allows the transfer of technology from developed countries into developing countries.",
        "spans": [
          "Allows the transfer of technology from developed countries into developing countries."
        ]
      }
    ],
    "clueweb22-en0038-11-05731": [
      {
        "point_number": 1,
        "point_content": "Governments in the roughly 40 developed countries often provide foreign aid to the developing world as a way to improve resource access and boost the local economy.",
        "spans": [
          "Governments in the roughly 40 developed countries often provide foreign aid to the developing world as a way to improve resource access and boost the local economy."
        ]
      },
      {
        "point_number": 2,
        "point_content": "Foreign aid can be given as outright gifts, low-interest loans, or with donor caveats requiring purchase of goods from the donor country.",
        "spans": [
          "Governments can offer it as an outright gift or grant that does not require any repayment. Another option is to offer a low-interest loan that allows for a small window of profit to the gifting nation. One of the most population ways to issue this resource, however, is to have it come with what is called a “donor caveat.”"
        ]
      },
      {
        "point_number": 3,
        "point_content": "Foreign aid benefits both the domestic economy of the donor and the international economy of the recipient.",
        "spans": [
          "Foreign aid benefits the domestic economy at the same time as the international one."
        ]
      },
      {
        "point_number": 4,
        "point_content": "Foreign aid creates stronger relationships and goodwill between donor and recipient countries.",
        "spans": [
          "Foreign aid creates a stronger relationship for all the parties involved in the transaction.",
          "When anyone is willing to give, the goodwill it creates can create a lifetime of positive memories. This process helps to make the world a smaller, more peaceful place."
        ]
      },
      {
        "point_number": 5,
        "point_content": "Foreign aid can reduce the impact of poverty in recipient countries.",
        "spans": [
          "Foreign aid can reduce the impact of poverty.",
          "When the wealthy countries contribute some of their excess wealth to the poor nations of the world, then they can make a positive impact on poverty in that region."
        ]
      },
      {
        "point_number": 6,
        "point_content": "Foreign aid provides economic opportunities and can stimulate trade, security agreements, and mutual aid compacts.",
        "spans": [
          "Foreign aid provides economic opportunities for the giver and the recipient.",
          "From the improved international relationships to the increase in job opportunities, this process can form the foundation of trade talks, security agreements, and compacts of mutual aid."
        ]
      },
      {
        "point_number": 7,
        "point_content": "Foreign aid encourages national independence by supporting weak institutions, preventing corruption, and fighting poverty.",
        "spans": [
          "Foreign aid encourages national independence.",
          "When the funds can also supply strength to weak institutions, prevent corruption in governments, encourage transparency, and fight poverty, then there are fewer opportunities for a hostile force to step in and try to take over the government."
        ]
      },
      {
        "point_number": 8,
        "point_content": "Foreign aid can offer agricultural improvements by sharing expertise from top food producers like the U.S., China, and India.",
        "spans": [
          "Foreign aid can offer agricultural improvements.",
          "When these world leaders in this fundamental economic product teach others how to maximize their resources, it creates agricultural improvements that can reduce hunger permanently while creating a potential trading partner in the future."
        ]
      },
      {
        "point_number": 9,
        "point_content": "Foreign aid allows countries to help others without direct interference, supporting development and self-sufficiency.",
        "spans": [
          "Foreign aid allows countries to help others without direct interference.",
          "Many countries offer the developing world funds that work to stop serious diseases like ebola and AIDS, fight addiction, combat terrorism, or begin building necessary infrastructure items. The eventual goal is to help these countries develop enough resources that they can eventually support themselves and no longer require the foreign aid for survival."
        ]
      },
      {
        "point_number": 10,
        "point_content": "Foreign aid does not require a significant amount to create positive change due to currency value differences.",
        "spans": [
          "Foreign aid doesn’t require a significant amount to create positive change.",
          "Because the value of currency is much higher than what most other nations who need foreign aid have with their own, a little bit of assistance can offer a lot of support for a family in need."
        ]
      }
    ]
  }
}