{
  "question": "what is the role of a health care manager when facing an ethical decision?",
  "key_points": [
    {
      "point_number": 1,
      "point_content": "Healthcare executives have a responsibility to recognize and address complex ethical dilemmas through a sound decision-making process that considers diverse viewpoints and should not make such decisions alone.",
      "original_point_number": [
        1
      ]
    },
    {
      "point_number": 2,
      "point_content": "Healthcare organizations should have resources such as ethics committees, consultation services, and written policies, procedures, frameworks, and guidelines to assist with the ethics decision-making process.",
      "original_point_number": [
        2,
        7,
        9
      ]
    },
    {
      "point_number": 3,
      "point_content": "Healthcare executives must lead to promote an ethical culture grounded in the organization’s mission and values, set expectations and accountabilities, model ethical behavior, and affirm ethical clinical and administrative practices through a systematic ethics decision-making process.",
      "original_point_number": [
        3,
        5,
        6,
        17
      ]
    },
    {
      "point_number": 4,
      "point_content": "Healthcare executives have a responsibility to address ethical issues at broader organizational, community, and societal levels through a systematic process, ensuring diverse expertise represents populations impacted by recommendations or policies.",
      "original_point_number": [
        4,
        8
      ]
    },
    {
      "point_number": 5,
      "point_content": "Healthcare executives should evaluate and continually refine organizational processes for addressing ethical issues, promoting decision-making that balances power among individual, organizational, and societal issues, safeguards against biases, acknowledges privilege, and ensures equitable consideration of vulnerable or underrepresented populations.",
      "original_point_number": [
        10,
        11
      ]
    },
    {
      "point_number": 6,
      "point_content": "Healthcare managers develop a personal code of ethics influenced by professional codes, organizational values, educational socialization, and peer pressure, which guides their behavior, decision-making, relationships with co-workers and patients, and builds trust.",
      "original_point_number": [
        12,
        13,
        14
      ]
    },
    {
      "point_number": 7,
      "point_content": "Healthcare managers must comply with laws and regulations and provide necessary care to ensure proper patient care, striving to maintain ethical standards to ensure dignity and high quality of care despite ethically complex situations.",
      "original_point_number": [
        15,
        16
      ]
    },
    {
      "point_number": 8,
      "point_content": "Health care administrators and executives use guidelines, tools, ethics training, and continuing education to manage organizational ethics, promote ethical culture, and ensure staff understand ethical decision-making and organizational culture.",
      "original_point_number": [
        18,
        19,
        20
      ]
    },
    {
      "point_number": 9,
      "point_content": "Health care executives and administrators serve as role models by listening, accepting suggestions, taking responsibility, encouraging employees to speak up about unethical events, reframing whistleblowing as principled action, maintaining a safe work environment, protecting employees who raise concerns, and soliciting patient feedback for improvement.",
      "original_point_number": [
        21,
        22,
        23
      ]
    },
    {
      "point_number": 10,
      "point_content": "Care-managers face ethical dilemmas balancing patient needs, limited resources, professional autonomy, loyalty to patients, workplace and political pressures, confidentiality obligations, boundary setting between private and professional lives, role distinctions, accessibility to services, workload management, and balancing opposing values and responsibilities at individual and organizational levels.",
      "original_point_number": [
        25,
        26,
        27,
        28,
        29,
        30,
        31,
        32,
        33
      ]
    },
    {
      "point_number": 11,
      "point_content": "Care-managers need support and clarification regarding their professional responsibilities, especially when their decisions are overruled by political authorities.",
      "original_point_number": [
        34,
        27
      ]
    },
    {
      "point_number": 12,
      "point_content": "Managers at all levels are held to high ethical standards, make key decisions affecting stakeholders, must understand and practice ethical behavior to meet expectations, set examples, minimize ambiguity, enforce Codes of Conduct or Ethics, set expectations against unethical practices, and ensure reporting of unethical behavior.",
      "original_point_number": [
        35,
        36,
        37,
        38
      ]
    },
    {
      "point_number": 13,
      "point_content": "Managers frequently face ethical dilemmas and are responsible for ensuring ethical conduct, using frameworks such as human rights, justice, utilitarianism, and the ethic of care to make ethical decisions.",
      "original_point_number": [
        39,
        40,
        54
      ]
    },
    {
      "point_number": 14,
      "point_content": "Management is responsible for modeling ethical behavior, encouraging it, taking personal responsibility for its implementation, and enforcing behavior conducive to the law to meet external stakeholder demands.",
      "original_point_number": [
        41,
        42
      ]
    },
    {
      "point_number": 15,
      "point_content": "Healthcare professionals, especially aspiring healthcare managers, must understand medical ethics to provide care driven by a solid moral compass, holding themselves to the highest medical ethics standards to minimize errors and foster trust, accountability, and respect.",
      "original_point_number": [
        43,
        44
      ]
    },
    {
      "point_number": 16,
      "point_content": "The four main healthcare ethical principles are respect for autonomy, beneficence, non-maleficence, and justice, which guide ethical decision-making by respecting patient decisions, acting in patients' best interests, committing to do no harm, and ensuring fair distribution of benefits, risks, costs, and resources.",
      "original_point_number": [
        45,
        46,
        47,
        48,
        49
      ]
    },
    {
      "point_number": 17,
      "point_content": "Executive leadership in healthcare systems is tasked with creating an environment that enables ethical decision-making while advancing caregiving in modern medical practice.",
      "original_point_number": [
        50
      ]
    },
    {
      "point_number": 18,
      "point_content": "Managers need to recognize ethical elements in their daily functions, reason through ethical decisions as managerial problems, and address moral conflicts involving equally bad choices or multiple conflicting ethical considerations through thorough and mindful thinking about consequences and implications.",
      "original_point_number": [
        51,
        52
      ]
    },
    {
      "point_number": 19,
      "point_content": "If a decision cannot be reframed as a win-win situation, managers need a decision-making framework combining rights and duties, utilitarianism, justice, and the ethic of care to resolve ethical conflicts.",
      "original_point_number": [
        53,
        54
      ]
    },
    {
      "point_number": 20,
      "point_content": "Managers should consider whether decisions respect rights and duties, evaluate who will be affected and the extent of harm or benefit using utilitarian analysis, assess alignment with justice principles including fairness and equity, and consider the impact on relationships giving more moral responsibility to those closely linked as per the ethic of care.",
      "original_point_number": [
        55,
        56,
        57,
        58
      ]
    },
    {
      "point_number": 21,
      "point_content": "The decision-making process used by healthcare managers involves defining the problem by investigating and questioning staff, establishing decision criteria based on goals and values, considering all alternatives, identifying the best alternative, developing and implementing a plan of action, and evaluating and monitoring the solution.",
      "original_point_number": [
        59,
        60,
        61,
        62
      ]
    },
    {
      "point_number": 22,
      "point_content": "Managers play an essential role in creating, nurturing, and sustaining an ethical culture and workforce, with commitment from senior management and reinforcement by middle managers being hallmarks of effective ethics and compliance efforts.",
      "original_point_number": [
        63,
        64
      ]
    },
    {
      "point_number": 23,
      "point_content": "Organizations help managers fulfill their roles as influencers of ethical behavior through training, communication, consequences, and incentivizing managers through performance reviews and awards to engage in ethical conduct and support compliance issues.",
      "original_point_number": [
        65,
        66,
        67
      ]
    },
    {
      "point_number": 24,
      "point_content": "Managers have a special responsibility to behave with integrity, serve as role models, foster a culture of compliance with ethical principles, ensure employees understand the Code, supervise compliance, anticipate and address risks, report violations, enforce policies, support employees raising concerns, and prevent retaliation.",
      "original_point_number": [
        68,
        69
      ]
    }
  ]
}