{
  "question": "why did reconstruction fail",
  "key_points": [
    {
      "point_number": 1,
      "point_content": "Radical Republican legislation ultimately failed to protect former slaves from white persecution and failed to engender fundamental changes to the social fabric of the South.",
      "original_point_number": [
        1,
        86
      ]
    },
    {
      "point_number": 2,
      "point_content": "The Compromise of 1876 effectively ended the Reconstruction era and led to widespread disenfranchisement of black voters due to the end of federal interference in southern affairs, with Southern Democrats' promises to protect civil and political rights of blacks not kept.",
      "original_point_number": [
        2,
        87
      ]
    },
    {
      "point_number": 3,
      "point_content": "Congress' Reconstruction efforts to ensure equal rights to freedmen failed because of suppression of freedmen, African Americans' limited knowledge of the world outside slavery, shortage of political right activists, and failure of many efforts including the Freedman's Bureau and civil rights legislation.",
      "original_point_number": [
        3,
        11,
        41,
        54
      ]
    },
    {
      "point_number": 4,
      "point_content": "The failure of Reconstruction was due to a combination of economic and socio-political factors, including absence of sustained political will from the Johnson and Grant administrations, divided federal government, and lack of unity in government.",
      "original_point_number": [
        4,
        5,
        6,
        81
      ]
    },
    {
      "point_number": 5,
      "point_content": "The federal government was divided on how to resolve racial and political tensions, with Johnson pardoning former Confederates and Grant's administration weakened by corruption rumours and leniency towards the South, limiting the success of Reconstruction.",
      "original_point_number": [
        6,
        9,
        10,
        30
      ]
    },
    {
      "point_number": 6,
      "point_content": "The Southern agricultural economy was devastated, preventing African Americans from gaining financial independence and leaving them reliant on the white planter society through systems like sharecropping and tenant farming, which kept many impoverished and dependent.",
      "original_point_number": [
        7,
        8,
        38,
        66,
        83,
        84
      ]
    },
    {
      "point_number": 7,
      "point_content": "Entrenched systems of sharecropping and tenant farming left many African Americans impoverished and dependent on white masters or merchants, forcing many to return to work for former slave owners and undermining Reconstruction goals.",
      "original_point_number": [
        8,
        16,
        38,
        66,
        67
      ]
    },
    {
      "point_number": 8,
      "point_content": "President Andrew Johnson pardoned former Confederate officers and allowed removal of Union troops before African Americans were secured on voting registers, paving the way for Black Codes and enabling Southern states to limit African American freedom.",
      "original_point_number": [
        9,
        36,
        51,
        52,
        68
      ]
    },
    {
      "point_number": 9,
      "point_content": "Corruption rumours during Grant's administration and his leniency towards the South divided his party and weakened Reconstruction efforts, with Grant being sympathetic but reactive rather than proactive.",
      "original_point_number": [
        10,
        30,
        80
      ]
    },
    {
      "point_number": 10,
      "point_content": "Federal efforts to improve African American civil rights were limited by the Slaughterhouse case, understaffed Freedman's Bureau, and undermined by white violence and terrorism from groups like the Ku Klux Klan.",
      "original_point_number": [
        11,
        42,
        43,
        49,
        54
      ]
    },
    {
      "point_number": 11,
      "point_content": "Divisions between president and Congress enabled a white backlash movement that portrayed Reconstruction as an attack on white power, aiding a Democrat revival and paramilitary violence, with Southern whites strongly opposing Reconstruction and feeling dominated and humiliated by the North.",
      "original_point_number": [
        12,
        13,
        14,
        22,
        59,
        61
      ]
    },
    {
      "point_number": 12,
      "point_content": "Poverty in the South after the Civil War contributed to the failure of Reconstruction as both whites and blacks had minimal opportunities to survive, with much of the South damaged and the agricultural workforce crippled by the freeing of slaves.",
      "original_point_number": [
        15,
        60,
        82
      ]
    },
    {
      "point_number": 13,
      "point_content": "Racism in the South prevented African Americans from gaining equality despite legal amendments and efforts like the Freedman’s Bureau, with widespread negative sentiment blaming African Americans for war misery and white supremacy hindering advancements.",
      "original_point_number": [
        17,
        20,
        24,
        25,
        48
      ]
    },
    {
      "point_number": 14,
      "point_content": "For every policy that Congress forced on the South, there was a loophole or an act of violence that fought against it, undermining Reconstruction efforts, with Southern state governments imposing voter suppression tactics and Jim Crow laws to dilute black political, social, and economic power.",
      "original_point_number": [
        21,
        35,
        39,
        47,
        50
      ]
    },
    {
      "point_number": 15,
      "point_content": "The South was not agreeing with national Congress, leading to division and compromise, with Republicans and Lincoln disagreeing on Reconstruction plans like the Ten Percent Plan and Wade-Davis Bill.",
      "original_point_number": [
        19,
        22,
        23
      ]
    },
    {
      "point_number": 16,
      "point_content": "The differing approaches of Presidents Lincoln, Johnson, and Grant during Reconstruction contributed to its failure to unify the nation, with Johnson and Grant lacking determination to enshrine black civil rights and facilitate black economic independence.",
      "original_point_number": [
        5,
        26,
        30
      ]
    },
    {
      "point_number": 17,
      "point_content": "Reconstruction did not fail so much as it was overthrown by Southern whites with the consent of Northern Democrats, who resisted equitable Reconstruction strongly, contributing to its demise.",
      "original_point_number": [
        27,
        28
      ]
    },
    {
      "point_number": 18,
      "point_content": "Republicans entered a period of divided government after 1874, reducing the chance of a strong national civil rights effort, with lack of unity in government taking away focus from Reconstruction.",
      "original_point_number": [
        29,
        81
      ]
    },
    {
      "point_number": 19,
      "point_content": "Southern Unionists were too compromised and willing to compromise with the old plantation elite, weakening Reconstruction efforts.",
      "original_point_number": [
        31
      ]
    },
    {
      "point_number": 20,
      "point_content": "Maintaining a large military occupation force to enforce Reconstruction was impractical due to troop shortages, political opposition, lack of funding authorization, and public suspicion of military rule.",
      "original_point_number": [
        32,
        33
      ]
    },
    {
      "point_number": 21,
      "point_content": "Six factors account for Reconstruction's failure: unpreparedness of the Union, Southern resistance, unwillingness to prolong military occupation, loss of Radical Republican leadership, resurgence of Northern Democrats, and shortsighted federal courts.",
      "original_point_number": [
        34
      ]
    },
    {
      "point_number": 22,
      "point_content": "Southern state governments imposed a range of voter suppression tactics to effectively bar African Americans from voting, which then reduced the likelihood of black politicians winning office, with Black Codes and Jim Crow laws enforcing segregation and disenfranchisement.",
      "original_point_number": [
        35,
        36,
        39,
        51,
        65
      ]
    },
    {
      "point_number": 23,
      "point_content": "The 14th Amendment was defined very narrowly by the Supreme Court in the late 19th century, permitting many laws that discriminated on the basis of race, and state laws created loopholes to the 13th, 14th, and 15th amendments, limiting African American freedom during Reconstruction.",
      "original_point_number": [
        37,
        50
      ]
    },
    {
      "point_number": 24,
      "point_content": "Most black farmers became sharecroppers, which kept them in an endless cycle of debt and poverty, and Reconstruction failed to help blacks economically as they did not receive land and remained poor farm workers dependent on rich landowners, similar to slavery.",
      "original_point_number": [
        38,
        66
      ]
    },
    {
      "point_number": 25,
      "point_content": "The Freedmen's Bureau was underfunded and cut short, leaving most freed slaves uneducated and still in the South without land reform, forcing them into sharecropping and economic dependency.",
      "original_point_number": [
        67
      ]
    },
    {
      "point_number": 26,
      "point_content": "Black Codes and other restrictive laws were not challenged or struck down, leaving African-Americans unprotected and subject to involuntary labor for whites, with the Black Codes allowing new forms of slavery such as binding people to long contracts for low pay.",
      "original_point_number": [
        51,
        52,
        68
      ]
    },
    {
      "point_number": 27,
      "point_content": "The Force Acts of 1870 were created to protect African American rights and voting rights from being hindered, but despite legislation like the civil rights act, amendments, and force acts, African Americans were not socially protected and were rarely treated as equals.",
      "original_point_number": [
        53,
        54
      ]
    },
    {
      "point_number": 28,
      "point_content": "Reconstruction was a failure because it didn't rebuild the Southern economy or create lasting improvements in the social, political, and economic opportunities available to former slaves, with the South remaining economically and socially distinct and unreconciled to the new way of things.",
      "original_point_number": [
        55,
        57,
        58,
        83,
        84
      ]
    },
    {
      "point_number": 29,
      "point_content": "Reconstruction was forcibly imposed on the Southern states by the government, a fact that many white Southerners deeply resented, leading to racial attitudes in the South not evolving during this period and resistance to large-scale change.",
      "original_point_number": [
        56,
        61
      ]
    },
    {
      "point_number": 30,
      "point_content": "The federal government stopped enforcing Reconstruction policies after a short period, allowing Southern states to reverse progress made by former slaves, with Reconstruction laws not agreed with or abided by by Southerners, leading to resistance and failure to achieve equality.",
      "original_point_number": [
        62,
        63
      ]
    },
    {
      "point_number": 31,
      "point_content": "The fundamental issue of racial segregation and the 'color line' was never fully understood or dealt with by the government, exacerbating regional tensions and undermining Reconstruction.",
      "original_point_number": [
        64
      ]
    },
    {
      "point_number": 32,
      "point_content": "After Reconstruction ended, Southern states imposed segregation and voting restrictions on blacks, failing to make them equal citizens as intended, with Redeemer Governments creating racist laws and the KKK terrorizing freedmen, limiting their political and economic opportunities.",
      "original_point_number": [
        65,
        85
      ]
    },
    {
      "point_number": 33,
      "point_content": "The creation of secret organizations like the KKK contributed to the failure of Reconstruction by terrorizing and killing many African Americans using torture, murder, and economic boycotts to enforce white supremacy, scaring African Americans from voting and holding office despite constitutional rights.",
      "original_point_number": [
        42,
        43,
        44,
        49,
        74
      ]
    },
    {
      "point_number": 34,
      "point_content": "Scalawags and Carpetbaggers manipulated freed blacks' votes, undermining their political independence.",
      "original_point_number": [
        45
      ]
    },
    {
      "point_number": 35,
      "point_content": "Lack of equality in government and voting rights, and exclusion of southern politicians, caused resentment and problems during military reconstruction.",
      "original_point_number": [
        46
      ]
    },
    {
      "point_number": 36,
      "point_content": "Southern whites used various means to stop freed blacks from voting or to control their votes, including violence and intimidation.",
      "original_point_number": [
        47,
        70,
        72,
        74
      ]
    },
    {
      "point_number": 37,
      "point_content": "White supremacist violence caused Reconstruction to fail and led to the embedding of structural racism into the post-Reconstruction political and social system in the South, with failure of federal government to consistently deploy enough troops or use them aggressively to suppress such violence.",
      "original_point_number": [
        70,
        72,
        74,
        75
      ]
    },
    {
      "point_number": 38,
      "point_content": "The federal government lacked clear, shared goals and priorities among leading civilian and military figures, hindering effective counterinsurgency efforts during Reconstruction, and did not plan for a lengthy occupation or proper withdrawal, enabling white supremacist violence to reemerge after troop withdrawals.",
      "original_point_number": [
        76,
        77
      ]
    },
    {
      "point_number": 39,
      "point_content": "Local governments lacked legitimacy among many white Southerners, and the federal government was unable to find effective local collaborators, weakening efforts to halt violence.",
      "original_point_number": [
        78
      ]
    },
    {
      "point_number": 40,
      "point_content": "Arming the Black community was a potential alternative that might have helped protect Black voters and communities, but it was not pursued due to fears of backlash and prevailing racist attitudes.",
      "original_point_number": [
        79
      ]
    },
    {
      "point_number": 41,
      "point_content": "Individuals misused money earmarked for Reconstruction efforts, contributing to its failure.",
      "original_point_number": [
        80
      ]
    },
    {
      "point_number": 42,
      "point_content": "Southern states were too poor to manage Reconstruction programs effectively, contributing to failure.",
      "original_point_number": [
        82
      ]
    },
    {
      "point_number": 43,
      "point_content": "The failure of Reconstruction illustrates the dangers of half measures and the importance of ensuring democratization includes the rule of law, not just elections.",
      "original_point_number": [
        73
      ]
    },
    {
      "point_number": 44,
      "point_content": "The South killed Reconstruction because of their lack of interest in equal rights, their violence towards the North and blacks, and the North's growing absence of sympathy towards blacks.",
      "original_point_number": [
        88
      ]
    }
  ]
}