{
  "question": "can global pollution be considered an economic failure?",
  "key_points": [
    {
      "point_number": 1,
      "point_content": "Pollution is a negative externality and an example of market failure where social costs exceed social benefits, leading to overproduction and environmental damage, because the private cost of production does not reflect the social cost, causing inefficient resource allocation and market failure.",
      "original_point_number": [
        1,
        5,
        24,
        26
      ]
    },
    {
      "point_number": 2,
      "point_content": "Externalities occur when market exchanges impact third parties not involved in the transaction, leading to costs or benefits not reflected in market prices, and can be negative or positive.",
      "original_point_number": [
        3,
        28
      ]
    },
    {
      "point_number": 3,
      "point_content": "Markets fail to consider all social costs due to externalities like pollution, resulting in market failure and inefficient resource allocation.",
      "original_point_number": [
        4,
        25
      ]
    },
    {
      "point_number": 4,
      "point_content": "Market failure occurs when economic resources are not allocated effectively due to imperfect market demand and supply curves, leading to inefficient outcomes.",
      "original_point_number": [
        6
      ]
    },
    {
      "point_number": 5,
      "point_content": "Negative externalities, such as pollution, impose costs on third parties without compensation, causing market failure.",
      "original_point_number": [
        7,
        29
      ]
    },
    {
      "point_number": 6,
      "point_content": "Government intervention through specific taxes or legislation can correct market failure caused by pollution by internalizing the social cost and reducing output to the socially optimal level, although legislation can be difficult and costly to police and government may also suffer from information failure.",
      "original_point_number": [
        8,
        38,
        39,
        40,
        41
      ]
    },
    {
      "point_number": 7,
      "point_content": "High levels of environmental pollution represent significant market failure due to the use of free common resources, and government must balance environmental protection with economic development.",
      "original_point_number": [
        9
      ]
    },
    {
      "point_number": 8,
      "point_content": "Market-based incentives, such as trading pollution rights, can motivate polluters to reduce pollution efficiently without government intervention by forcing polluters to consider pollution as a private cost and manipulating market forces to internalize externalities.",
      "original_point_number": [
        10,
        36,
        37
      ]
    },
    {
      "point_number": 9,
      "point_content": "The economy exerts phenomenal pressure on Earth and there is no free natural capital left, affecting biodiversity, freshwater, atmosphere, coral reefs, oceans, forests and ice sheets which regulate Earth's stability and the economy.",
      "original_point_number": [
        11
      ]
    },
    {
      "point_number": 10,
      "point_content": "The economic system was developed when the global environmental impact was not considered, allowing free pollution without consequences, which is no longer sustainable, and the economy remains locked in the tragedy of the commons with unaccounted environmental costs and rising risks of catastrophe, unable to internalize real Earth costs.",
      "original_point_number": [
        12,
        13
      ]
    },
    {
      "point_number": 11,
      "point_content": "Valuing nature is the number one economic threat to humanity, requiring not only monetization but also ethics, inclusiveness and justice beyond economics.",
      "original_point_number": [
        14
      ]
    },
    {
      "point_number": 12,
      "point_content": "Conventional economic theory and market-based discount rates fail in a non-linear world where environmental tipping points cause unpredictable and potentially catastrophic costs.",
      "original_point_number": [
        15
      ]
    },
    {
      "point_number": 13,
      "point_content": "The current economic model is linear, focusing on throughput and efficiency, which is incompatible with a sustainable future requiring circular economic principles.",
      "original_point_number": [
        16
      ]
    },
    {
      "point_number": 14,
      "point_content": "Economic growth does not trickle down to the poor and is achieved through unsustainable subsidies from the planet, with costs borne by the poorest communities.",
      "original_point_number": [
        17
      ]
    },
    {
      "point_number": 15,
      "point_content": "Cost-benefit analyses fail to account for long-term and existential global risks, such as irreversible melting of the Greenland ice sheet and sea level rise.",
      "original_point_number": [
        18
      ]
    },
    {
      "point_number": 16,
      "point_content": "Global risks are too high and the benefits of sustainable development are not recognized, leading to failure in creating the right market incentives and continued unsustainable behavior.",
      "original_point_number": [
        19
      ]
    },
    {
      "point_number": 17,
      "point_content": "Air pollution has a $2.9 trillion economic cost, equating to 3.3 percent of the world's GDP, leading to health issues that reduce work ability and labor force participation, impacting the economy, with disability from chronic diseases costing $200 billion in 2018, sick leave $100 billion, preterm births $90 billion, and total annual costs estimated at $900 billion in China, $600 billion in the U.S., and $150 billion in India.",
      "original_point_number": [
        20,
        21,
        22,
        23
      ]
    },
    {
      "point_number": 18,
      "point_content": "The environment is regarded as a scarce resource and care for the environment is increasingly seen as an important economic objective, with debate on the extent to which markets fail to conserve the environment as a scarce resource.",
      "original_point_number": [
        30,
        31
      ]
    },
    {
      "point_number": 19,
      "point_content": "The economic theory of pollution suggests that producers and consumers do not take carbon and other chemical emissions into account when calculating their marginal private cost and benefit, making it extremely difficult for markets to resolve the pollution problem, especially since property rights over the atmosphere cannot be established and specific polluters cannot be identified and sued directly, resulting in no built-in incentive to be a non-polluter.",
      "original_point_number": [
        32,
        33,
        34,
        35
      ]
    }
  ]
}