{
  "question": "should people in prison be allowed to vote",
  "key_points": {
    "clueweb22-en0021-60-11126": [
      {
        "point_number": 1,
        "point_content": "Only two states, Maine and Vermont, allow prisoners to vote. The other 48 states bar incarcerated people from voting.",
        "spans": [
          "Only two states, Maine and Vermont, allow prisoners to vote.",
          "The other 48 states bar incarcerated people from voting"
        ]
      },
      {
        "point_number": 2,
        "point_content": "Democratic presidential candidates have differing views on felon voting rights, with some supporting voting as an inherent right and others suggesting voting rights be restored after sentence completion.",
        "spans": [
          "Democratic presidential candidates like Vermont Sen. Bernie Sanders have revived the debate about felon voting rights in recent months as they’ve addressed the topic in interviews, town halls and op-eds.",
          "While Sanders believes voting is “an inherent American right” for all citizens, Beto O’Rourke, the former congressman from El Paso, suggests nonviolent offenders should be treated differently from violent criminals, and Sen. Elizabeth’s Warren says voting rights should be restored upon completion of the individual’s sentence."
        ]
      },
      {
        "point_number": 3,
        "point_content": "Opponents argue criminals lose the privilege to vote due to disrespecting the law and must prove reform to regain voting rights.",
        "spans": [
          "Those who oppose giving prisoners voting rights, like National Association of Police Organizations Executive Director Bill Johnson, argue barring criminals from civic participation is an important part of exacting justice.",
          "“By showing profound disrespect for the law, you lose your privilege to have a say in deciding what the law is,” said Johnson.",
          "He added that convicted felons should prove they have been reformed to \"earn that right back,\" rather than having it automatically restored upon being released from prison."
        ]
      },
      {
        "point_number": 4,
        "point_content": "Advocates for felon voting rights highlight flaws in the criminal justice system and argue voting restrictions silence millions of citizens.",
        "spans": [
          "On the other hand, organizations that advocate for felon voting rights, like the Brennan Center for Justice and the Sentencing Project, point to flaws in the criminal justice system, like the disproportionate incarceration rate of black Americans.",
          "These groups say voting restrictions unfairly silence the voices of millions of U.S. citizens."
        ]
      },
      {
        "point_number": 5,
        "point_content": "Voting rights restoration laws vary widely by state and can be complex and onerous to navigate.",
        "spans": [
          "In Iowa and Kentucky, all ex-felons are permanently barred from voting unless they petition the governor, who has the power to restore voting rights on an individual basis.",
          "The process is “onerous” and few apply, according to the Brennan Center.",
          "In other states, regaining the right to vote after incarceration may depend on the type of crime committed, whether the offender has outstanding debts to the state and whether they have completed parole and probation."
        ]
      },
      {
        "point_number": 6,
        "point_content": "Some states automatically restore voting rights to offenders after release, as in Utah where Lori Lloyd lives.",
        "spans": [
          "Lloyd lives in Utah, one of 15 states where voting rights are automatically restored to both violent and non-violent offenders after they are released from prison."
        ]
      },
      {
        "point_number": 7,
        "point_content": "The debate about prisoner voting rights is influenced by politics and race, not just legal or moral considerations.",
        "spans": [
          "While the discussion about prison voting rights should center on what voting means for our democratic system and an individual's role in society, instead, what it really comes down to is politics and race, according to Neily."
        ]
      },
      {
        "point_number": 8,
        "point_content": "Felony disenfranchisement laws disproportionately affect black Americans and have historical ties to racial discrimination.",
        "spans": [
          "And today, black Americans are four times more likely to lose their voting rights due to a felony conviction than the average American, according to the Sentencing Project.",
          "Those who argue for prisoner voting rights say that from the beginning, felony disenfranchisement laws have been used to keep black people from voting.",
          "Udi Ofer, director of the American Civil Liberty Union's Smart Justice campaign, told Business Insider that many state laws restricting the voting rights of convicts date back to the Jim Crow era."
        ]
      },
      {
        "point_number": 9,
        "point_content": "Research shows allowing or disallowing prisoners and ex-felons to vote has little effect on election outcomes.",
        "spans": [
          "But research shows allowing or disallowing prisoners and ex-felons to vote has little effect on election outcomes."
        ]
      },
      {
        "point_number": 10,
        "point_content": "Allowing prisoners and ex-felons to vote may have significant personal and societal benefits, such as fostering citizenship and encouraging criminal justice reform.",
        "spans": [
          "But while allowing inmates and ex-prisoners to vote may not make a big difference politically, it could make a big difference on a personal level.",
          "“When I got out, it made a big difference to be able to vote. It made me feel like a citizen again,” said Matthew, who was arrested in 2000 and incarcerated for 15 years.",
          "Matthew said it’s important for prisoners, who might not have much exposure to education or politics, to learn they can be involved with their government, instead of seeing the government as the enemy.",
          "He added that allowing prisoners to vote could also help spur improvements to the criminal justice system by forcing politicians to answer to a contingency voters within the system."
        ]
      }
    ],
    "clueweb22-en0019-78-16751": [
      {
        "point_number": 1,
        "point_content": "Maine and Vermont remain the only states that allow persons in prison to vote (as well as the Commonwealth of Puerto Rico).",
        "spans": [
          "Maine and Vermont remain the only states that allow persons in prison to vote (as well as the Commonwealth of Puerto Rico)."
        ]
      },
      {
        "point_number": 2,
        "point_content": "Allowing incarcerated individuals to vote can help them obtain true citizenship and encourage positive societal reintegration.",
        "spans": [
          "Whenever we enfranchise the incarcerated population or someone who was once justice-involved, once that individual is fully enfranchised then they can obtain true citizenship…"
        ]
      },
      {
        "point_number": 3,
        "point_content": "Every person, including those in jail, has the inherent right to vote as part of democracy.",
        "spans": [
          "I believe every single person does have the right to vote. Yes, even for terrible people, because once you start chipping away and you say, ‘Well, that guy committed a terrible crime, not going to let him vote. Well, that person did that. Not going to let that person vote,’ you’re running down a slippery slope."
        ]
      },
      {
        "point_number": 4,
        "point_content": "Prisoners retain the right to vote in many democracies, and disenfranchisement is often limited to particular crimes.",
        "spans": [
          "Americans may see it as common sense that you lose your right to vote when you’re imprisoned, but in many democracies prisoners retain the right to vote. When that right is revoked, it’s only for particular crimes (in Germany, it’s for ‘targeting’ the ‘democratic order’), and often there is a good deal of judicial discretion."
        ]
      },
      {
        "point_number": 5,
        "point_content": "Allowing prisoners to vote can help address racial disparities and maintain community ties, aiding reintegration.",
        "spans": [
          "Racial disparities in criminal enforcement and sentencing means disenfranchisement falls heaviest on black communities. This is not just a direct blow to prisoners’ electoral power; it also ripples outward, depressing political participation among their friends, families and acquaintances. On the other end, suffrage in prison may help incarcerated people maintain valuable links to their communities, which might smooth the transition process once they’re released."
        ]
      },
      {
        "point_number": 6,
        "point_content": "Allowing prisoners to vote removes incentives for prison gerrymandering and addresses structural political disparities.",
        "spans": [
          "The most important consequence of allowing prisoners to vote is that it would remove the incentives for ‘prison gerrymandering.’ In most U.S. states, prisoners are counted by the census based on where they are incarcerated, not where they are registered to vote."
        ]
      },
      {
        "point_number": 7,
        "point_content": "Allowing prisoners to vote can humanize them and improve prison conditions by giving them political power.",
        "spans": [
          "Allowing people in prison to vote and enter national political conversations might be the best way to eliminate the enduring, expensive problem of dangerous prison conditions. That inmates have so little political power has allowed them to be victimized and killed in poorly managed facilities with virtually no political repercussions for those who have designed, funded and essentially administered the current system."
        ]
      },
      {
        "point_number": 8,
        "point_content": "Denying prisoners the right to vote may undermine respect for the rule of law and social ties.",
        "spans": [
          "Denying prisoners the right to vote is likely to undermine respect for the rule of law since citizens who cannot participate in the making of laws will probably not recognize their authority. Allowing prisoners to vote, by contrast, may strengthen their social ties and commitment to the common good, thus promoting legally responsible participation in civil society."
        ]
      },
      {
        "point_number": 9,
        "point_content": "Restrictions on fundamental rights like voting must be justified and are generally retained by inmates unless necessary for prison administration.",
        "spans": [
          "A series of court rulings has established that restrictions on fundamental rights must be justified, rather than imposed arbitrarily on inmates…. Where rights such as access to the courts or to free expression are not clearly part of the punishment or necessary for prison administration, they are generally retained by inmates… Allowing voting provides a costless way of allowing them to practice citizenship."
        ]
      },
      {
        "point_number": 10,
        "point_content": "Voting is a fundamental right and taking it away because of a crime is unjust.",
        "spans": [
          "Voting is not a privilege, it is a fundamental right in any society that desires to serve the interests of its people. And to take it away because you’ve committed a crime is unjust."
        ]
      },
      {
        "point_number": 11,
        "point_content": "Felons should not be able to vote before completing their sentences and showing remorse.",
        "spans": [
          "Felons should not be able to cancel out their victims’ votes before they’ve completed their sentences, shown some remorse for their crimes, and made whatever court-ordered restitution is required. This is only fair."
        ]
      },
      {
        "point_number": 12,
        "point_content": "Citizens who have no respect for laws should not have a hand in their authorship, implying prisoners should not vote.",
        "spans": [
          "Apart from the shocking imagery of the wretched marathon bomber casting a vote, we must ask ourselves if citizens who have no respect for the laws of the land should have a hand in their authorship."
        ]
      },
      {
        "point_number": 13,
        "point_content": "Allowing felons to vote from prison could create a loyal voting bloc for certain political parties.",
        "spans": [
          "If Democrats fight for and achieve felon enfranchisement, they can count on having an even more loyal voting bloc."
        ]
      },
      {
        "point_number": 14,
        "point_content": "Prison is meant to be a punishment, including loss of democratic rights for the duration of the sentence.",
        "spans": [
          "Prison is meant to be a punishment. A custodial sentence has always resulted in loss of freedom and loss of democratic rights for the duration of a prisoner’s sentence."
        ]
      },
      {
        "point_number": 15,
        "point_content": "Voting rights for prisoners could create tensions and violence during elections.",
        "spans": [
          "But whatever the circumstances in whatever the prison voting rights are bound to create tensions, dramas and probably excuses for inmate-to-inmate violence at General Election time."
        ]
      },
      {
        "point_number": 16,
        "point_content": "Felons have shown untrustworthiness to lose voting rights while in prison, but distinctions can be made after release.",
        "spans": [
          "It seems to me perfectly fine to say that all felons have shown at least enough untrustworthiness to lose their right to vote while in prison. Once they are out, then states can make case-by-case distinctions between murderers, drug dealers, and the like."
        ]
      }
    ],
    "clueweb22-en0017-59-07072": [
      {
        "point_number": 1,
        "point_content": "Prisoners remain human beings. We should respect their human rights and should infringe upon their liberty as little as possible, except for the protection of the public. Denying prisoners the right to vote does not protect the public and is therefore an unwarranted infringement upon the human rights of prisoners.",
        "spans": [
          "Prisoners remain human beings. We should respect their human rights and should infringe upon their liberty as little as possible, except for the protection of the public. Denying prisoners the right to vote does not protect the public and is therefore an unwarranted infringement upon the human rights of prisoners."
        ]
      },
      {
        "point_number": 2,
        "point_content": "People who have been sent to prison are rightly condemned to “civic death”: they are shut away not only to protect society, but also to symbolise society’s disgust at their acts. Those who offend against the common good of society should have no right to contribute to the governance of society.",
        "spans": [
          "People who have been sent to prison are rightly condemned to “civic death”: they are shut away not only to protect society, but also to symbolise society’s disgust at their acts. Although prisoners are no longer executed in many jurisdictions, the idea of “civic death” is that they lose the rights of citizens without dying in a literal sense. Those who offend against the common good of society should have no right to contribute to the governance of society."
        ]
      },
      {
        "point_number": 3,
        "point_content": "The views and needs of prisoners are currently not represented. Issues such as prison overcrowding and abuse by warders are not treated seriously as political issues, since those most directly affected cannot vote and the public generally has little interest in prisoners’ well-being.",
        "spans": [
          "The views and needs of prisoners are currently not represented. Issues such as prison overcrowding and abuse by warders are not treated seriously as political issues, since those most directly affected cannot vote and the public generally has little interest in prisoners’ well-being."
        ]
      },
      {
        "point_number": 4,
        "point_content": "Prisoners should have the opportunity to influence the formation of policy on healthcare, education, the environment and all the other issues that affect the world into which almost all of them will some day be released.",
        "spans": [
          "Prisoners should also have the opportunity to influence the formation of policy on healthcare, education, the environment and all the other issues that affect the world into which almost all of them will some day be released."
        ]
      },
      {
        "point_number": 5,
        "point_content": "Prisoners are liable for taxation on any earnings and savings that they have. There should be no taxation without representation.",
        "spans": [
          "Prisoners are not treated as “civically dead” when it benefits the State: they are liable for taxation on any earnings and savings that they have. There should be no taxation without representation."
        ]
      },
      {
        "point_number": 6,
        "point_content": "Those convicted of serious enough crimes to be imprisoned have shown that they have no respect for society and therefore cannot be trusted to vote responsibly in the interests of society.",
        "spans": [
          "Those convicted of serious enough crimes to be imprisoned have shown that they have no respect for society. They therefore cannot be trusted to vote responsibly in the interests of society; many would probably simply vote for candidates promising lighter sentences for criminals."
        ]
      },
      {
        "point_number": 7,
        "point_content": "Giving prisoners the vote would aid their rehabilitation, which is essential if they are to avoid re-offending after being released.",
        "spans": [
          "Giving prisoners the vote would aid their rehabilitation, which is essential if they are to avoid re-offending after being released."
        ]
      },
      {
        "point_number": 8,
        "point_content": "Denying prisoners the vote implies that they are sub-human: this damages their dignity and sense of self-worth, undermining efforts to help them control their behaviour.",
        "spans": [
          "Denying prisoners the vote implies that they are sub-human: this damages their dignity and sense of self-worth, undermining efforts to help them control their behaviour."
        ]
      },
      {
        "point_number": 9,
        "point_content": "Voting encourages prisoners to take an interest in current affairs, which will aid their reintegration into society.",
        "spans": [
          "Voting encourages prisoners to take an interest in current affairs, which will aid their reintegration into society."
        ]
      },
      {
        "point_number": 10,
        "point_content": "Few, if any, people are deterred from crime by the prospect of being unable to vote. People are deterred from committing crimes by the prospects of their movement being restricted and of being separated from loved ones.",
        "spans": [
          "Few, if any, people are deterred from crime by the prospect of being unable to vote. People are deterred from committing crimes by the prospects of their movement being restricted and of being separated from loved ones."
        ]
      },
      {
        "point_number": 11,
        "point_content": "Linking a ban on voting to imprisonment is arbitrary. Many people who commit serious crimes are not sent to prison, because of their age, the effects upon their dependents or the likelihood that they will not re-offend.",
        "spans": [
          "Linking a ban on voting to imprisonment is arbitrary. Many people who commit serious crimes are not sent to prison, because of their age, the effects upon their dependents or the likelihood that they will not re-offend."
        ]
      },
      {
        "point_number": 12,
        "point_content": "At the moment, anyone who is serving a custodial sentence at the time of an election is unable to take part, regardless of the crime for which they were sentenced, or for how long they have been sentenced to prison.",
        "spans": [
          "At the moment, anyone who is serving a custodial sentence at the time of an election is unable to take part, regardless of the crime for which they were sentenced, or for how long they have been sentenced to prison."
        ]
      },
      {
        "point_number": 13,
        "point_content": "By committing those acts you have broken the law of society and should not have the benefit of those laws for the duration of their custodial punishment.",
        "spans": [
          "But the whole point is, that regardless of the crime, from murder to theft to minor violence, by committing those acts you have broken the law of society. You have said that you do not wish to comply with the laws of society. Well, if criminals do not want to have the burden of the laws, then neither should they have the benefit of those laws for the duration of their custodial punishment."
        ]
      }
    ],
    "clueweb22-en0007-17-03630": [
      {
        "point_number": 1,
        "point_content": "Many other countries allow prisoners to vote, and Vermont and Maine are the only two states in the US that allow prison inmates to vote.",
        "spans": [
          "Many other countries allow prisoners to vote.",
          "Sanders’ home state of Vermont is one of two states that allow prison inmates to vote. (The other is Maine.)"
        ]
      },
      {
        "point_number": 2,
        "point_content": "Banning prisoners from voting disenfranchises them as citizens and violates their First Amendment rights, disconnecting them from their community.",
        "spans": [
          "Banning people from voting disenfranchises them as citizens.",
          "any disenfranchisement, even while serving a prison sentence, violates an individual’s First Amendment rights and disconnects individuals from their community."
        ]
      },
      {
        "point_number": 3,
        "point_content": "Voting is a fundamental democratic right and a form of speech protected by the First Amendment.",
        "spans": [
          "To vote is to have a voice in elections, which is fundamental to our democracy.",
          "which makes the act of voting a form of speech that should be classified as speech protected by the First Amendment."
        ]
      },
      {
        "point_number": 4,
        "point_content": "Incarcerated individuals in Vermont vote by absentee ballot in their community of residence prior to incarceration, and they express gratitude for the opportunity to remain involved in local and state matters.",
        "spans": [
          "Incarcerated Vermonters vote by early voter absentee ballot in the election at the individual’s place of residence prior to incarceration, the community where the individual expects to return after their sentence is served.",
          "The incarcerated individuals I assisted, who represent 45 Vermont towns, expressed gratitude for the opportunity to remain involved in local and state-level matters."
        ]
      },
      {
        "point_number": 5,
        "point_content": "Allowing prisoners to vote may help their reintegration into the community and support rehabilitation, creating a sense of connection and community.",
        "spans": [
          "As recognized by the Vermont Department of Corrections, correctional recidivism is influenced by an individual’s reintegration into the community and the community’s willingness to support people in their rehabilitation, among other factors.",
          "When an individual feels that the larger community sees them as more than the offense they committed, a new sense of connection is created."
        ]
      },
      {
        "point_number": 6,
        "point_content": "The Fourteenth Amendment allows states to restrict voting rights for participation in crime, and most states restrict voting rights for felons while incarcerated.",
        "spans": [
          "Section 2 of the Fourteenth Amendment specifically provides that states may abridge the right to vote of citizens “for participation in rebellion, or other crime”",
          "All but two states, Maine and Vermont, take away the right of felons to vote when they are convicted and are serving their sentences."
        ]
      },
      {
        "point_number": 7,
        "point_content": "Felons have chosen to violate laws and therefore should not have the right to vote while incarcerated, as voting is choosing those who make and enforce laws.",
        "spans": [
          "felons are deprived of their ability to vote because of “their own decision to commit an act for which they assume the risks of detection and punishment.”",
          "Those who are not willing to follow the law cannot claim a right to choose those who will make and enforce the laws for everyone else."
        ]
      },
      {
        "point_number": 8,
        "point_content": "Allowing incarcerated felons to vote could harm law-abiding citizens, especially in high-crime, poor, and minority areas.",
        "spans": [
          "And who will be hurt the most by allowing incarcerated felons to vote? It is law-abiding citizens in high-crime areas where people are often disproportionately poor and minority."
        ]
      },
      {
        "point_number": 9,
        "point_content": "Most states restore voting rights after release and completion of parole or probation, which is reasonable to ensure rehabilitation before voting rights are restored.",
        "spans": [
          "Most states restore the right to vote once the felon is out of prison and has completed any required parole or probation, although some states also have a waiting period beyond that because of high recidivism rates.",
          "The right to vote should not be restored until felons have been released and shown that they really have learned their lesson, turned over a new leaf, and are now willing to abide by the rules under which we all live."
        ]
      }
    ],
    "clueweb22-en0012-27-17434": [
      {
        "point_number": 1,
        "point_content": "As of December 2019, two states, Maine and Vermont, allowed felons to vote while incarcerated.",
        "spans": [
          "As of December 2019, two states, Maine and Vermont, allowed felons to vote while incarcerated."
        ]
      },
      {
        "point_number": 2,
        "point_content": "Supporters argue that voting is a right of citizenship, felony disenfranchisement disproportionately impacts minorities, and voting could help prisoners protect themselves.",
        "spans": [
          "Supporters of allowing felons to vote while incarcerated argue that voting is a right of citizenship, that felony disenfranchisement disproportionately impacts minorities, and that voting could help prisoners protect themselves."
        ]
      },
      {
        "point_number": 3,
        "point_content": "Opponents argue that voting is a privilege, not an absolute right, that losing freedom includes losing the right to vote, and felons have not paid their debt to society.",
        "spans": [
          "Opponents of allowing felons to vote while incarcerated argue that voting is a privilege, not an absolute right of citizenship, that part of losing freedom while incarcerated is losing the right to vote, and that incarcerated felons should not vote because they have not paid their debt to society."
        ]
      },
      {
        "point_number": 4,
        "point_content": "Voting rights for convicted felons vary substantially from state to state; most states do not allow voting while incarcerated but restore rights after release or parole.",
        "spans": [
          "Voting rights for convicted felons vary substantially from state to state. As of August 2020, two states, Maine and Vermont, allowed felons to vote while incarcerated. In the other 48 states, felons could not vote while incarcerated but could regain the right to vote at some point after their release. Seventeen states automatically restored voting rights after release from incarceration, and the rest restored voting rights at a different point, such as completion of probation or parole."
        ]
      },
      {
        "point_number": 5,
        "point_content": "Voting is considered by some supporters as an inalienable and universal right of all American citizens 18 years and older, regardless of incarceration.",
        "spans": [
          "If we are serious about calling ourselves a democracy, we must firmly establish that the right to vote is an inalienable and universal principle that applies to all American citizens 18 years and older. Period. As American citizens all of us are entitled to freedom of speech, freedom of religion, freedom of assembly and all the other freedoms enshrined in our Bill of Rights. We are also entitled to vote. ... At a time when voting suppression is taking place all across the country, we must make it clear that casting a ballot for American citizens is not a privilege. It is a right. If you’re an American citizen who is 18 years or older you must be able to vote, whether you're in jail or not."
        ]
      },
      {
        "point_number": 6,
        "point_content": "Felony disenfranchisement disproportionately impacts minorities, particularly African-American and Latin-x citizens.",
        "spans": [
          "The African-American and Latin-x citizens in our communities are the predominant demographic targeted by the archaic law of disenfranchisement, and preventing those with felony convictions from voting is a maneuver to disempower black voters."
        ]
      },
      {
        "point_number": 7,
        "point_content": "Allowing prisoners to vote might help address dangerous prison conditions by giving inmates political power.",
        "spans": [
          "Perhaps more importantly than the fairness argument is that allowing people in prison to vote and enter national political conversations might be the best way to eliminate the enduring, expensive problem of dangerous prison conditions. That inmates have so little political power has allowed them to be victimized and killed in poorly managed facilities with virtually no political repercussions for those who have designed, funded and essentially administered the current system."
        ]
      },
      {
        "point_number": 8,
        "point_content": "Opponents argue voting is a privilege reserved for those who abide by the social contract, excluding felons who have broken laws.",
        "spans": [
          "Voting is a privilege; a privilege properly exercised at the voting booth, not from a prison cell. States have a significant interest in reserving the vote for those who have abided by the social contract that forms the foundation of a representative democracy. We are talking about rapists, murderers, robbers, and even terrorists or spies."
        ]
      },
      {
        "point_number": 9,
        "point_content": "Part of the punishment of incarceration is losing certain rights, including the right to vote, until the sentence is served.",
        "spans": [
          "Part of the punishment when you’re convicted of a crime and you’re incarcerated is that you lose certain rights, you lose your freedom … I think during that period it does not make sense to have an exception for the right to vote."
        ]
      },
      {
        "point_number": 10,
        "point_content": "Felons should not vote while incarcerated because they have not yet paid their debt to society.",
        "spans": [
          "An argument can be made that felons who have paid their debt to society have earned a degree of reinstatement and enfranchisement back into that society, but criminals like [Dzhokhar] Tsarnaev have not remitted such payment — their transaction is still in progress."
        ]
      }
    ],
    "clueweb22-en0037-86-07185": [
      {
        "point_number": 1,
        "point_content": "As extreme as is our rate of incarceration in the United States, so too are our felony disenfranchisement laws by the standards of comparable nations.",
        "spans": [
          "As extreme as is our rate of incarceration in the United States, so too are our felony disenfranchisement laws by the standards of comparable nations."
        ]
      },
      {
        "point_number": 2,
        "point_content": "As of 2016, an estimated 6.1 million people were denied the right to vote due to a current or previous felony conviction. Of this total 1.3 million were incarcerated in state or federal prisons.",
        "spans": [
          "As of 2016, an estimated 6.1 million people were denied the right to vote due to a current or previous felony conviction. Of this total 1.3 million were incarcerated in state or federal prisons."
        ]
      },
      {
        "point_number": 3,
        "point_content": "Allowing people in prison to vote would both benefit public safety goals and enhance 21st century democracy.",
        "spans": [
          "Allowing people in prison to vote would both benefit public safety goals and enhance 21st century democracy."
        ]
      },
      {
        "point_number": 4,
        "point_content": "Disenfranchising those in prison is counterproductive for public safety because 95 percent of these people will return home someday.",
        "spans": [
          "Disenfranchising those in prison is counterproductive for public safety because 95 percent of these people will return home someday."
        ]
      },
      {
        "point_number": 5,
        "point_content": "Individuals who have strong connections to the community are more likely to be successful in re-entry, and engagement in the political process provides an avenue for a connection to the health of the broader community.",
        "spans": [
          "individuals who have strong connections to the community are more likely to be successful.",
          "engagement in the political process provides an avenue for a connection to the health of the broader community."
        ]
      },
      {
        "point_number": 6,
        "point_content": "Being convicted of a felony is not a valid indicator of being untrustworthy to be part of the electorate, as this leads to a diminished pool of voters.",
        "spans": [
          "Some critics of prisoner voting contend that being convicted of a felony is an indicator of being “untrustworthy” to being part of the electorate.",
          "This type of character test is a slippery slope that can only lead to a diminished pool of voters."
        ]
      },
      {
        "point_number": 7,
        "point_content": "Convicted individuals generally maintain their basic rights, including rights such as marriage, property ownership, and free speech, even while incarcerated.",
        "spans": [
          "Convicted individuals may be sentenced to prison, but they generally maintain their basic rights.",
          "So even if someone is held in a maximum security prison cell he or she still has the right to get married or divorced, or to buy or sell property.",
          "And to the extent that voting can be conceived as an expression of free speech, consider that a prisoner may submit an op-ed article to a newspaper and have it published, perhaps with greater impact than casting a single vote."
        ]
      },
      {
        "point_number": 8,
        "point_content": "The concern that prisoners voting would create a 'pro-crime' voting bloc is unfounded and not a threat to public safety.",
        "spans": [
          "Disenfranchisement proponents sometimes raise the specter of a prisoners’ “voting bloc” that would run counter to the interests of the “law-abiding public.”",
          "The fallacy of such a scenario should be obvious.",
          "This fanciful concern is hardly a threat to public safety."
        ]
      },
      {
        "point_number": 9,
        "point_content": "Prisoners have a range of political opinions similar to the outside world, and their perspectives on the criminal justice system should be considered in elections.",
        "spans": [
          "what I hear inside is a range of opinion as broad as in the outside world.",
          "prisoner political affiliations and beliefs span the spectrum of public opinion.",
          "And to the extent that prisoners have strong feelings about the criminal justice system, should that not factor in to the electoral arena?"
        ]
      },
      {
        "point_number": 10,
        "point_content": "Even despised prisoners, such as terrorists, have been ruled by courts to have the right to vote, separating contempt for their acts from respect for their rights.",
        "spans": [
          "Critics of Sanders’ proposal charge that this would grant voting rights to terrorists in prison.",
          "Yet the court ruled on behalf of his and other prisoners’ right to vote, concluding that the nation must separate “contempt for this act” from “respect for his right.”"
        ]
      },
      {
        "point_number": 11,
        "point_content": "Historically, many groups were denied the right to vote, but over time these exclusions have been remedied; prisoners are the last remaining group denied voting rights and should be enfranchised.",
        "spans": [
          "When this nation was founded as an experiment in democracy two centuries ago it was a very limited experiment.",
          "Women weren’t permitted to vote, nor African Americans, or people who were poor or illiterate.",
          "It’s now long past time to remedy the exclusion of the last remaining group of citizens who are denied the right to vote."
        ]
      }
    ],
    "clueweb22-en0037-84-13728": [
      {
        "point_number": 1,
        "point_content": "The right to vote is linked to many other significant rights and principles, such as that of equality and justice, and should not be denied to eligible citizens, including prisoners.",
        "spans": [
          "The right to vote is linked to many other significant rights and principles, such as that of equality and justice. It should not be denied to eligible citizens, including those who have infringed on the rights of others."
        ]
      },
      {
        "point_number": 2,
        "point_content": "Prisoners should be allowed the right to vote as it is crucial to democracy and denying it is based on a gross overgeneralization.",
        "spans": [
          "Prisoners should be allowed the right to vote, as this right is crucial to our classification as a democracy. The primary argument denying prisoners this right is based on a gross overgeneralization, and prisoners’ voices matter."
        ]
      },
      {
        "point_number": 3,
        "point_content": "Denying prisoners the right to vote can lead to a dangerous slippery slope and prisoners retain other rights such as free speech and religion.",
        "spans": [
          "The denial of this right to any citizen, prisoners included, can lead to a dangerous slippery slope in terms of consequences. We do not deny prisoners the right to free speech or religion, nor do we deny them the right to equal justice."
        ]
      },
      {
        "point_number": 4,
        "point_content": "The argument that prisoners forfeit their rights because they infringed on others' rights is a gross generalization and does not consider minor or mala prohibita crimes.",
        "spans": [
          "The primary argument against allowing prisoners the right to vote, that when one infringes on the right of another, he or she forgoes his or her own rights, is based on a gross generalization. This argument fails to take into account the significant number of prisoners who are incarcerated because of minor crimes or crimes that are mala prohibita: wrong not in itself but because it is prohibited by law."
        ]
      },
      {
        "point_number": 5,
        "point_content": "Prisoners' voices are important for advancing a criminal justice system based on rehabilitation and reintegration, and denying them the vote marginalizes over-represented populations.",
        "spans": [
          "Prisoners’ voices are essential to the advancement of our criminal justice system. It can make possible a system that is based on rehabilitation and reintegration instead of one based on retribution.",
          "Denying prisoners the right to vote marginalizes whole segments of the population that are over-represented in our prison cells."
        ]
      }
    ],
    "clueweb22-en0005-53-10723": [
      {
        "point_number": 1,
        "point_content": "Denying voting rights to criminals who receive a custodial sentence is dehumanising and hinders rehabilitation.",
        "spans": [
          "Denying voting rights to criminals who receive a custodial sentence is dehumanising and hinders rehabilitation"
        ]
      },
      {
        "point_number": 2,
        "point_content": "A prisoner's rehabilitation as a safe, responsible and productive member of society must include the most basic right of democratic process – the right to choose who governs us.",
        "spans": [
          "A prisoner's rehabilitation as a safe, responsible and productive member of society must include the most basic right of democratic process – the right to choose who governs us"
        ]
      },
      {
        "point_number": 3,
        "point_content": "Currently, if individuals are convicted of a crime but not given a custodial sentence they are still allowed to vote; why should they be treated differently from convicted criminals who are locked up?",
        "spans": [
          "Currently, if individuals are convicted of a crime but not given a custodial sentence they are still allowed to vote; why should they be treated differently from convicted criminals who are locked up?"
        ]
      },
      {
        "point_number": 4,
        "point_content": "We must not confuse a criminal conviction and subsequent removal from society with a need to remove the essential human right to vote.",
        "spans": [
          "We must not confuse a criminal conviction and subsequent removal from society (an often essential part of the process of rehabilitation) with a need to remove the essential human right to vote"
        ]
      },
      {
        "point_number": 5,
        "point_content": "The recent EU decision insists that the UK gives the vote to its prisoners.",
        "spans": [
          "This was the basis of the recent EU decision to insist that the UK gives the vote to its prisoners"
        ]
      },
      {
        "point_number": 6,
        "point_content": "Some European countries have no ban on prisoner voting rights, while others base disqualification on crime or sentence length.",
        "spans": [
          "Denmark, Sweden and Switzerland have no ban on prisoner voting rights. In 13 other European countries, electoral disqualification depends on the crime committed or the length of the sentence"
        ]
      },
      {
        "point_number": 7,
        "point_content": "A system similar to the 1983 Mental Health Act's individual assessment could be used to decide prisoner voting rights based on nature and severity of crime.",
        "spans": [
          "The 1983 Mental Health Act uses a system of individual assessment to determine a patient's eligibility to vote. Perhaps, using a similar system, the decision to allow prisoner voting rights could be based on the nature and severity of their crime?"
        ]
      },
      {
        "point_number": 8,
        "point_content": "Giving voting rights to prisoners might encourage politicians to address prisoners' rights and rehabilitation seriously, potentially reducing reoffending rates.",
        "spans": [
          "Perhaps if voting rights were given to UK prisoners, politicians would take the rights, needs and interests of some 90,000 inmates more seriously. They would need to canvas inside prisons for votes and listen to the voices of the wide range of citizens we have behind bars. Part of this canvassing could involve a genuine focus on the long-term rehabilitation of the individual. This in turn could lead to reduced reoffending rates and maybe, just maybe, a society with fewer criminals and fewer prisoners"
        ]
      }
    ],
    "clueweb22-en0030-54-10280": [
      {
        "point_number": 1,
        "point_content": "Prisoners are often denied the right to vote because they have been stripped of their rights as citizens and are cut off from civic engagement.",
        "spans": [
          "The reason prisoners, in many states, are not allowed to vote is because these are people who have been stripped of their rights as citizens. Being in prison means you are cut off from civic engagement."
        ]
      },
      {
        "point_number": 2,
        "point_content": "Voting is a democratic right earned with citizenship and represents having a stake in society, which prisoners do not have in the same way as free citizens.",
        "spans": [
          "Voting is not a basic necessity, like being able to eat or go to the toilet. It is a democratic right that is earned with the rights of citizenship.",
          "Voting is not just about putting a cross in a box. It is about having a stake in society, recognised in your ability to exercise power. Prisoners do not have the same stake in society as the rest of us."
        ]
      },
      {
        "point_number": 3,
        "point_content": "Allowing prisoners to vote would be perverse as it would mean politicians chasing the votes of people convicted of serious crimes.",
        "spans": [
          "Allowing prisoners to vote would mean politicians chasing the votes of people convicted of serious crimes – that would be perverse."
        ]
      },
      {
        "point_number": 4,
        "point_content": "It is important to distinguish between serving prisoners and those who have served their time; the latter should have their voting rights restored as an expression of redemption.",
        "spans": [
          "This is why it is important to distinguish between those who have served their time and those who are still incarcerated.",
          "Once an individual has completed his punishment, we should definitely restore his status as an equal citizen and allow him to participate in public life again. This is an expression of the power of redemption."
        ]
      },
      {
        "point_number": 5,
        "point_content": "Denying ex-prisoners the right to vote after serving their sentence is unnecessarily punitive and inhumane.",
        "spans": [
          "Denying someone who has served their sentence the right to reclaim their role as a citizen – as expressed most clearly in having the right to vote – is unnecessarily punitive and inhumane."
        ]
      },
      {
        "point_number": 6,
        "point_content": "The debate about prisoners' voting rights balances citizenship and redemption; it is right to prevent serving prisoners from voting but wrong to prevent ex-prisoners from voting.",
        "spans": [
          "The prisoners’ votes debate is about the balance between citizenship and redemption. It is right to prevent serving prisoners from voting, but it is wrong to prevent freed ex-cons from doing so."
        ]
      }
    ],
    "clueweb22-en0043-04-13335": [
      {
        "point_number": 1,
        "point_content": "Prisoners remain citizens while incarcerated and should be included in society through enfranchisement.",
        "spans": [
          "prisoners remain citizens while incarcerated",
          "marks their inclusion in society"
        ]
      },
      {
        "point_number": 2,
        "point_content": "Without the vote prisoners remain in a state of civil death, which is inappropriate in a modern democratic society.",
        "spans": [
          "Without the vote they remain in a state of civil death which, as the European Court of Human Rights said in Hirst v United Kingdom, is inappropriate in a modern society committed to the principles of democracy and equality"
        ]
      },
      {
        "point_number": 3,
        "point_content": "International human rights standards, such as Article 25 of the International Covenant of Civil and Political Rights, stipulate that all citizens have the right to vote.",
        "spans": [
          "Article 25 of the International Covenant of Civil and Political Rights stipulates that all citizens have the right to vote"
        ]
      },
      {
        "point_number": 4,
        "point_content": "Participation in the democratic process can promote civic responsibility and encourage prisoners to see themselves as citizens with obligations and benefits.",
        "spans": [
          "Participation in the democratic process would promote civic responsibility by encouraging prisoners to see themselves as citizens and reminding them that citizenship involves obligations or burdens as well as well as benefits"
        ]
      },
      {
        "point_number": 5,
        "point_content": "Prisoners are already punished by imprisonment, and further loss of the right to vote is difficult to justify and disproportionate.",
        "spans": [
          "Prisoners are already receiving their ‘just deserts’ by imprisonment and a further loss of the right to vote is difficult to justify and disproportionate"
        ]
      },
      {
        "point_number": 6,
        "point_content": "Disenfranchisement of prisoners is arbitrary, unrelated to the gravity of the offence, and unlikely to deter crime.",
        "spans": [
          "In most cases this ‘punishment’ bears no relation to the gravity of the offence committed, or the type of crime",
          "It is arbitrary as its execution will depend on the timing of the election",
          "It is also unlikely that disenfranchisement constitutes a significant deterrent to offenders, or the wider public, compared to the prospect of incarceration"
        ]
      },
      {
        "point_number": 7,
        "point_content": "Allowing prisoners to vote by post in their original place of residence can prevent risks to election outcomes and is manageable.",
        "spans": [
          "Any danger of prisoners voting in a bloc and affecting the outcome of elections in marginal seats can be averted by allowing them to vote by post in their original place of residence",
          "There is no risk to the public and indeed it is easier to manage postal voting in prison than outside"
        ]
      },
      {
        "point_number": 8,
        "point_content": "Remand prisoners are already permitted to vote with no adverse effects, and the Electoral Commission supports arrangements for prisoner voting.",
        "spans": [
          "Remand prisoners are already permitted to vote with no adverse effects",
          "The Electoral Commission has considered proposed arrangements for prisoner voting and is confident that they are appropriate and will maintain the integrity of the process"
        ]
      },
      {
        "point_number": 9,
        "point_content": "The global trend is towards enfranchisement of prisoners, with countries like South Africa and Ireland allowing prisoner voting without ill effects.",
        "spans": [
          "the overall trend worldwide is towards enfranchisement rather than disenfranchisement",
          "Other states including South Africa and, closer to home, the Republic of Ireland, have given prisoners the vote with no ill effects"
        ]
      },
      {
        "point_number": 10,
        "point_content": "Rejecting the European Court of Human Rights ruling on prisoner voting undermines the UK's reputation for human rights and rule of law.",
        "spans": [
          "if the UK rejects the Strasbourg Court's ruling to amend the current ban, it undermines its reputation as a state committed to respect for human rights and the rule of law"
        ]
      },
      {
        "point_number": 11,
        "point_content": "Historically, democratic movements have excluded prisoners from voting because the vote was a means for the politically unfree to consent to rule, which prisoners cannot do.",
        "spans": [
          "every significant movement in Britain's centuries-long struggle for suffrage, from the Levellers to the Suffragettes, explicitly stated the vote should be withheld from prisoners",
          "The reason why it didn't make sense to give prisoners the vote was because of what the vote meant",
          "It was a means for the hitherto politically unfree, be they wage labourers or indentured servants, to consent actively to a form of rule as opposed to having it arbitrarily imposed upon them, that is, a bit like being in prison"
        ]
      },
      {
        "point_number": 12,
        "point_content": "Prisoners themselves have shown little interest in voting, and the campaign for prisoner voting originated from outside the prisoner population.",
        "spans": [
          "prisoners themselves have shown little interest in wanting to vote",
          "the campaign for the prisoners’ vote didn't originate among the disenfranchised themselves, in this case, prisoners"
        ]
      },
      {
        "point_number": 13,
        "point_content": "The current campaign for prisoner voting is led by elites and the European Court of Human Rights, which undermines democratic institutions.",
        "spans": [
          "the ECHR, which systematically undermines democratic institutions, is at its vanguard"
        ]
      },
      {
        "point_number": 14,
        "point_content": "The vote is reduced by proponents to a therapeutic tool to raise prisoners' self-esteem rather than a means to participate in society.",
        "spans": [
          "the vote is reduced to a therapeutic tool, a means to make the incarcerated feel better about themselves, a means to raise prisoners’ self-esteem, to make them feel part of the society from which they have removed"
        ]
      },
      {
        "point_number": 15,
        "point_content": "Disenfranchisement is a form of ‘civil death’ with social costs, disproportionately affecting ethnic minorities and leading to inequality and injustice.",
        "spans": [
          "Disenfranchisement is a form of ‘civil death’ that has social costs",
          "Prisoner disenfranchisement disproportionately affects ethnic minorities who are over-represented in the prison population, leading to the inequality and disempowerment of these groups",
          "It is automatically imposed on those in prison rather than by the courts on a case by case basis and so is not proportionate to the crime",
          "It also punishes those yet to be convicted or sentenced",
          "All of which leads to unfairness and injustice"
        ]
      },
      {
        "point_number": 16,
        "point_content": "There is no evidence that denying prisoners the right to vote helps with their reformation and social rehabilitation.",
        "spans": [
          "There is no evidence that denying prisoners the right to the vote helps to achieve these goals"
        ]
      },
      {
        "point_number": 17,
        "point_content": "Allowing prisoners to vote could have psychological and social benefits, such as enabling them to see themselves as responsible citizens and stimulating debate on penal reform.",
        "spans": [
          "the right to vote could enable prisoners to perceive themselves as useful, responsible, trusted and law abiding citizens",
          "Enfranchising prisoners could stimulate debate on penal reform, as well as demonstrate a commitment to human and civil rights and democratic reform"
        ]
      }
    ],
    "clueweb22-en0010-53-11926": [
      {
        "point_number": 1,
        "point_content": "Felons should be allowed to vote — but not until they have completed their sentences (including any period of probation or supervised release), paid at least a part of any court-ordered restitution to their victims, and proven they are now willing to abide by the rules implemented by society.",
        "spans": [
          "Felons should be allowed to vote — but not until they have completed their sentences (including any period of probation or supervised release), paid at least a part of any court-ordered restitution to their victims, and proven they are now willing to abide by the rules implemented by society."
        ]
      },
      {
        "point_number": 2,
        "point_content": "To automatically restore voting rights the moment a felon walks out of prison is not in the best interests of the felon or the public as a whole.",
        "spans": [
          "To automatically restore voting rights the moment a felon walks out of prison is not in the best interests of the felon or the public as a whole."
        ]
      },
      {
        "point_number": 3,
        "point_content": "States should require a waiting period before felons can individually apply to a state review board or the governor’s office to have their rights fully restored.",
        "spans": [
          "states should require a waiting period before felons can individually apply to a state review board or the governor’s office to have their rights fully restored."
        ]
      },
      {
        "point_number": 4,
        "point_content": "Felons lose many other civil rights as well, such as the right to sit on a jury, own a gun, obtain various professional licenses, or work as a public school teacher or law enforcement official in many states.",
        "spans": [
          "felons lose many other civil rights as well, such as the right to sit on a jury, own a gun, obtain various professional licenses, or work as a public school teacher or law enforcement official in many states."
        ]
      },
      {
        "point_number": 5,
        "point_content": "The recidivism rate for felons is extremely high.",
        "spans": [
          "The recidivism rate for felons is extremely high."
        ]
      },
      {
        "point_number": 6,
        "point_content": "The U.S. Justice Department’s Bureau of Justice Statistics found that more than two-thirds of released prisoners were rearrested within three years; three-quarters were rearrested within five years.",
        "spans": [
          "The U.S. Justice Department’s Bureau of Justice Statistics found that more than two-thirds of released prisoners were rearrested within three years; three-quarters were rearrested within five years."
        ]
      },
      {
        "point_number": 7,
        "point_content": "A three- to five-year waiting period gives ex-offenders a real opportunity to “start over” and establish a track record of responsible behavior.",
        "spans": [
          "A three- to five-year waiting period gives ex-offenders a real opportunity to “start over” and establish a track record of responsible behavior."
        ]
      },
      {
        "point_number": 8,
        "point_content": "A three- to five-year track record of law-abiding behavior would demonstrate effective rehabilitation of someone who previously had no compunction about violating the rules of civil society.",
        "spans": [
          "A three- to five-year track record of law-abiding behavior would demonstrate effective rehabilitation of someone who previously had no compunction about violating the rules of civil society."
        ]
      },
      {
        "point_number": 9,
        "point_content": "Automatic reinstatement of voting rights does not allow for this.",
        "spans": [
          "Automatic reinstatement of voting rights does not allow for this."
        ]
      },
      {
        "point_number": 10,
        "point_content": "It would give individuals who have intentionally broken the law the right to help decide, through the ballot box, what those laws should be and how they should be enforced. No showing of rehabilitation is needed.",
        "spans": [
          "Instead, it would give individuals who have intentionally broken the law the right to help decide, through the ballot box, what those laws should be and how they should be enforced. No showing of rehabilitation is needed."
        ]
      },
      {
        "point_number": 11,
        "point_content": "Do murderers, rapists, child molesters and armed robbers really deserve automatic restoration of their rights?",
        "spans": [
          "Do murderers, rapists, child molesters and armed robbers really deserve automatic restoration of their rights?"
        ]
      },
      {
        "point_number": 12,
        "point_content": "They owe society and their victims a debt that can never be repaid.",
        "spans": [
          "They owe society and their victims a debt that can never be repaid."
        ]
      },
      {
        "point_number": 13,
        "point_content": "The claim that felon disenfranchisement provisions are racist is incorrect both factually and historically.",
        "spans": [
          "The claim that felon disenfranchisement provisions are racist is incorrect both factually and historically."
        ]
      },
      {
        "point_number": 14,
        "point_content": "The majority of states restricted felon voting before the Civil War when blacks were unable to vote in most states; at the time they were enacted, such laws applied predominantly, if not exclusively, to white males.",
        "spans": [
          "The majority of states restricted felon voting before the Civil War when blacks were unable to vote in most states; at the time they were enacted, such laws applied predominantly, if not exclusively, to white males."
        ]
      },
      {
        "point_number": 15,
        "point_content": "The Fourteenth Amendment specifically gives states the authority to abridge the right to vote for “participation in rebellion, or other crime.”",
        "spans": [
          "In fact, the Fourteenth Amendment, one of the three Reconstruction amendments, specifically gives states the authority to abridge the right to vote for “participation in rebellion, or other crime.”"
        ]
      },
      {
        "point_number": 16,
        "point_content": "Your race doesn’t cause you to lose your right to vote; it is your decision to break the law.",
        "spans": [
          "Your race doesn’t cause you to lose your right to vote; it is your decision to break the law."
        ]
      },
      {
        "point_number": 17,
        "point_content": "Virginia Gov. Terry McAuliffe granted a blanket restoration of voting rights to more than 200,000 felons, likely violating the state constitution and previous requirements of a waiting period and individualized review.",
        "spans": [
          "Recently, Virginia Gov. Terry McAuliffe took it upon himself to grant a blanket restoration of voting rights — and the right to sit on a jury and run for elective office — to more than 200,000 felons. His executive action likely violates the state constitution as well as the previous requirement of a waiting period and individualized review of petitioners."
        ]
      },
      {
        "point_number": 18,
        "point_content": "McAuliffe apparently has no interest in learning who among the 200,000 has really “turned over a new leaf” and taken responsibility for their actions.",
        "spans": [
          "He apparently has no interest in learning who among the 200,000 has really “turned over a new leaf” and taken responsibility for their actions."
        ]
      },
      {
        "point_number": 19,
        "point_content": "McAuliffe refused to restore felons' Second Amendment right to own or possess a handgun.",
        "spans": [
          "He specifically refused to restore their Second Amendment right to own or possess a handgun."
        ]
      },
      {
        "point_number": 20,
        "point_content": "If felons deserve automatic restoration of their voting rights because they have “paid their debt” and it will help “reintegrate” them into civil society, shouldn’t all their rights be restored?",
        "spans": [
          "If felons deserve automatic restoration of their voting rights because they have “paid their debt” and it will help “reintegrate” them into civil society, shouldn’t all their rights be restored?"
        ]
      },
      {
        "point_number": 21,
        "point_content": "Felons should have the ability and an incentive to prove they deserve to exercise their right to vote, serve on a jury and own a gun, but only after a waiting period and individualized review.",
        "spans": [
          "Felons should have the ability — and an incentive — to prove they deserve to exercise their right to vote, serve on a jury and own a gun. But that can only happen if there is a waiting period after they are back in society and if there is an individualized review of their record."
        ]
      },
      {
        "point_number": 22,
        "point_content": "Many felons will fail to change their ways and reintegrate into civil society and will go back to prison, where an “I voted!” sticker should not be part of the uniform.",
        "spans": [
          "Sadly, we know that all too many of them will fail to change their ways and reintegrate into civil society. Instead, they will go back to prison, where an “I voted!” sticker should not be part of the uniform."
        ]
      }
    ],
    "null": []
  }
}