{
  "question": "why can chinese civilization survive until today?",
  "key_points": {
    "clueweb22-en0008-72-04567": [
      {
        "point_number": 1,
        "point_content": "Diversity sustains an ecosystem when the environment changes, and a diversity of human institutions improves the ability of cultures to adapt to change and survive.",
        "spans": [
          "Diversity sustains an ecosystem when the environment changes, and a diversity of human institutions improves the ability of cultures to adapt to change and survive."
        ]
      },
      {
        "point_number": 2,
        "point_content": "The survival of Chinese civilization for millennia is a consequence of how this huge, economically vibrant nation perceives itself and its global role.",
        "spans": [
          "The survival of Chinese civilization for millennia is a consequence of how this huge, economically vibrant nation perceives itself and its global role."
        ]
      },
      {
        "point_number": 3,
        "point_content": "In contrast with evil western dragons, lóng symbolize harmony through the ability to incorporate a range of ideas, resulting in increased institutional diversity.",
        "spans": [
          "In contrast with evil western dragons, lóng symbolize harmony through the ability to incorporate a range of ideas, resulting in increased institutional diversity."
        ]
      },
      {
        "point_number": 4,
        "point_content": "This diversity has helped Chinese civilization survive many historical crises, and is now sustaining China’s socioeconomic development by promoting a robust, resilient, adaptable, and harmonious system that encourages culture and trade.",
        "spans": [
          "This diversity has helped Chinese civilization survive many historical crises, and is now sustaining China’s socioeconomic development by promoting a robust, resilient, adaptable, and harmonious system that encourages culture and trade."
        ]
      },
      {
        "point_number": 5,
        "point_content": "The acceptance and conservation of institutional diversity will undoubtedly continue to sustain China by encouraging peaceful exchanges among cultures that reduce conflict and by teaching new ways to handle evolving situations.",
        "spans": [
          "The acceptance and conservation of institutional diversity will undoubtedly continue to sustain China by encouraging peaceful exchanges among cultures that reduce conflict and by teaching new ways to handle evolving situations."
        ]
      }
    ],
    "null": [],
    "clueweb22-en0046-71-03515": [
      {
        "point_number": 1,
        "point_content": "Ancient China is responsible for a rich culture, still evident in modern China.",
        "spans": [
          "Ancient China is responsible for a rich culture, still evident in modern China."
        ]
      },
      {
        "point_number": 2,
        "point_content": "From small farming communities rose dynasties such as the Zhou, Qin, and Ming, each contributing to the region's development.",
        "spans": [
          "From small farming communities rose dynasties such as the Zhou (1046-256 B.C.E), Qin (221-206 B.C.E), and Ming (1368-1644 C.E.). Each had its own contribution to the region."
        ]
      },
      {
        "point_number": 3,
        "point_content": "During the Zhou Dynasty, writing was standardized, iron working refined, and famous thinkers like Confucius and Sun-Tzu shared their philosophies.",
        "spans": [
          "During the Zhou Dynasty, for example, writing was standardized, iron working refined, and famous thinkers like Confucius and Sun-Tzu lived and shared their philosophies."
        ]
      },
      {
        "point_number": 4,
        "point_content": "During the Qin Dynasty, Qin Shi Huang commissioned the Terracotta Army, and the Ming Dynasty refurbished the Great Wall to protect the nation from Mongol attacks.",
        "spans": [
          "During the Qin Dynasty, Qin Shi Huang commissioned the Terracotta Army, and the Ming Dynasty refurbished the Great Wall to protect the nation from Mongol attacks."
        ]
      }
    ],
    "clueweb22-en0023-17-15690": [
      {
        "point_number": 1,
        "point_content": "Chinese lifestyle factors important to longevity include healthy diet, physical activity, restorative sleep, social interaction, and stress management.",
        "spans": [
          "The most important lifestyle factors are consistently found to be: healthy diet, physical activity, restorative sleep, social interaction, and stress management."
        ]
      },
      {
        "point_number": 2,
        "point_content": "Chinese diet is healthier compared to American diet, contributing to longevity.",
        "spans": [
          "To begin with, junk food is not nearly as popular in China as in the U.S., and Americans consume much larger amounts of food per person than the Chinese. Americans typically eat more red meat and dairy, and enjoy sugary desserts and junk food for snacks. The Chinese eat more poultry and fish, much less dairy (due in part to a high incidence of lactose intolerance), and prefer fruit for dessert and nuts for snacks."
        ]
      },
      {
        "point_number": 3,
        "point_content": "Chinese people tend to get more sleep than Americans, aided by a cultural penchant for public napping.",
        "spans": [
          "While a 2011 OECD study found the Chinese get more sleep than other reporting countries, including the U.S. (HuffPost, \"Wellness\", 8/24/2013), more recent studies show the sleep gap between the U.S. and China is beginning to narrow.",
          "Perhaps the Chinese penchant for public napping explains how they have managed to keep getting more sleep than Americans. The IKEA superstore in Beijing is known to be a place where Chinese can be found sleeping on the many beds and sofas on display. It's also not uncommon to see people napping on the benches and grassy areas in Beijing's many parks, and even sometimes on the walkways."
        ]
      },
      {
        "point_number": 4,
        "point_content": "Public exercise such as tai chi and group dancing is popular in China and contributes to physical health, stress relief, and social interaction, enhancing longevity.",
        "spans": [
          "Public exercise is popular in China, where groups of people practicing tai chi are ubiquitous.",
          "Group dancing remains my personal favorite activity to watch in China, where it's common to see grannies lined up on the street corners and public squares, grinning as they move to the beat of the tunes blasting from their communal boom box. It's no wonder they're smiling, since they're getting exercise and socializing at the same time, while reducing stress and contributing to their longevity."
        ]
      },
      {
        "point_number": 5,
        "point_content": "Confucian values in Chinese society increase respect for older people, boosting their self-esteem and reducing stress, which increases longevity.",
        "spans": [
          "Given that Chinese society is grounded in Confucian values, the older a person gets, the more respected he or she becomes. This increases a person's self-esteem, which in turn reduces stress and also increases longevity."
        ]
      }
    ],
    "clueweb22-en0041-71-09159": [
      {
        "point_number": 1,
        "point_content": "China had a central, unifying culture built around philosophers such as Confucius and Lao-tse that was attractive to people over a wide land area.",
        "spans": [
          "China (or at least its core) had a central, unifying culture built around philosophers such as Confucius and Lao-tse that was attractive to people over a wide land area."
        ]
      },
      {
        "point_number": 2,
        "point_content": "The Chinese written language was developed from pictograms that represented words, which could have the same meaning over wide land areas despite different pronunciations.",
        "spans": [
          "Also, the Chinese written language was developed from pictograms that represented \"words,\" which although pronounced differently in different locations, could have the same meaning over wide land areas."
        ]
      },
      {
        "point_number": 3,
        "point_content": "The core Chinese culture was widely admired and people on the edges were open to assimilation or sinicization.",
        "spans": [
          "This core culture was widely admired, which is to say that people on the \"edges\" of \"China\" were often open to assimilation or sinicization."
        ]
      },
      {
        "point_number": 4,
        "point_content": "When conquered, China was ruled by more backward but fiercer people such as the Mongols and Manchus who adopted Chinese culture and imposed it on conquered people.",
        "spans": [
          "And the country was fortunate that when conquered, it was by more \"backward\" (but fiercer) people such as the Mongols and Manchus who were glad to adopt Chinese culture, and also impose it on conquered people."
        ]
      },
      {
        "point_number": 5,
        "point_content": "Chinese government focused on centralizing power with reforms that strengthened the central government and imposed uniform standards across the kingdom.",
        "spans": [
          "The Warring States era pitted states of similar size against each other for centuries, necessitating governmental reforms that strengthened the power of the central government. Qin implemented various measures that weakened the power of nobles, established standards across the kingdom (everything from language and currency to the size of axles) and allowed the central government to reach into all areas of society, with ultimate power being in the hands of the king."
        ]
      },
      {
        "point_number": 6,
        "point_content": "Chinese cities were governed by officials from outside the region, viewed as government-appointed administrators rather than community leaders.",
        "spans": [
          "Scheidel notes that Chinese cities were typically governed by officials who came from outside the region. Thus, they were viewed as government-appointed administrators rather than the community leaders who formed city councils in the cities of the Roman Empire."
        ]
      },
      {
        "point_number": 7,
        "point_content": "China was founded on a combination of Legalism and Confucianism, stressing centralized control and an ordered society.",
        "spans": [
          "In terms of philosophy and religion, China was founded on a combination of Legalism and Confucianism. Both of these stressed the importance of centralised control and an ordered society."
        ]
      },
      {
        "point_number": 8,
        "point_content": "China had a higher percentage of time under unified rule compared to Europe, with state capacity and Confucian scholars aiding in maintaining a strong state.",
        "spans": [
          "To begin with, the statistics show China was under unified rule 44% of its time. The number for Europe is 18%.",
          "Among the many factors that favors the reunification of China, one is capitalized in the paper, the state capacity. \"It is true that Confucian scholars provided a suitable instrument of state management, whereas the absence of an equivalent group in the Christian West may have made it more difficult for post-Roman regimes to maintain or restore a 'strong' state\" (p. 21)."
        ]
      },
      {
        "point_number": 9,
        "point_content": "China had relatively few natural geographical boundaries, leading to constant warfare and merging of cultures to form China proper.",
        "spans": [
          "In China, on the other hand, there were no geographical obstacles that powerful at the early stages of civilization. Therefore different states constantly warred with each other from early times (consequently merging differing cultures to form China proper)."
        ]
      },
      {
        "point_number": 10,
        "point_content": "Chinese rulers implemented an extensive education and examination system allowing upward mobility and loyalty to the government, based on Confucian values.",
        "spans": [
          "Chinese rulers put in place an extensive education and annual examination system to allow everyone in the country to serve the government and rise in society. This deliberately designed system for upward mobility was not seen in any other country of the time, and may have served as a catalyst for all people to assimilate and become loyal citizens. In fact these philosophies and values (mainly Confucius) were part of their studies, and were tested in the national exams."
        ]
      }
    ]
  }
}