{
  "question": "why did islam spread so quickly throughout the mediterranean world?",
  "key_points": {
    "clueweb22-en0034-72-02226": [
      {
        "point_number": 1,
        "point_content": "Islam spread at such a fast rate due to trade, conquest, and law.",
        "spans": [
          "Islam spread at such a fast rate due to trade, conquest, and law."
        ]
      },
      {
        "point_number": 2,
        "point_content": "Islam spread quickly because of trade, as Mecca was at the crossroads of lucrative caravan trade routes, facilitating interaction and spread of religion.",
        "spans": [
          "Islam spread quickly because of trade.",
          "Mecca, where Islam originated, is in the middle of many trade routes, causing them to interact with and spread their religion to others easily.",
          "By the middle of the sixth century...Mecca was...prosperous and important. First, it was at the crossroads of the lucrative caravan trade."
        ]
      },
      {
        "point_number": 3,
        "point_content": "Islam spread rapidly through military conquest, with many cities coming under Muslim control within 100 years, exposing people to the religion.",
        "spans": [
          "Many cities came under control of strong Muslim armies, easily spreading the religion.",
          "Mecca came under Muslim control by 622, Baghdad by 632, Jerusalem by 661, and Saragossa by 661.",
          "Much territory is conquered within 100 years.",
          "Islam spread east to the Indus river and north to the Caspian Sea."
        ]
      }
    ],
    "clueweb22-en0001-82-16628": [
      {
        "point_number": 1,
        "point_content": "Islam spread quickly due to economic growth in Islamic towns and cities, which attracted more people and followers.",
        "spans": [
          "They also had flourishing markets that had all types of trade opportunities.",
          "This specific part of economic growth directly could show why it spread so quickly because if the Islamic towns and cities were growing due to increase in food supply, than so would the religion.",
          "More people would lead to more followers.",
          "Also banks could tie into allowing more people more opportunities in the Islamic cities, they gave entrepreneurs money to start their businesses.",
          "Allowing a reason for more people to move in and follow the religion."
        ]
      },
      {
        "point_number": 2,
        "point_content": "The development of the paper industry in Islamic regions facilitated the creation and spread of Islamic texts like the Quran.",
        "spans": [
          "Another part of the Islamic economic growth would be the paper industry.",
          "After a military battle with a Chinese army, they captured people skilled in paper production and learned from them.",
          "By the 10th century mills that produced the paper could be found in Persia, Mesopotamia, Arabia, Egypt and Spain.",
          "These mills allowed for the creation of books.",
          "Such as the Quran, or guide for a follower of the Islam religion."
        ]
      },
      {
        "point_number": 3,
        "point_content": "The Quran served as the cornerstone of Islamic society and spread the message of Allah and the teachings of Islam, making the religion accessible and easy to follow.",
        "spans": [
          "The Quran had served as the cornerstone of the Islamic society.",
          "They spread the message of allah and provided the teachings of the religion.",
          "The Quran stated that religion was easy, just to follow the 5 Pillars of Islam."
        ]
      }
    ],
    "clueweb22-en0009-75-00011": [
      {
        "point_number": 1,
        "point_content": "Islam spread quickly through extensive trade routes that connected Mecca and Medina to major empires and countries, facilitating the exchange of goods and Islamic ideas.",
        "spans": [
          "The numerous Islamic trade routes surrounding Mecca served as effective ways of spreading religious Islam ideas through various routes and courses in which people could record Islamic spiritual views.",
          "Because of Arabia's location, people could come to its Islamic areas by trade, and see where Islam originated from as well as its diverse religious notions and intentions.",
          "the trade routes continue on from the map into other countries and vast empires, such as China, East Africa, Spain, and India.",
          "Not only were basic goods and other resources exchanged at various trading posts, but ideas and important elements of Islam could have great potential in expanding the Islam religion and spreading its beliefs and values further into other areas."
        ]
      },
      {
        "point_number": 2,
        "point_content": "The positive and appealing religious messages of Islam, as expressed in the Qur'an, attracted many followers due to its emphasis on monotheism, moral virtues, and community values.",
        "spans": [
          "Another reason supporting the rapid spread of Islam is the beneficial religious views and spiritual notions of Islam, as well as the appealing nature of Islamic faith.",
          "Islam had many positive aspects that are strongly expressed in the Qur'an, the Islamic sacred book that Muslims strictly live by and adhere to for religious and philosophical guidance.",
          "For example, in Document B, the Qur'an states \"Those who submit to God and accept the true Faith; who are devout, sincere, patient, humble, charitable, and chaste; who fast and are ever mindful of God - on these, both men and women, God will bestow forgiveness and rich recompense [reward].\"",
          "This expresses the positive attributes the Qur'an emphasizes in the Islam religious path, and the kinds of characteristics people eventually want to live up to and exude.",
          "Also, it shows the great reward and honor received by those who exhibit these characteristics and follow a devout Islamic spiritual course.",
          "In addition, Document B states, \"Whoever killed a human being, except as punishment for murder or other villainy..., shall be deemed as having saved all mankind; and...whoever saved a human life shall be deemed as having saved all mankind.\"",
          "This shows the value Muslims placed upon life, and how everyone in the Muslim community matters and is essential to the fate of the entire Muslim society.",
          "This positive sense of community and vitality given through the verses of the Qur'an expresses deep faith in justice and happiness the most would want to follow and obey."
        ]
      },
      {
        "point_number": 3,
        "point_content": "Military conquest by Muslims expanded Islamic territory rapidly, bringing many diverse and populous regions under Islamic influence.",
        "spans": [
          "Another reason supporting the theories of Islam's rapid spread is its vast amounts of land conquered by Islam military that eventually came under Muslim control.",
          "For example, the map in Document C shows the massive Muslim conquest over areas such as Europe, Turkey, Syria, Iraq, Iran, Afghanistan and Pakistan.",
          "This expresses the vastness of Muslim territory, as well as the various countries and areas of political power that are under an Islamic influence.",
          "Also, the countries mentioned have great authority and dominance in world relationships, and they have large populations that show diversity and interest.",
          "Therefore, both those living in these countries and tourists visiting these countries are more likely to convert to Islam and be affected by its religious notions.",
          "The variety of ethnicity and religion existing in these areas has greatly contributed to the religious spread of Islam, and the exchange of new spiritual notions and theologies that express various forms of morality and spirituality.",
          "Also, because of the Islam influence on these large, powerful countries, other countries and areas of the world affected by their political relationships will be changed by the Islam ideas presented in these areas.",
          "In Document D, it says, \"Arabs had [added to] their inadequate resources by means of the ghazu [raids against other tribes]... What would replace the ghazu, which had enabled Muslims to scratch out a meager livelihood?... The obvious answer was a series of ghazu raids against the non-Muslim communities in the neighboring countries. The unity of the ummah would be preserved by an outwardly directed offensive [attack].\"",
          "This shows the reasons behind invasions led by Muslims to conquer other areas, and how income and subsistence was attained through the frequent ghazu raids."
        ]
      },
      {
        "point_number": 4,
        "point_content": "The political order and governance under Islamic rule maintained justice, protected rights, and allowed religious freedom for non-Muslims, which helped stabilize and integrate conquered regions.",
        "spans": [
          "The final, conclusive reason explaining the fast expansion of Islam belief is their political organization that maintained order and preserved justice.",
          "For example, in Document E, it explains in the Ordinances of Government: \"To enforce the legal penalties for the protection of God's commandments from violation and for the preservation of the rights of his servants from injury or destruction...\"",
          "This example expresses the legal punishments for violation, and how the Muslim government wishes to maintain the important rights and privileges of Islam citizens.",
          "Another example from Document E says, \"To defend the lands of Islam and to protect them from intrusion so that people may earn their livelihood and travel at will  without danger to life or property.\"",
          "This example shows how the Muslim governmental/military defense wanted to protect people from injury and preserve their lives and rightful property.",
          "In addition, Document E explains The Pact, or \"an arrangement often made by Muslim rulers that permitted conquered Christians, Jews, and other non-Muslims to continue to practice their religion if they paid a special tax called the jizyah and obeyed Islamic laws.\"",
          "This expresses how Muslims utilized an exemplary freedom act justifying the religious independence of non-Muslim members of their community."
        ]
      }
    ],
    "clueweb22-en0031-19-05977": [
      {
        "point_number": 1,
        "point_content": "The early spread of Islam was directly linked to the revelations and work of the Prophet Muhammad who preached religious and moral reform throughout Arabia between 610 and 632 c.e.",
        "spans": [
          "The early spread of Islam was directly linked to the revelations and work of the Prophet Muhammad who preached religious and moral reform throughout Arabia between 610 and 632 c.e."
        ]
      },
      {
        "point_number": 2,
        "point_content": "Acceptance of the faith in the polytheistic city of Mecca along with much of the rest of Arabia was gradually accomplished after a series of military campaigns, treaties, and non-violent pilgrimages undertaken by the newly formed Ummah.",
        "spans": [
          "Acceptance of the faith in the polytheistic city of Mecca along with much of the rest of Arabia was gradually accomplished after a series of military campaigns, treaties, and non-violent pilgrimages undertaken by the newly formed Ummah (the gathered community of believers)."
        ]
      },
      {
        "point_number": 3,
        "point_content": "Several generations of the Prophet's successors (known as caliphs) during the eighth century spread the faith through both religious and political programs into North Africa, the Middle East, and even as far as Spain.",
        "spans": [
          "Several generations of the Prophet's successors (known as caliphs) during the eighth century spread the faith through both religious and political programs into North Africa, the Middle East, and even as far as Spain."
        ]
      },
      {
        "point_number": 4,
        "point_content": "Political, economic, and military control of strategic geographic locations was more important than converting entire populations, and forced conversion was not practiced in many non-pagan areas.",
        "spans": [
          "It has also been suggested that political, economic, and military control of strategic geographic locations was more important than converting entire populations.",
          "Forced conversion to Islam was not practiced in many non-pagan areas, especially where Jews and Christians were living in newly occupied Muslim territories."
        ]
      },
      {
        "point_number": 5,
        "point_content": "Muslim conquerors seemed quite tolerant of other faiths, often allowing Jews and Christians to live under Muslim rule with special taxes but without forced conversion.",
        "spans": [
          "(at least until the twelfth century) the Muslim conquerors seemed quite tolerant of other faiths.",
          "Forced conversion to Islam was not practiced in many non-pagan areas, especially where Jews and Christians were living in newly occupied Muslim territories.",
          "While members of other faiths were often tolerated, they usually were not allowed to participate in government and had to pay special but not exorbitant taxes."
        ]
      },
      {
        "point_number": 6,
        "point_content": "By the year 1000 it is believed that nearly eighty percent of the population in the Dar-al-Islam had converted to Islam.",
        "spans": [
          "By the year 1000 it is believed that nearly eighty percent of the population in the Dar-al-Islam (Islamic territory) had converted to faith in Allah as it had been revealed to the Prophet Muhammad in the seventh century and handed down through succeeding generations by way of the holy Koran (Qur'an)."
        ]
      }
    ],
    "clueweb22-en0034-46-17343": [
      {
        "point_number": 1,
        "point_content": "Muslim conquests following Muhammad's death led to the creation of the caliphates, occupying a vast geographical area; conversion to Islam was boosted by Arab Muslim forces conquering vast territories and building imperial structures over time.",
        "spans": [
          "Muslim conquests following Muhammad 's death led to the creation of the caliphates, occupying a vast geographical area; conversion to Islam was boosted by Arab Muslim forces conquering vast territories and building imperial structures over time."
        ]
      },
      {
        "point_number": 2,
        "point_content": "Most of the significant expansion occurred during the reign of the Rashidun from 632 to 661 CE, which was the reign of the first four successors of Muhammad.",
        "spans": [
          "Most of the significant expansion occurred during the reign of the Rashidun from 632 to 661 CE, which was the reign of the first four successors of Muhammad."
        ]
      },
      {
        "point_number": 3,
        "point_content": "Trade played an important role in the spread of Islam in several parts of the world, especially Indian traders in Southeast Asia.",
        "spans": [
          "Trade played an important role in the spread of Islam in several parts of the world, especially Indian traders in Southeast Asia."
        ]
      },
      {
        "point_number": 4,
        "point_content": "The empire spread from the Atlantic Ocean to the Aral Sea, from the Atlas Mountains to the Hindu Kush, bounded mostly by \"a combination of natural barriers and well-organized states\".",
        "spans": [
          "The empire spread from the Atlantic Ocean to the Aral Sea, from the Atlas Mountains to the Hindu Kush, bounded mostly by \"a combination of natural barriers and well-organized states\"."
        ]
      },
      {
        "point_number": 5,
        "point_content": "Conversion to Islam represented the response of a tribal, pastoral population to the need for a larger framework for political and economic integration, a more stable state, and a more imaginative and encompassing moral vision to cope with the problems of a tumultuous society.",
        "spans": [
          "For the polytheistic and pagan societies, apart from the religious and spiritual reasons each individual may have had, conversion to Islam \"represented the response of a tribal, pastoral population to the need for a larger framework for political and economic integration, a more stable state, and a more imaginative and encompassing moral vision to cope with the problems of a tumultuous society.\""
        ]
      },
      {
        "point_number": 6,
        "point_content": "Conversion was initially neither required nor necessarily wished for; Arab conquerors did not require conversion as much as subordination of non-Muslim peoples and were hostile to conversions because new Muslims diluted the economic and status advantages of the Arabs.",
        "spans": [
          "Conversion initially was neither required nor necessarily wished for: \"(The Arab conquerors) did not require the conversion as much as the subordination of non-Muslim peoples. At the outset, they were hostile to conversions because new Muslims diluted the economic and status advantages of the Arabs.\""
        ]
      },
      {
        "point_number": 7,
        "point_content": "Mass conversion took place in subsequent centuries with the development of religious doctrine and understanding of the Muslim ummah, often leading to weakening or breakdown of social and religious structures of parallel religious communities such as Christians and Jews.",
        "spans": [
          "Only in subsequent centuries, with the development of the religious doctrine of Islam and with that the understanding of the Muslim ummah, did mass conversion take place. The new understanding by the religious and political leadership in many cases led to a weakening or breakdown of the social and religious structures of parallel religious communities such as Christians and Jews."
        ]
      },
      {
        "point_number": 8,
        "point_content": "The caliphs established schools teaching Arabic and Islamic studies and built mosques across the empire, promoting Islamic culture and religion.",
        "spans": [
          "The caliphs of the Arab dynasty established the first schools inside the empire which taught Arabic language and Islamic studies. They furthermore began the ambitious project of building mosques across the empire, many of which remain today as the most magnificent mosques in the Islamic world, such as the Umayyad Mosque in Damascus."
        ]
      },
      {
        "point_number": 9,
        "point_content": "The Abbasid era replaced tribal politics with cosmopolitan culture and disciplines of Islamic science, philosophy, theology, law and mysticism, leading to gradual conversions within the empire and beyond through contact with Muslim traders and Sufi orders.",
        "spans": [
          "The Abbasid era replaced the expanding empire and \"tribal politics\" of \"the tight-knit Arabian elite with cosmopolitan culture and disciplines of Islamic science, philosophy, theology, law and mysticism became more widespread and the gradual conversions of the populations within the empire occurred. Significant conversions also occurred beyond the extents of the empire such as that of the Turkic tribes in Central Asia and peoples living in regions south of the Sahara in Africa through contact with Muslim traders active in the area and Sufi orders."
        ]
      },
      {
        "point_number": 10,
        "point_content": "Conversions were motivated by a combination of political, economic benefits, sophisticated culture and religion, and were mostly voluntary rather than forced.",
        "spans": [
          "Ira Lapidus points towards \"interwoven terms of political and economic benefits and of a sophisticated culture and religion\" as appealing to the masses. He writes that : \"The question of why people convert to Islam has always generated the intense feeling. Earlier generations of European scholars believed that conversions to Islam were made at the point of the sword, and that conquered peoples were given the choice of conversion or death. It is now apparent that conversion by force, while not unknown in Muslim countries, was, in fact, rare. Muslim conquerors ordinarily wished to dominate rather than convert, and most conversions to Islam were voluntary. (...) In most cases, worldly and spiritual motives for conversion blended together. Moreover, conversion to Islam did not necessarily imply a complete turning from an old to a totally new life. While it entailed the acceptance of new religious beliefs and membership in a new religious community, most converts retained a deep attachment to the cultures and communities from which they came.\""
        ]
      },
      {
        "point_number": 11,
        "point_content": "Islam spread through trade and commerce, with Muslim traders and merchants playing a key role in spreading Islam in regions such as Southeast Asia and the Indian subcontinent.",
        "spans": [
          "Trade played an important role in the spread of Islam in several parts of the world, especially Indian traders in Southeast Asia.",
          "The Arab merchants and traders became the carriers of the new religion and they propagated it wherever they went.",
          "Muslim missionaries played a key role in the spread of Islam in India with some missionaries even assuming roles as merchants or traders."
        ]
      },
      {
        "point_number": 12,
        "point_content": "The Islamic empire's military conquests, economic integration, religious tolerance policies, and cultural achievements facilitated the rapid spread of Islam throughout the Mediterranean world.",
        "spans": [
          "Muslim conquests following Muhammad 's death led to the creation of the caliphates, occupying a vast geographical area; conversion to Islam was boosted by Arab Muslim forces conquering vast territories and building imperial structures over time.",
          "The caliphs of the Arab dynasty established the first schools inside the empire which taught Arabic language and Islamic studies. They furthermore began the ambitious project of building mosques across the empire, many of which remain today as the most magnificent mosques in the Islamic world, such as the Umayyad Mosque in Damascus.",
          "The people of the Islamic world created numerous sophisticated centers of culture and science with far-reaching mercantile networks, travelers, scientists, hunters, mathematicians, physicians, and philosophers, all contributing to the Islamic Golden Age."
        ]
      }
    ],
    "clueweb22-en0018-54-04306": [
      {
        "point_number": 1,
        "point_content": "The Muslim community spread through the Middle East through conquest, and the resulting growth of the Muslim state provided the ground in which the recently revealed faith could take root and flourish.",
        "spans": [
          "The Muslim community spread through the Middle East through conquest, and the resulting growth of the Muslim state provided the ground in which the recently revealed faith could take root and flourish."
        ]
      },
      {
        "point_number": 2,
        "point_content": "The military conquest was inspired by religion, but it was also motivated by greed and politics.",
        "spans": [
          "The military conquest was inspired by religion, but it was also motivated by greed and politics."
        ]
      },
      {
        "point_number": 3,
        "point_content": "Men fought for their religion, the prospect of booty and because their friends and fellow tribesmen were also doing it.",
        "spans": [
          "Men fought for their religion, the prospect of booty and because their friends and fellow tribesmen were also doing it."
        ]
      },
      {
        "point_number": 4,
        "point_content": "The generous terms that the invading armies usually offered made their faith accessible to the conquered populations.",
        "spans": [
          "The generous terms that the invading armies usually offered made their faith accessible to the conquered populations."
        ]
      },
      {
        "point_number": 5,
        "point_content": "Islam may have sped the conquests, but it also showed much greater staying power.",
        "spans": [
          "Simply put, Islam may have sped the conquests, but it also showed much greater staying power."
        ]
      },
      {
        "point_number": 6,
        "point_content": "The Arabs made no attempt to impose their faith on their new subjects, and at first in fact discouraged conversions on the part of non-Arabs.",
        "spans": [
          "As is well known, the Arabs made no attempt to impose their faith on their new subjects, and at first in fact discouraged conversions on the part of non-Arabs."
        ]
      },
      {
        "point_number": 7,
        "point_content": "The Qur'an has a number of passages that support military action against non-Muslims.",
        "spans": [
          "The Qur'an has a number of passages that support military action against non-Muslims, for example:"
        ]
      },
      {
        "point_number": 8,
        "point_content": "The armies of those days were more like a federation of tribal mercenary groups who were not paid and whose only material reward came from the spoils of war.",
        "spans": [
          "This is not surprising, as the armies of those days were not like modern armies - but more like a federation of tribal mercenary groups who were not paid and whose only material reward came from the spoils of war."
        ]
      },
      {
        "point_number": 9,
        "point_content": "The political status of Islam, and the role Muhammad had given it as a political as well as a religious force, was reinforced in the military conquests.",
        "spans": [
          "The political status of Islam, and the role Muhammad had given it as a political as well as a religious force, was reinforced in the military conquests."
        ]
      },
      {
        "point_number": 10,
        "point_content": "Abu Bakr took swift military action against the communities that wanted to break away, consolidating Arabia into a single country under Muslim control within two years.",
        "spans": [
          "Abu Bakr took swift military action against the communities that wanted to break away. These campaigns, known as the apostasy or ridda wars, effectively consolidated Arabia into a single country under Muslim control within two years."
        ]
      },
      {
        "point_number": 11,
        "point_content": "Umar ibn al-Khattab used an organised army as a tool to spread Islam further in the Middle East, conquering Byzantine and Sassanid territories.",
        "spans": [
          "Umar found himself the ruler of a large unified state, with an organised army, and he used this as a tool to spread Islam further in the Middle East.",
          "Following the decisive Battle of Yarmouk in 636, the former Byzantine states of Syria, Palestine, and Lebanon were conquered by the Muslim armies.",
          "Shortly afterwards the Muslim army attacked the Sassanid Empire in Iraq, gaining a massive victory in 637 at the Battle of Qadasiya, and gradually conquering more and more of Iraq over the next dozen years."
        ]
      }
    ],
    "null": [],
    "clueweb22-en0007-95-08736": [
      {
        "point_number": 1,
        "point_content": "Islam spread quickly because of trade, as Mecca was a major trade center and Islam's message spread along trade routes.",
        "spans": [
          "Islam spread quickly because of trade.",
          "Before the birth of Islam, Mecca was a major trade center and since Islam began in Mecca, its message spread quickly along the trade routes"
        ]
      },
      {
        "point_number": 2,
        "point_content": "Islam spread quickly because its leaders conquered surrounding territories and spread the teachings of Islam.",
        "spans": [
          "Islam spread quickly because its leaders conquered surrounding territories.",
          "As Muhammad and the Muslim leaders that came after him conquered lands in the Middle East and beyond they spread the teachings of Islam."
        ]
      },
      {
        "point_number": 3,
        "point_content": "Islam spread quickly because its leaders treated newly conquered people well, leading some to welcome Muslim rule.",
        "spans": [
          "Islam spread quickly because its leaders treated newly conquered people well.",
          "As the very powerful army would conquer new lands some of the people would welcome Muslim rule because they dislike their former rulers."
        ]
      },
      {
        "point_number": 4,
        "point_content": "Islam spread quickly because the Koran has positive messages that encouraged conversion.",
        "spans": [
          "Islam spread quickly because the Koran has positive messages.",
          "Many people were willing to convert to Islam because of messages like people who do what is right will be rewarded, and human life and personal property were to be valued and respected."
        ]
      },
      {
        "point_number": 5,
        "point_content": "Islam spread quickly because its lands were well governed and orderly, with rulers expected to rule fairly.",
        "spans": [
          "Islam spread quickly because its lands were well governed and orderly.",
          "The rulers of Islamic lands were expected to rule their land fairly and some of their methods are very similar to ideas in the US government today."
        ]
      }
    ]
  }
}