{
  "question": "why did islam spread so quickly throughout the mediterranean world?",
  "key_points": [
    {
      "point_number": 1,
      "point_content": "Islam spread rapidly due to a combination of trade, military conquest, and the establishment of law and governance, with trade routes facilitating interaction and conquest expanding territory under Muslim control within 100 years.",
      "original_point_number": [
        1,
        2,
        3,
        7,
        9,
        17,
        27,
        28,
        29,
        40,
        41
      ]
    },
    {
      "point_number": 2,
      "point_content": "Economic growth in Islamic towns and cities, including the development of industries like paper, attracted people and facilitated the creation and spread of Islamic texts such as the Quran.",
      "original_point_number": [
        4,
        5
      ]
    },
    {
      "point_number": 3,
      "point_content": "The Quran was central to Islamic society, spreading the message of Allah and teachings of Islam, with its positive and appealing religious messages emphasizing monotheism, moral virtues, and community values, encouraging conversion.",
      "original_point_number": [
        6,
        8,
        43
      ]
    },
    {
      "point_number": 4,
      "point_content": "The political order and governance under Islamic rule maintained justice, protected rights, allowed religious freedom for non-Muslims, and provided well-governed and orderly lands, which helped stabilize and integrate conquered regions and encouraged conversion.",
      "original_point_number": [
        10,
        14,
        15,
        44
      ]
    },
    {
      "point_number": 5,
      "point_content": "The early spread of Islam was directly linked to the revelations and work of the Prophet Muhammad, who preached religious and moral reform throughout Arabia between 610 and 632 CE, with acceptance in Mecca and Arabia gradually accomplished through military campaigns, treaties, and pilgrimages.",
      "original_point_number": [
        11,
        12
      ]
    },
    {
      "point_number": 6,
      "point_content": "Several generations of the Prophet's successors (caliphs) during the eighth century spread Islam through religious and political programs into North Africa, the Middle East, and as far as Spain, with most significant expansion during the Rashidun reign (632-661 CE).",
      "original_point_number": [
        13,
        18
      ]
    },
    {
      "point_number": 7,
      "point_content": "Political, economic, and military control of strategic geographic locations was prioritized over converting entire populations; forced conversion was not practiced in many non-pagan areas, and Muslim conquerors were tolerant of other faiths, allowing Jews and Christians to live under Muslim rule with special taxes but without forced conversion.",
      "original_point_number": [
        14,
        15,
        22,
        34
      ]
    },
    {
      "point_number": 8,
      "point_content": "By the year 1000, nearly eighty percent of the population in the Dar-al-Islam had converted to Islam, with mass conversion occurring in subsequent centuries due to development of religious doctrine and understanding of the Muslim ummah, often weakening parallel religious communities.",
      "original_point_number": [
        16,
        23
      ]
    },
    {
      "point_number": 9,
      "point_content": "The caliphs established schools teaching Arabic and Islamic studies and built mosques across the empire, promoting Islamic culture and religion, while the Abbasid era replaced tribal politics with cosmopolitan culture and disciplines of Islamic science, philosophy, theology, law, and mysticism, leading to gradual conversions through contact with Muslim traders and Sufi orders.",
      "original_point_number": [
        24,
        25
      ]
    },
    {
      "point_number": 10,
      "point_content": "Conversions to Islam were motivated by a combination of political and economic benefits, sophisticated culture and religion, and were mostly voluntary rather than forced.",
      "original_point_number": [
        26
      ]
    },
    {
      "point_number": 11,
      "point_content": "Trade played an important role in the spread of Islam in several parts of the world, especially through Indian traders in Southeast Asia and Muslim merchants spreading Islam in regions such as Southeast Asia and the Indian subcontinent.",
      "original_point_number": [
        19,
        27
      ]
    },
    {
      "point_number": 12,
      "point_content": "The Islamic empire expanded from the Atlantic Ocean to the Aral Sea, bounded mostly by natural barriers and well-organized states, with military conquests inspired by religion but also motivated by greed and politics, and armies composed of tribal mercenary groups rewarded by spoils of war.",
      "original_point_number": [
        20,
        30,
        31,
        36
      ]
    },
    {
      "point_number": 13,
      "point_content": "The military conquest was inspired by religion and politics; men fought for their religion, prospect of booty, and loyalty to tribes, with generous terms offered to conquered populations making Islam accessible, and the political status of Islam reinforced by military conquests.",
      "original_point_number": [
        30,
        31,
        32,
        33,
        35,
        37
      ]
    },
    {
      "point_number": 14,
      "point_content": "Abu Bakr consolidated Arabia into a single country under Muslim control within two years by taking swift military action against communities wanting to break away, and Umar ibn al-Khattab used an organized army to spread Islam further in the Middle East, conquering Byzantine and Sassanid territories.",
      "original_point_number": [
        38,
        39
      ]
    },
    {
      "point_number": 15,
      "point_content": "Islam spread quickly because its leaders conquered surrounding territories, treated newly conquered people well leading some to welcome Muslim rule, and because the Quran has positive messages encouraging conversion.",
      "original_point_number": [
        41,
        42,
        43
      ]
    }
  ]
}