{
  "question": "why can chinese civilization survive until today?",
  "key_points": [
    {
      "point_number": 1,
      "point_content": "Diversity sustains ecosystems and human institutions by improving adaptability and survival through incorporating a range of ideas, as exemplified by Chinese civilization's harmony and resilience.",
      "original_point_number": [
        1,
        3,
        4
      ]
    },
    {
      "point_number": 2,
      "point_content": "The survival of Chinese civilization for millennia is due to its self-perception and global role, supported by acceptance and conservation of institutional diversity that promotes peaceful cultural exchanges and adaptability.",
      "original_point_number": [
        2,
        5
      ]
    },
    {
      "point_number": 3,
      "point_content": "Ancient China is responsible for a rich culture still evident in modern China, with dynasties such as Zhou, Qin, and Ming contributing to regional development through cultural, technological, and defensive achievements.",
      "original_point_number": [
        6,
        7,
        8,
        9
      ]
    },
    {
      "point_number": 4,
      "point_content": "Chinese lifestyle factors important to longevity include a healthier diet compared to Americans, physical activity like tai chi and group dancing, restorative sleep aided by public napping, social interaction, and stress management.",
      "original_point_number": [
        10,
        11,
        12,
        13
      ]
    },
    {
      "point_number": 5,
      "point_content": "Confucian values in Chinese society increase respect for older people, boosting their self-esteem and reducing stress, which contributes to increased longevity.",
      "original_point_number": [
        14
      ]
    },
    {
      "point_number": 6,
      "point_content": "China had a central, unifying culture built around philosophers such as Confucius and Lao-tse, with a written language developed from pictograms allowing shared meaning across regions despite different pronunciations, leading to widespread admiration and openness to assimilation or sinicization.",
      "original_point_number": [
        15,
        16,
        17
      ]
    },
    {
      "point_number": 7,
      "point_content": "When conquered, China was ruled by more backward but fiercer peoples such as the Mongols and Manchus who adopted Chinese culture and imposed it on conquered people.",
      "original_point_number": [
        18
      ]
    },
    {
      "point_number": 8,
      "point_content": "Chinese government focused on centralizing power with reforms that strengthened the central government, imposed uniform standards, and governed cities through officials appointed from outside the region rather than community leaders.",
      "original_point_number": [
        19,
        20
      ]
    },
    {
      "point_number": 9,
      "point_content": "China was founded on a combination of Legalism and Confucianism, stressing centralized control and an ordered society, with a higher percentage of time under unified rule compared to Europe, aided by state capacity and Confucian scholars.",
      "original_point_number": [
        21,
        22
      ]
    },
    {
      "point_number": 10,
      "point_content": "China had relatively few natural geographical boundaries, leading to constant warfare and merging of cultures to form China proper.",
      "original_point_number": [
        23
      ]
    },
    {
      "point_number": 11,
      "point_content": "Chinese rulers implemented an extensive education and examination system based on Confucian values, allowing upward mobility and loyalty to the government.",
      "original_point_number": [
        24
      ]
    }
  ]
}