{
  "question": "why do some people oppose abortion",
  "key_points": {
    "clueweb22-en0030-26-09697": [
      {
        "point_number": 1,
        "point_content": "Some people oppose abortion because they believe that it is not for any human to decide who lives and dies.",
        "spans": [
          "Some oppose abortion because they believe that it is not for any human to decide who lives and dies."
        ]
      },
      {
        "point_number": 2,
        "point_content": "Many religious authorities believe that life begins at conception and that the fertilised egg should be protected as a human being.",
        "spans": [
          "Many religious authorities have followed a fundamental view of the rights of the child. As soon as the egg is fertilised, it is fulfilling its potential to become a human being and should be protected as one."
        ]
      },
      {
        "point_number": 3,
        "point_content": "If a foetus is considered a person, then aborting it is equivalent to murder.",
        "spans": [
          "If a child is a child from the moment of conception, then aborting him or her would mean it is murder."
        ]
      },
      {
        "point_number": 4,
        "point_content": "Some oppose abortion because they believe a soul is engendered at conception and destroying it would be a crime against God.",
        "spans": [
          "Many logical arguments about the soul lead to the conclusion that it is engendered in a human at the point of conception.",
          "If that cell or group of cells is perceived to have something as precious as a soul, then destroying it would be a heinous crime. It would be against God."
        ]
      },
      {
        "point_number": 5,
        "point_content": "Opponents argue that even in cases of rape or incest, the child should not be aborted because it is not the child's fault.",
        "spans": [
          "If a child is born of rape or incest, that is not the fault of that child and they should not have their life taken away because of it."
        ]
      },
      {
        "point_number": 6,
        "point_content": "Opponents suggest that women who cannot care for a child should carry to term and give the child up for adoption instead of aborting.",
        "spans": [
          "One of the strongest oppositions to abortion is the argument that if a woman wants to abort her foetus because she cannot or will not care for it (rape, incest, economic hardship, and mental illness are all legally recognised as valid reasons in many countries), she should carry the baby to term and give it up for adoption."
        ]
      }
    ],
    "clueweb22-en0006-33-15292": [
      {
        "point_number": 1,
        "point_content": "Women are more likely than men to support a reduction on the abortion limit.",
        "spans": [
          "Polls consistently show … that women are more likely than men to support a reduction on the abortion limit."
        ]
      },
      {
        "point_number": 2,
        "point_content": "More women believe that life begins at conception compared to men, which influences their opposition to abortion.",
        "spans": [
          "53% of women in that survey believed that life begins at conception, against 35% of men"
        ]
      },
      {
        "point_number": 3,
        "point_content": "Men's attitudes to unplanned parenthood changed with the availability of abortion, as men felt less culturally bound to take responsibility.",
        "spans": [
          "Since the decision to have the child is solely up to the mother, I don't see how both parents have responsibility to that child."
        ]
      },
      {
        "point_number": 4,
        "point_content": "Women face cultural and social expectations linking them to motherhood, which influences their opposition to abortion.",
        "spans": [
          "Women today are still defined in terms of sex and motherhood, and \"radicals\" who reject that ideal are dismissed as unfeminine, cruel or somehow defective."
        ]
      }
    ],
    "clueweb22-en0012-32-16355": [
      {
        "point_number": 1,
        "point_content": "The author is morally opposed to abortion because he is a committed follower of the God of the Bible who is a God of life.",
        "spans": [
          "I am a committed follower of the God of the Bible who is a God of life."
        ]
      },
      {
        "point_number": 2,
        "point_content": "The pro-abortion position is often supported by lies, which is a reason for opposition to abortion.",
        "spans": [
          "One reason that I have been opposed to abortion is because the pro-abortion position is often supported by lies.  Dr. Bernard Nathanson, who was the co-founder of the pro-abortion group NARAL, spoke candidly about the tactics used by pro-abortion forces in the years immediately preceding Roe v. Wade.  Nathanson stated, \"We aroused sympathy to sell our program of permissive abortion by fabricating the number of illegal abortions done annually in the United States.  The actual figure was around 100,000, but the figure we gave to the media repeatedly was 1,000,000.  Repeating the big lie often enough convinces the public.  The number of women dying from illegal abortions was around 200-250 annually.  The figure we constantly fed to the media was 10,000.  These false figures took root in the conscientiousness of America, convincing many that we needed to crack the abortion law.  Another myth we fed the public through the media was that legalizing abortion would only mean that abortions taking place illegally would be done legally.  In fact, of course, abortion began being used as a primary method of birth control in the United States and the number of abortions has increased by 1500% since legalization.\""
        ]
      },
      {
        "point_number": 3,
        "point_content": "The Christian church throughout history has been pro-life and strongly opposed abortion.",
        "spans": [
          "The Christian church throughout history has been pro-life.",
          "The church unanimously and strongly opposed abortion from its earliest days:"
        ]
      },
      {
        "point_number": 4,
        "point_content": "Abortion is premised on the idea that all human beings are not persons, and only persons are entitled to the right to life.",
        "spans": [
          "Abortion is premised on the idea that all human beings are not persons.",
          "Virtually every bioethicist in the world agrees that human life begins at conception.",
          "However, in the last 50 years, there are many bioethicists as well as judges, philosophers and ordinary people who have created a new category – the human non-person.",
          "In Roe v. Wade, Justice Blackmun the author of the decision wrote, “the word “person” as used in the Fourteenth Amendment does not include the unborn.”",
          "The importance of the distinction between being “merely” human and being a person is that only persons, according to the United States Supreme Court, are entitled to the right to life."
        ]
      },
      {
        "point_number": 5,
        "point_content": "Abortion is frequently not the preferred choice of the women who obtain abortions; many feel pressured or unsure.",
        "spans": [
          "Abortion is frequently NOT the preferred choice of the women who obtain abortions.",
          "According to the Medical Science Monitor, 64% of post-abortive women in America said they felt “pressured by others” to have the abortion.",
          "Regarding themselves, 54% said “They were not sure about the decision at the time” and 50% felt “abortion was morally wrong” at the time they obtained the abortion."
        ]
      },
      {
        "point_number": 6,
        "point_content": "Being pro-life is being pro-woman, as abortion culture demeans women and their unique capacity to bear children.",
        "spans": [
          "Being pro-life is being pro-woman.",
          "A culture that practices abortion and infanticide is a culture that demeans women and disrespects their unique contribution to the task of reproduction.  It does not treat women’s ability to gestate and bear children as a wondrous and awesome capacity, but as a liability, a disadvantage, a disability."
        ]
      },
      {
        "point_number": 7,
        "point_content": "Pro-life ministries provide consistent care and support to both mothers and their babies, countering the claim that pro-life people only care about the fetus.",
        "spans": [
          "While some argue that pro-life people only care about the unborn fetus and not women giving birth, hundreds of ministries like Vineyard Columbus’ Value Life Ministry demonstrate consistent care to both mothers and their babies.",
          "Vineyard Columbus is a church that rejects the culture war’s either/or approach to the subject of abortion - either you’re for the woman and against the baby or you’re for the baby and you neglect the woman and her needs.  Vineyard Columbus has said for 25 years, why can’t we do both?  Why can’t we support women AND their unborn children?  That’s what Value Life ministry is all about."
        ]
      },
      {
        "point_number": 8,
        "point_content": "Being pro-life is not inherently a political position and has historical roots in liberal and progressive movements.",
        "spans": [
          "Being pro-life is NOT a political position.",
          "Daniel Williams is an associate professor of History at the University of West Georgia.  He wrote a book just a couple of years ago titled Defenders of the Unborn:  The Pro-Life Movement before Roe v. Wade.  He points out that the pro-life movement in the 20th century had its origins not in the conservative wing of the Republican party, but rather in the liberal wing of the Democratic party.",
          "In the early 1970’s it was mostly Republicans who were pro-abortion."
        ]
      },
      {
        "point_number": 9,
        "point_content": "Even if one is not sure when human life begins, the benefit of the doubt should be given to the fetus to protect potential life.",
        "spans": [
          "If you are not convinced about when human life begins, you still should oppose abortion.",
          "For those who argue that no one can be sure that a fetus in a womb is a person, I would say if there is any doubt at all, we ought to award the benefit of the doubt to the fetus and not kill what may, in fact, be a person entitled to the right to life."
        ]
      },
      {
        "point_number": 10,
        "point_content": "Abortion support is often based on utilitarian and non-Christian philosophies, including eugenics and racial biases, which opponents find morally dangerous.",
        "spans": [
          "Abortion support is often premised upon a non-Christian utilitarian philosophy rather than a Christian view of life.",
          "It was a wide spread belief among abortion-liberalization advocates… that society would be better off if fewer severely deformed babies were born.",
          "On the other hand, those who opposed abortion saw the destruction of “abnormal fetuses” to be a very utilitarian perspective.",
          "For much of the 20th century there was also a tragic racial component to pro-abortion rhetoric.",
          "In the early 20th century there was substantial support in some areas of the country for the eugenic use of birth control to limit the reproductive capabilities of poor, sexually promiscuous, or mentally disabled women – especially those who were African American.",
          "Decades later, this same kind of racism entered the abortion debate."
        ]
      }
    ],
    "clueweb22-en0027-62-09465": [
      {
        "point_number": 1,
        "point_content": "Some join other pro-life advocates and say that the right to life should always outweigh the right of an individual to equality or to control their own body.",
        "spans": [
          "Some join other pro-life advocates and say that the right to life should always outweigh the right of an individual to equality or to control their own body."
        ]
      },
      {
        "point_number": 2,
        "point_content": "Some argue that abortion does not liberate women, but allows society not to cater to women's needs.",
        "spans": [
          "Some argue that abortion does not liberate women, but allows society not to cater to women's needs."
        ]
      },
      {
        "point_number": 3,
        "point_content": "They say that what women need for equality is not free access to abortion but to be given what they need to survive financially and socially as mothers: inexpensive, readily available childcare, a workplace or school that acknowledges the needs of mothers, e.g. providing flexible scheduling and maternity leave, state support that helps to reintegrate a woman into the workforce.",
        "spans": [
          "They say that what women need for equality is not free access to abortion but to be given what they need to survive financially and socially as mothers:",
          "inexpensive, readily available childcare",
          "a workplace or school that acknowledges the needs of mothers,",
          "e.g. providing flexible scheduling and maternity leave,",
          "state support that helps to reintegrate a woman into the workforce"
        ]
      },
      {
        "point_number": 4,
        "point_content": "They say that if women couldn't have abortions so easily, governments would have to invest more money in supporting mothers.",
        "spans": [
          "They say that if women couldn't have abortions so easily, governments would have to invest more money in supporting mothers."
        ]
      },
      {
        "point_number": 5,
        "point_content": "Others oppose abortion because it provides a way of side-stepping other real issues that should be addressed.",
        "spans": [
          "Others oppose abortion because it provides a way of side-stepping other real issues that should be addressed."
        ]
      },
      {
        "point_number": 6,
        "point_content": "There are women who are raped and become pregnant; the problem is that they were raped, not that they are pregnant. There are women who are starving who become pregnant; the problem is that they are starving, not that they are pregnant. There are women in abusive relationships who become pregnant; the problem is that they are in abusive relationships, not that they are pregnant.",
        "spans": [
          "There are women who are raped and become pregnant; the problem is that they were raped, not that they are pregnant.",
          "There are women who are starving who become pregnant; the problem is that they are starving, not that they are pregnant.",
          "There are women in abusive relationships who become pregnant; the problem is that they are in abusive relationships, not that they are pregnant."
        ]
      },
      {
        "point_number": 7,
        "point_content": "Some people oppose abortion because it can damage the long-term physical and emotional health of women who have an abortion.",
        "spans": [
          "Some people oppose abortion because it can damage the long-term physical and emotional health of women who have an abortion."
        ]
      },
      {
        "point_number": 8,
        "point_content": "Some feminists oppose all forms of violence, including abortion, because they are inconsistent with the core feminist principles of justice, non-violence and non-discrimination.",
        "spans": [
          "Some feminists oppose all forms of violence, including abortion, because they are inconsistent with the core feminist principles of justice, non-violence and non-discrimination."
        ]
      },
      {
        "point_number": 9,
        "point_content": "They believe in a woman's right to control her body, and she deserves this right no matter where she lives, even if she's still living inside her mother's womb.",
        "spans": [
          "We believe in a woman's right to control her body, and she deserves this right no matter where she lives, even if she's still living inside her mother's womb."
        ]
      },
      {
        "point_number": 10,
        "point_content": "Some object to abortion because they see it as a male plot where men support abortion to have sex without responsibility and exploit women.",
        "spans": [
          "Yet another group object to abortion because they see it as a male plot.",
          "They argue that men see the risk of pregnancy as something that stops men having sex when they want it.",
          "If men are to achieve full sexual freedom (i.e. the freedom to have sex without responsibility) it is essential that abortion be freely available to backup contraception.",
          "So abortion on demand is vital if men are to be able to have women on demand, and thus men are arguing for abortion so that they can continue to exploit women.",
          "This was one of the reasons that 19th century feminists opposed abortion: they regarded it as a way for men to have sex with women without having to take responsibility for any resulting children by getting the women to risk their lives in what were then dangerous operations in order to prevent the child being born."
        ]
      }
    ],
    "clueweb22-en0040-67-00121": [
      {
        "point_number": 1,
        "point_content": "Some people oppose abortion because they believe life begins at conception and abortion is akin to murder.",
        "spans": [
          "Since life begins at conception, 1 \u0000 abortion is akin to murder as it is the act of taking human life."
        ]
      },
      {
        "point_number": 2,
        "point_content": "Abortion is seen as defying the sanctity of human life and is equated with intentionally harming or taking a human life without punishment.",
        "spans": [
          "Abortion is in direct defiance of the commonly accepted idea of the sanctity of human life.",
          "No civilized society permits one human to intentionally harm or take the life of another human without punishment, and abortion is no different."
        ]
      },
      {
        "point_number": 3,
        "point_content": "Adoption is considered a viable alternative to abortion, with many families wanting to adopt, so there is no such thing as an unwanted child.",
        "spans": [
          "Adoption is a viable alternative to abortion and accomplishes the same result. And with 1.5 million American families wanting to adopt a child, there is no such thing as an unwanted child."
        ]
      },
      {
        "point_number": 4,
        "point_content": "Abortion can result in medical complications later in life, including increased risk of ectopic pregnancies, miscarriage, and pelvic inflammatory disease.",
        "spans": [
          "An abortion can result in medical complications later in life; the risk of ectopic pregnancies is increased if other factors such as smoking are present, the chance of a miscarriage increases in some cases, 2 \u0000 and pelvic inflammatory disease also increases. 3 \u0000"
        ]
      },
      {
        "point_number": 5,
        "point_content": "In cases of rape and incest, abortion is opposed because it punishes the unborn child who committed no crime; instead, the perpetrator should be punished.",
        "spans": [
          "In the instance of rape and incest, taking certain drugs soon after the event can ensure that a woman will not get pregnant. 4 \u0000 Abortion punishes the unborn child who committed no crime; instead, it is the perpetrator who should be punished."
        ]
      },
      {
        "point_number": 6,
        "point_content": "Abortion should not be used as another form of contraception; responsible use of contraception or abstinence should prevent unwanted pregnancy.",
        "spans": [
          "Abortion should not be used as another form of contraception.",
          "For women who demand complete control of their body, control should include preventing the risk of unwanted pregnancy through the responsible use of contraception or, if that is not possible, through abstinence."
        ]
      },
      {
        "point_number": 7,
        "point_content": "Many Americans who pay taxes oppose abortion, so it is considered morally wrong to use tax dollars to fund abortion.",
        "spans": [
          "Many Americans who pay taxes are opposed to abortion, therefore it's morally wrong to use tax dollars to fund abortion."
        ]
      },
      {
        "point_number": 8,
        "point_content": "Those who choose abortions are often minors or young women with insufficient life experience and may have lifelong regrets afterward.",
        "spans": [
          "Those who choose abortions are often minors or young women with insufficient life experience to understand fully what they are doing. Many have lifelong regrets afterward."
        ]
      },
      {
        "point_number": 9,
        "point_content": "Abortion sometimes causes psychological pain and stress.",
        "spans": [
          "Abortion sometimes causes psychological pain and stress. 5 \u0000"
        ]
      }
    ],
    "clueweb22-en0023-19-00930": [
      {
        "point_number": 1,
        "point_content": "Opposition to abortion is based on the belief in the inherent dignity and worth of every living human being, including the unborn child.",
        "spans": [
          "pro-lifers emphasize the inherent dignity and worth of every living human being",
          "the child who lives inside the woman is as much a human as the mother herself",
          "From the moment of conception, that unborn child possesses its own unique, human DNA"
        ]
      },
      {
        "point_number": 2,
        "point_content": "The unborn child is considered a separate human being, not just part of the woman's body.",
        "spans": [
          "the unborn child is simply part of the woman’s body. It is not; it is a separate — even if radically dependent — human being"
        ]
      },
      {
        "point_number": 3,
        "point_content": "The moral debate hinges on recognizing two humans involved and when legal protections should extend to the unborn child.",
        "spans": [
          "Recognizing that there are two humans involved in this process is absolutely fundamental to making a fully informed moral decision about abortion’s legality",
          "People can disagree over when and under what circumstances legal protections ought to extend to the child’s life"
        ]
      },
      {
        "point_number": 4,
        "point_content": "Late-term abortion is particularly contentious because the fetus can survive outside the womb at a certain stage, leading pro-lifers to argue for moral obligation to save the fetus.",
        "spans": [
          "An unborn child can survive without being connected to a woman’s body at some point around the 22nd week of pregnancy",
          "A pro-lifer sees these data and concludes that we have a moral obligation to save a fetus who could live with medical assistance"
        ]
      }
    ],
    "null": [],
    "clueweb22-en0008-30-17988": [
      {
        "point_number": 1,
        "point_content": "Anti-abortion laws are designed to force the Supreme Court to overturn Roe v. Wade.",
        "spans": [
          "These laws are all designed for one purpose: to force today’s sharply divided Supreme Court to overturn Roe v. Wade."
        ]
      },
      {
        "point_number": 2,
        "point_content": "Anti-abortion laws are unconstitutional because they violate women's constitutional right to abortion prior to fetal viability.",
        "spans": [
          "Simply put, women have a constitutional right to have an abortion.",
          "Banning abortion at any point prior to fetal viability violates women’s constitutional right to an abortion."
        ]
      },
      {
        "point_number": 3,
        "point_content": "Poor women suffer the most from abortion bans because they have fewer safe options and cannot afford to travel for abortion services.",
        "spans": [
          "As noted by Justice Ruth Bader Ginsburg, it is poor women who suffer the most.",
          "When abortion is outlawed, they are the people who suffer the most."
        ]
      },
      {
        "point_number": 4,
        "point_content": "Anti-abortion laws are based on junk science and misrepresented facts, such as fetal pain and heartbeat bills.",
        "spans": [
          "These bans are based on junk science – unproven or untested scientific theories that are misrepresented as facts.",
          "The American College of Obstetricians and Gynecologists (ACOG), a national leader on gynecologic health and science, has denounced bans on abortion."
        ]
      },
      {
        "point_number": 5,
        "point_content": "Banning abortion is a human rights violation according to the United Nations and international treaties.",
        "spans": [
          "Access to safe and legal abortion isn’t just a constitutional right; it is a human right.",
          "The United Nations has been overwhelmingly clear that women have a right to safe abortion, and that denying them access to safe abortion care is a violation of their human rights."
        ]
      },
      {
        "point_number": 6,
        "point_content": "Abortion bans ignore the realities of women's lives, such as financial, travel, and caregiving challenges.",
        "spans": [
          "Women often wait until 20 weeks for many reasons: they are trying to scrimp up enough money to afford the procedure; they have to travel hundreds of miles and need to raise funds for a hotel; they need to find transportation, sometimes on multiple days; they need to find daycare (the majority of women who have abortions are already mothers ); or they may have just discovered a fetal anomaly and have to terminate a wanted pregnancy."
        ]
      }
    ]
  }
}