{
  "question": "how did the armenian genocide happen",
  "key_points": {
    "clueweb22-en0018-76-06096": [
      {
        "point_number": 1,
        "point_content": "The Armenian genocide was the systematic killing and deportation of Armenians by the Turks of the Ottoman Empire during World War I.",
        "spans": [
          "The Armenian genocide was the systematic killing and deportation of Armenians by the Turks of the Ottoman Empire. In 1915, during World War I, leaders of the Turkish government set in motion a plan to expel and massacre Armenians."
        ]
      },
      {
        "point_number": 2,
        "point_content": "The Ottoman Empire subjected Armenians to unequal and unjust treatment, fostering resentment and suspicion.",
        "spans": [
          "The Ottoman rulers, like most of their subjects, were Muslim. They permitted religious minorities like the Armenians to maintain some autonomy, but they also subjected Armenians, who they viewed as “infidels,” to unequal and unjust treatment.",
          "Christians had to pay higher taxes than Muslims, for example, and they had very few political and legal rights.",
          "They tended to be better educated and wealthier than their Turkish neighbors, who in turn grew to resent their success.",
          "This resentment was compounded by suspicions that the Christian Armenians would be more loyal to Christian governments (that of the Russians, for example, who shared an unstable border with Turkey) than they were to the Ottoman caliphate."
        ]
      },
      {
        "point_number": 3,
        "point_content": "The Ottoman Empire's decline and Armenian civil rights campaigns led to violent repression under Sultan Abdul Hamid II.",
        "spans": [
          "At the end of the 19th century, the despotic Turkish Sultan Abdul Hamid II – obsessed with loyalty above all, and infuriated by the nascent Armenian campaign to win basic civil rights – declared that he would solve the “Armenian question” once and for all.",
          "“I will soon settle those Armenians,” he told a reporter in 1890. “I will give them a box on the ear which will make them…relinquish their revolutionary ambitions.”",
          "Between 1894 and 1896, this “box on the ear” took the form of a state-sanctioned pogrom.",
          "In response to large scale protests by Armenians, Turkish military officials, soldiers and ordinary men sacked Armenian villages and cities and massacred their citizens. Hundreds of thousands of Armenians were murdered."
        ]
      },
      {
        "point_number": 4,
        "point_content": "The Young Turks came to power in 1908 and aimed to 'Turkify' the empire, viewing Christian non-Turks as threats.",
        "spans": [
          "In 1908, a new government came to power in Turkey. A group of reformers who called themselves the “Young Turks” overthrew Sultan Abdul Hamid and established a more modern constitutional government.",
          "At first, the Armenians were hopeful that they would have an equal place in this new state, but they soon learned that what the nationalistic Young Turks wanted most of all was to “Turkify” the empire. According to this way of thinking, non-Turks – and especially Christian non-Turks – were a grave threat to the new state."
        ]
      },
      {
        "point_number": 5,
        "point_content": "During World War I, Armenians were accused of being traitors and the Turkish government pushed for their removal from war zones.",
        "spans": [
          "In 1914, the Turks entered World War I on the side of Germany and the Austro-Hungarian Empire.",
          "Military leaders began to argue that the Armenians were traitors: If they thought they could win independence if the Allies were victorious, this argument went, the Armenians would be eager to fight for the enemy.",
          "As the war intensified, Armenians organized volunteer battalions to help the Russian army fight against the Turks in the Caucasus region.",
          "These events, and general Turkish suspicion of the Armenian people, led the Turkish government to push for the “removal” of the Armenians from the war zones along the Eastern Front."
        ]
      },
      {
        "point_number": 6,
        "point_content": "The Armenian genocide began on April 24, 1915, with arrests and executions of Armenian intellectuals, followed by death marches and mass killings.",
        "spans": [
          "On April 24, 1915, the Armenian genocide began. That day, the Turkish government arrested and executed several hundred Armenian intellectuals.",
          "After that, ordinary Armenians were turned out of their homes and sent on death marches through the Mesopotamian desert without food or water.",
          "Frequently, the marchers were stripped naked and forced to walk under the scorching sun until they dropped dead. People who stopped to rest were shot.",
          "At the same time, the Young Turks created a “Special Organization,” which in turn organized “killing squads” or “butcher battalions” to carry out, as one officer put it, “the liquidation of the Christian elements.”",
          "These killing squads were often made up of murderers and other ex-convicts. They drowned people in rivers, threw them off cliffs, crucified them and burned them alive. In short order, the Turkish countryside was littered with Armenian corpses."
        ]
      },
      {
        "point_number": 7,
        "point_content": "The genocide included kidnapping children, forced conversion, rape, and seizure of Armenian property.",
        "spans": [
          "Records show that during this “Turkification” campaign, government squads also kidnapped children, converted them to Islam and gave them to Turkish families.",
          "In some places, they raped women and forced them to join Turkish “harems” or serve as slaves.",
          "Muslim families moved into the homes of deported Armenians and seized their property."
        ]
      }
    ],
    "clueweb22-en0036-60-03380": [
      {
        "point_number": 1,
        "point_content": "The Armenian genocide was the systematic destruction of the Armenian people and identity in the Ottoman Empire during World War I, spearheaded by the ruling Committee of Union and Progress (CUP).",
        "spans": [
          "The Armenian genocide [a] was the systematic destruction of the Armenian people and identity in the Ottoman Empire during World War I. Spearheaded by the ruling Committee of Union and Progress (CUP)"
        ]
      },
      {
        "point_number": 2,
        "point_content": "It was implemented primarily through the mass murder of around one million Armenians during death marches to the Syrian Desert and the forced Islamization of Armenian women and children.",
        "spans": [
          "it was implemented primarily through the mass murder of around one million Armenians during death marches to the Syrian Desert and the forced Islamization of Armenian women and children."
        ]
      },
      {
        "point_number": 3,
        "point_content": "Before World War I, Armenians occupied a protected, but subordinate, place in Ottoman society, but large-scale massacres occurred in the 1890s and 1909.",
        "spans": [
          "Before World War I, Armenians occupied a protected, but subordinate, place in Ottoman society. Large-scale massacres of Armenians occurred in the 1890s and 1909."
        ]
      },
      {
        "point_number": 4,
        "point_content": "The Ottoman Empire suffered military defeats and territorial losses leading to fear among CUP leaders that Armenians would seek independence.",
        "spans": [
          "The Ottoman Empire suffered a series of military defeats and territorial losses—especially the 1912–1913 Balkan Wars —leading to fear among CUP leaders that the Armenians, whose homeland in the eastern provinces was viewed as the heartland of the Turkish nation, would seek independence."
        ]
      },
      {
        "point_number": 5,
        "point_content": "During their invasion of Russian and Persian territory in 1914, Ottoman paramilitaries massacred local Armenians, and Ottoman leaders took isolated indications of Armenian resistance as evidence of a widespread rebellion.",
        "spans": [
          "During their invasion of Russian and Persian territory in 1914, Ottoman paramilitaries massacred local Armenians. Ottoman leaders took isolated indications of Armenian resistance as evidence of a widespread rebellion, though no such rebellion existed."
        ]
      },
      {
        "point_number": 6,
        "point_content": "Mass deportation was intended to permanently forestall the possibility of Armenian autonomy or independence.",
        "spans": [
          "Mass deportation was intended to permanently forestall the possibility of Armenian autonomy or independence."
        ]
      },
      {
        "point_number": 7,
        "point_content": "On 24 April 1915, the Ottoman authorities arrested and deported hundreds of Armenian intellectuals and leaders from Constantinople.",
        "spans": [
          "On 24 April 1915, the Ottoman authorities arrested and deported hundreds of Armenian intellectuals and leaders from Constantinople."
        ]
      },
      {
        "point_number": 8,
        "point_content": "At the orders of Talaat Pasha, an estimated 800,000 to 1.2 million Armenians were sent on death marches to the Syrian Desert in 1915 and 1916, deprived of food and water and subjected to robbery, rape, and massacres.",
        "spans": [
          "At the orders of Talaat Pasha, an estimated 800,000 to 1.2 million Armenians were sent on death marches to the Syrian Desert in 1915 and 1916. Driven forward by paramilitary escorts, the deportees were deprived of food and water and subjected to robbery, rape, and massacres."
        ]
      },
      {
        "point_number": 9,
        "point_content": "In the Syrian Desert, survivors were dispersed into concentration camps, and in 1916 another wave of massacres was ordered, leaving about 200,000 deportees alive by the end of the year.",
        "spans": [
          "In the Syrian Desert, the survivors were dispersed into concentration camps. In 1916, another wave of massacres was ordered, leaving about 200,000 deportees alive by the end of the year."
        ]
      },
      {
        "point_number": 10,
        "point_content": "Around 100,000 to 200,000 Armenian women and children were forcibly converted to Islam and integrated into Muslim households.",
        "spans": [
          "Around 100,000 to 200,000 Armenian women and children were forcibly converted to Islam and integrated into Muslim households."
        ]
      },
      {
        "point_number": 11,
        "point_content": "Massacres and ethnic cleansing of Armenian survivors were carried out by the Turkish nationalist movement during the Turkish War of Independence after World War I.",
        "spans": [
          "Massacres and ethnic cleansing of Armenian survivors were carried out by the Turkish nationalist movement during the Turkish War of Independence after World War I."
        ]
      },
      {
        "point_number": 12,
        "point_content": "The genocide was decided by the CUP leaders who held Armenians collectively guilty for betraying the empire and sought to permanently eliminate any possibility of Armenian autonomy or independence.",
        "spans": [
          "During World War I, the CUP—whose central goal was to preserve the Ottoman Empire—came to identify Armenian civilians as an existential threat. CUP leaders held Armenians—including women and children—collectively guilty for \"betraying\" the empire, a belief that was crucial to deciding on genocide in early 1915.",
          "The genocide was intended to permanently eliminate any possibility that Armenians could achieve autonomy or independence in the empire's eastern provinces."
        ]
      },
      {
        "point_number": 13,
        "point_content": "The deportation and murder of Armenians did not grant the empire any military advantage and actually undermined the Ottoman war effort.",
        "spans": [
          "Although ostensibly undertaken for military reasons, the deportation and murder of Armenians did not grant the empire any military advantage and actually undermined the Ottoman war effort."
        ]
      },
      {
        "point_number": 14,
        "point_content": "The deportations were carried out through death marches, where men were separated and executed, and women and children were forced to march without food and water, leading to mass deaths.",
        "spans": [
          "Unlike the earlier massacres of Ottoman Armenians, in 1915 Armenians were not usually killed in their villages, to avoid destruction of property or unauthorized looting. Instead, the men were usually separated from the rest of the deportees during the first few days and executed.",
          "Women and children, who made up the great majority of deportees, were usually not executed immediately, but subjected to hard marches through mountainous terrain without food and water. Those who could not keep up were left to die or shot."
        ]
      },
      {
        "point_number": 15,
        "point_content": "The Islamization of Armenians was a systematic state policy involving forced conversion, marriage to Muslims, and erasure of Armenian identity.",
        "spans": [
          "The Islamization of Armenians, carried out as a systematic state policy involving the bureaucracy, police, judiciary, and clergy, was a major structural component of the genocide.",
          "The CUP allowed Armenian women to marry into Muslim households, as these women had to convert to Islam and would lose their Armenian identity."
        ]
      },
      {
        "point_number": 16,
        "point_content": "Armenian property was confiscated and redistributed to Muslims, and the destruction of the Armenian bourgeoisie was a motivation for the genocide.",
        "spans": [
          "A secondary motivation for genocide was the destruction of the Armenian bourgeoisie to make room for a Turkish and Muslim middle class and build a statist \"national economy\" controlled by Muslim Turks.",
          "The Ottoman and Turkish governments passed a series of Abandoned Properties Laws to manage and redistribute property confiscated from Armenians."
        ]
      }
    ],
    "null": [],
    "clueweb22-en0038-27-09167": [
      {
        "point_number": 1,
        "point_content": "The Armenian genocide refers to the physical annihilation of Armenian Christian people living in the Ottoman Empire from spring 1915 through autumn 1916.",
        "spans": [
          "the Armenian genocide refers to the physical annihilation of Armenian Christian people living in the Ottoman Empire from spring 1915 through autumn 1916"
        ]
      },
      {
        "point_number": 2,
        "point_content": "Ottoman authorities, supported by auxiliary troops and at times by civilians, perpetrated most of the persecution and mass killing.",
        "spans": [
          "Ottoman authorities, supported by auxiliary troops and at times by civilians, perpetrated most of the persecution and mass killing"
        ]
      },
      {
        "point_number": 3,
        "point_content": "The Ottoman government, controlled by the Committee of Union and Progress (CUP; also called the Young Turks), aimed to solidify Muslim Turkish dominance in the regions of central and eastern Anatolia by eliminating the sizeable Armenian presence there.",
        "spans": [
          "The Ottoman government, controlled by the Committee of Union and Progress (CUP; also called the Young Turks), aimed to solidify Muslim Turkish dominance in the regions of central and eastern Anatolia by eliminating the sizeable Armenian presence there"
        ]
      },
      {
        "point_number": 4,
        "point_content": "In spring 1915 the Ottoman government began the deportation of the Armenian population from its northeastern border regions fearing that invading enemy troops would induce Armenians to join them.",
        "spans": [
          "in spring 1915 the Ottoman government began the deportation of the Armenian population from its northeastern border regions"
        ]
      },
      {
        "point_number": 5,
        "point_content": "The victims of the Armenian genocide include people killed in local massacres that began in spring 1915; others who died during deportations, under conditions of starvation, dehydration, exposure, and disease; and Armenians who died in or en route to the desert regions of the southern Empire.",
        "spans": [
          "people killed in local massacres that began in spring 1915",
          "others who died during deportations, under conditions of starvation, dehydration, exposure, and disease",
          "Armenians who died in or en route to the desert regions of the southern Empire"
        ]
      }
    ],
    "clueweb22-en0017-98-13951": [
      {
        "point_number": 1,
        "point_content": "The Armenian Genocide was a campaign of deportation and mass killing conducted against the Armenian subjects of the Ottoman Empire by the Young Turk government during World War I.",
        "spans": [
          "Armenian Genocide,  campaign of deportation and mass killing conducted against the Armenian subjects of the Ottoman Empire by the Young Turk government during World War I (1914–18)."
        ]
      },
      {
        "point_number": 2,
        "point_content": "The Young Turks became increasingly suspicious of Armenians, imagining they were collaborating with foreign powers, leading to authoritarian measures and sidelining of liberal opponents.",
        "spans": [
          "Over time, however, the ambitions of the Young Turks became more militant, less tolerant of non-Turks, and increasingly suspicious of their Armenian subjects, whom they imagined were collaborating with foreign powers.",
          "Increasingly authoritarian, the Young Turks consolidated power and sidelined their more liberal opponents, and in January 1913 the most militant members of the party, Enver Paşa and Talat Paşa, came to power in a coup d’état."
        ]
      },
      {
        "point_number": 3,
        "point_content": "The Ottoman defeat in the First Balkan War increased antipathy toward Christians and intensified conflict between Muslims and Christian peasants over land.",
        "spans": [
          "Antipathy toward Christians increased when the Ottoman Empire suffered a humiliating defeat in the First Balkan War (1912–13), resulting in the loss of nearly all its remaining territory in Europe.",
          "Furthermore, the conflict sent hundreds of thousands of Muslim refugees streaming eastward into Anatolia, intensifying conflict between Muslims and Christian peasants over land."
        ]
      },
      {
        "point_number": 4,
        "point_content": "The Young Turks took European-imposed reforms on Armenians as proof of Armenian collusion with Europe to undermine Ottoman sovereignty.",
        "spans": [
          "In 1914 the European powers imposed a major reform on the Ottomans that required supervision by inspectors in the east.",
          "The Young Turks took that arrangement as further proof of the Armenians’ collusion with Europe to undermine the sovereignty of the Ottoman Empire."
        ]
      },
      {
        "point_number": 5,
        "point_content": "Armenians were seen as traitors by the Young Turks when Armenian political party Dashnaktsutyun refused to convince Armenians to fight for the Ottoman Empire.",
        "spans": [
          "The Young Turks proposed to the Dashnaktsutyun, by then the leading Armenian political party, that it convince Russian Armenians as well as those in Ottoman lands to fight for the Ottoman Empire.",
          "The Dashnaks replied that Armenian Russian and Ottoman subjects would remain loyal to their respective empires.",
          "That was seen by powerful Young Turks as an act of treachery."
        ]
      },
      {
        "point_number": 6,
        "point_content": "After the Ottoman defeat at Sarıkamış, the Young Turk government blamed Armenian treachery, demobilized Armenian soldiers, and began systematic murder of Armenians.",
        "spans": [
          "In January 1915 Enver Paşa attempted to push back the Russians at the battle of Sarıkamış, only to suffer the worst Ottoman defeat of the war.",
          "Although poor generalship and harsh conditions were the main reasons for the loss, the Young Turk government sought to shift the blame to Armenian treachery.",
          "Armenian soldiers and other non-Muslims in the army were demobilized and transferred into labour battalions.",
          "The disarmed Armenian soldiers were then systematically murdered by Ottoman troops, the first victims of what would become genocide."
        ]
      },
      {
        "point_number": 7,
        "point_content": "The Ottoman government began deporting Armenians from Eastern Anatolia, accompanied by mass murder by irregular forces and local groups, resulting in hundreds of thousands of deaths.",
        "spans": [
          "Soon after the defeat at Sarıkamış, the Ottoman government began to deport Armenians from Eastern Anatolia on the grounds that their presence near the front lines posed a threat to national security.",
          "In May the Ottoman Parliament passed legislation formally authorizing the deportation.",
          "Throughout summer and autumn of 1915, Armenian civilians were removed from their homes and marched through the valleys and mountains of Eastern Anatolia toward desert concentration camps.",
          "The deportation, which was overseen by civil and military officials, was accompanied by a systematic campaign of mass murder carried out by irregular forces as well as by local Kurds and Circassians.",
          "Survivors who reached the deserts of Syria languished in concentration camps, many starved to death, and massacres continued into 1916.",
          "Conservative estimates have calculated that some 600,000 to more than 1,000,000 Armenians were slaughtered or died on the marches."
        ]
      },
      {
        "point_number": 8,
        "point_content": "The Armenian Genocide was caused by immediate World War I crisis and deeper causes including Muslim resentment of Armenian successes and Young Turk leaders' view of Armenians as alien and dangerous.",
        "spans": [
          "The Armenian Genocide had both short- and long-term causes.",
          "Although the expulsion and murder of hundreds of thousands of Armenians in 1915–16 was an immediate response to the crisis of World War I and not the result of a long-held plan to eliminate the Armenian people, its deeper causes go back to Muslims’ resentment of Armenians’ economic and political successes—a reversal of traditional Ottoman social hierarchies that had Muslims superior to non-Muslims—and to a growing sense on the part of Young Turk leaders and ordinary Muslims that Armenians were an alien and dangerous element within their society."
        ]
      }
    ],
    "clueweb22-en0020-15-00714": [
      {
        "point_number": 1,
        "point_content": "The Armenian Genocide was not a spontaneous event but the result of many long-term and short-term factors including racial, political, economic, and religious situations, as well as the history of the Ottoman Empire.",
        "spans": [
          "the Armenian Genocide was not a spontaneous event (although it appeared to be to the international community), nor was it the result of a single action. Rather, there were many long-term and short-term factors, none of which in isolation could have sparked the mass bloodshed, but which combined to create the perfect storm.  These incredibly interconnected factors included the racial, political, economic, and religious situations, as well as the history of the region, in particular the Ottoman Empire, at the turn of the 20th century."
        ]
      },
      {
        "point_number": 2,
        "point_content": "The Young Turks, a radical conservative group that came to power in the Ottoman Empire, promoted Turkish nationalism and xenophobia, targeting Armenians as outsiders and enemies.",
        "spans": [
          "a group known as the Young Turks, a reactionist group formed in response to the former Sultan Abdul Hamid II’s totalitarianism, had come to power in the Ottoman Empire shortly before the persecution of the Armenians",
          "The Young Turks promoted this fear and dislike of outsiders, in particular of Armenians, through the use of their propagandist newspaper Harb Mecuasi, or “War Magazine”",
          "The radical wing promoted a “Turkey for the Turks” sentiment and created a “xenophobic (fear of those unlike oneself) Turkish nationalism”"
        ]
      },
      {
        "point_number": 3,
        "point_content": "Armenians were disarmed and accused of undermining the Ottoman war effort, leading to their forced relocation and massacre under the guise of wartime emergencies.",
        "spans": [
          "the government  continued to turn its people against the Armenians, they portrayed the minority as the reason for the militaristic defeats, claiming that they were being undermined from within",
          "To back up this claim, and to prevent any resistance to the impending assault, the Turkish government disarmed all of the Armenians in the Ottoman Empire",
          "The Young Turks then took advantage of the war, claiming that all Armenians, beginning with those in Anatolia, a region with a very high concentration of Armenians, and later extending to all who lived within the Empire, needed to be relocated due to “wartime emergencies.” This, however, was a simple guise to cover up the killing which would later take place"
        ]
      },
      {
        "point_number": 4,
        "point_content": "Religious tension between the Christian Armenians and the Muslim Ottoman Empire contributed to the genocide, with the Young Turks promoting Islamic dominance and blaming Christians for Muslim struggles.",
        "spans": [
          "Another cause for the persecution of Armenians between 1915 and 1917 was the religious tension created by the fact that they were a large group of Christians living under the rule of an Islamic nation",
          "The Young Turks wanted to establish Islamic dominance throughout the region more so than any of the leading groups before them",
          "This militant Islamic group blamed the Christian “Infidels” for the struggles faced by the Muslims living within their borders"
        ]
      },
      {
        "point_number": 5,
        "point_content": "Economic jealousy and hardship fueled animosity towards Armenians, who were a wealthy minority in a financially struggling Ottoman Empire during World War I.",
        "spans": [
          "the Armenian population in the Ottoman Empire at the time was quite wealthy",
          "the Turkish population, and the government itself, were far from financially secure",
          "The Armenian populations in Tiflis and Baku controlled the majority of the local wealth—wealth which was desperately needed both by the Islamic civilians of the area, as well as the Young Turk government",
          "part of the reason for the genocide was to acquire the wealth, which had been amassed by the Armenians"
        ]
      },
      {
        "point_number": 6,
        "point_content": "The genocide involved forced marches into the desert where Armenians were left to die, along with widespread murder, rape, and abuse by Ottoman military and civilians.",
        "spans": [
          "Armenians were killed in all sorts of horrific ways, but the vast majority died during the forced marches, during which the Ottoman military and civilians alike herded Armenians, sometimes entire towns at a time, and simply marched them into the desert without resources and left them there to perish",
          "Naturally, they were subject to innumerable and unimaginable abuses such as murder, rape, beatings, and food deprivation throughout the course of the journey"
        ]
      }
    ]
  }
}