{
  "question": "how did the armenian genocide happen",
  "key_points": [
    {
      "point_number": 1,
      "point_content": "The Armenian genocide was the systematic killing and deportation of Armenians by the Ottoman Empire during World War I, involving mass murder, death marches, forced Islamization, and seizure of property, resulting in the deaths of around one million Armenians.",
      "original_point_number": [
        1,
        6,
        7,
        8,
        9,
        15,
        21,
        22,
        23,
        24,
        25,
        26,
        27,
        28,
        29,
        35,
        39,
        42
      ]
    },
    {
      "point_number": 2,
      "point_content": "The Armenian genocide was decided and implemented by the Committee of Union and Progress (CUP), also known as the Young Turks, who viewed Armenians as a threat to the empire and sought to eliminate any possibility of Armenian autonomy or independence.",
      "original_point_number": [
        8,
        19,
        26,
        29,
        38
      ]
    },
    {
      "point_number": 3,
      "point_content": "The Young Turks came to power in 1908 and aimed to 'Turkify' the empire, viewing Christian non-Turks, including Armenians, as threats, leading to authoritarian measures, sidelining of liberal opponents, and increased suspicion of Armenians as traitors collaborating with foreign powers.",
      "original_point_number": [
        4,
        30,
        32,
        33,
        38
      ]
    },
    {
      "point_number": 4,
      "point_content": "The Ottoman Empire's decline, military defeats, and territorial losses, including the First Balkan War and the defeat at Sarıkamış, increased fear and antipathy among Ottoman and CUP leaders towards Armenians, whom they blamed for betrayal and sought to repress violently.",
      "original_point_number": [
        3,
        11,
        31,
        34
      ]
    },
    {
      "point_number": 5,
      "point_content": "Before World War I, Armenians occupied a protected but subordinate place in Ottoman society, but large-scale massacres occurred in the 1890s and 1909, and resentment and suspicion towards Armenians grew due to unequal and unjust treatment and economic jealousy.",
      "original_point_number": [
        2,
        10,
        41
      ]
    },
    {
      "point_number": 6,
      "point_content": "During World War I, Armenians were accused of being traitors, disarmed, and forcibly relocated from war zones, with deportations carried out through death marches where men were separated and executed, and women and children were subjected to starvation, dehydration, rape, forced conversion to Islam, and mass killings.",
      "original_point_number": [
        5,
        15,
        21,
        27,
        33,
        39
      ]
    },
    {
      "point_number": 7,
      "point_content": "The genocide included kidnapping children, forced conversion and marriage to Muslims, rape, seizure and redistribution of Armenian property to Muslims, and the destruction of the Armenian bourgeoisie as motivations for the genocide.",
      "original_point_number": [
        7,
        17,
        22,
        23
      ]
    },
    {
      "point_number": 8,
      "point_content": "Massacres and ethnic cleansing of Armenian survivors continued after World War I during the Turkish War of Independence, carried out by the Turkish nationalist movement.",
      "original_point_number": [
        18
      ]
    },
    {
      "point_number": 9,
      "point_content": "The Armenian genocide was caused by immediate World War I crises and deeper long-term factors including Muslim resentment of Armenian successes, racial, political, economic, and religious tensions, and the Young Turk leaders' view of Armenians as alien and dangerous.",
      "original_point_number": [
        36,
        37,
        40
      ]
    },
    {
      "point_number": 10,
      "point_content": "The victims of the Armenian genocide include those killed in local massacres beginning in spring 1915, those who died during deportations from starvation, dehydration, exposure, and disease, and those who died in or en route to desert regions of the southern Ottoman Empire.",
      "original_point_number": [
        28
      ]
    }
  ]
}