{
  "question": "negatives of stereotyping",
  "key_points": [
    {
      "point_number": 1,
      "point_content": "Stereotype threat negatively impacts individuals targeted by stereotypes by causing anxiety about confirming the stereotype, lowering expectations, distracting attention, decreasing working memory capacity, and leading to defensive behaviors like self-handicapping, which collectively result in poorer performance on related tasks, including standardized tests and athletic performance.",
      "original_point_number": [
        1,
        2,
        3,
        4,
        6,
        7,
        8,
        10,
        11,
        12,
        15,
        35
      ]
    },
    {
      "point_number": 2,
      "point_content": "Teaching individuals about stereotype threat can help reduce its negative effects on performance.",
      "original_point_number": [
        5
      ]
    },
    {
      "point_number": 3,
      "point_content": "Individuals most susceptible to stereotype threat are those motivated to do well and maintain a positive group image.",
      "original_point_number": [
        9
      ]
    },
    {
      "point_number": 4,
      "point_content": "Negative stereotypes include examples such as women not excelling in STEM, older people not managing technology well, African Americans being unintelligent, and white men being bad at sports.",
      "original_point_number": [
        13
      ]
    },
    {
      "point_number": 5,
      "point_content": "Negative stereotypes affect people even if others are not consciously thinking about them, as shown by examples like an older man feeling self-conscious about his knowledge of phones.",
      "original_point_number": [
        14
      ]
    },
    {
      "point_number": 6,
      "point_content": "Stereotyping leads to ignoring differences between individuals, making assumptions that may not be true, and simplifying social perception by establishing social categorization that can lead to prejudice, accusations, and quick, unethical judgments.",
      "original_point_number": [
        16,
        17,
        18,
        19,
        20,
        27
      ]
    },
    {
      "point_number": 7,
      "point_content": "Stereotyping exists across races, ethnic groups, and cultures and includes harmful generalizations such as racial and gender stereotypes, which often convey negative and unclear judgments leading to judging others without knowing them.",
      "original_point_number": [
        21,
        22
      ]
    },
    {
      "point_number": 8,
      "point_content": "Stereotyping can lead to bullying, violence, fear, and has a negative impact on society, causing problems in an increasingly globalized and diverse world.",
      "original_point_number": [
        23,
        24,
        25
      ]
    },
    {
      "point_number": 9,
      "point_content": "Stereotypes may or may not be true and can lead to problems or even dire consequences, including misguided judgments causing inappropriate actions or offense.",
      "original_point_number": [
        26,
        28
      ]
    },
    {
      "point_number": 10,
      "point_content": "Stereotyping is a form of prejudice that can be distressing for the person being prejudged, especially when racially motivated, and negative stereotypes encourage negative first impressions, creating an 'us' and 'them' attitude and social problems.",
      "original_point_number": [
        29,
        30
      ]
    },
    {
      "point_number": 11,
      "point_content": "Negative stereotyping can cause individuals to feel they must prove themselves, lead to assumptions of incompetence, create a negative environment, decrease academic performance, increase aggression, reduce self-control, increase eating, and decrease the ability to make rational decisions.",
      "original_point_number": [
        31,
        32,
        33
      ]
    },
    {
      "point_number": 12,
      "point_content": "Women exposed to negative stereotypes showed more hostility and performed poorly on cognitive tasks compared to those who received positive support.",
      "original_point_number": [
        34
      ]
    },
    {
      "point_number": 13,
      "point_content": "Negative stereotypes about athletic ability lead to poor performance in physical and cognitive tasks.",
      "original_point_number": [
        35
      ]
    },
    {
      "point_number": 14,
      "point_content": "The text discusses the pros and cons of stereotypes, including discrimination based on race, age, and gender.",
      "original_point_number": [
        36
      ]
    }
  ]
}