{
  "question": "how consumerism affects the environment",
  "key_points": [
    {
      "point_number": 1,
      "point_content": "Economic growth and consumerism have placed an unsustainable burden on the physical environment through over-consumption, resource use, pollution, and environmental degradation, including species extinction and climate change.",
      "original_point_number": [
        1,
        9,
        10,
        14,
        17,
        33,
        34,
        44
      ]
    },
    {
      "point_number": 2,
      "point_content": "Household consumption behaviors account for a significant portion of global carbon emissions and environmental impacts, with estimates of consumerism responsible for up to 60-80% of greenhouse gas emissions and resource use, making consumers key actors in climate change mitigation.",
      "original_point_number": [
        2,
        46,
        47
      ]
    },
    {
      "point_number": 3,
      "point_content": "Capitalism, globalization, and social media encourage consumerism and materialism, leading to increased acquisition of goods and services often beyond actual needs, which harms the environment and drives overproduction and economic instability.",
      "original_point_number": [
        3,
        19,
        44
      ]
    },
    {
      "point_number": 4,
      "point_content": "There is a gap between individuals' perceived responsibility to mitigate climate change and the roles communicated by climate policies, which needs to be addressed to change consumption habits and promote behavioral change.",
      "original_point_number": [
        4,
        7
      ]
    },
    {
      "point_number": 5,
      "point_content": "Steep reductions in emissions require changes in household lifestyles and behavioral changes at individual, household, and community levels, with consumers having the power and responsibility to influence companies and governments through their consumption behavior.",
      "original_point_number": [
        5,
        6
      ]
    },
    {
      "point_number": 6,
      "point_content": "Promoting pro-environmental behaviors and making climate change information accessible is essential for motivating consumers to adopt low-carbon lifestyles.",
      "original_point_number": [
        8
      ]
    },
    {
      "point_number": 7,
      "point_content": "Consumerism leads to a 'throw away' mentality with disposable and non-biodegradable goods causing a devastating toll on Earth's water supplies, natural resources, ecosystems, and increasing waste levels, which have doubled over the past 30 years creating management problems.",
      "original_point_number": [
        13,
        16,
        28
      ]
    },
    {
      "point_number": 8,
      "point_content": "Production of consumer goods emits chemicals and toxic by-products polluting air, water, and soil, often involving harmful extraction of natural resources and polluting methods, especially in developing countries with low legal standards.",
      "original_point_number": [
        15,
        18,
        24,
        25
      ]
    },
    {
      "point_number": 9,
      "point_content": "Extraction of natural resources for production causes air pollution, climate crisis, deforestation, land degradation, and contamination of water sources, contributing to environmental destruction to meet demand for agricultural products and commodities.",
      "original_point_number": [
        18,
        38,
        45
      ]
    },
    {
      "point_number": 10,
      "point_content": "Increased reliance on automobiles, a product of consumerism, leads to more pollution, traffic, fossil fuel use, and contributes significantly to global energy and oil consumption, harming the environment.",
      "original_point_number": [
        11,
        35
      ]
    },
    {
      "point_number": 11,
      "point_content": "Factory farming to meet meat demand uses large water resources, consumes most soybean crops, produces methane, and creates toxic waste threatening ecosystems.",
      "original_point_number": [
        12
      ]
    },
    {
      "point_number": 12,
      "point_content": "Online markets increase convenience but also increase carbon footprint due to delivery logistics.",
      "original_point_number": [
        20
      ]
    },
    {
      "point_number": 13,
      "point_content": "Consumer society’s environmental cost, such as planned obsolescence and shorter product lifespans, leads to increased consumption, waste levels, and is a dangerous threat for sustainable development.",
      "original_point_number": [
        21,
        27
      ]
    },
    {
      "point_number": 14,
      "point_content": "Unfettered consumption by a minority of the global population causes a resource deficit and global inequality, with consumption levels in high-consumption countries exceeding available ecologically productive land, leading to resource depletion and exploitation of peripheral and poorer countries.",
      "original_point_number": [
        22,
        37,
        39,
        40,
        43
      ]
    },
    {
      "point_number": 15,
      "point_content": "The present economic system is linear, based on extraction, production, distribution, buying, and discard, which causes environmental problems and social issues, with product prices often not reflecting real environmental or social costs, impacting health and quality of life.",
      "original_point_number": [
        23,
        26,
        44
      ]
    },
    {
      "point_number": 16,
      "point_content": "Pollution is related to increased consumption, including production, waste, and disposal of products, with industries moving dirty production to poorer countries with lower environmental standards to serve consumption in wealthier countries.",
      "original_point_number": [
        41,
        42
      ]
    },
    {
      "point_number": 17,
      "point_content": "Consumerism is the notion that increasing the consumption of goods and services equates to a better economy in a country, with the increasing number of developed countries and their consumerism rates slowly showing destructive effects on our environment.",
      "original_point_number": [
        29,
        30
      ]
    },
    {
      "point_number": 18,
      "point_content": "About 1.7 billion people now belong to the global “consumer class” characterized by processed food diets, bigger houses, cars, debts, and lifestyles with the goal of accumulating more non-essential goods, residing in developing countries, while Western people experience greater negative effects of consumerism on the environment due to their more developed culture.",
      "original_point_number": [
        31,
        32
      ]
    },
    {
      "point_number": 19,
      "point_content": "Consumption requires extraction and use of natural resources and creates pollutants and waste, with about four-fifths of the environmental impact of consumerism coming from sources further down our products’ supply chains, not direct behaviors like driving or showering.",
      "original_point_number": [
        36,
        48
      ]
    },
    {
      "point_number": 20,
      "point_content": "Consumerism contributes to global inequality, obesity, increasing demands, and pollution, all negatively impacting the environment.",
      "original_point_number": [
        33
      ]
    }
  ]
}