{
  "question": "how does texas abortion law work",
  "key_points": [
    {
      "point_number": 1,
      "point_content": "Texas’ six-week abortion ban effectively bans abortions after six weeks of pregnancy, which is before many people realize they are pregnant, as cardiac activity can be detected around six weeks.",
      "original_point_number": [
        1,
        9,
        10,
        16,
        21,
        24,
        48
      ]
    },
    {
      "point_number": 2,
      "point_content": "The law empowers private citizens, including those outside Texas, to sue anyone who performs, aids, or abets an abortion after six weeks or after cardiac activity is detected, with a minimum statutory damage amount of $10,000 plus attorneys’ fees, and allows unlimited lawsuits.",
      "original_point_number": [
        2,
        14,
        15,
        17,
        18,
        19,
        20,
        22,
        25,
        26,
        32,
        33,
        35,
        36,
        37,
        41
      ]
    },
    {
      "point_number": 3,
      "point_content": "Patients themselves cannot be sued for seeking an abortion, including those who self-induce abortion, but providers and anyone who helps them can be sued under the law; insurance companies can also be held liable for paying or reimbursing abortion costs.",
      "original_point_number": [
        3,
        23,
        38,
        39
      ]
    },
    {
      "point_number": 4,
      "point_content": "The law provides an exemption for broadly defined medical emergencies, including if continuing the pregnancy presents a danger to the life of the woman or could lead to substantial and irreversible impairment of a major bodily function, but does not include exemptions for rape or incest.",
      "original_point_number": [
        4,
        11,
        31,
        46
      ]
    },
    {
      "point_number": 5,
      "point_content": "A pregnant person in Texas has about a two-week window to seek abortion care before the six-week ban applies.",
      "original_point_number": [
        5
      ]
    },
    {
      "point_number": 6,
      "point_content": "Medication abortion is restricted under Texas’ law since it applies to any abortion after six weeks.",
      "original_point_number": [
        6
      ]
    },
    {
      "point_number": 7,
      "point_content": "Miscarriage management is possible if no cardiac activity is found, as the law applies only if cardiac activity is present.",
      "original_point_number": [
        7
      ]
    },
    {
      "point_number": 8,
      "point_content": "Anyone who helps someone leave Texas to obtain an abortion or send funds directly has low legal risk under the law, but aiding such travel is ambiguous and could be subject to lawsuits; you cannot be sued for taking someone out of state to get an abortion, only abortions that take place in Texas are subject to the law.",
      "original_point_number": [
        8,
        30,
        43
      ]
    },
    {
      "point_number": 9,
      "point_content": "The law is designed to be difficult to challenge in court by deputizing private citizens to enforce it instead of state officials, removing enforcement entirely from state jurisdiction and vastly expanding who can sue and be sued over abortions.",
      "original_point_number": [
        12,
        19,
        36
      ]
    },
    {
      "point_number": 10,
      "point_content": "The law allows successful plaintiffs to collect $10,000 and legal fees from those they sue, but if they lose, they do not pay defendants' legal costs; however, the person who is sued is still on the hook for attorney fees and court costs, even if the lawsuit is unsuccessful.",
      "original_point_number": [
        15,
        34,
        40
      ]
    },
    {
      "point_number": 11,
      "point_content": "Anyone, even people outside Texas, can file a complaint in any Texas court if they believe an abortion has been performed, and courts may rule against out-of-state defendants who do not appear, but enforcement of judgments outside Texas is uncertain.",
      "original_point_number": [
        17,
        41,
        45
      ]
    },
    {
      "point_number": 12,
      "point_content": "SB 8 bans abortion after six weeks and allows private citizens to sue anyone who performs, aids, or abets such an abortion for a minimum of $10,000 plus attorneys’ fees, enforced through private lawsuits, not by government officials, to avoid judicial review; it does not criminalize abortion.",
      "original_point_number": [
        35,
        36,
        37
      ]
    },
    {
      "point_number": 13,
      "point_content": "You can be sued for donating to an abortion fund that provides financial or logistical help to Texans seeking abortions, including planning to donate but not mailing the check, and a ride-hailing app driver who takes someone to an abortion clinic can be sued under SB 8.",
      "original_point_number": [
        27,
        28,
        29
      ]
    },
    {
      "point_number": 14,
      "point_content": "SB 8 allows any private citizen in Texas, or elsewhere, to sue anyone who performs an abortion in the state after an embryo’s cardiac activity can be detected, using an unusual enforcement mechanism involving civil lawsuits rather than criminal prosecution to create liability for anyone who performs, aids or abets, or intends to aid or abet such an abortion.",
      "original_point_number": [
        20,
        22
      ]
    },
    {
      "point_number": 15,
      "point_content": "SB 8 likely does not prohibit Texas residents from traveling out of state to get an abortion, but aiding such travel is ambiguous and could be subject to lawsuits; out-of-state residents can be sued under SB 8 if they aid or abet a Texas abortion, such as donating to abortion funds, but enforcement is complicated.",
      "original_point_number": [
        43,
        44
      ]
    },
    {
      "point_number": 16,
      "point_content": "SB 8 allows private citizens to sue and potentially obtain private medical information through court orders, raising HIPAA privacy concerns.",
      "original_point_number": [
        47
      ]
    },
    {
      "point_number": 17,
      "point_content": "Planned Parenthood can provide abortion care if within the legal limit, or help connect to out-of-state care if not, assisting with finding out-of-state providers and financial assistance for abortion care.",
      "original_point_number": [
        49,
        53
      ]
    },
    {
      "point_number": 18,
      "point_content": "Texas law requires at least two visits to the abortion facility: first for ultrasound, second for procedure and another ultrasound to confirm legal limit; if the second ultrasound shows the pregnancy is past the legal limit, Planned Parenthood can help access abortion care out of state.",
      "original_point_number": [
        50,
        51
      ]
    },
    {
      "point_number": 19,
      "point_content": "Abortion is legal in all 50 states but laws vary; options exist in surrounding states like Louisiana, New Mexico, Colorado, Oklahoma.",
      "original_point_number": [
        52
      ]
    },
    {
      "point_number": 20,
      "point_content": "Texas law assumes all people seeking abortions are minors until proven otherwise and requires proof of identity and age from the physician; minors need written permission from a parent or legal guardian to get an abortion in Texas, with exceptions including judicial bypass, emancipation, and medical emergencies.",
      "original_point_number": [
        54,
        55,
        56
      ]
    }
  ]
}