{
  "question": "is homework beneficial to students",
  "key_points": [
    {
      "point_number": 1,
      "point_content": "Homework is mostly good, especially for the sciences, as it helps learn beyond the scope of the class, reinforces concepts taught in class, and is critically important in science classes.",
      "original_point_number": [
        1,
        3,
        29,
        30
      ]
    },
    {
      "point_number": 2,
      "point_content": "Homework teaches students how to learn independently, work on their own, and develop study skills valuable beyond school.",
      "original_point_number": [
        2,
        45
      ]
    },
    {
      "point_number": 3,
      "point_content": "Homework shows what the teacher thinks is important, helping students prepare for quizzes or tests and allowing review and practice of class material.",
      "original_point_number": [
        4,
        35
      ]
    },
    {
      "point_number": 4,
      "point_content": "Homework is often a significant part of the grade, and not doing it could cost students points regardless of exam performance.",
      "original_point_number": [
        5,
        34
      ]
    },
    {
      "point_number": 5,
      "point_content": "Homework teaches responsibility, accountability, time management, prioritization, perseverance, and helps prevent procrastination, contributing to self-esteem and long-term benefits.",
      "original_point_number": [
        6,
        12,
        22,
        23,
        32,
        33
      ]
    },
    {
      "point_number": 6,
      "point_content": "Homework reinforces concepts taught in class, boosts self-esteem, and helps identify problems early.",
      "original_point_number": [
        7,
        31
      ]
    },
    {
      "point_number": 7,
      "point_content": "Too much homework can be harmful, leading to burnout, cheating, negative impressions, poor time management, and taking time away from other activities.",
      "original_point_number": [
        8,
        9,
        16,
        18,
        20
      ]
    },
    {
      "point_number": 8,
      "point_content": "Homework encourages discipline through practice, clarifies concepts, and provides more opportunities for students starting their careers.",
      "original_point_number": [
        10
      ]
    },
    {
      "point_number": 9,
      "point_content": "Homework can involve parents in their children's academic success, allowing them to keep up with and support their child's learning.",
      "original_point_number": [
        11,
        21,
        35
      ]
    },
    {
      "point_number": 10,
      "point_content": "Homework creates a connection between student, teacher, school, and parents, allowing for better targeted educational plans.",
      "original_point_number": [
        13
      ]
    },
    {
      "point_number": 11,
      "point_content": "Homework allows more time to complete the learning process, countering the effects of limited school hours.",
      "original_point_number": [
        14
      ]
    },
    {
      "point_number": 12,
      "point_content": "Homework reduces screen time by encouraging better study habits and discouraging time spent watching TV.",
      "original_point_number": [
        15
      ]
    },
    {
      "point_number": 13,
      "point_content": "Too much homework encourages a sedentary lifestyle, reducing playtime important for social development and learning.",
      "original_point_number": [
        16
      ]
    },
    {
      "point_number": 14,
      "point_content": "Not all homes provide a healthy environment for homework, and it can create friction between children and their parents.",
      "original_point_number": [
        17
      ]
    },
    {
      "point_number": 15,
      "point_content": "Homework adds to an already full-time job for students, preventing time for self-discovery and learning new skills outside school.",
      "original_point_number": [
        18
      ]
    },
    {
      "point_number": 16,
      "point_content": "Homework has not been proven to provide results and can create a negative attitude towards school.",
      "original_point_number": [
        19
      ]
    },
    {
      "point_number": 17,
      "point_content": "Homework assignments are often overdone, leading to increased stress and burnout, negatively affecting academic success.",
      "original_point_number": [
        20
      ]
    },
    {
      "point_number": 18,
      "point_content": "Homework helps children develop responsibility, time management, perseverance, and self-esteem, important qualities for high-achieving students.",
      "original_point_number": [
        22
      ]
    },
    {
      "point_number": 19,
      "point_content": "Perseverance and self-esteem built through homework contribute to students' mental and physical health and long-term benefits.",
      "original_point_number": [
        23
      ]
    },
    {
      "point_number": 20,
      "point_content": "Students who complete homework benefit from engaging thoughtfully with texts and writing complete essays, which cannot be done fully in class due to time constraints.",
      "original_point_number": [
        24
      ]
    },
    {
      "point_number": 21,
      "point_content": "Studies show that students who do homework have higher unit test scores than those who do not, with a positive correlation especially after elementary school, though younger students may benefit less due to undeveloped study habits.",
      "original_point_number": [
        25,
        26
      ]
    },
    {
      "point_number": 22,
      "point_content": "Recommended homework time varies by grade: junior high students benefit up to about 90 minutes a night, high school students up to 90 minutes to 2.5 hours, after which returns diminish.",
      "original_point_number": [
        27
      ]
    },
    {
      "point_number": 23,
      "point_content": "Homework is important but should be assigned with discretion to ensure it is useful and students are motivated to complete it.",
      "original_point_number": [
        28
      ]
    },
    {
      "point_number": 24,
      "point_content": "Homework creates a connection between student, teacher, school, and parents, allowing for better targeted educational plans and parental involvement.",
      "original_point_number": [
        13,
        21,
        35
      ]
    },
    {
      "point_number": 25,
      "point_content": "The value and perception of homework have fluctuated over time in the United States among educators, policymakers, media, and parents, with research supporting almost any position depending on which studies are considered.",
      "original_point_number": [
        37,
        38
      ]
    },
    {
      "point_number": 26,
      "point_content": "At best, homework shows only an association, not a causal relationship, with academic achievement, and current debate focuses more on time than academic effects.",
      "original_point_number": [
        39,
        40
      ]
    },
    {
      "point_number": 27,
      "point_content": "Homework overload causes parents to become nags, bribers, and taskmasters, and more homework does not necessarily equal rigor.",
      "original_point_number": [
        41,
        42
      ]
    },
    {
      "point_number": 28,
      "point_content": "Homework is deeply ingrained in U.S. culture, often assigned routinely without considering its appropriateness or importance for each project.",
      "original_point_number": [
        43,
        44
      ]
    },
    {
      "point_number": 29,
      "point_content": "Homework should be relevant, build on classwork, consolidate skills, and help students answer new questions, especially benefiting students who are behind and need to catch up.",
      "original_point_number": [
        48,
        49
      ]
    },
    {
      "point_number": 30,
      "point_content": "For elementary school students, the average correlation between time spent on homework and achievement is around zero.",
      "original_point_number": [
        47
      ]
    }
  ]
}