{
  "question": "what causes violent crime",
  "key_points": [
    {
      "point_number": 1,
      "point_content": "The rise in violent crime parallels the rise in families abandoned by fathers; high-crime neighborhoods have high concentrations of families abandoned by fathers; a 10 percent increase in children living in single-parent homes leads to a 17 percent increase in juvenile crime.",
      "original_point_number": [
        1,
        2,
        3
      ]
    },
    {
      "point_number": 2,
      "point_content": "The mother's strong affectionate attachment to her child and the father's authority and involvement in raising his children are both great buffers against a life of crime.",
      "original_point_number": [
        4,
        5
      ]
    },
    {
      "point_number": 3,
      "point_content": "The root cause of violent crime is the breakdown of stable marriage, family, and community relationships.",
      "original_point_number": [
        6
      ]
    },
    {
      "point_number": 4,
      "point_content": "Poverty and unemployment are not the primary causes of crime; crime rates do not correlate directly with economic conditions.",
      "original_point_number": [
        7
      ]
    },
    {
      "point_number": 5,
      "point_content": "Race is not a major explanatory cause of crime; family structure and commitment are more significant factors.",
      "original_point_number": [
        8
      ]
    },
    {
      "point_number": 6,
      "point_content": "The absence of a father is the single most important cause of poverty and crime.",
      "original_point_number": [
        9
      ]
    },
    {
      "point_number": 7,
      "point_content": "Children from broken families tend to have weaker connections with their neighborhoods and are prone to exploit community members, contributing to social disintegration and violent crime.",
      "original_point_number": [
        10
      ]
    },
    {
      "point_number": 8,
      "point_content": "Parental conflict and domestic violence increase the risk of delinquency in children.",
      "original_point_number": [
        11
      ]
    },
    {
      "point_number": 9,
      "point_content": "Lack of parental supervision and discipline contributes to delinquency and criminal behavior.",
      "original_point_number": [
        12
      ]
    },
    {
      "point_number": 10,
      "point_content": "Parental rejection and abuse or neglect are strongly linked to future delinquency and violent crime.",
      "original_point_number": [
        13
      ]
    },
    {
      "point_number": 11,
      "point_content": "Criminal behavior often runs in families, with delinquency transmitted from one generation to the next.",
      "original_point_number": [
        14
      ]
    },
    {
      "point_number": 12,
      "point_content": "Future criminals are often rejected by peers early in school and form delinquent peer groups, reinforcing criminal behavior.",
      "original_point_number": [
        15
      ]
    },
    {
      "point_number": 13,
      "point_content": "Violent crime covers a variety of offences ranging from common assault to murder, and includes the use of weapons such as firearms, knives, and corrosive substances like acid.",
      "original_point_number": [
        16,
        17
      ]
    },
    {
      "point_number": 14,
      "point_content": "Economists tend to explain crime rates in terms of probabilities of conviction and arrest, and the severity of punishment; sociological theories consider environmental factors including routine activity theory, social disorganization, and structural strain.",
      "original_point_number": [
        18,
        19
      ]
    },
    {
      "point_number": 15,
      "point_content": "The probability of arrest is a major inhibitor for both violent and property crimes, but the severity of punishment does not significantly influence crime rates; the threat of long prison sentences and capital punishment does not help to reduce crime rates.",
      "original_point_number": [
        20,
        21
      ]
    },
    {
      "point_number": 16,
      "point_content": "For property crime, the level of poverty has a strong influence on the likelihood of criminal behavior, and people from larger households are less likely to commit property crimes.",
      "original_point_number": [
        22
      ]
    },
    {
      "point_number": 17,
      "point_content": "Living in a heterogeneous community with a mix of ethnicities seems to influence both violent and property crime rates.",
      "original_point_number": [
        23
      ]
    },
    {
      "point_number": 18,
      "point_content": "Prison-run vocational programmes to integrate offenders back into society seem to reduce rates of violent crime effectively.",
      "original_point_number": [
        24
      ]
    },
    {
      "point_number": 19,
      "point_content": "In a violent crime, a victim is harmed by or threatened with violence; violent crimes include rape and sexual assault, robbery, assault, and murder.",
      "original_point_number": [
        25,
        26
      ]
    },
    {
      "point_number": 20,
      "point_content": "NIJ supports research that strives to understand and reduce the occurrence and impact of violent crimes.",
      "original_point_number": [
        27
      ]
    }
  ]
}