{
  "question": "how working with an individual who is distressed may impact on own well being",
  "key_points": {
    "clueweb22-en0046-16-01222": [
      {
        "point_number": 1,
        "point_content": "Supporting an individual who is distressed may impact on own well being by requiring identification of sources of support to manage own feelings.",
        "spans": [
          "Identify sources of support to manage own feelings when working with an individual who is distressed."
        ]
      },
      {
        "point_number": 2,
        "point_content": "Working with distressed individuals requires communicating empathy and reassurance in ways that respect the individual's dignity, culture and beliefs, which may affect own emotional state.",
        "spans": [
          "Communicate empathy and reassurance in ways that respect the individual's dignity, culture and beliefs."
        ]
      },
      {
        "point_number": 3,
        "point_content": "Supporting individuals through periods of distress involves demonstrating ways to alleviate immediate distress, which can be emotionally demanding.",
        "spans": [
          "Be able to support individuals through periods of distress.",
          "Demonstrate ways to alleviate immediate distress."
        ]
      }
    ],
    "null": [],
    "clueweb22-en0043-40-19079": [
      {
        "point_number": 1,
        "point_content": "Individuals receiving care should be supported to plan for their future well-being and fulfilment by expressing themselves and having their needs, wishes and preferences listened to and acted upon.",
        "spans": [
          "Individuals receiving care should be supported to plan for their future well-being and fulfilment by expressing themselves and having their needs, wishes and preferences listened to and acted upon."
        ]
      },
      {
        "point_number": 2,
        "point_content": "Some individuals that have been in the care system for a long time may have become accustomed to not thinking about their future, so care workers may need to encourage them to think about how they may want to reach their potential.",
        "spans": [
          "Some individuals that have been in the care system for a long time may have become accustomed to not thinking about their future, so care workers may need to encourage them to think about how they may want to reach their potential."
        ]
      },
      {
        "point_number": 3,
        "point_content": "Having things to look forward to can have a big impact on the well-being of individuals that are receiving care.",
        "spans": [
          "Having things to look forward to can have a big impact on the well-being of individuals that are receiving care."
        ]
      },
      {
        "point_number": 4,
        "point_content": "By taking the time to understand what is important to an individual including their likes and dislikes, you will be in the best position to provide care that has a positive impact on their wellbeing, now and in the future.",
        "spans": [
          "By taking the time to understand what is important to an individual including their likes and dislikes, you will be in the best position to provide care that has a positive impact on their wellbeing, now and in the future."
        ]
      },
      {
        "point_number": 5,
        "point_content": "Individuals should also be supported and feel comfortable to change their minds if they feel something isn’t working as they expected.",
        "spans": [
          "Individuals should also be supported and feel comfortable to change their minds if they feel something isn’t working as they expected."
        ]
      },
      {
        "point_number": 6,
        "point_content": "Where individuals are unable to make decisions for themselves, they can be represented by others, such as a family member or an independent advocate.",
        "spans": [
          "Where individuals are unable to make decisions for themselves, they can be represented by others, such as a family member or an independent advocate."
        ]
      },
      {
        "point_number": 7,
        "point_content": "For individuals in end-of-life care, planning for the future is especially important so that their wishes and preferences are still be considered when they are unable to make or communicate their own choices.",
        "spans": [
          "For individuals in end-of-life care, planning for the future is especially important so that their wishes and preferences are still be considered when they are unable to make or communicate their own choices."
        ]
      },
      {
        "point_number": 8,
        "point_content": "Advance Care Planning (ACP), which is backed by the Mental Capacity Act 2005 is the process of an individual making plans about their future care whilst they still have the capacity to do so.",
        "spans": [
          "Advance Care Planning (ACP), which is backed by the Mental Capacity Act 2005 is the process of an individual making plans about their future care whilst they still have the capacity to do so."
        ]
      },
      {
        "point_number": 9,
        "point_content": "Care workers should encourage ACP so that the future well-being of individuals receiving care is ensured.",
        "spans": [
          "Care workers should encourage ACP so that the future well-being of individuals receiving care is ensured."
        ]
      }
    ]
  }
}