{
  "question": "how has foreign policy changed over time",
  "key_points": [
    {
      "point_number": 1,
      "point_content": "Obama, Trump, and Biden have all had a domestic-first bias and reacted against the overreach of George W. Bush's foreign policy, leading to a reduction in U.S. involvement in the world; despite different rhetoric, Biden's foreign policy is not very different from Trump's or Obama's in practice, showing continuity in U.S. foreign policy direction; there is a bipartisan consensus in the U.S. foreign policy establishment moving in the same direction over the last three presidencies, which Haass calls the 'post-post-Cold War era'.",
      "original_point_number": [
        1,
        2,
        3
      ]
    },
    {
      "point_number": 2,
      "point_content": "The U.S. foreign policy has shifted to a more muscular stance towards China, reflecting a change from previous hopes that China would become more open and benign.",
      "original_point_number": [
        4
      ]
    },
    {
      "point_number": 3,
      "point_content": "The current U.S. foreign policy is criticized for doing less globally at a time when global issues like COVID and climate change require more engagement.",
      "original_point_number": [
        5
      ]
    },
    {
      "point_number": 4,
      "point_content": "During the first 50 years of the nation, diplomats were guided by the idea that the United States should observe political isolation from European powers during peacetime and maintain strict neutrality during periods of war; Benjamin Franklin advised that a new state should avoid alliances and wait for others to seek alliance; President George Washington in 1796 advised to have as little political connection as possible with foreign nations and to avoid permanent alliances; Thomas Jefferson agreed with the policy of isolation and neutrality, advocating peace and commerce with all nations but no entangling alliances.",
      "original_point_number": [
        6,
        7,
        8,
        9
      ]
    },
    {
      "point_number": 5,
      "point_content": "The colonies declared independence from Great Britain, marking the beginning of U.S. foreign policy focused on sovereignty.",
      "original_point_number": [
        10
      ]
    },
    {
      "point_number": 6,
      "point_content": "The United States expanded its territory through purchases such as the Louisiana Purchase and Alaska Purchase, indicating a policy of territorial growth.",
      "original_point_number": [
        11
      ]
    },
    {
      "point_number": 7,
      "point_content": "The U.S. engaged in wars such as the War of 1812, Mexican American War, and Spanish American War, showing a shift towards military involvement in foreign affairs.",
      "original_point_number": [
        12
      ]
    },
    {
      "point_number": 8,
      "point_content": "The building of the Panama Canal reflects a strategic foreign policy to facilitate trade and exert influence in Central America.",
      "original_point_number": [
        13
      ]
    },
    {
      "point_number": 9,
      "point_content": "Participation in World War I and the Treaty of Versailles shows the U.S. moving towards involvement in global conflicts and international diplomacy.",
      "original_point_number": [
        14
      ]
    },
    {
      "point_number": 10,
      "point_content": "Prior to the late 1890s, American foreign policy was mostly focused on ways for America to insulate itself from the rest of the world; in the 1890s, attitudes about foreign policy began to shift from isolationism due to the need to spread democracy, economic concerns, and foreign competition; the 1893 depression necessitated finding international markets and raw materials overseas, influencing foreign policy to become more outward-looking.",
      "original_point_number": [
        15,
        16,
        17
      ]
    },
    {
      "point_number": 11,
      "point_content": "Prominent Americans such as Theodore Roosevelt, Henry Cabot Lodge, John Hay, Andrew Carnegie, Mark Twain, and William Randolph Hearst influenced American foreign policy.",
      "original_point_number": [
        18
      ]
    },
    {
      "point_number": 12,
      "point_content": "The Spanish-American War in 1898 marked a significant shift as the U.S. went to war with Spain and acquired territories like Cuba, Guam, and the Philippines.",
      "original_point_number": [
        19
      ]
    },
    {
      "point_number": 13,
      "point_content": "The U.S. became more involved in global affairs, exemplified by the acquisition of the Panama Canal Zone and Roosevelt's naval fleet display.",
      "original_point_number": [
        20
      ]
    },
    {
      "point_number": 14,
      "point_content": "Woodrow Wilson's presidency emphasized diplomacy but eventually led the U.S. into World War I due to German aggression and submarine warfare.",
      "original_point_number": [
        21
      ]
    },
    {
      "point_number": 15,
      "point_content": "By 1920, American foreign policy shifted inward, focusing on immigration restrictions due to large influxes of immigrants.",
      "original_point_number": [
        22
      ]
    },
    {
      "point_number": 16,
      "point_content": "September 11 signaled the end of the age of geopolitics and the advent of a new age—the era of global politics; for much of the 20th century, geopolitics drove American foreign policy.",
      "original_point_number": [
        23,
        24
      ]
    },
    {
      "point_number": 17,
      "point_content": "The collapse of the Soviet empire ended the last serious challenge for territorial dominion over Eurasia; during the 1990s, American foreign policy focused on consolidating its success; the success of American policy over the past decade means that no power today poses a hegemonic threat to Eurasia.",
      "original_point_number": [
        25,
        26,
        27
      ]
    },
    {
      "point_number": 18,
      "point_content": "In this new era, American foreign policy will no longer pivot on geography but on America’s unrivaled power and globalization of world politics; the United States is today the only truly global power with unrivaled military, economic, and political influence.",
      "original_point_number": [
        28,
        29
      ]
    },
    {
      "point_number": 19,
      "point_content": "American foreign policy must transform unquestioned power into influence, balancing military and economic superiority with international cooperation.",
      "original_point_number": [
        30
      ]
    },
    {
      "point_number": 20,
      "point_content": "Globalization has increased the speed and volume of cross-border contacts, affecting politics, culture, military, and environment; globalization brings benefits like economic growth and spread of democracy but also new perils like terrorism and cyber attacks.",
      "original_point_number": [
        31,
        32
      ]
    },
    {
      "point_number": 21,
      "point_content": "Americanists emphasize American primacy and unilateral action in foreign policy, believing the U.S. should maintain and strengthen its relative power position and act unilaterally if necessary; Globalists emphasize globalization and international cooperation, arguing globalization limits and transforms America’s power, requiring cooperation to address global challenges.",
      "original_point_number": [
        33,
        34,
        35
      ]
    },
    {
      "point_number": 22,
      "point_content": "Power remains important but is not sufficient alone; American primacy is necessary to sustain global order and address threats; American primacy has been used to advance U.S. and global interests through military and diplomatic actions; Globalists are right that America is powerful but not omnipotent; some problems defy unilateral solutions and require cooperation.",
      "original_point_number": [
        36,
        37,
        38
      ]
    },
    {
      "point_number": 23,
      "point_content": "Globalization has broadened America’s foreign policy agenda to include issues like infectious diseases, poverty, and failed states as security threats.",
      "original_point_number": [
        39
      ]
    },
    {
      "point_number": 24,
      "point_content": "Cooperation can extend American primacy by sharing costs, embedding interests in institutions, and building bonds with other countries.",
      "original_point_number": [
        40
      ]
    },
    {
      "point_number": 25,
      "point_content": "A pragmatic American internationalism should combine power and cooperation to promote democracy, human rights, and free enterprise globally.",
      "original_point_number": [
        41
      ]
    },
    {
      "point_number": 26,
      "point_content": "The best way to safeguard U.S. interests is to promote an international order based on democracy, human rights, and free enterprise.",
      "original_point_number": [
        42
      ]
    },
    {
      "point_number": 27,
      "point_content": "U.S. foreign policy strategies include sustaining American power, adapting international institutions, enforcing compliance, and leading on new challenges.",
      "original_point_number": [
        43
      ]
    },
    {
      "point_number": 28,
      "point_content": "American foreign policy should lead and listen, using unilateral and multilateral actions as appropriate to achieve goals.",
      "original_point_number": [
        44
      ]
    },
    {
      "point_number": 29,
      "point_content": "U.S. policymakers must take a broad view of American interests and ensure efforts benefit all to succeed in the age of global politics.",
      "original_point_number": [
        45
      ]
    }
  ]
}