{
  "question": "how has foreign policy changed over time",
  "key_points": {
    "clueweb22-en0032-59-11362": [
      {
        "point_number": 1,
        "point_content": "Obama, Trump, and Biden have all had a domestic-first bias and reacted against the overreach of George W. Bush's foreign policy, leading to a reduction in U.S. involvement in the world.",
        "spans": [
          "All three of them had a domestic-first bias.",
          "All three of them were reactions to what they saw - correctly, I would argue - as the overreach of George W. Bush and large role of the United States in the world in terms of Iraq, Afghanistan, trying to transform other societies into democracies.",
          "we're against, quote-unquote, \"forever wars.\" We're getting out of the Middle East or Afghanistan, a real suspicion of free trade and the turning inward."
        ]
      },
      {
        "point_number": 2,
        "point_content": "Despite different rhetoric, Biden's foreign policy is not very different from Trump's or Obama's in practice, showing continuity in U.S. foreign policy direction.",
        "spans": [
          "Biden's foreign policy doesn't differ that much from Trump's or Obama's.",
          "What's not so different is the actual foreign policy.",
          "Even democracy - even though we talk about it a lot more, well, when push came to shove, we didn't do anything to help the people in Cuba. We didn't do anything vis-a-vis Haiti."
        ]
      },
      {
        "point_number": 3,
        "point_content": "There is a bipartisan consensus in the U.S. foreign policy establishment moving in the same direction over the last three presidencies, which Haass calls the 'post-post-Cold War era'.",
        "spans": [
          "Haass calls it \"the post-post-Cold War era.\"",
          "many people in that establishment have developed a bipartisan consensus about the world that is wrong.",
          "three very different presidents - Obama, then Trump, then Biden - have been pushing the United States in the same direction."
        ]
      },
      {
        "point_number": 4,
        "point_content": "The U.S. foreign policy has shifted to a more muscular stance towards China, reflecting a change from previous hopes that China would become more open and benign.",
        "spans": [
          "You see it most with China - a much, much more muscular policy towards China.",
          "There was a hope that China would become more open politically, more market-oriented economically, would continue on a relatively benign course in terms of its foreign policy."
        ]
      },
      {
        "point_number": 5,
        "point_content": "The current U.S. foreign policy is criticized for doing less globally at a time when global issues like COVID and climate change require more engagement.",
        "spans": [
          "we're doing less in the world at just a time that COVID and climate change showed that what happens in the world directly affects us.",
          "I simply don't see a serious effort on our part, whether in this case it's to produce and distribute vaccines around the world, to do something about climate change, to do something about North Korean or Iranian nuclear weapons."
        ]
      }
    ],
    "null": [],
    "clueweb22-en0004-82-09911": [
      {
        "point_number": 1,
        "point_content": "During the first 50 years of the nation, diplomats were guided by the idea that the United States should observe political isolation from European powers during peacetime and maintain strict neutrality during periods of war.",
        "spans": [
          "During the first 50 years of the nation, diplomats were guided by the idea that the United States should observe political isolation from European powers during peacetime and maintain strict neutrality during periods of war."
        ]
      },
      {
        "point_number": 2,
        "point_content": "Benjamin Franklin advised that a new state should avoid alliances and wait for others to seek alliance.",
        "spans": [
          "Benjamin Franklin had summed up this point when he wrote: “A virgin state should preserve its virgin character and not go suitoring for alliances, but wait with decent dignity for the application of others.”"
        ]
      },
      {
        "point_number": 3,
        "point_content": "President George Washington in 1796 advised to have as little political connection as possible with foreign nations and to avoid permanent alliances.",
        "spans": [
          "In his 1796 Farewell Address, President Washington argued: “The great rule of conduct for us in regard to foreign nations is to have with them as little political [as distinct from commercial] connection as possible.”",
          "Therefore, concluded Washington, \"it is our true policy to steer clear of permanent alliances with any portion of the foreign world, so far, I mean, as we are now at liberty to do it.”"
        ]
      },
      {
        "point_number": 4,
        "point_content": "Thomas Jefferson agreed with the policy of isolation and neutrality, advocating peace and commerce with all nations but no entangling alliances.",
        "spans": [
          "Although the political views of Thomas Jefferson were very different from those of Washington, Jefferson agreed that isolation and neutrality were the most beneficial course for the United States.",
          "In his First Inaugural Address (1801), Jefferson spoke of “Peace, commerce and honest friendship with all nations, entangling alliances with none.”"
        ]
      }
    ],
    "clueweb22-en0037-96-14679": [
      {
        "point_number": 1,
        "point_content": "The colonies declared independence from Great Britain, marking the beginning of U.S. foreign policy focused on sovereignty.",
        "spans": [
          "The colonies declared independence from Great Britain."
        ]
      },
      {
        "point_number": 2,
        "point_content": "The United States expanded its territory through purchases such as the Louisiana Purchase and Alaska Purchase, indicating a policy of territorial growth.",
        "spans": [
          "The United States bought a large tract of land from France.",
          "The United States acquires Alaska from Russia."
        ]
      },
      {
        "point_number": 3,
        "point_content": "The U.S. engaged in wars such as the War of 1812, Mexican American War, and Spanish American War, showing a shift towards military involvement in foreign affairs.",
        "spans": [
          "A conflict between the United States and countries in Europe.",
          "Mexico and the United States fought over territory.",
          "Conflict between Spain and the United States over involvement in Cuba."
        ]
      },
      {
        "point_number": 4,
        "point_content": "The building of the Panama Canal reflects a strategic foreign policy to facilitate trade and exert influence in Central America.",
        "spans": [
          "The United States built a canal in Panama to facilitate trade."
        ]
      },
      {
        "point_number": 5,
        "point_content": "Participation in World War I and the Treaty of Versailles shows the U.S. moving towards involvement in global conflicts and international diplomacy.",
        "spans": [
          "The first global war that was sparked by a complex system of alliances.",
          "The peace treaty that ended World War One, blaming Germany for the whole thing."
        ]
      }
    ],
    "clueweb22-en0007-75-00583": [
      {
        "point_number": 1,
        "point_content": "Prior to the late 1890s, American foreign policy was mostly focused on ways for America to insulate itself from the rest of the world.",
        "spans": [
          "Prior to the late 1890s, American foreign policy was mostly focused on ways for America to insulate itself from the rest of the world"
        ]
      },
      {
        "point_number": 2,
        "point_content": "In the 1890s, attitudes about foreign policy began to shift from isolationism due to the need to spread democracy, economic concerns, and foreign competition.",
        "spans": [
          "Once America entered the 1890s, attitudes about foreign policy began to shift from the previous desire for isolationism",
          "In the specific interest of democracy and its proliferation around the world, the United States found it necessary to look beyond its own borders for fertile land to plant the seeds of democracy",
          "The United States also had legitimate reasons to be concerned about the foreign policies of others in the world",
          "economic concerns that affected foreign policy"
        ]
      },
      {
        "point_number": 3,
        "point_content": "The 1893 depression necessitated finding international markets and raw materials overseas, influencing foreign policy to become more outward-looking.",
        "spans": [
          "The 1893 depression that rocked the American economy necessitated a way to distract the people from their domestic problems, as well as ways to find international markets for American products",
          "Domestic industries also had an acute need for raw materials, many of which could only be obtained overseas"
        ]
      },
      {
        "point_number": 4,
        "point_content": "Prominent Americans such as Theodore Roosevelt, Henry Cabot Lodge, John Hay, Andrew Carnegie, Mark Twain, and William Randolph Hearst influenced American foreign policy.",
        "spans": [
          "Government leaders who had a loud voice in regard to American foreign policy during this era were of course President Theodore Roosevelt, as well as powerful senators such as Henry Cabot Lodge of Massachusetts, Secretary of State John Hay",
          "men such as Andrew Carnegie were held in high esteem for their foreign policy views, as were “celebrities” such as author Mark Twain",
          "one of the most influential “civilians” in foreign policy at this time was newspaper magnate William Randolph Hearst"
        ]
      },
      {
        "point_number": 5,
        "point_content": "The Spanish-American War in 1898 marked a significant shift as the U.S. went to war with Spain and acquired territories like Cuba, Guam, and the Philippines.",
        "spans": [
          "In 1898, the United States went to war with Spain",
          "ultimately resulting in American victory and possession of Cuba",
          "America began to move further away from its native soil, acquiring Guam and the Philippines as territories"
        ]
      },
      {
        "point_number": 6,
        "point_content": "The U.S. became more involved in global affairs, exemplified by the acquisition of the Panama Canal Zone and Roosevelt's naval fleet display.",
        "spans": [
          "America also became more involved with foreign powers in regard to trade as a result of the acquisition of the Panama Canal Zone",
          "President Theodore Roosevelt sought to flex American muscle by such displays as the launching of a naval fleet of huge ships which traveled to foreign ports"
        ]
      },
      {
        "point_number": 7,
        "point_content": "Woodrow Wilson's presidency emphasized diplomacy but eventually led the U.S. into World War I due to German aggression and submarine warfare.",
        "spans": [
          "Woodrow Wilson’s emphasis on diplomacy and missionary type foreign relations led to American intervention and war in Europe",
          "German submarines sank the British liner Lusitania in 1915, killing among others 128 Americans",
          "continued German warfare aimed at United States merchant ships",
          "There is also evidence of an organized German effort to wage war on the United States"
        ]
      },
      {
        "point_number": 8,
        "point_content": "By 1920, American foreign policy shifted inward, focusing on immigration restrictions due to large influxes of immigrants.",
        "spans": [
          "In the years around 1920, America’s foreign policy, in a sense coming full circle from the isolationist policies of the early 1890s, seemed to look inward, namely in the area of immigration",
          "several laws were passed to limit the numbers of immigrants allowed admission into the United States"
        ]
      }
    ],
    "clueweb22-en0031-05-02298": [
      {
        "point_number": 1,
        "point_content": "September 11 signaled the end of the age of geopolitics and the advent of a new age—the era of global politics.",
        "spans": [
          "September 11 signaled the end of the age of geopolitics and the advent of a new age—the era of global politics."
        ]
      },
      {
        "point_number": 2,
        "point_content": "For much of the 20th century, geopolitics drove American foreign policy.",
        "spans": [
          "For much of the 20th century, geopolitics drove American foreign policy."
        ]
      },
      {
        "point_number": 3,
        "point_content": "The collapse of the Soviet empire ended the last serious challenge for territorial dominion over Eurasia.",
        "spans": [
          "The collapse of the Soviet empire ended the last serious challenge for territorial dominion over Eurasia."
        ]
      },
      {
        "point_number": 4,
        "point_content": "During the 1990s, American foreign policy focused on consolidating its success.",
        "spans": [
          "During the 1990s, American foreign policy focused on consolidating its success."
        ]
      },
      {
        "point_number": 5,
        "point_content": "The success of American policy over the past decade means that no power today poses a hegemonic threat to Eurasia.",
        "spans": [
          "The success of American policy over the past decade means that no power—not Russia, not Germany, not a united Europe, and not China or Japan—today poses a hegemonic threat to Eurasia."
        ]
      },
      {
        "point_number": 6,
        "point_content": "In this new era, American foreign policy will no longer pivot on geography but on America’s unrivaled power and globalization of world politics.",
        "spans": [
          "In this new era, American foreign policy will no longer pivot on geography. Instead, it will be defined by the combination of America’s unrivaled power in world affairs and the extensive and growing globalization of world politics."
        ]
      },
      {
        "point_number": 7,
        "point_content": "The United States is today the only truly global power with unrivaled military, economic, and political influence.",
        "spans": [
          "The United States is today the only truly global power. Its military reach—whether on land, at sea, or in the air—extends to every point on the globe. Its economic prowess fuels world trade and industry. Its political and cultural appeal—what Joseph Nye has called soft power—is so extensive that most international institutions reflect American interests."
        ]
      },
      {
        "point_number": 8,
        "point_content": "American foreign policy must transform unquestioned power into influence, balancing military and economic superiority with international cooperation.",
        "spans": [
          "Which brings us to the issue of how to transform this unquestioned power into influence. Unless employed deftly, America’s military and economic superiority can breed resentment, even among its friends."
        ]
      },
      {
        "point_number": 9,
        "point_content": "Globalization has increased the speed and volume of cross-border contacts, affecting politics, culture, military, and environment.",
        "spans": [
          "Globalization is not just an economic phenomenon, but a political, cultural, military, and environmental one as well.",
          "What distinguishes globalization today is the speed and volume of cross-border contacts."
        ]
      },
      {
        "point_number": 10,
        "point_content": "Globalization brings benefits like economic growth and spread of democracy but also new perils like terrorism and cyber attacks.",
        "spans": [
          "The prophets of globalization have trumpeted its benefits, particularly how the increased flow of goods, services, and capital across borders can boost economic activity and enhance prosperity.",
          "But globalization also brings terrible new perils. A handful of men from halfway across the globe can hijack four commercial airliners and slam them into key symbols of American power, killing thousands."
        ]
      },
      {
        "point_number": 11,
        "point_content": "Americanists emphasize American primacy and unilateral action in foreign policy, while Globalists emphasize globalization and international cooperation.",
        "spans": [
          "Americanists, so called because they emphasize American primacy, see a world in which the United States can use its predominant power to get its way, regardless of what others want.",
          "Globalists emphasize globalization. They see a world that defies unilateral U.S. solutions and instead requires international cooperation."
        ]
      },
      {
        "point_number": 12,
        "point_content": "Americanists believe U.S. should maintain and strengthen its relative power position and act unilaterally if necessary.",
        "spans": [
          "Americanists see two great virtues in America’s primacy. First, it enables the United States to set its own foreign policy objectives and to achieve them without relying on others.",
          "Second, because American power enables the United States to pursue its interests as it pleases, American foreign policy should seek to maintain, extend, and strengthen that relative position of power."
        ]
      },
      {
        "point_number": 13,
        "point_content": "Globalists argue globalization limits and transforms America’s power, requiring cooperation to address global challenges.",
        "spans": [
          "Globalists stress how globalization both limits and transforms America’s capacity to use its power to influence events overseas.",
          "Combating the spread of infectious diseases, preventing the spread of weapons of mass destruction, defeating terrorism, securing access to open markets, protecting human rights, promoting democracy, and preserving the environment all require the cooperation of other countries."
        ]
      },
      {
        "point_number": 14,
        "point_content": "Power remains important but is not sufficient alone; American primacy is necessary to sustain global order and address threats.",
        "spans": [
          "Power continues to matter, but power alone will often not be enough to achieve our goals.",
          "So, without American primacy—or something like it—it is doubtful that the rule of law can be sustained."
        ]
      },
      {
        "point_number": 15,
        "point_content": "American primacy has been used to advance U.S. and global interests through military and diplomatic actions.",
        "spans": [
          "The use (or threat) of American military might evicted Iraqi troops from Kuwait, convinced Haiti’s military junta to relinquish power, ended Serbian atrocities in Kosovo, and broke al- Qaida’s hold over Afghanistan.",
          "Often, the United States is exactly what Madeleine Albright said it was—the indispensable nation that makes it possible to mobilize the world into effective action."
        ]
      },
      {
        "point_number": 16,
        "point_content": "Globalists are right that America is powerful but not omnipotent; some problems defy unilateral solutions and require cooperation.",
        "spans": [
          "But Globalists are right that while America is powerful, it is not omnipotent.",
          "Some crucial problems do defy unilateral solutions."
        ]
      },
      {
        "point_number": 17,
        "point_content": "Globalization has broadened America’s foreign policy agenda to include issues like infectious diseases, poverty, and failed states as security threats.",
        "spans": [
          "Globalization has greatly broadened America’s foreign policy agenda.",
          "Infectious diseases, poverty, and poor governance not only offend our moral sensibilities but also represent potential new security threats."
        ]
      },
      {
        "point_number": 18,
        "point_content": "Cooperation can extend American primacy by sharing costs, embedding interests in institutions, and building bonds with other countries.",
        "spans": [
          "Cooperation can extend the life of American primacy.",
          "By creating international regimes and organizations Washington can imbed its interests and values in institutions that will shape and constrain countries for decades, regardless of the vicissitudes of American power."
        ]
      },
      {
        "point_number": 19,
        "point_content": "A pragmatic American internationalism should combine power and cooperation to promote democracy, human rights, and free enterprise globally.",
        "spans": [
          "Power continues to matter, but power alone will often not be enough to achieve our goals.",
          "A pragmatic American internationalism would recognize that we do not need to pick between these two truths. Both should guide American foreign policy."
        ]
      },
      {
        "point_number": 20,
        "point_content": "The best way to safeguard U.S. interests is to promote an international order based on democracy, human rights, and free enterprise.",
        "spans": [
          "In the new age of global politics, the best way to accomplish these goals is to promote an international order based on democracy, human rights, and free enterprise."
        ]
      },
      {
        "point_number": 21,
        "point_content": "U.S. foreign policy strategies include sustaining American power, adapting international institutions, enforcing compliance, and leading on new challenges.",
        "spans": [
          "Ensuring that a commitment to democracy and open markets triumphs on a global scale entails four broad strategies.",
          "First, it is necessary to sustain and strengthen the bases of American power.",
          "Second, U.S. policy should seek to extend and adapt proven international institutions and arrangements.",
          "Third, U.S. policy should enforce compliance with existing international agreements and strengthen the ability of institutions to monitor and compel compliance.",
          "Finally, U.S. policy must take the lead in creating effective international institutions and arrangements to handle new challenges, especially those arising from the downside of globalization."
        ]
      },
      {
        "point_number": 22,
        "point_content": "American foreign policy should lead and listen, using unilateral and multilateral actions as appropriate to achieve goals.",
        "spans": [
          "As these strategies make clear, promoting an international order based on market democracies will require the United States to lead as well as listen, to give as well as take.",
          "Arguing that American foreign policy should be either unilateral or multilateral is to posit a false choice as well as to confuse means with ends."
        ]
      },
      {
        "point_number": 23,
        "point_content": "U.S. policymakers must take a broad view of American interests and ensure efforts benefit all to succeed in the age of global politics.",
        "spans": [
          "U.S. policymakers at the time took a broad view of American interests and understood that their efforts would be for naught if America’s partners did not see them as being in the interest of all.",
          "U.S. policymakers in the age of global politics must do likewise."
        ]
      }
    ]
  }
}