{
  "question": "why is there a chicken wing shortage",
  "key_points": {
    "clueweb22-en0035-30-13402": [
      {
        "point_number": 1,
        "point_content": "Chicken wings are facing a shortage in the U.S. starting from February, around the Super Bowl.",
        "spans": [
          "Chicken wings are the latest food item facing a shortage in the U.S. Restaurants first began to see a lack of chicken wings in February, in the run-up to the Super Bowl"
        ]
      },
      {
        "point_number": 2,
        "point_content": "The U.S. is facing the lowest wing stocks since 2011, with prices rising significantly.",
        "spans": [
          "the U.S. is facing \"the lowest wing stocks we've seen since 2011.\"",
          "in February, the average price for a pound of chicken wings was $2.65, up by 10 cents from the week before. The year began with wings at $2.27 per pound. In February 2020, wings were available for an average price of $1.81 a pound."
        ]
      },
      {
        "point_number": 3,
        "point_content": "Demand for chicken wings increased in 2020 due to the pandemic, while production remained steady.",
        "spans": [
          "The National Chicken Council reported that the demand for chicken wings increased in 2020, due to the pandemic.",
          "Chicken production remained steady in 2020"
        ]
      },
      {
        "point_number": 4,
        "point_content": "Wings are popular during the pandemic because they travel well for takeout and delivery and align with consumer desire for comfort food.",
        "spans": [
          "restaurants like wing joints and pizza places were built around takeout and delivery, so they didn't have to change their business model that much during the pandemic. Wings travel well and hold up during delivery conditions.",
          "Plus, they align with consumer desire for comfort food during the pandemic."
        ]
      },
      {
        "point_number": 5,
        "point_content": "Servings of chicken wings in restaurants increased by 7% in 2020 despite a decline in restaurant visits, and retail sales of wings increased significantly.",
        "spans": [
          "servings of chicken wings in restaurants were up by 7 percent in 2020 versus 2019, despite an 11-percent decline in visits to commercial restaurants.",
          "total U.S. wing retail sales during the pandemic were up 10.3 percent compared to the previous year and sales of in-store frozen wings shot up by 37.2 percent."
        ]
      },
      {
        "point_number": 6,
        "point_content": "The shortage is caused by the pandemic and a recent freeze, which caused chicken populations to decline, supply chains to dwindle, and prices to surge.",
        "spans": [
          "There are many reasons for this crisis, including the ongoing pandemic and the recent freeze. Together, these events have caused chicken populations to decline, supply chains to dwindle and prices to surge."
        ]
      }
    ],
    "clueweb22-en0017-24-01278": [
      {
        "point_number": 1,
        "point_content": "The chicken shortage can be attributed to a few different factors, including the COVID-19 pandemic.",
        "spans": [
          "The chicken shortage can be attributed to a few different factors, including the COVID-19 pandemic."
        ]
      },
      {
        "point_number": 2,
        "point_content": "The nation’s chicken wars and cravings for comfort food during the pandemic have made poultry so scarce and expensive that some restaurants are limiting or running out of chicken sandwiches, wings and tenders.",
        "spans": [
          "The nation’s chicken wars and cravings for comfort food during the pandemic have made poultry so scarce and expensive that some restaurants are limiting or running out of chicken sandwiches, wings and tenders."
        ]
      },
      {
        "point_number": 3,
        "point_content": "Each chicken only has two wings and producers don’t raise chickens just for the wings, they have to sell all of the other parts, as well.",
        "spans": [
          "Each chicken only has two wings and producers don’t raise chickens just for the wings, they have to sell all of the other parts, as well."
        ]
      },
      {
        "point_number": 4,
        "point_content": "In Texas, a rare severe winter storm resulted in the death of millions of chickens around the same time as the wing industry’s biggest event of the year: Super Bowl Sunday.",
        "spans": [
          "In Texas, a rare severe winter storm resulted in the death of millions of chickens.",
          "Even worse, this event took place around the same time as the wing industry’s biggest event of the year: Super Bowl Sunday."
        ]
      }
    ],
    "clueweb22-en0012-78-03974": [
      {
        "point_number": 1,
        "point_content": "The chicken shortage is partially due to high demand and partially due to underperforming animals.",
        "spans": [
          "The shortage of chicken in fast-food is partially due to demand, and partially to underperforming animals."
        ]
      },
      {
        "point_number": 2,
        "point_content": "Tyson switched its male roosters earlier this year, resulting in fewer eggs and lower hatch rates, which accounts for about 50% of the shortage.",
        "spans": [
          "The company switched its male roosters earlier this year, but ultimately there have been fewer eggs and lower hatch rates.",
          "It estimates the problem accounts for about 50% of the shortage issue, according to the New York Post."
        ]
      },
      {
        "point_number": 3,
        "point_content": "Tyson chose the new type of rooster for better meat quality but is now replacing them with the old ones, which is time-consuming.",
        "spans": [
          "A spokesperson then followed up with CNN and noted that it chose the new type of rooster because of characteristics that could improve offspring chicken's meat quality.",
          "Those roosters are now being replaced by the old ones, which is a time-consuming process."
        ]
      },
      {
        "point_number": 4,
        "point_content": "Other factors like the popularity of fast-food chicken sandwiches and recent winter storms in Texas have also contributed to the supply jam.",
        "spans": [
          "Other factors like the extreme popularity of fast-food chicken sandwiches and even the recent winter storms in Texas have jammed supply as well."
        ]
      }
    ],
    "clueweb22-en0003-52-14166": [
      {
        "point_number": 1,
        "point_content": "The chicken wing shortage is due to a combination of rising prices to meet demand and damaged flocks from the record cold temperatures that swept across America’s heartland.",
        "spans": [
          "the chicken wing shortage I had written off as a tall tale was very real, apparently due to a combination of rising prices to meet demand and damaged flocks from the record cold temperatures that swept across America’s heartland"
        ]
      },
      {
        "point_number": 2,
        "point_content": "Wing sales went up 7 percent during the pandemic, increasing demand significantly.",
        "spans": [
          "Wing sales went up 7 percent"
        ]
      },
      {
        "point_number": 3,
        "point_content": "The National Chicken Council indicates that extra time is needed to have supply catch up with demand due to the impacted chicken flocks from harsh winter weather.",
        "spans": [
          "The National Chicken Council is already ahead of the messaging around the shortage, leaning into the harsh winter as a root cause and indicating that extra time is needed to have supply “ catch up ” with demand due to the impacted chicken flocks."
        ]
      },
      {
        "point_number": 4,
        "point_content": "Massive corporate chains with more buying power are competing for the same wing stock, causing higher prices at local bars and stable prices at franchises.",
        "spans": [
          "massive corporate chains with more buying power than your local bar are now competing for and snapping up the same wing stock, the effect is higher prices at local spots you love and stable prices at lesser wing providers"
        ]
      },
      {
        "point_number": 5,
        "point_content": "Wholesale prices have increased dramatically since before the pandemic, hitting small businesses and independent bars the hardest.",
        "spans": [
          "Wholesale prices have increased dramatically since before the pandemic started, and it’s hitting small businesses — primarily independent bars — the hardest."
        ]
      }
    ],
    "clueweb22-en0040-84-02857": [
      {
        "point_number": 1,
        "point_content": "The COVID-19 pandemic has contributed to a shortage of chicken wings due to increased demand and supply chain disruptions.",
        "spans": [
          "The COVID-19 pandemic has contributed to several shortages, from semiconductors to blue paint. There's also a shortage of some food products including chicken wings.",
          "Demand considerably outstripped supply due to many people buying wings amid the lockdown restrictions."
        ]
      },
      {
        "point_number": 2,
        "point_content": "The Texas power crisis in 2021 and record-breaking winter storms caused chicken deaths, further squeezing the supply chain.",
        "spans": [
          "The Texas power crisis in 2021 left around 200 of the state's 1,900 broiler houses without power. As a result, a significant number of chickens died, which squeezed the supply chain more.",
          "Record-breaking winter storms in the southcentral U.S. also impacted the chicken population."
        ]
      },
      {
        "point_number": 3,
        "point_content": "Labor shortages in meat-processing plants due to COVID-19 and lockdowns have reduced chicken wing production.",
        "spans": [
          "Their processing plants have been coping with labor shortages, which have resulted in lower production.",
          "Some factories were forced to shut down for weeks at a time amid lockdowns, and suppliers struggled to find employees to process chicken.",
          "The omicron variant of the COVID-19 virus in the U.S. further compounded the labor shortage situation and many workers got infected."
        ]
      },
      {
        "point_number": 4,
        "point_content": "U.S. broiler production increased very slowly in 2021, and chicken exports rose, reducing domestic supply.",
        "spans": [
          "The USDA estimates that the U.S. broiler production only increased 0.3 percent YoY in 2021.",
          "The USDA also estimates that the country's chicken exports rose in 2021 and 17.1 percent of the total production was exported in the year, which was the highest percentage since 2014."
        ]
      },
      {
        "point_number": 5,
        "point_content": "Chicken wing prices have risen significantly, with purchase prices for restaurant owners almost tripling since the end of 2020.",
        "spans": [
          "Talking specifically of chicken wings, prices increased by $1 per pound over the last year.",
          "Restaurant owners complain that their purchase price for chicken wings has almost tripled since the end of 2020."
        ]
      }
    ],
    "null": [],
    "clueweb22-en0045-51-07809": [
      {
        "point_number": 1,
        "point_content": "There is a shortage of chicken wings because chickens only have 2 wings per bird and if wing consumption outpaces the rest of the bird, there will quickly be a shortage of wings and an oversupply of the rest of the chicken.",
        "spans": [
          "The reason is simple, chickens only have 2 wings per bird and if wing consumption outpaces the rest of the bird, there will quickly be a shortage of wings and an oversupply of the rest of the chicken."
        ]
      },
      {
        "point_number": 2,
        "point_content": "Supply and demand issues combined with labor shortages and plant shutdowns related to covid-19 contribute to the chicken wing shortage.",
        "spans": [
          "Partner these supply and demand issues with labor shortages and plant shutdowns related to covid-19, these issues don’t seem to be going away."
        ]
      }
    ],
    "clueweb22-en0044-16-03168": [
      {
        "point_number": 1,
        "point_content": "Demand for chicken wings during the pandemic has far outstripped supply, leading to shortages and higher prices.",
        "spans": [
          "With so many people ordering wings during the pandemic, demand has far outstripped supply. Shortages then follow, which results in higher prices."
        ]
      },
      {
        "point_number": 2,
        "point_content": "There is a global shortage of chicken wings due to increased demand during the Covid-19 pandemic, affecting customers, sellers, and restaurateurs.",
        "spans": [
          "There is a global shortage of chicken wings and thus affects customers, sellers and restaurateurs. During the Covid-19 pandemic, the demand for this dish increased to such a degree that there is now a global shortage of chicken wings , which is affecting the pockets of customers, sellers and restaurateurs."
        ]
      },
      {
        "point_number": 3,
        "point_content": "The chicken wing shortage is a symptom of a larger supply chain shortage, with restaurants responding by finding alternatives, admitting shortages, or adjusting prices.",
        "spans": [
          "The chicken wing shortage is just a symptom of a larger supply chain shortage. Restaurants have approached the chicken wing shortage three different ways by either finding an alternative to wings like legs, admitting that they are out of wings or making pricing adjustments."
        ]
      },
      {
        "point_number": 4,
        "point_content": "Extreme weather, labor shortages, and high demand have caused a drastic drop in meat processors' abilities to operate at full capacity, contributing to the chicken shortage.",
        "spans": [
          "Meat manufacturers cited extreme weather, labor shortages and high demand. \"Multiple, unprecedented market shocks, including a global pandemic and severe weather conditions, led to an unexpected and drastic drop in meat processors' abilities to operate at full capacity,\" Tyson Foods said in a news release in September."
        ]
      },
      {
        "point_number": 5,
        "point_content": "There is no shortage of chickens, but wings are the most popular part, and prices increased during the pandemic.",
        "spans": [
          "There's no shortage of chickens, but wings are the most popular part. During the pandemic, chicken prices also increased."
        ]
      }
    ],
    "clueweb22-en0041-14-05850": [
      {
        "point_number": 1,
        "point_content": "Small bone-in and boneless products are under supply pressure, as analysts report lower cumulative placements over last year, due primarily to hatchability.",
        "spans": [
          "Small bone-in and boneless products are under supply pressure, as analysts report lower cumulative placements over last year, due primarily to hatchability."
        ]
      },
      {
        "point_number": 2,
        "point_content": "Industry analysts report that continued labor issues, hatchability, high feed cost and ingredient shortages are hampering production in Further Processing facilities.",
        "spans": [
          "Industry analysts report that continued labor issues, hatchability, high feed cost and ingredient shortages are hampering production in Further Processing facilities."
        ]
      },
      {
        "point_number": 3,
        "point_content": "Retail and Further Processing demand continues to increase, creating additional pressure in the foodservice supply arena.",
        "spans": [
          "Retail and Further Processing demand continues to increase, creating additional pressure in the foodservice supply arena."
        ]
      },
      {
        "point_number": 4,
        "point_content": "Analysts expect higher prices and tight supplies of boneless breast meat and tenders in the second quarter, based on low cold storage levels, hatchability, fuel price increases and supply constraints.",
        "spans": [
          "Analysts expect higher prices and tight supplies of boneless breast meat and tenders in the second quarter, based on low cold storage levels, hatchability, fuel price increases and supply constraints."
        ]
      },
      {
        "point_number": 5,
        "point_content": "Small and medium wings inched slightly lower in pricing, but there are few spot opportunities.",
        "spans": [
          "Small and medium wings inched slightly lower in pricing, but there are few spot opportunities."
        ]
      },
      {
        "point_number": 6,
        "point_content": "Due to medium bird processors taking their bird weights up to a jumbo size, the market will continue to see pressure in terms of medium wing availability.",
        "spans": [
          "due to medium bird processors taking their bird weights up to a jumbo size, the market will continue to see pressure in terms of medium wing availability."
        ]
      }
    ]
  }
}