{
  "question": "what can arts tell us about life",
  "key_points": [
    {
      "point_number": 1,
      "point_content": "Communication between people in every nation, which is the language they speak with each other, is a branch of art that gives people a sense of humanity and distinguishes humans from animals.",
      "original_point_number": [
        1
      ]
    },
    {
      "point_number": 2,
      "point_content": "Creative people and music can boost us emotionally, control our emotions, and translate our feelings.",
      "original_point_number": [
        2
      ]
    },
    {
      "point_number": 3,
      "point_content": "Art teaches us about culture and history through paintings, dance, and clothing, serving as entertainment and attracting people to historical places and art galleries.",
      "original_point_number": [
        3
      ]
    },
    {
      "point_number": 4,
      "point_content": "Science and technology focus on practical and physical aspects and do not contribute to our lives emotionally and socially, unlike art which offers emotional and social value.",
      "original_point_number": [
        4,
        5,
        6
      ]
    },
    {
      "point_number": 5,
      "point_content": "Arts teach us to appreciate life and beauty, offering a spiritual outlook and helping us appreciate the beauty of nature and life, which science alone cannot provide.",
      "original_point_number": [
        5,
        6
      ]
    },
    {
      "point_number": 6,
      "point_content": "Great artists tell us about the true joys of life, teach us to learn about our inner value, and help us live life to its fullest and for others.",
      "original_point_number": [
        7
      ]
    },
    {
      "point_number": 7,
      "point_content": "Art teaches you to learn from the process, to make a piece of art that reflects what you feel is best, to go with the flow, take the first step, and build upon it.",
      "original_point_number": [
        8,
        9
      ]
    },
    {
      "point_number": 8,
      "point_content": "Art teaches that every problem has a solution, often more than one.",
      "original_point_number": [
        10
      ]
    },
    {
      "point_number": 9,
      "point_content": "Art teaches you that you can’t please everyone and accepting that is what makes you be true to yourself.",
      "original_point_number": [
        11
      ]
    },
    {
      "point_number": 10,
      "point_content": "Art ensures you’ll never be alone as you can express yourself and be transported to a parallel universe where your ideas come to life.",
      "original_point_number": [
        12
      ]
    },
    {
      "point_number": 11,
      "point_content": "Art teaches you to take risks, that it’s okay to make mistakes, and to learn from them.",
      "original_point_number": [
        13
      ]
    },
    {
      "point_number": 12,
      "point_content": "Art teaches that everything has a purpose no matter how small, and building on little things will get you somewhere.",
      "original_point_number": [
        14
      ]
    },
    {
      "point_number": 13,
      "point_content": "Art teaches the importance of perseverance and determination to keep going despite challenges.",
      "original_point_number": [
        15
      ]
    },
    {
      "point_number": 14,
      "point_content": "Admiring great artworks stimulates the brain similarly to falling in love, releasing dopamine which promotes positive emotions.",
      "original_point_number": [
        16
      ]
    },
    {
      "point_number": 15,
      "point_content": "Art making serves as a form of healing and therapy, helping with self-expression, stress reduction, and emotional growth.",
      "original_point_number": [
        17
      ]
    },
    {
      "point_number": 16,
      "point_content": "Surrounding yourself with beauty and things you love brings happiness and improves quality of life.",
      "original_point_number": [
        18
      ]
    },
    {
      "point_number": 17,
      "point_content": "Looking at art helps you understand what is beautiful and attractive to you, helping you form your own personal esthetics and be happier.",
      "original_point_number": [
        19
      ]
    },
    {
      "point_number": 18,
      "point_content": "Art has a feel-good power on the brain, which can improve health, energy, and happiness, and reduce depression and anxiety.",
      "original_point_number": [
        20
      ]
    },
    {
      "point_number": 19,
      "point_content": "Art is at the top of Maslow's Hierarchy of Needs, representing self-actualization and refined human needs, explaining why art appreciation evolves throughout life.",
      "original_point_number": [
        21
      ]
    },
    {
      "point_number": 20,
      "point_content": "Art is a deep and personal experience that connects our inner thoughts and feelings with outer realities, helping us understand ourselves and enhance life through self-expression.",
      "original_point_number": [
        22
      ]
    },
    {
      "point_number": 21,
      "point_content": "Art can create a new story and narrative in art history and the world, raising questions about how people understand themselves and each other.",
      "original_point_number": [
        23
      ]
    },
    {
      "point_number": 22,
      "point_content": "Art promotes communication between cultures by breaking cultural barriers and fostering respect for beliefs and traditions of others.",
      "original_point_number": [
        24
      ]
    },
    {
      "point_number": 23,
      "point_content": "Art preserves history and influences how we see and appreciate the world and cultures globally, capturing the feelings of a culture and how it felt to exist in a particular place and time.",
      "original_point_number": [
        25,
        27
      ]
    },
    {
      "point_number": 24,
      "point_content": "Arts teach us to appreciate what we have and life itself, showing suffering, tragedy, and sadness that exist in many areas, and provide spiritual nourishment sustaining our cultural identity.",
      "original_point_number": [
        28,
        29
      ]
    },
    {
      "point_number": 25,
      "point_content": "Arts have the ability to touch us on a deeper level, teach us to cherish what we have, and remind us of the importance of our culture.",
      "original_point_number": [
        30
      ]
    },
    {
      "point_number": 26,
      "point_content": "Artists depict real-life events and communicate feelings and thoughts through various artistic works, revealing aspects of life that technology cannot.",
      "original_point_number": [
        31
      ]
    },
    {
      "point_number": 27,
      "point_content": "Art offers a glimpse into a former way of life and the rich history of a country that science and technology make appear unattainable.",
      "original_point_number": [
        32
      ]
    },
    {
      "point_number": 28,
      "point_content": "Art evokes distinct emotions and allows us to appreciate the beauty of life, which technology cannot.",
      "original_point_number": [
        33
      ]
    },
    {
      "point_number": 29,
      "point_content": "Art and paintings tell a tale and provide a flexible dimension to information acquisition, unlike science which relies on statistics and numbers.",
      "original_point_number": [
        34
      ]
    },
    {
      "point_number": 30,
      "point_content": "Art is the activity by which a person, having experienced an emotion, intentionally transmits it to others, reflecting human experience.",
      "original_point_number": [
        35
      ]
    },
    {
      "point_number": 31,
      "point_content": "Art is uniquely positioned to move people emotionally, inspiring action and cultural and political contributions, empowering hearts and influencing society by evoking empathy and awareness.",
      "original_point_number": [
        36,
        37
      ]
    },
    {
      "point_number": 32,
      "point_content": "Art depicts culture and helps in cultural appreciation and acceptance across the world.",
      "original_point_number": [
        38
      ]
    },
    {
      "point_number": 33,
      "point_content": "Art touches us emotionally and can influence culture, politics, and economy by inspiring real-life changes.",
      "original_point_number": [
        39
      ]
    },
    {
      "point_number": 34,
      "point_content": "Art educates, promotes cultural appreciation, breaks barriers, and accesses higher orders of thinking, enriching human experience.",
      "original_point_number": [
        40
      ]
    }
  ]
}