{
  "question": "short term and long term causes of ww1",
  "key_points": [
    {
      "point_number": 1,
      "point_content": "Short term causes of WWI include Austria-Hungary's annexation of Bosnia and Herzegovina, fighting in the Balkans, assassination of Archduke Franz Ferdinand by a Serbian terrorist group, and German invasion of Belgium. The assassination triggered Austria-Hungary to declare war on Serbia, activating alliances and leading to the outbreak of World War I.",
      "original_point_number": [
        1,
        6,
        10,
        16,
        18,
        22,
        28,
        29,
        39,
        41
      ]
    },
    {
      "point_number": 2,
      "point_content": "Long term causes of WWI include militarism, alliances, imperialism, and nationalism, with some sources also including industrialization. These causes involved imperialist and economic rivalries among European powers, the European alliance system, militarism including arms and naval races, and nationalist tensions especially in the Balkans and multi-ethnic empires like Austro-Hungary.",
      "original_point_number": [
        2,
        3,
        8,
        9,
        13,
        17,
        21,
        30,
        33,
        34
      ]
    },
    {
      "point_number": 3,
      "point_content": "Militarism involved the buildup and expansion of military forces in European countries before World War I, including an arms race, naval race, increased military spending, army training, equipping, and new warfare technologies. It was a significant long term cause that increased readiness to fight and bred mistrust and hatred, especially between Germany and Britain.",
      "original_point_number": [
        4,
        11,
        12,
        19,
        23,
        24,
        25,
        26,
        31,
        44
      ]
    },
    {
      "point_number": 4,
      "point_content": "The alliance systems before World War I divided Europe into two groups, the Triple Entente (France, Russia, Great Britain) and the Triple Alliance (Germany, Italy, Austria-Hungary), which obligated countries to defend their allies and created tension and suspicion, pulling many countries into war after Austria-Hungary declared war on Serbia.",
      "original_point_number": [
        5,
        15,
        20,
        32
      ]
    },
    {
      "point_number": 5,
      "point_content": "Imperialism caused rivalry, tension, distrust, and conflict among European powers as they competed for colonies and control, especially in Africa and Asia, leading up to World War I. This competition increased tensions particularly between Britain and Germany.",
      "original_point_number": [
        7,
        14,
        33
      ]
    },
    {
      "point_number": 6,
      "point_content": "Nationalism caused tensions, unrest, and rivalries in Europe, especially in multi-ethnic empires like Austro-Hungary and in regions like the Balkans. It encouraged loyalty to one's country and helped form alliances between culturally similar countries, but also caused conflicts between countries with different customs and beliefs, contributing to the outbreak of World War I.",
      "original_point_number": [
        8,
        13,
        27,
        34
      ]
    },
    {
      "point_number": 7,
      "point_content": "Political and social instability in Russia before World War I was marked by harsh working conditions, peasant uprisings, repression of labor activity, growing anger among the working class, multiple political parties, unequal representation in the Third Duma (1907-1912), and major opposition groups like the Social Revolutionary Party and the Social Democratic Party seeking to overthrow the Tsarist regime.",
      "original_point_number": [
        35,
        36,
        45,
        46
      ]
    },
    {
      "point_number": 8,
      "point_content": "The 1905 Revolution in Russia was sparked by Bloody Sunday, a massive strike resulting in many deaths and radical demands, marking significant unrest before World War I.",
      "original_point_number": [
        37
      ]
    },
    {
      "point_number": 9,
      "point_content": "The first Moroccan Crisis in 1905 ended peace in Europe and led to the formation of the Triple Entente including Russia, Britain, and France.",
      "original_point_number": [
        38
      ]
    },
    {
      "point_number": 10,
      "point_content": "The Bosnian Crisis of 1908, where Austria-Hungary annexed Bosnia and Herzegovina, increased hostility between Russia and Austria-Hungary and brought talk of war. Russia's military weakness after the Russo-Japanese War limited its response, leading to surrender.",
      "original_point_number": [
        39,
        40
      ]
    },
    {
      "point_number": 11,
      "point_content": "The Balkan Wars (1912-1913) were influenced by long-term tensions in the region and Russia's support for Serbia. Russia was preoccupied with internal military, political, and social issues during the Balkan Wars and sought economic gains rather than escalating conflict. Russia initially supported both Bulgaria and Serbia during the Balkan Wars but later fully supported Serbia by the second Balkan War.",
      "original_point_number": [
        41,
        42,
        43
      ]
    }
  ]
}