{
  "question": "how do culture and diversity directly and indirectly impact gender differences across cultures",
  "key_points": {
    "null": [],
    "clueweb22-en0032-89-15588": [
      {
        "point_number": 1,
        "point_content": "Culture shapes the ideas of what behaviors are acceptable for men and women as well as what behaviors are appropriate between men and women.",
        "spans": [
          "Culture shapes the ideas of what behaviors are acceptable for men and women as well as what behaviors are appropriate between men and women."
        ]
      },
      {
        "point_number": 2,
        "point_content": "Gender identity and culture share a strong connection as they affect daily life not only in the home and family but also in the workplace and community.",
        "spans": [
          "Gender identity and culture share a strong connection as they affect daily life not only in the home and family but also in the workplace and community."
        ]
      },
      {
        "point_number": 3,
        "point_content": "Most cultures have some type of labor division that signifies what tasks or jobs are appropriate for a man vs. those that are appropriate for women.",
        "spans": [
          "Though there are some variances from culture to culture, most have some type of labor division that signifies what tasks or jobs are appropriate for a man vs. those that are appropriate for women."
        ]
      },
      {
        "point_number": 4,
        "point_content": "Women tend to have less autonomy, fewer resources, and limited power concerning decision making across cultures.",
        "spans": [
          "While there are differences, there are consistencies as well.  For instance women tend to have less autonomy, fewer resources, and limited power concerning decision making"
        ]
      },
      {
        "point_number": 5,
        "point_content": "Sexual orientation expression is influenced by the social and cultural environment including social, cultural, religious, and political elements.",
        "spans": [
          "From a social and cultural context how an individual expresses his or her sexual orientation is associated with the type of environment he or she was raised in, which would not only take into account social and cultural features but also religious and political elements as well"
        ]
      },
      {
        "point_number": 6,
        "point_content": "Same-sex relationships are viewed differently across cultures, sometimes accepted, sometimes discriminated against or punished.",
        "spans": [
          "There are many references to sexual orientation throughout history, but even with that being the case those are involved in same-sex relationships are not always accepted as equals by different cultures, and in many case, are discriminated against or punished."
        ]
      },
      {
        "point_number": 7,
        "point_content": "Some cultures view same-sex relationships as a practice preparing men for future heterosexual marriage, especially where women are kept in seclusion until marriage.",
        "spans": [
          "In some countries it is assumed that the lack of available women is a factor in why men engage in same sex relationships.   For instance, some cultures keep young women in seclusion until they are of an age to marry.  Same sex relationships are seen as a type of practice preparing men for the future role of husband.  Once married, the behavior is no longer acceptable."
        ]
      },
      {
        "point_number": 8,
        "point_content": "Assumption of male superiority in many cultures leads to expectations of masculinity for men and femininity for women, with negative reactions to those who do not conform.",
        "spans": [
          "Another issue pertains to the assumption of male superiority that many cultures portray.  Men are expected to be more masculine and women more feminine.  Men considered less masculine are seen as being less of a man, while women who seem less feminine are assumed to be trying to take over the man’s role in society.  In both cases the reaction is negative"
        ]
      },
      {
        "point_number": 9,
        "point_content": "Cultural influences play a large part in identity formation as culture defines acceptable behaviors for men and women.",
        "spans": [
          "Cultural influences play a large part in this process as culture defines acceptable behaviors for men and women"
        ]
      },
      {
        "point_number": 10,
        "point_content": "Culture changes slowly in reaction to social and economic pressures, globalization, new technologies, armed conflict, and changes in laws, which may promote better understanding and acceptance of gender and sexual orientation diversity.",
        "spans": [
          "Culture changes occur slowly, but they do occur, in reaction to shifts in social and economic pressures, globalization, new technologies, armed conflict, and changes in laws"
        ]
      }
    ],
    "clueweb22-en0003-80-02079": [
      {
        "point_number": 1,
        "point_content": "Understanding how cultural differences manifest themselves is crucial for effective facilitation and communication.",
        "spans": [
          "Understanding how cultural differences manifest themselves is crucial."
        ]
      },
      {
        "point_number": 2,
        "point_content": "Nationality does not necessarily determine attitudes and behavior, but it can guide facilitation strategies.",
        "spans": [
          "While the nationality of individuals does not necessarily determine the attitudes and behavior they bring to a gathering, it can provide valuable guidance on facilitation strategies likely to be more successful over others."
        ]
      },
      {
        "point_number": 3,
        "point_content": "Being acquainted with culturally-grounded expectations helps minimize misunderstandings and allows for more effective communication.",
        "spans": [
          "By becoming acquainted  with the various culturally-grounded expectations of each participant, the facilitator can minimize misunderstandings and allow for more effective communication."
        ]
      },
      {
        "point_number": 4,
        "point_content": "Our own culture is largely invisible to others and forms our personal 'common sense' understanding of the world.",
        "spans": [
          "It is critically important to remember that our own culture is largely invisible to others; our culture is simply our personal, “common sense” understanding of the world."
        ]
      },
      {
        "point_number": 5,
        "point_content": "Western cultures are characterized as mechanistic and rational, while non-Western cultures, particularly Pacific cultures, are seen as organic, living, and chaotic.",
        "spans": [
          "A common metaphor is used to illustrate the distinction between Western cultures (mechanistic, lifeless, rational paradigm) and non-Western cultures, particularly Pacific cultures (organic living, seamlessly related, chaotic paradigm)."
        ]
      },
      {
        "point_number": 6,
        "point_content": "Effectiveness in facilitation depends on knowing when to engage different cultural paradigms, like a mechanic or a gardener.",
        "spans": [
          "Effectiveness is determined in one case by engaging a mechanic, and in the other by using a gardener. A good facilitator knows the difference and knows when to engage either/or, or aspects of both."
        ]
      },
      {
        "point_number": 7,
        "point_content": "Being attuned to group dynamics helps choose or design more effective models, strategies, and intervention styles.",
        "spans": [
          "Being attuned to the group and its dynamics can help the facilitator choose or design more effective models, strategies, and intervention styles to achieve the desired goals or end results."
        ]
      },
      {
        "point_number": 8,
        "point_content": "Knowing the cultural, racial, ethnic, gender, and religious composition of a group helps understand intellectual and emotional orientations towards protocols and processes.",
        "spans": [
          "Determining first-hand the cultural, racial, ethnic, gender, and religious composition of a group can help ascertain a general sense of intellectual and emotional orientation towards certain protocols and processes."
        ]
      },
      {
        "point_number": 9,
        "point_content": "Cultural and gender differences influence decisions about food, sitting arrangements, praying, and other significant intangible actions.",
        "spans": [
          "These include decisions about the kinds of food to serve, sitting arrangements, praying, and other intangible, yet significant actions."
        ]
      },
      {
        "point_number": 10,
        "point_content": "Knowing as much as possible about the group beforehand is like knowing the reef system before sailing, helping to skillfully manage the process.",
        "spans": [
          "Knowing beforehand as much about the group as possible is akin to knowing the reef system before sailing out to sea. Skillfully managing a process is knowing your reef system and navigating it accordingly."
        ]
      }
    ],
    "clueweb22-en0041-49-04673": [
      {
        "point_number": 1,
        "point_content": "Cultural differences were larger for gender-role beliefs than for sharing behavior.",
        "spans": [
          "Cultural differences were larger for gender-role beliefs than for sharing behavior."
        ]
      },
      {
        "point_number": 2,
        "point_content": "More egalitarian gender-role beliefs and more sharing were associated with more well-being in all culture and gender groups.",
        "spans": [
          "more egalitarian gender-role beliefs and more sharing were associated with more well-being in all culture and gender groups."
        ]
      },
      {
        "point_number": 3,
        "point_content": "First-generation immigrants reported more traditional gender-role beliefs than did second-generation immigrants.",
        "spans": [
          "First-generation immigrants reported more traditional gender-role beliefs than did second-generation immigrants."
        ]
      },
      {
        "point_number": 4,
        "point_content": "Age, educational level, and employment accounted for half of the cultural differences in gender-role beliefs and well-being, but not in household-task and child-care behavior.",
        "spans": [
          "Age, educational level, and employment accounted for half of the cultural differences in gender-role beliefs and well-being, but not in household-task and child-care behavior."
        ]
      },
      {
        "point_number": 5,
        "point_content": "The Netherlands scores higher on femininity and lower on power distance than immigrant groups, implying more egalitarian gender-role beliefs among Dutch mainstreamers.",
        "spans": [
          "The Netherlands is more feminine. However, there are no indications that this dimension shows different relations with other gender-related attitudes than found elsewhere. As a consequence, we expect that associations reported in American studies will also be observed in our study. ... given the very high score of The Netherlands on femininity and its very low score on power distance, it is fair to expect that Dutch mainstreamers on average score higher on femininity and lower on power distance than any of the immigrant groups, implying that Dutch mainstreamers have more egalitarian gender-role beliefs than the immigrants groups."
        ]
      },
      {
        "point_number": 6,
        "point_content": "Sharing household labor shows much similarity across cultural groups and generations, with small or no significant cultural differences.",
        "spans": [
          "Sharing of household-task and child-care responsibilities between partners, which can be taken to consist of the behavioral aspects of gender equality, showed much similarity across the five cultural groups and also between generations."
        ]
      },
      {
        "point_number": 7,
        "point_content": "Gender-role beliefs are more influenced by individual background variables such as education than sharing behavior, suggesting beliefs are more under external normative control.",
        "spans": [
          "Our findings indicate that this acculturative shift in gender-role beliefs may be primarily a consequence of changes in background variables such as the higher educational level of second-generation immigrants. We found that gender-role beliefs were more influenced by individual background variables (especially by education) than was sharing behavior. The stronger context relatedness of gender-role beliefs suggests that they are more under external, presumably normative control."
        ]
      },
      {
        "point_number": 8,
        "point_content": "More egalitarian gender-role beliefs and more sharing behavior are related to higher well-being in all cultural and gender groups.",
        "spans": [
          "In our samples gender equality was related to well-being in all cultural and gender groups in the same way: More egalitarian gender-role beliefs and more sharing were associated with more well-being."
        ]
      },
      {
        "point_number": 9,
        "point_content": "Individuals with more egalitarian gender-role beliefs tend to report more sharing behavior, with stronger association for males than females.",
        "spans": [
          "Moreover, individuals in all cultural groups with more egalitarian gender-role beliefs tended to report more sharing behavior. Still, a stronger association was found for males than for females."
        ]
      },
      {
        "point_number": 10,
        "point_content": "Acculturation leads to less traditional gender-role beliefs among immigrant groups, especially in second-generation immigrants, but does not significantly change sharing behavior.",
        "spans": [
          "Second-generation immigrants reported less traditional gender-role beliefs than first-generation immigrants, but they did not report more sharing behavior than first-generation immigrants."
        ]
      }
    ],
    "clueweb22-en0006-05-16936": [
      {
        "point_number": 1,
        "point_content": "Culture influences norms and perceptions which vary across cultures, affecting views on behaviors and communication.",
        "spans": [
          "each of these friends has really different norms or standards, for what they consider normal thought patterns and behaviors",
          "norms affect views on childrearing, the role of body language in communication, the foods people eat, and the ways people approach study and work",
          "people from different cultures might have different perceptions, or points of view, on what they see, hear and learn"
        ]
      },
      {
        "point_number": 2,
        "point_content": "Cultural perceptions shape how events and behaviors are interpreted differently across cultures.",
        "spans": [
          "Mary perceives the event as frightening, while her friend thinks it is a sign of liveliness and civic engagement between the two men",
          "Mary's different cultural perceptions, and belief systems, from that of her friend"
        ]
      },
      {
        "point_number": 3,
        "point_content": "Cultural norms influence what is considered respectful or acceptable behavior, which can be misunderstood across cultures.",
        "spans": [
          "when she was a child, her parents often yelled at her to show more respect",
          "Because this was part of her cultural tradition, Mary's friend never considered it problematic, but a teacher who was insensitive to their cultural norms once wrongly thought Mary's friend was being abused"
        ]
      },
      {
        "point_number": 4,
        "point_content": "Cultural diversity can reduce bias and stereotypes by increasing exposure to different groups, but bias cannot be fully eliminated.",
        "spans": [
          "diversity in a society can help to undermine bias and discrimination",
          "The more diversity Mary experiences, the less likely she is to make assumptions about people based on their culture",
          "bias cannot be fully overcome"
        ]
      }
    ]
  }
}