{
  "question": "pros and cons of the industrial revolution",
  "key_points": [
    {
      "point_number": 1,
      "point_content": "The Industrial Revolution increased job opportunities by moving people from agricultural to industrial work, creating many jobs in factories and increasing employment rates.",
      "original_point_number": [
        1,
        18,
        51
      ]
    },
    {
      "point_number": 2,
      "point_content": "The Industrial Revolution inspired innovation, leading to rapid growth and change, the development of labor-saving inventions, and the creation of the first real market-based economies.",
      "original_point_number": [
        2,
        13,
        27,
        35
      ]
    },
    {
      "point_number": 3,
      "point_content": "Factories and machinery enabled mass production, increasing production levels, lowering costs, improving quality of living, and making goods more affordable and accessible.",
      "original_point_number": [
        3,
        15,
        26,
        29,
        50
      ]
    },
    {
      "point_number": 4,
      "point_content": "The Industrial Revolution created competition and a free-market society, shifting power to consumers with more product choices and allowing businesses to become profitable internationally.",
      "original_point_number": [
        4,
        37,
        38,
        52
      ]
    },
    {
      "point_number": 5,
      "point_content": "The Industrial Revolution improved processes in virtually any sector, including architecture, agriculture, transportation, communication, and medicine, leading to better products, services, and healthcare.",
      "original_point_number": [
        5,
        13,
        27,
        28,
        40
      ]
    },
    {
      "point_number": 6,
      "point_content": "Transportation became cheaper, faster, and more comfortable, opening up new areas to many people and enabling international trade and specialization among nations.",
      "original_point_number": [
        6,
        17,
        39,
        53
      ]
    },
    {
      "point_number": 7,
      "point_content": "The Industrial Revolution shifted the world from a rural to an urban culture, causing population shifts, urbanization, overcrowding, poor living conditions, and societal adaptation struggles.",
      "original_point_number": [
        7,
        19,
        21,
        31,
        46,
        55,
        64,
        76
      ]
    },
    {
      "point_number": 8,
      "point_content": "The Industrial Revolution contributed significantly to pollution and environmental degradation, including air, water, and land pollution, contributing to global warming and loss of biodiversity, with unknown long-term effects.",
      "original_point_number": [
        8,
        22,
        32,
        42,
        56,
        60
      ]
    },
    {
      "point_number": 9,
      "point_content": "Working conditions during the Industrial Revolution were often brutal and dangerous, with long hours, low wages, health and safety issues, including child labor, and unsafe environments.",
      "original_point_number": [
        9,
        20,
        33,
        43,
        54,
        61
      ]
    },
    {
      "point_number": 10,
      "point_content": "The Industrial Revolution was not a global phenomenon initially, benefiting only a handful of countries and creating a wealth gap and divide between industrialized and non-industrialized nations.",
      "original_point_number": [
        10,
        44,
        62
      ]
    },
    {
      "point_number": 11,
      "point_content": "The Industrial Revolution relied on finite natural resources, especially fossil fuels, increasing dependency and causing pollution-related illnesses and potential future societal shifts.",
      "original_point_number": [
        11,
        45,
        63
      ]
    },
    {
      "point_number": 12,
      "point_content": "Industrialization caused local job losses due to businesses hiring workers willing to work for lower wages, limiting craftsmanship and individuality, and machines replacing human labor causing unemployment and some forced to commit crime to support families.",
      "original_point_number": [
        12,
        23,
        57
      ]
    },
    {
      "point_number": 13,
      "point_content": "The Industrial Revolution led to lifestyle changes, including new lifestyle trends and products that caused lifestyle diseases such as diabetes, heart attacks, asthma, cancer, obesity, and unhealthy habits like drug use and poor nutrition.",
      "original_point_number": [
        24,
        34,
        48,
        58,
        66
      ]
    },
    {
      "point_number": 14,
      "point_content": "Industrialization negatively impacted culture, values, and morality, shifting principles, beliefs, and faith.",
      "original_point_number": [
        25
      ]
    },
    {
      "point_number": 15,
      "point_content": "The Industrial Revolution led to the rise of specialist professions, expansion of cities and governmental bureaucracies, and economic development with increased world trade and national pride.",
      "original_point_number": [
        30,
        14,
        49
      ]
    },
    {
      "point_number": 16,
      "point_content": "The Industrial Revolution led to the building of comfortable, strong, and cheaper houses, fashionable clothes, and new appliances, making life easier and improving living standards for many people.",
      "original_point_number": [
        16,
        36
      ]
    },
    {
      "point_number": 17,
      "point_content": "Industrialization attracted immigrants but caused overcrowded cities and slum areas, leading to overpopulation and poor living conditions.",
      "original_point_number": [
        21,
        55
      ]
    },
    {
      "point_number": 18,
      "point_content": "The Industrial Revolution created massive wealth gaps and exploitation of labor, including vast income disparities and exploitation of workers.",
      "original_point_number": [
        41,
        59
      ]
    },
    {
      "point_number": 19,
      "point_content": "The Industrial Revolution caused health and safety issues for workers, including long hours, low wages, stress, and dangerous working conditions.",
      "original_point_number": [
        43,
        61
      ]
    },
    {
      "point_number": 20,
      "point_content": "The Industrial Revolution forced changes in the agricultural sector, leading to innovations like genetically modified foods and changes in food production methods.",
      "original_point_number": [
        47,
        65
      ]
    },
    {
      "point_number": 21,
      "point_content": "Industry 4.0 improves operational performance and efficiency with minimum machine downtimes, automation, and better resource allocation, maintaining high-quality standards at lower manufacturing costs.",
      "original_point_number": [
        67,
        68,
        69
      ]
    },
    {
      "point_number": 22,
      "point_content": "Industry 4.0 enhances flexibility, speed to market, agility for launching new products and services, and improves customer experience and service by reducing resolution time, defects, and offering more product choices.",
      "original_point_number": [
        70,
        71
      ]
    },
    {
      "point_number": 23,
      "point_content": "Industry 4.0 makes compliance easier in regulated industries like pharmaceutical and medical device manufacturing by automating processes.",
      "original_point_number": [
        72
      ]
    },
    {
      "point_number": 24,
      "point_content": "Industry 4.0 faces challenges including data security concerns, risk of security breaches, loss of proprietary production knowledge, technical glitches, job losses, resistance to investment, and social issues impacting society.",
      "original_point_number": [
        73,
        74,
        75
      ]
    },
    {
      "point_number": 25,
      "point_content": "Earlier industrial revolutions caused huge social changes including urbanization and industrialization; there is uncertainty about how Industry 4.0 will shape up, but critical changes include interoperability, information transparency, automation, and integration of production processes.",
      "original_point_number": [
        76,
        77,
        78
      ]
    },
    {
      "point_number": 26,
      "point_content": "Skill education and training of manpower need improvement for Industry 4.0, requiring significant investment.",
      "original_point_number": [
        79
      ]
    }
  ]
}