{
  "question": "what caused the glorious revolution",
  "key_points": {
    "clueweb22-en0001-78-06671": [
      {
        "point_number": 1,
        "point_content": "The motives for the Glorious Revolution were complex and included both political and religious concerns.",
        "spans": [
          "Motives for the revolution were complex and included both political and religious concerns."
        ]
      },
      {
        "point_number": 2,
        "point_content": "King James II was Catholic and supported freedom of worship for Catholics, appointed Catholic officers, and had close ties with France, which concerned many English people.",
        "spans": [
          "James, who was Catholic, supported the freedom of worship for Catholics and appointed Catholic officers to the army. He also had close ties with France—a relationship that concerned many of the English people."
        ]
      },
      {
        "point_number": 3,
        "point_content": "King James II issued a Declaration of Indulgence suspending penal laws against Catholics and dissolved Parliament to create a new one supporting him unconditionally.",
        "spans": [
          "In 1687, King James II issued a Declaration of Indulgence, which suspended penal laws against Catholics and granted acceptance of some Protestant dissenters. Later that year, the king formally dissolved his Parliament and attempted to create a new Parliament that would support him unconditionally."
        ]
      },
      {
        "point_number": 4,
        "point_content": "The birth of James II's son, who would be raised Catholic, changed the line of succession and caused fear of a Catholic dynasty in England.",
        "spans": [
          "James’s daughter Mary, a Protestant, was the rightful heir to the throne until 1688 when James had a son, James Francis Edward Stuart, whom he announced would be raised Catholic.",
          "The birth of James’s son changed the line of succession, and many feared a Catholic dynasty in England was imminent."
        ]
      },
      {
        "point_number": 5,
        "point_content": "The king’s elevation of Catholicism, his close relationship with France, his conflict with Parliament and uncertainty over succession led to whispers of revolt and the fall of James II.",
        "spans": [
          "The king’s elevation of Catholicism, his close relationship with France, his conflict with Parliament and uncertainty over who would succeed James on the English throne led to whispers of a revolt—and ultimately the fall of James II."
        ]
      }
    ],
    "null": [],
    "clueweb22-en0005-75-12018": [
      {
        "point_number": 1,
        "point_content": "The Glorious Revolution was fostered by the English Parliament, which viewed with great concern the king’s absolutist attempts and his attempts to re-implant Catholicism in a predominantly Protestant society.",
        "spans": [
          "The Revolution was fostered by the English Parliament , which viewed with great concern the king’s absolutist attempts and his attempts to re-implant Catholicism in a predominantly Protestant society ."
        ]
      },
      {
        "point_number": 2,
        "point_content": "Before his coronation, in 1685, the Protestant nobles of Parliament viewed Jacobo Estuardo, who was a Catholic, with suspicion, especially after the birth of the king’s heir in 1688, which raised the prospect of a Catholic dynasty.",
        "spans": [
          "Before his coronation, in 1685, the Protestant nobles of Parliament viewed Jacobo Estuardo, who was a Catholic, with suspicion. The situation of tension became untenable when the king’s heir was born on June 10, 1688. The prospect of the start of a Catholic dynasty in the British Isles brought together most of the members of Parliament, who began to conspire against the king."
        ]
      },
      {
        "point_number": 3,
        "point_content": "The main causes of the Glorious Revolution included the will of King James II Stuart to impose an absolutist style of government, the attempt to re-implant Catholicism, the will of Parliament to limit royal power and defend the Anglican Church, and the ambitions of Mary and William to defend Protestantism.",
        "spans": [
          "The main causes of the Glorious Revolution were the following: The will of King James II Stuart to impose an absolutist style of government , based on the theory of the divine right of kings.",
          "The attempt of the king to re-implant Catholicism in England , which generated great discontent among the majority of his subjects, who were Protestant.",
          "The will of the majority of the members of Parliament to impose limits on royal power and to defend the Anglican Church .",
          "The ambitions for power of the king’s daughter, Maria, and her husband William of Orange, added to their desire to defend Protestantism."
        ]
      }
    ],
    "clueweb22-en0017-01-03171": [
      {
        "point_number": 1,
        "point_content": "The Exclusion Crisis of 1679-83 involved attempts by Whigs to prevent James Duke of York, a Catholic, from inheriting the throne due to fears of Catholicism and absolute monarchy.",
        "spans": [
          "The story of the Glorious Revolution really begins with the Exclusion Crisis of 1679-83.",
          "This was the period of a series of attempts by Whigs—the original Whigs—to prevent James Duke of York from inheriting the throne from his brother, King Charles II,",
          "The Duke, who was known to be Catholic and to believe in the divine right of kings and absolute monarchy, was mistrusted by many Englishmen at this time because of these factors.",
          "During the seventeenth century (indeed since the Protestant Reformations of the sixteenth century and the creation of the Church of England by Henry VIII), there had existed a national loathing of Catholicism, so much so that there had even been attempts made to exclude James from the throne."
        ]
      },
      {
        "point_number": 2,
        "point_content": "James II's policies, including maintaining a standing army, repealing the Test Acts, and appointing Catholics to positions, caused fear and opposition in England.",
        "spans": [
          "Indeed, when the House was recalled after the summer, James asked the Commons for more money for the maintenance of his standing army.",
          "James himself would further antagonise the Commons by asking for the repeal of the Test Acts of 1673.",
          "Between 12 and 19 November 1685, Parliament declined to repeal the Acts and refused the King extra money, fearing its misuse.",
          "Frustrated by the House’s intransigence, on 20 November, James prorogued his Parliament.",
          "In April 1686 James won an apparent victory in the Test Act controversy when, following the Godden v Hales case, the judges ruled that James II, in individual cases, could dispense with the Test Acts without the consent of Parliament.",
          "Worryingly for many Parliamentarians, the King then began to introduce Roman Catholics and some dissenters into the army, universities, and even posts within the Anglican Church."
        ]
      },
      {
        "point_number": 3,
        "point_content": "James II's religious policies, including the Declaration of Indulgence and attempts to impose Catholicism, increased fears of a Catholic tyranny.",
        "spans": [
          "To further his goals, on 5 April, 1687 the King published a Declaration of Indulgence (also known as the Declaration for Liberty of Conscience ), which suspended all religious penal laws.",
          "James's seeming ignorance England’s of long-standing fear of a Catholic insurrection, sponsored by hostile powers such as Catholic France and Spain, in addition to his willingness to use the Royal Prerogative without Parliamentary approval, caused great unease in a country already shaken by his previous actions.",
          "On April 27 1688 James reissued the Declaration of Indulgence.",
          "However, by commanding that Anglican clergy to read to their congregations from the pulpit, he had made a grave error.",
          "On 18 May the Archbishop of Canterbury and six other bishops refused to read it and petitioned against the King’s order (history books sometimes refer to these men as the Seven Bishops)."
        ]
      },
      {
        "point_number": 4,
        "point_content": "The birth of James II's Catholic son in 1688 caused alarm about a permanent Catholic dynasty and led to increased opposition.",
        "spans": [
          "on June 8 the Seven Bishops were arrested and sent to the Tower of London to await trial.",
          "Virtually at the same time--in fact, two days later--the Queen (James’s second wife, Mary of Modena) gave birth to a son, James Francis Edward, Prince of Wales.",
          "The new heir was baptised a Roman Catholic, causing consternation within much of the nation.",
          "the birth of a son gave the Catholic James an heir, opening the possibility of a perpetual Catholic succession and a tyrannical dynasty."
        ]
      },
      {
        "point_number": 5,
        "point_content": "A letter of invitation was signed by prominent politicians inviting William of Orange to intervene to save Church and State.",
        "spans": [
          "It was also on this very same day that a ‘letter of invitation’ was signed by seven prominent politicians (The Earl of Shrewsbury; The Earl of Devonshire; The Earl of Danby; The Viscount Lumley; The Bishop of London (Henry Compton); Edward Russell; Henry Sydney (who wrote the Invitation)) which invited William of Orange, Protestant son-in-law to James, to intervene to save both Church and State."
        ]
      },
      {
        "point_number": 6,
        "point_content": "William of Orange invaded England in 1688 with a large force, was welcomed, and James II fled, leading to the Glorious Revolution.",
        "spans": [
          "William landed at Torbay in Devon with about 15,000 (largely Dutch) troops on November 5.",
          "William’s landing was, furthermore, the only successful large-scale landing in England since 1485.",
          "However, the enthusiasm with which William was welcomed and the defections from James's army that ensued strengthened William's hand.",
          "On December 19 William entered London.",
          "Previously, on 11 December, James tried to flee to France, first throwing the Great Seal of the Realm into the River Thames.",
          "Having no desire to create a martyr out of James, William allowed the soon-to-be former king to make his escape to France on 23 December."
        ]
      }
    ],
    "clueweb22-en0023-87-12606": [
      {
        "point_number": 1,
        "point_content": "James II's overt Roman Catholicism alienated the majority of the population.",
        "spans": [
          "After the accession of James II in 1685, his overt Roman Catholicism alienated the majority of the population."
        ]
      },
      {
        "point_number": 2,
        "point_content": "James II issued a Declaration of Indulgence suspending penal laws against Nonconformists and recusants, and ordered it to be read from every pulpit, causing opposition.",
        "spans": [
          "In 1687 he issued a Declaration of Indulgence, suspending the penal laws against Nonconformists and recusants, and in April 1688 ordered that a second Declaration of Indulgence be read from every pulpit on two successive Sundays."
        ]
      },
      {
        "point_number": 3,
        "point_content": "Seven eminent Englishmen invited William of Orange to come with an army to redress the nation’s grievances.",
        "spans": [
          "Seven eminent Englishmen, including one bishop and six prominent politicians of both Whig and Tory persuasions, wrote to William of Orange, inviting him to come over with an army to redress the nation’s grievances."
        ]
      },
      {
        "point_number": 4,
        "point_content": "The birth of a son to James’s Roman Catholic queen promised an indefinite continuance of his policy and brought discontent to a head.",
        "spans": [
          "Their acquittal almost coincided with the birth of a son to James’s Roman Catholic queen, Mary of Modena (June). This event promised an indefinite continuance of his policy and brought discontent to a head."
        ]
      }
    ],
    "clueweb22-en0006-93-05711": [
      {
        "point_number": 1,
        "point_content": "The Glorious Revolution replaced James II with his protestant daughter Mary and her Dutch husband William of Orange due to fear of Catholic tyranny.",
        "spans": [
          "The Glorious Revolution of 1688-1689 replaced the reigning king, James II, with the joint monarchy of his protestant daughter Mary and her Dutch husband, William of Orange."
        ]
      },
      {
        "point_number": 2,
        "point_content": "The revolution was driven by a deep-seated fear of 'popery' and a belief in a Catholic conspiracy to overthrow church and state.",
        "spans": [
          "To understand why James II’s most powerful subjects eventually rose up in revolt against him we need to understand the deep-seated fear of 'popery' in Stuart England.",
          "'Popery' meant more than just a fear or hatred of Catholics and the Catholic church. It reflected a widely-held belief in an elaborate conspiracy theory, that Catholics were actively plotting the overthrow of church and state."
        ]
      },
      {
        "point_number": 3,
        "point_content": "Public concern about the Catholic succession increased when James, Duke of York, a Catholic, was next in line to the throne, leading to the exclusion crisis.",
        "spans": [
          "Public anxieties were raised by the issue of the royal succession. Charles II fathered no legitimate offspring. This meant that the crown would pass to his brother, James, Duke of York, whose conversion to Catholicism had become public knowledge in 1673.",
          "Public concern about the succession reached fever pitch in the years 1678-1681. The so-called ‘exclusion crisis’ was provoked by allegations made by Titus Oates, a former Jesuit novice, of a popish plot to assassinate Charles II and place his brother on the throne."
        ]
      },
      {
        "point_number": 4,
        "point_content": "James II's policies favoring Catholics and suspending penal laws against them caused unease and opposition among his subjects.",
        "spans": [
          "Initial support for the king ebbed away as it became clear that he wished to secure not only freedom of worship for Catholics, but also the removal of the Test and Corporation Acts so that they could occupy public office.",
          "In April 1687, James issued a declaration of indulgence, suspending penal laws against Catholics."
        ]
      },
      {
        "point_number": 5,
        "point_content": "The birth of a Catholic male heir to James II in 1688 intensified fears of a Catholic dynasty and prompted English peers to invite William of Orange to intervene.",
        "spans": [
          "Two factors moved James II’s opponents to urge William to intervene militarily. Firstly, after years of trying, James’ Catholic second wife finally fell pregnant. The birth of a healthy male heir, James Edward Stuart, on 10 June 1688, dashed hopes that the crown would soon pass to James’s protestant daughter Mary."
        ]
      },
      {
        "point_number": 6,
        "point_content": "William of Orange invaded England with a large force in 1688, leading to James II's eventual flight and the establishment of William and Mary as joint monarchs.",
        "spans": [
          "William landed at Torbay, Devon, on 5 November 1688, the exact timing of his landfall neatly fitting with the anniversary of another celebrated moment when the nation was delivered from popery.",
          "James now announced that he was willing to agree to William’s main demand - to call a ‘free’ parliament.",
          "On 23 December, with the prince’s connivance, James successfully fled the country.",
          "After considerable pressure from William himself, parliament agreed that he would rule as joint monarch with Mary, rather than act merely as her consort, and on 13 February William and Mary formally accepted the throne."
        ]
      }
    ],
    "clueweb22-en0020-95-04842": [
      {
        "point_number": 1,
        "point_content": "The Glorious Revolution ended the constitutional struggle between the Stuarts and their Parliaments and established constitutional monarchy in England.",
        "spans": [
          "The credit for bringing to an end the constitutional struggle between the Stuarts and their Parlia­ments during the seventeenth century goes to the Glorious Revolution.",
          "By this revolution constitutional monarchy was set up in England and the illegal and arbitrary powers of the kings were abolished once for all."
        ]
      },
      {
        "point_number": 2,
        "point_content": "James II's attempt to propagate Catholicism and impose it on his subjects was a major cause of the revolution.",
        "spans": [
          "It was at this time that James II wanted to propagate Catholicism and impose it on his subjects.",
          "This was the basses for the revolution of 1688."
        ]
      },
      {
        "point_number": 3,
        "point_content": "James II ruled arbitrarily and without the help of Parliament, which the people and Parliament could not tolerate, leading to his removal.",
        "spans": [
          "He therefore started ruling arbitrarily and without the help of Parliament which the people and Parliament naturally could not tolerate.",
          "They rose in rev and James II had to vacate his throne."
        ]
      },
      {
        "point_number": 4,
        "point_content": "James II's rejection of the Test Act and his efforts to favor Catholics in state and church positions caused discontent.",
        "spans": [
          "The new king James wanted to attach more importance to the Catholics and therefore he made fervent efforts to reject this Act.",
          "Besides, the new king also announced that he reserved the right to reject and repeal any law that he might deem necessary.",
          "By his Dispensing and suspending power, James repealed all the Acts against the Catholics and the puritans."
        ]
      },
      {
        "point_number": 5,
        "point_content": "James II's interference in university affairs to promote Catholicism alienated the learned people and Parliament.",
        "spans": [
          "James II wanted to spaced Catholicism in the universities also.",
          "He compelled the members of the Christ Church College to appoint a catholic as Dean.",
          "The Parliament could not tolerate this high handedness of the monarch on the plea that catholic professors in the Universities were bound to influence the impressionable minds of the young students."
        ]
      },
      {
        "point_number": 6,
        "point_content": "James II's harsh policies in Ireland and Scotland alienated support and sympathy from these regions.",
        "spans": [
          "James appointed one Tryconell, a Catholic as Lord Liewternant.",
          "He persecuted the Protestants in an evilish way with the result that these people turned against him.",
          "Thus the people of Ireland and Scotland became willing participants in the revolution against the king."
        ]
      },
      {
        "point_number": 7,
        "point_content": "James II revived the Court of High Commission to impose his religious beliefs, which was illegal and caused hatred among the people.",
        "spans": [
          "James revived the Court of High Commission in order to impose his religious beliefs and the divine right of kings.",
          "The court of High Commission had already been declared illegal and its activities null and void.",
          "Because of these Bloody. Assizes the people came to develop hatred for the king."
        ]
      },
      {
        "point_number": 8,
        "point_content": "James II's attempt to maintain a strong Catholic army in London caused fear and opposition among the people.",
        "spans": [
          "He collected an army composed of Catholics.",
          "The People widely opposed this move of their kind as they felt that the king was trying to set up a military rule and that too dominated by the Catholics.",
          "People also turned against the king because they suspected that he might use this standing army against them."
        ]
      },
      {
        "point_number": 9,
        "point_content": "James II's severe punishments and executions of his enemies caused public resentment and opposition.",
        "spans": [
          "The courtiers who had conspired to rise in revolt against the king included the Duke of Monmouth and the Dude of Argy II They was arrested, no doubt; and they and their supporters were awarded very severe punishments.",
          "Some were executed also.",
          "About three hundred People were executed like this and more than a thousand persons were exiled."
        ]
      },
      {
        "point_number": 10,
        "point_content": "James II's First Declaration of Indulgence granting religious freedom alienated Protestants and anti-Catholics.",
        "spans": [
          "In 1687 James issued his First Declaration of Indulgence according to which all were given full freedom of religion.",
          "This act of the monarch alienated the loyalty and support of the Protestants and other anti-Catholics."
        ]
      },
      {
        "point_number": 11,
        "point_content": "James II's Second Declaration of Indulgence and his insistence on its reading in churches caused unhappiness and hatred towards him.",
        "spans": [
          "In April 1688 the king issued a Second Declaration of- Indulgence, according to which Roman Catholic Dissenters were given the right to follow their religion according to their faith.",
          "The king gave a deaf ear to it.",
          "He on the contrary, charged the bishops with treason. They were tried but released.",
          "This made people very, unhappy and they began to hate the king all the more."
        ]
      },
      {
        "point_number": 12,
        "point_content": "The birth of James II's son, a Catholic heir, caused great disappointment and fear among the people, leading to the decision to revolt.",
        "spans": [
          "On June 10, 1688, announcement was made that Queen of Modena had given birth to a son.",
          "It was certain that the boy would be brought up in the Catholic way and thus the next monarch on their throne would be a catholic which they could not tolerate.",
          "They decided to revolt against the king and remove him from the throne."
        ]
      }
    ]
  }
}