{
  "question": "how does climate change affect food supply",
  "key_points": [
    {
      "point_number": 1,
      "point_content": "Climate change affects food production globally by altering weather patterns, increasing extreme weather events, and impacting agriculture systems, which reduces food availability and drives up prices.",
      "original_point_number": [
        1,
        5,
        9,
        14,
        15,
        16,
        25
      ]
    },
    {
      "point_number": 2,
      "point_content": "Greenhouse gas emissions and climate change could cause vegetable and legume yields to fall by up to 35% by 2100 due to water shortages, increased salinity, and ozone damage.",
      "original_point_number": [
        2,
        36
      ]
    },
    {
      "point_number": 3,
      "point_content": "Erosion of the ozone layer and increased harsh sunlight affect crops, leading to changes in types of vegetables grown, with farmers possibly shifting to root crops like turnips or carrots, reducing fruit and vegetable variety.",
      "original_point_number": [
        3,
        4
      ]
    },
    {
      "point_number": 4,
      "point_content": "Global warming and climate change cause shifting weather patterns, natural disasters, wildfires, droughts, and flooding, which damage crops, grazing land, and farmland, impacting food supply and increasing food prices.",
      "original_point_number": [
        5,
        6,
        7,
        27,
        28,
        29,
        30,
        33
      ]
    },
    {
      "point_number": 5,
      "point_content": "Rising carbon dioxide levels can increase yields of some crops like rice, soybean, and wheat, but these crops are less nutrient-rich than green leafy vegetables, and higher CO2 can reduce protein, vitamin, and mineral content in crops.",
      "original_point_number": [
        8,
        47,
        56
      ]
    },
    {
      "point_number": 6,
      "point_content": "Climate change impacts food supply and dietary guidelines by affecting food availability, access, utilization, and stability, leading to food insecurity through disruptions in production, transportation, and storage.",
      "original_point_number": [
        10,
        12,
        13
      ]
    },
    {
      "point_number": 7,
      "point_content": "Climate change reduces the reliability of food production, especially for crops like barley, maize, millet, pulses, rice, and wheat, due to rising temperatures, extreme weather, and degraded land quality.",
      "original_point_number": [
        15,
        20,
        21
      ]
    },
    {
      "point_number": 8,
      "point_content": "Accelerating sea level rise causes saltwater intrusion and permanent flooding of cropland, negatively impacting food production and freshwater aquaculture, especially in coastal and low-lying delta areas.",
      "original_point_number": [
        22,
        49
      ]
    },
    {
      "point_number": 9,
      "point_content": "Poorer regions with decreasing soil quality and limited resources to compensate with fertilizers face exacerbated negative impacts on food production due to climate change.",
      "original_point_number": [
        23
      ]
    },
    {
      "point_number": 10,
      "point_content": "Simultaneous failure of major crops in multiple breadbasket regions due to climate change could cause acute food price rises, making food unaffordable in poorer parts of the world.",
      "original_point_number": [
        24,
        38
      ]
    },
    {
      "point_number": 11,
      "point_content": "Year-to-year fluctuations in crop yields are significantly influenced by climate changes, with about 30% of variations due to climate, contributing to increased food price volatility.",
      "original_point_number": [
        17,
        18,
        39
      ]
    },
    {
      "point_number": 12,
      "point_content": "Droughts and water scarcity reduce food production, increase prices for various food products, and worsen groundwater depletion in major food-producing regions.",
      "original_point_number": [
        27,
        31,
        41,
        42
      ]
    },
    {
      "point_number": 13,
      "point_content": "Flooding decreases available farmland, damages crops, contaminates food supplies, and introduces pathogens and toxins, reducing crop production and food safety.",
      "original_point_number": [
        7,
        28,
        40
      ]
    },
    {
      "point_number": 14,
      "point_content": "Extreme weather events like storms, flooding, and heat waves harm livestock and crops, disrupt planting and transport, increase disease vulnerability, and cause food price volatility and insecurity.",
      "original_point_number": [
        29,
        30,
        43,
        45
      ]
    },
    {
      "point_number": 15,
      "point_content": "Changing seasons, including earlier and hotter growing seasons, create challenges such as increased pest populations, crop damage from early growth and late frost, and accelerated crop maturity reducing yields.",
      "original_point_number": [
        32,
        44,
        58
      ]
    },
    {
      "point_number": 16,
      "point_content": "Wildfires devastate farms by causing loss of life, damaging grazing lands and hay stocks, causing smoky taint on products, and creating labor challenges.",
      "original_point_number": [
        6,
        33
      ]
    },
    {
      "point_number": 17,
      "point_content": "Climate change enables expansion of weeds, pests, and fungi, threatening crops with new diseases and pests.",
      "original_point_number": [
        46
      ]
    },
    {
      "point_number": 18,
      "point_content": "Ocean warming and acidification affect fish and shellfish populations by shifting ranges, altering reproduction, increasing diseases, and threatening marine food chains.",
      "original_point_number": [
        48
      ]
    },
    {
      "point_number": 19,
      "point_content": "Climate change may affect maize and wheat production as early as 2030, with maize yields projected to decline by 24% and wheat yields potentially increasing by about 17%, due to temperature increases, rainfall shifts, and elevated CO2.",
      "original_point_number": [
        50,
        51,
        52,
        53
      ]
    },
    {
      "point_number": 20,
      "point_content": "Regions including North and Central America, West Africa, Central Asia, Brazil, and China are expected to see maize yield declines due to rising temperatures, while wheat growing areas may expand in Northern US, Canada, North China Plains, Central Asia, Southern Australia, and East Africa.",
      "original_point_number": [
        54,
        55
      ]
    }
  ]
}