{
  "question": "what did the resistances to imperialism in africa and india have in common?",
  "key_points": [
    {
      "point_number": 1,
      "point_content": "Both African and Indian resistances to imperialism involved military conflict, strategic alliances, and the use of diplomacy by leaders to resist European colonial powers.",
      "original_point_number": [
        1,
        11
      ]
    },
    {
      "point_number": 2,
      "point_content": "Both resistances faced superior European military technology and tactics such as divide-and-conquer, yet they fought back against these advantages.",
      "original_point_number": [
        2,
        10
      ]
    },
    {
      "point_number": 3,
      "point_content": "Resistance leaders used a range of methods including manufacturing weapons, modernization, acquisition of modern weapons, exploiting rivalries, and strategic alliances.",
      "original_point_number": [
        3,
        11,
        12
      ]
    },
    {
      "point_number": 4,
      "point_content": "Both resistances to imperialism in Africa and India were responses to European domination and control, motivated by the desire to protect their own cultures and ways of life from foreign domination, and against exploitation and unfair treatment by imperialist powers.",
      "original_point_number": [
        4,
        5,
        6
      ]
    },
    {
      "point_number": 5,
      "point_content": "Resistance to imperialism often resulted in violence, exemplified by the sepoy rebellion in India which aimed to resist British authority.",
      "original_point_number": [
        7
      ]
    },
    {
      "point_number": 6,
      "point_content": "Colonial nationalist movements developed a sense of belonging to a larger international movement of colonized peoples seeking liberation from colonialism and racial oppression.",
      "original_point_number": [
        8
      ]
    },
    {
      "point_number": 7,
      "point_content": "Anti-Western protests, sometimes called primary resistance movements, organized to expel foreigners and restore the culture to its original state.",
      "original_point_number": [
        9
      ]
    }
  ]
}