{
  "question": "how does the cold war affect us today",
  "key_points": [
    {
      "point_number": 1,
      "point_content": "The Cold War led to an arms race and the concept of Mutually Assured Destruction (M.A.D.), influencing global military strategies and bringing the world to the brink of nuclear war on at least one occasion.",
      "original_point_number": [
        1,
        10
      ]
    },
    {
      "point_number": 2,
      "point_content": "The Cold War's end involved disarmament and the removal of bombers from alert status, marking a significant reduction in nuclear threat.",
      "original_point_number": [
        2
      ]
    },
    {
      "point_number": 3,
      "point_content": "The Cold War influenced ongoing geopolitical conflicts, including proxy wars in the Middle East and support for insurgent groups, which have long-term effects on US foreign policy and security, and contributed to the presence of large radical Islamic groups today, including empowerment of groups like the Taliban, al-Qaeda, and ISIS through US support to Islamic guerrillas in Afghanistan.",
      "original_point_number": [
        3,
        25,
        26
      ]
    },
    {
      "point_number": 4,
      "point_content": "The Cold War's legacy includes ongoing terrorism concerns, a shift from traditional combat to cyber warfare with increased surveillance and security measures, and ongoing hostility and cyber attacks between Russia and the US.",
      "original_point_number": [
        4,
        29
      ]
    },
    {
      "point_number": 5,
      "point_content": "Technological innovations in surveillance, drones, cybersecurity, and space technology during and after the Cold War have changed military and civilian life, raised privacy concerns, and led to rapid development of the US space program and NASA.",
      "original_point_number": [
        5,
        32
      ]
    },
    {
      "point_number": 6,
      "point_content": "The Cold War had a negative impact on the relationship between the United States and Russia today, including ongoing hostility and cyber attacks.",
      "original_point_number": [
        6,
        29
      ]
    },
    {
      "point_number": 7,
      "point_content": "The Cold War started with fears of Soviet domination and communist influence in Europe, which still cause fears today, and generated paranoia in the US about nuclear war, leading to espionage and communist witch hunts.",
      "original_point_number": [
        7,
        30
      ]
    },
    {
      "point_number": 8,
      "point_content": "During the Cold War, the United States built up its military and tried to defeat communism, affecting its global stance and leading to the formation of NATO and the Warsaw Pact, changing US foreign policy.",
      "original_point_number": [
        8,
        31
      ]
    },
    {
      "point_number": 9,
      "point_content": "Today, Russia and China are no longer willing to comply with United States interests, challenging US global leadership.",
      "original_point_number": [
        9
      ]
    },
    {
      "point_number": 10,
      "point_content": "After the Cold War, the U.S. no longer fears the Soviet Union but faces threats from smaller radical countries with nuclear capabilities and global terrorism.",
      "original_point_number": [
        12
      ]
    },
    {
      "point_number": 11,
      "point_content": "The Cold War led to educational reforms like the National Defense Education Act, increasing college attendance.",
      "original_point_number": [
        13
      ]
    },
    {
      "point_number": 12,
      "point_content": "The Cold War spurred advancements in military technology and tactics, including sophisticated submarines and the offset strategy.",
      "original_point_number": [
        14
      ]
    },
    {
      "point_number": 13,
      "point_content": "The Cold War influenced popular culture, spreading paranoia and themes of good versus evil, which re-emerged after 9/11, and catalyzed the rise of counterculture movements and anti-war protests, influencing civil rights and governmental decisions.",
      "original_point_number": [
        15,
        16
      ]
    },
    {
      "point_number": 14,
      "point_content": "The Cold War shaped the international system in tangible ways that remain highly relevant today, including nuclear weapons, arms control and non-proliferation treaties, local conflicts with long-lasting consequences, and international institutions that continue to play a key role.",
      "original_point_number": [
        17,
        18
      ]
    },
    {
      "point_number": 15,
      "point_content": "Current instability in world hotspots like the Korean peninsula and Afghanistan is rooted in the Cold War.",
      "original_point_number": [
        19
      ]
    },
    {
      "point_number": 16,
      "point_content": "Major Western institutions such as NATO and the EU are rooted in the Cold War era and their shared values were forged during that time.",
      "original_point_number": [
        20
      ]
    },
    {
      "point_number": 17,
      "point_content": "The Cold War redrew geopolitical notions of time, space and scale, and the development of satellites and intercontinental nuclear missiles further shrank the size of the planet.",
      "original_point_number": [
        21
      ]
    },
    {
      "point_number": 18,
      "point_content": "The Cold War led to a growing interdependency of a network of institutions, attitudes and ways of working, influencing many fields of enquiry and interdisciplinary thinking.",
      "original_point_number": [
        22
      ]
    },
    {
      "point_number": 19,
      "point_content": "Systems thinking, influenced by Cold War military research, is now commonplace in corporate strategy, town planning, environmental policy, and the arts, helping conceptualize a complex and dangerous world.",
      "original_point_number": [
        23
      ]
    },
    {
      "point_number": 20,
      "point_content": "The Cold War shaped our current globalized world, including technology, infrastructure, surveillance, security concerns, and geopolitical anxieties that persist today.",
      "original_point_number": [
        24
      ]
    },
    {
      "point_number": 21,
      "point_content": "The Cold War led to the collapse of the Soviet Union and the rise of independent non-communist states, which resulted in economic depression in former Soviet countries and the rise of Vladimir Putin.",
      "original_point_number": [
        27,
        28
      ]
    }
  ]
}