{
  "question": "is race a social construct",
  "key_points": {
    "clueweb22-en0019-22-06465": [
      {
        "point_number": 1,
        "point_content": "Race is a social construct, not biologically real, but a human-invented classification system.",
        "spans": [
          "race is a social construct",
          "race isn’t biologically real",
          "race is a social construct: it’s a human-invented classification system"
        ]
      },
      {
        "point_number": 2,
        "point_content": "Race has been used historically to justify oppression and violence, not based on biological differences.",
        "spans": [
          "His extraordinarily flawed and biased findings have since been used to justify hundreds of years of horrors like slavery and genocide"
        ]
      },
      {
        "point_number": 3,
        "point_content": "Genetic diversity across humans is very small and race is not a good proxy for genetic diversity.",
        "spans": [
          "The genetic diversity that exists across the entire human race is very, very small, and race isn’t even a good proxy for what diversity does exist"
        ]
      },
      {
        "point_number": 4,
        "point_content": "Health differences observed among races are due to geography and environmental factors, not race itself.",
        "spans": [
          "race is inaccurately used as a proxy for geography",
          "Sickle Cell Anemia, for example, is an evolutionary adaptation to malaria exposure, and is most common in populations with ancestors that lived in regions of the world where malaria is or was common"
        ]
      },
      {
        "point_number": 5,
        "point_content": "Epigenetics explains how environmental and social factors can affect gene expression and health outcomes across generations, contributing to observed racial health disparities.",
        "spans": [
          "Epigenetics is the study of how we inherit changes in the way our genes our expressed—whether they’re turned on or off—without actually changing our DNA",
          "The things we eat, the environment we’re exposed to, our life experiences—these can all modify our gene expression, and then those changes can be passed on to future generations"
        ]
      },
      {
        "point_number": 6,
        "point_content": "Health disparities among racial groups are often caused by systemic racism and social determinants, not biological race.",
        "spans": [
          "the incidence of a disease or condition within a racial group might actually be caused by environmental, political, economic, and other forms of systemic racism",
          "black women aren’t more likely to have pre-term births because they are black, but because stressors like racism and poverty disproportionately affect black women"
        ]
      }
    ],
    "clueweb22-en0041-36-04031": [
      {
        "point_number": 1,
        "point_content": "The mainstream belief among scientists is that race is a social construct without biological meaning.",
        "spans": [
          "Today, the mainstream belief among scientists is that race is a social construct without biological meaning."
        ]
      },
      {
        "point_number": 2,
        "point_content": "Racial categories are weak proxies for genetic diversity and need to be phased out.",
        "spans": [
          "racial categories are weak proxies for genetic diversity and need to be phased out"
        ]
      },
      {
        "point_number": 3,
        "point_content": "Race is a concept that has social meaning that interferes in the scientific understanding of human genetic diversity.",
        "spans": [
          "it's a concept that has social meaning that interferes in the scientific understanding of human genetic diversity"
        ]
      },
      {
        "point_number": 4,
        "point_content": "There is not a single absolute genetic difference between populations traditionally classified as different races.",
        "spans": [
          "What the study of complete genomes from different parts of the world has shown is that even between Africa and Europe, for example, there is not a single absolute genetic difference"
        ]
      },
      {
        "point_number": 5,
        "point_content": "Genetic differences are differences in frequency of variants, not fixed differences along racial lines.",
        "spans": [
          "It is all a question of differences in how frequent different variants are on different continents and in different regions."
        ]
      },
      {
        "point_number": 6,
        "point_content": "Race is a poorly defined marker of genetic diversity and an imprecise proxy for the relationship between ancestry and genetics.",
        "spans": [
          "race is also understood to be a poorly defined marker of that diversity and an imprecise proxy for the relationship between ancestry and genetics"
        ]
      }
    ],
    "clueweb22-en0024-35-18399": [
      {
        "point_number": 1,
        "point_content": "Race is a social construction with no true or absolute biological basis.",
        "spans": [
          "Race is a social construction with no true or absolute biological basis."
        ]
      },
      {
        "point_number": 2,
        "point_content": "Categorization as White or Black varies by social and cultural conventions, not biology.",
        "spans": [
          "If we can disagree about whether someone is of Race X or Y, and if there are consensual rules for determining such designations (e.g., based on social status, slave history), and if such a designation can change over time or across cultures (e.g., US vs. South Africa), then we are dealing with a social construct, not a biological one."
        ]
      },
      {
        "point_number": 3,
        "point_content": "Race categorization can change depending on social context, personal factors, and cultural differences.",
        "spans": [
          "the degree to which a person is categorized into a racial category can vary as a function of the social context (e.g., power differentials between groups; temporal proximity to elections), personal factors (e.g., racism in the perceiver; political partisanship in the perceiver), or an interaction between personal and social factors."
        ]
      },
      {
        "point_number": 4,
        "point_content": "Race is socially real and has serious implications, but it is not biologically real.",
        "spans": [
          "Recognizing race as a social construction does not make race less “real.\"",
          "Race is “real.\" But race is socially real, not biologically real."
        ]
      },
      {
        "point_number": 5,
        "point_content": "Examples such as Barack Obama's varying racial categorization illustrate race as a social construct.",
        "spans": [
          "Obama’s “blackness” was systematically determined by racial biases of the perceiver, by the political partisanship of the perceiver, and by the temporal proximity of the testing session to an election.",
          "Obama is who he is, but people categorize him as more or less Black as a function of their own psychological processing."
        ]
      }
    ],
    "null": [],
    "clueweb22-en0040-67-08175": [
      {
        "point_number": 1,
        "point_content": "Race is not biological. It is a social construct.",
        "spans": [
          "Race is not biological. It is a social construct."
        ]
      },
      {
        "point_number": 2,
        "point_content": "There is no gene or cluster of genes common to all blacks or all whites.",
        "spans": [
          "There is no gene or cluster of genes common to all blacks or all whites."
        ]
      },
      {
        "point_number": 3,
        "point_content": "Social constructionism is a theory of knowledge that holds that characteristics typically thought to be immutable and solely biological —such as gender, race, class, ability, and sexuality—are products of human definition and interpretation shaped by cultural and historical contexts.",
        "spans": [
          "Social constructionism is a theory of knowledge that holds that characteristics typically thought to be immutable and solely biological —such as gender, race, class, ability, and sexuality—are products of human definition and interpretation shaped by cultural and historical contexts (Subramaniam 2010)."
        ]
      },
      {
        "point_number": 4,
        "point_content": "The genetic diversity that exists across the entire human race is very, very small, and race isn't even a good proxy for what diversity does exist.",
        "spans": [
          "The genetic diversity that exists across the entire human race is very, very small, and race isn't even a good proxy for what diversity does exist."
        ]
      },
      {
        "point_number": 5,
        "point_content": "Race is a human-invented classification system.",
        "spans": [
          "That's why we say race is a social construct: it's a human-invented classification system."
        ]
      }
    ],
    "clueweb22-en0000-39-16601": [
      {
        "point_number": 1,
        "point_content": "Race is a social construct; not genetic.",
        "spans": [
          "Race is a social construct; not genetic"
        ]
      },
      {
        "point_number": 2,
        "point_content": "Race is an illusion and not biological; it is a way to categorize humans based on physical characteristics and has no scientific genetic basis.",
        "spans": [
          "Race is a social construct.",
          "Race is an illusion. It is an idea that people come up with based on what we look like in society.",
          "Race is the way we categorize humans into certain groups based on physical characteristics.",
          "Race is not biological.",
          "There is no scientific proof that proves that one group of people have a specific type of gene in order to be categorized into that group."
        ]
      },
      {
        "point_number": 3,
        "point_content": "Humans are almost genetically identical, and race is culturally determined rather than biologically distinct.",
        "spans": [
          "In general, humans are almost genetically identical.",
          "Biologically speaking, every human being walking the planet is the same race and the same species. We're all almost identical genetically.",
          "Now that we are mingling freely, we see that most of what we attribute to race is culturally determined."
        ]
      },
      {
        "point_number": 4,
        "point_content": "Race is a social construct created to divide people and emphasize skin pigmentation, undermining ethnicity and culture.",
        "spans": [
          "Race is most definitely a social construct.",
          "Race is simply a term that society has come up with to divide us and lower the culture of different people, and instead bring out only the skin pigmentation.",
          "It undermines ethnicity and culture, it strips people of their cultures and traditions and marks them simply as a color."
        ]
      },
      {
        "point_number": 5,
        "point_content": "There is no scientific, biological, or genetic evidence that supports racial divides; race is a culturally defined label.",
        "spans": [
          "There is nothing in science, biology, or genetics that accounts for racial divides or constructs.",
          "Since we cannot point to something real that separates people of different races, we must look at race as a culturally defined label rather than something that actually exists out there in the world."
        ]
      }
    ],
    "clueweb22-en0017-35-15386": [
      {
        "point_number": 1,
        "point_content": "Race is a social construct contingent on collective acceptance, agreement, and imposition.",
        "spans": [
          "Race is a social construct contingent on collective acceptance, agreement, and imposition."
        ]
      },
      {
        "point_number": 2,
        "point_content": "There is nothing biologically real about race; it exists only through collective agreement and acceptance.",
        "spans": [
          "there is nothing biologically real about race.",
          "There is nothing that we have identified as race that exists apart from our collective agreement, acceptance, and imposition of its existence."
        ]
      },
      {
        "point_number": 3,
        "point_content": "Race is defined by the dominant group in society and indicates differences in status, enabling or disabling certain powers.",
        "spans": [
          "race has always been defined by the dominant group in society.",
          "race indicates differences in status. The status indicated by which race you are either includes or excludes one from broader social constructs and disables or enables certain powers."
        ]
      },
      {
        "point_number": 4,
        "point_content": "Race is real in society and shapes how we see ourselves and others, despite being ontologically subjective.",
        "spans": [
          "Race, although it does not exist in the world in any ontologically objective way, it still is real in society (as opposed to nature).",
          "We know that race is something that is real in society, and that it shapes the way we see ourselves and others."
        ]
      },
      {
        "point_number": 5,
        "point_content": "Race is used to maintain and control power due to fear of losing dominant status, not simply based on skin color.",
        "spans": [
          "racist thinking has little to do with skin color, and much to do with status, power, and fear.",
          "race is consistently utilized to maintain and control power due to fear of losing power and the current dominant position."
        ]
      },
      {
        "point_number": 6,
        "point_content": "The Supreme Court cases of Thind and Ozawa illustrate how race is socially constructed and defined by dominant societal views rather than scientific or biological facts.",
        "spans": [
          "The power Takaki describes is evident in the court’s ruling.",
          "The common “white” man, and his status as dominant allowed him to define the parameters of race, despite contradictions."
        ]
      },
      {
        "point_number": 7,
        "point_content": "Abandoning the notion of race is not the solution to racism; instead, society must come to terms with race and understand it.",
        "spans": [
          "Abandoning the notion of race is not the solution to racism and white privilege.",
          "Frankenberg’s notion of race cognizance seems to be a more viable and productive option."
        ]
      }
    ],
    "clueweb22-en0003-19-15966": [
      {
        "point_number": 1,
        "point_content": "Omi and Winant have both agreed that race is socially constructed in society.",
        "spans": [
          "Omi and Winant have both agreed that race is socially constructed in society."
        ]
      },
      {
        "point_number": 2,
        "point_content": "Race is seen differently in different societies and different cultures.",
        "spans": [
          "Ultimately this means that race is seen differently in different societies and different cultures."
        ]
      },
      {
        "point_number": 3,
        "point_content": "Media, politics, school, economy and family helps alter society’s structure of race.",
        "spans": [
          "Media, politics, school, economy and family helps alter society’s structure of race."
        ]
      },
      {
        "point_number": 4,
        "point_content": "People tend to make their own rules for categorizing racial groups, which are arbitrary divisions called real.",
        "spans": [
          "people tend to make their own rules for categorizing racial groups. We humans (usually more powerful ones) have set these arbitrary divisions and then call them real."
        ]
      },
      {
        "point_number": 5,
        "point_content": "Race is defined differently within each culture, for example, in Africa race is defined by socioeconomic status not skin color.",
        "spans": [
          "Race is defined differently within each culture. For example, as explained in the viewing, people in Africa see a person that is white in the United States as black.",
          "This because they define their races by socioeconomic status not the color of ones skin."
        ]
      },
      {
        "point_number": 6,
        "point_content": "Race functions as a source of management that sustains the importance of certain groups and the maintenance of other groups.",
        "spans": [
          "Race is a social construction. And as a social construction, race functions as a source of management that sustains the importance of certain groups and the maintenance of other groups."
        ]
      },
      {
        "point_number": 7,
        "point_content": "Race is just an idea and or a biological myth; humans don’t differ much genetically and are genetically the most similar species.",
        "spans": [
          "Race is just an idea and or a biological myth.",
          "According to the viewing , humans don’t differ much genetically. Actually humans are genetically the most similar species."
        ]
      },
      {
        "point_number": 8,
        "point_content": "Race is a socio-historical concept, historically made and not biological.",
        "spans": [
          "Race is indeed a pre-eminently socio-historical concept",
          "So race is historically made and not biologically."
        ]
      },
      {
        "point_number": 9,
        "point_content": "Race requires people to collectively agree that it does exist, unlike a river which exists objectively.",
        "spans": [
          "Race requires people to collectively agree that it does exist , unlike a river."
        ]
      },
      {
        "point_number": 10,
        "point_content": "Race is a social construct produced by the superior race and their power to regulate.",
        "spans": [
          "Race is a social construct that is produced by the superior race and their power to regulate."
        ]
      },
      {
        "point_number": 11,
        "point_content": "The dominant group in society created restrictions for group membership by defining race as a biological factor, with 'white' as the norm and others as outcasts.",
        "spans": [
          "The dominant group in society are the one whom created restriction for group membership by defining race as a biological factor.",
          "White is seen as a ‘pure’ category”",
          "Those who were ‘black’ were biologically inferior to a ‘white’ person."
        ]
      },
      {
        "point_number": 12,
        "point_content": "Race was used to justify the captivity of the free ‘black’ population early in United States society.",
        "spans": [
          "Because of the color line , race was used to justify the captivity of the vastly growing free ‘black’ population early in United States society."
        ]
      },
      {
        "point_number": 13,
        "point_content": "Racial ideology helps create racial stereotypes and myths, such as beliefs about 'Black athletic superiority'.",
        "spans": [
          "The existence of racial ideology helps create racial sterotypes and myths.",
          "Concepts like ‘Black athletic superiority’ is the belief ‘black’ people have traits that have been acquired through genetic or een environmental factors."
        ]
      },
      {
        "point_number": 14,
        "point_content": "Race creates many differences in social status and can include or exclude people from social constructs, powers, or privileges.",
        "spans": [
          "Race creates many differences in social status. Status is indicated by race. This can either include or exclude people from more social constructs. This can also prevent or allow certain powers or privileges."
        ]
      },
      {
        "point_number": 15,
        "point_content": "Race is an unstable and 'de centered' complex of social meanings constantly being transformed by political struggle.",
        "spans": [
          "race is and will always be “an unstable and ‘de centered’ complex of social meanings constantly being transformed by political struggle”"
        ]
      }
    ],
    "clueweb22-en0006-05-05392": [
      {
        "point_number": 1,
        "point_content": "Race is a social construct shaped by historical and social contexts rather than a fixed biological reality.",
        "spans": [
          "Our notion of what constitutes “white” and what constitutes “black” is a product of social context.",
          "When the liberal says “race is a social construct,” he is not being a soft-headed dolt; he is speaking a historical truth."
        ]
      },
      {
        "point_number": 2,
        "point_content": "There is no fixed or coherent definition of race that exists universally.",
        "spans": [
          "If you’re a math guy, perhaps your instinct is to point out the problems in the interpretation of the data. My instinct is to point out that your entire experiment proceeds from a basic flaw— no coherent, fixed definition of race actually exists."
        ]
      },
      {
        "point_number": 3,
        "point_content": "Race has been historically used to justify social and political distinctions and inequalities.",
        "spans": [
          "It is quite common for whites to point out that Barack Obama isn’t really “black” but “half-white.”",
          "The reasons for that take us right back to the fact of race as a social construct. And an American-centered social construct."
        ]
      },
      {
        "point_number": 4,
        "point_content": "Race has a biological element only because society has awarded it one, not because it is inherently biological.",
        "spans": [
          "Race clearly has a biological element— because we have awarded it one."
        ]
      },
      {
        "point_number": 5,
        "point_content": "Historical examples show that race classifications have changed over time and are influenced by social and political factors.",
        "spans": [
          "It is utterly impossible to look at the delineation of a “Southern race” and not see the Civil War, the creation of an “Irish race” and not think of Cromwell’s ethnic cleansing, the creation of a “Jewish race” and not see anti-Semitism."
        ]
      }
    ],
    "clueweb22-en0015-41-10651": [
      {
        "point_number": 1,
        "point_content": "Race is an ideology and for this reason, many scientists believe that race should be more accurately described as a social construct and not a biological one.",
        "spans": [
          "Race is an ideology and for this reason, many scientists believe that race should be more accurately described as a social construct and not a biological one."
        ]
      },
      {
        "point_number": 2,
        "point_content": "Race is a fluid concept used to group people according to various factors including, ancestral background and social identity.",
        "spans": [
          "Race is a fluid concept used to group people according to various factors including, ancestral background and social identity."
        ]
      },
      {
        "point_number": 3,
        "point_content": "Race is a concept without a generally agreed upon definition.",
        "spans": [
          "Race is a concept without a generally agreed upon definition."
        ]
      },
      {
        "point_number": 4,
        "point_content": "Race has been documented as a concept developed in the 18th century to divide humans into groups often based on physical appearance, social, and cultural backgrounds.",
        "spans": [
          "Race has been documented as a concept developed in the 18th century to divide humans into groups often based on physical appearance, social, and cultural backgrounds."
        ]
      },
      {
        "point_number": 5,
        "point_content": "Race has been used historically to establish a social hierarchy and to enslave humans.",
        "spans": [
          "Race has been used historically to establish a social hierarchy and to enslave humans."
        ]
      },
      {
        "point_number": 6,
        "point_content": "Racial groups have no defined boundaries, but have a blurry and imprecise relationship with human genetic variation and population groups across the world.",
        "spans": [
          "Racial groups have no defined boundaries, but have a blurry and imprecise relationship with human genetic variation and population groups across the world."
        ]
      }
    ],
    "clueweb22-en0002-18-13596": [
      {
        "point_number": 1,
        "point_content": "Race is not based in scientific fact but continues to have force in societies marked by colonialism, slavery, and regimes of the border.",
        "spans": [
          "merely disregarding race because it is not based in scientific fact, does little to eliminate the force that it continues to have in societies that have been marked by colonialism, slavery, and regimes of the border"
        ]
      },
      {
        "point_number": 2,
        "point_content": "Race is not biological but social, a badge of shared experiences and memories of discrimination and insult.",
        "spans": [
          "racism in all contexts engenders similar ‘kinships’ which Du Bois insists are not biological but social: ‘the physical bond is least and the badge of color relatively unimportant save as a badge.’"
        ]
      },
      {
        "point_number": 3,
        "point_content": "Race is a social construct that has no basis in biological fact but nonetheless has social meaning and effects.",
        "spans": [
          "The orthodoxy in the social sciences is that race is socially constructed, has no basis in biological fact, but that it nonetheless has social meaning."
        ]
      },
      {
        "point_number": 4,
        "point_content": "Race is colonially assembled over a period of time and cannot be reduced to only the bodily or biological.",
        "spans": [
          "race understood materially, for Hesse, is not socially constructed, but ‘colonially assembled over a period of time.’",
          "there is no way of reducing these divides to only the ‘bodily or the biological.’"
        ]
      },
      {
        "point_number": 5,
        "point_content": "Race acts as a mechanism for classifying the world and populations, especially in the context of colonial domination.",
        "spans": [
          "race acts as a way of summarizing the differences between populations from different parts of the world.",
          "it comes into force as a practice, as a mechanism for sifting and classifying the world, declaring parts of it Terra Nullius (land without people) and placing the populations living there outside the realms of humanity in the aim of colonial domination."
        ]
      },
      {
        "point_number": 6,
        "point_content": "Observing differences between human groups is not the same as being racist; race-thinking produces hierarchical schemes based on whiteness.",
        "spans": [
          "observing differences between human beings is not the same as being racist.",
          "racial schema are always thought about in terms of difference from whiteness.",
          "race evolved as a hierarchical scheme, with whites placing themselves at the top."
        ]
      },
      {
        "point_number": 7,
        "point_content": "Race is meaningful difference, a cultural decision about what differences count in categorizing people.",
        "spans": [
          "Race is not difference; race is meaningful difference.",
          "‘at issue is (cultural) decision about how much difference and what kinds of difference “count” in deciding that this kind of a person is categorically different from that kind of a person.’"
        ]
      },
      {
        "point_number": 8,
        "point_content": "Race as a social construction has not been successful in reducing power and inequality associated with race.",
        "spans": [
          "‘race as a social construction’ on the merits of whether or not it has been successful in ‘budging’ power and inequality; the answer for him is unequivocally, it has not."
        ]
      },
      {
        "point_number": 9,
        "point_content": "Race is a culturally structured, systematic way of perceiving reality that has biological consequences due to social inequality.",
        "spans": [
          "race as ‘‘a culturally structured, systematic way of looking at, perceiving, and interpreting’ reality",
          "race is not biology but it may become biology.",
          "racism literally can make you sick."
        ]
      },
      {
        "point_number": 10,
        "point_content": "Race is real because it has been endowed with meaning that has real effects in people’s lives.",
        "spans": [
          "race is real because it has been endowed with meaning that has real effects in people’s lives."
        ]
      }
    ],
    "clueweb22-en0036-19-18984": [
      {
        "point_number": 1,
        "point_content": "Race is a social construct.",
        "spans": [
          "Yes, it’s true. Race is a social construct."
        ]
      },
      {
        "point_number": 2,
        "point_content": "The fact that race is a social construct has been used frequently to deny the very real experiences of people of color.",
        "spans": [
          "That fact has been used frequently to deny the very real experiences of people of color."
        ]
      }
    ],
    "clueweb22-en0035-81-13671": [
      {
        "point_number": 1,
        "point_content": "Race is a social construct influenced by dominant ideology and perception rather than fixed biological reality.",
        "spans": [
          "Is racism real or is it, to some significant degree, socially constructed?",
          "In their landmark work, The Social Construction of Reality, Peter Berger and Thomas Luckmann argued that the dominant ideology in society shapes the way people think about the social world, defining roles, norms, and expectations."
        ]
      },
      {
        "point_number": 2,
        "point_content": "Perceptions of racism have increased despite a decline in racist attitudes and behaviors, indicating a social construction of racism.",
        "spans": [
          "This paper begins with a version of Tocqueville’s paradox: at a time when measures of racist attitudes and behavior have never been more positive, pessimism about racism and race relations has increased in America.",
          "The increasing pessimism over race relations stands in contrast to the steady, long-term liberalization among white Americans across a range of racial attitudes measured in the leading General Social Survey (GSS) since 1972."
        ]
      },
      {
        "point_number": 3,
        "point_content": "Ideology, partisanship, social media, and education influence perceptions of racism, often leading to overestimation of its prevalence.",
        "spans": [
          "An analysis of a wide variety of data sources, including several new surveys that I conducted, suggests that the paradox is best explained by changes in perceptions of racism rather than an increase in the frequency of racist incidents.",
          "Ideology, partisanship, social media, and education have inclined Americans to “see” more bigotry and more racial prejudice than they previously did."
        ]
      },
      {
        "point_number": 4,
        "point_content": "Critical race theory and left-modernism have contributed to the social construction and heightened perception of racism.",
        "spans": [
          "Critical race theory and intersectionality—formerly confined to graduate seminars—have seeped into corporate America and Silicon Valley, as well as into many K–12 education systems.",
          "The dominant ideology in today’s cultural institutions is what I have elsewhere termed left-modernism, a hybrid worldview that applies socialist theories of conflict to identity categories first developed by liberalism."
        ]
      },
      {
        "point_number": 5,
        "point_content": "Racism is not a fixed term and its meaning has expanded, a phenomenon called 'concept creep'.",
        "spans": [
          "Moreover, racism itself is not a fixed term.",
          "Psychologist Nick Haslam calls the expanding meaning of clinical terms “concept creep,” which applies also to concepts such as bullying, abuse, trauma, and mental disorder."
        ]
      },
      {
        "point_number": 6,
        "point_content": "Media coverage and social media amplify perceptions of racism, increasing its salience in public consciousness.",
        "spans": [
          "The media, with their ability to frame events and social trends, have an impact on public opinion.",
          "Since 2014, a series of events pushed the race issue above 10% salience.",
          "Videos of interracial violence circulate on social media; yet this has not led to noticeably cooler feelings between America’s racial groups in ANES surveys."
        ]
      },
      {
        "point_number": 7,
        "point_content": "There is a significant ideological divide in perceptions of racism, with liberals perceiving more racism than conservatives.",
        "spans": [
          "The split between liberals and conservatives in their perception of racism in society indicates that an individual’s ideology shapes his estimate of the size of the problem.",
          "Among white conservatives, there has been little to no increase since 1995 in the share who think that racism is a “big problem.” White liberals show the greatest increase."
        ]
      },
      {
        "point_number": 8,
        "point_content": "Personal experiences and perceptions of racism are influenced by ideology and partisanship, especially among African-Americans.",
        "spans": [
          "Looking at racism through the lens of social constructionism leads to a pair of testable propositions: first, that perceptions of whether one has experienced racism will be conditioned by ideology and partisanship; and second, that many minorities do not view so-called microaggressions as racist, while many whites who subscribe to left-modernist ideology do.",
          "My analysis of the data shows an ideological divide within black America of 16–20 points when comparing those in the two liberal and two conservative categories on a 5-point liberal- to-conservative scale."
        ]
      },
      {
        "point_number": 9,
        "point_content": "Critical race theory narratives may disempower African-Americans by reducing their sense of control over their lives.",
        "spans": [
          "Writers such as Christopher Rufo and Coleman Hughes have drawn attention to many unfalsifiable and damaging claims of CRT.",
          "Combining the results in Prolific 1 and Prolific 3 on the first statement show that 83% of blacks who did not read the Coates passage said that they could make their life plans work out—while only 68% of those who read Coates said that they could do so."
        ]
      },
      {
        "point_number": 10,
        "point_content": "Many African-Americans prefer resilience and agency over punitive antiracism measures.",
        "spans": [
          "Overall, black respondents chose the first option (which I call resilience) over the second option (punitive antiracism) by a 53–47 margin.",
          "Young African-Americans appear especially keen to be treated as equally competent and responsible citizens."
        ]
      }
    ],
    "clueweb22-en0017-36-10743": [
      {
        "point_number": 1,
        "point_content": "Race is a social construct, a concept that was believed to correspond to an objective reality but which was believed in because of its social functions.",
        "spans": [
          "they thus came to believe that race itself is a social construct, a concept that was believed to correspond to an objective reality but which was believed in because of its social functions."
        ]
      },
      {
        "point_number": 2,
        "point_content": "Race is a social concept, not a scientific one, with no clear genetic boundaries.",
        "spans": [
          "Venter said, “Race is a social concept. It’s not a scientific one. There are no bright lines (that would stand out), if we could compare all the sequenced genomes of everyone on the planet.”"
        ]
      },
      {
        "point_number": 3,
        "point_content": "Race is not a thing but a social relation, a human invention used to manage difference.",
        "spans": [
          "Stephan Palmié asserted that race “is not a thing but a social relation”",
          "Katya Gibel Mevorach, “a metonym”, “a human invention whose criteria for differentiation are neither universal nor fixed but have always been used to manage difference.”"
        ]
      },
      {
        "point_number": 4,
        "point_content": "Race is produced by social arrangements and political decision making, it is dynamic and holds no objective truth.",
        "spans": [
          "Imani Perry, a professor in the Center for African American Studies at Princeton University, has made significant contributions to how we define race in America today. Perry’s work focuses on how race is experienced. Perry tells us that race “is produced by social arrangements and political decision making.”",
          "Perry explains race more in stating, “race is something that happens, rather than something that is. It is dynamic, but it holds no objective truth.”"
        ]
      },
      {
        "point_number": 5,
        "point_content": "The European Union rejects theories which attempt to determine the existence of separate human races and uses racial origin and ethnic origin synonymously, rejecting the biological notion of race.",
        "spans": [
          "The European Union rejects theories which attempt to determine the existence of separate human races.",
          "The European Union uses the terms racial origin and ethnic origin synonymously in its documents and according to it “the use of the term ‘racial origin’ in this directive does not imply an acceptance of such [racial] theories”."
        ]
      },
      {
        "point_number": 6,
        "point_content": "In the United States, the social constructionist view of race is dominant in the social sciences, while genetic definitions are common but controversial in biological sciences.",
        "spans": [
          "In the United States, views of race that see racial groups as defined genetically are common in the biological sciences although controversial, whereas the social constructionist view is dominant in the social sciences."
        ]
      }
    ],
    "clueweb22-en0027-35-03249": [
      {
        "point_number": 1,
        "point_content": "most anthropologists and geneticists believe that there aren’t differences at all between races",
        "spans": [
          "most anthropologists and geneticists believe that there aren’t differences at all between races"
        ]
      },
      {
        "point_number": 2,
        "point_content": "there is no genetic foundation for ‘race’ as it is popularly understood",
        "spans": [
          "there is no genetic foundation for ‘race’ as it is popularly understood"
        ]
      },
      {
        "point_number": 3,
        "point_content": "researchers concluded that “3 billion base pairs of genetic letters in humans were 99.9 percent identical in every person.”",
        "spans": [
          "researchers concluded that “3 billion base pairs of genetic letters in humans were 99.9 percent identical in every person.”"
        ]
      },
      {
        "point_number": 4,
        "point_content": "the way we talk about race has no scientific validity. There is no genetic basis that corresponds with any particular group of people",
        "spans": [
          "the way we talk about race has no scientific validity. There is no genetic basis that corresponds with any particular group of people"
        ]
      },
      {
        "point_number": 5,
        "point_content": "the concept and application of ‘race’ as a concept has since its inception been inextricably linked to power",
        "spans": [
          "The concept and application of ‘race’ as a concept has since its inception been inextricably linked to power"
        ]
      }
    ],
    "clueweb22-en0017-12-16919": [
      {
        "point_number": 1,
        "point_content": "Race is a 'culturally constructed label that crudely and imprecisely describes real variation' (Relethford 2009,20).",
        "spans": [
          "Race is a “culturally constructed label that crudely and imprecisely describes real variation” (Race and global patterns of phenotypic variation 2009, 20)."
        ]
      },
      {
        "point_number": 2,
        "point_content": "The phrase 'race is a social construction' highlights the variability and imprecision of social, legal, and political categories used to define race, which are crude approximations of human biological variation.",
        "spans": [
          "“Race is a social construction” draws attention to how the social, legal, and political categories traditionally used to define “race” exhibit significant inter-society, within-society, and historical variability, so that these social categories are at best a crude appoximation of actually existing human biological variation."
        ]
      },
      {
        "point_number": 3,
        "point_content": "The social-political-legal categories of race have real lived and biological effects, despite being social constructions.",
        "spans": [
          "And it was especially and emphatically not a claim that these categories are not real. These social-political-legal categories of race have quite real lived effects, including quite real biological effects."
        ]
      },
      {
        "point_number": 4,
        "point_content": "Computer software that finds genetic clusters does not prove traditional race categories and in fact supports the idea that race is a social construction.",
        "spans": [
          "Computer software that finds genetic clusters did not prove anything about traditional race categories, and in fact proves that race is a social construction."
        ]
      },
      {
        "point_number": 5,
        "point_content": "Anthropologists have critiqued traditional race categorizations long before Lewontin and continue to do so, emphasizing that race is a social construction.",
        "spans": [
          "Anthropologists do not need to cast about for new arguments in the post-Lewontin’s fallacy era. Anthropology had home-grown critiques of traditional race categorizations long before Lewontin and we have good post-2004 critiques as well."
        ]
      },
      {
        "point_number": 6,
        "point_content": "There is broad consensus among biological anthropologists that race is not an accurate or productive way to describe human biological variation.",
        "spans": [
          "On many other areas, including how “race is not an accurate or productive way to describe human biological variation” (Edgar and Hunley 2009:2) there was broad consensus."
        ]
      },
      {
        "point_number": 7,
        "point_content": "The phrase 'race is a social construction' is often misunderstood and misinterpreted, and it does not deny human biological variation or the reality of race categories' effects.",
        "spans": [
          "Anytime someone says “social construction” it is going to be wildly misunderstood and misinterpreted.",
          "In other words, it was not a denial of human biological variation and diversity. Nor was it necessarily a denial of how human biological variation might be structured, usually geographically. And it was especially and emphatically not a claim that these categories are not real."
        ]
      }
    ],
    "clueweb22-en0017-12-13976": [
      {
        "point_number": 1,
        "point_content": "Race is socially constructed rather than biologically based.",
        "spans": [
          "Yes, race is socially constructed rather than biologically based."
        ]
      },
      {
        "point_number": 2,
        "point_content": "Many people mistakenly view the term “social construct” as being synonymous with non-existent, leading to discounting racism.",
        "spans": [
          "Many people mistakenly view the term “social construct” as being synonymous with non-existent."
        ]
      },
      {
        "point_number": 3,
        "point_content": "Race was constructed as a means to justify the oppression and economic exploitation of people of color.",
        "spans": [
          "Race was constructed as a means to justify the oppression and economic exploitation of people of color"
        ]
      },
      {
        "point_number": 4,
        "point_content": "The idea of race as a social construct can be used to silence people of color when they speak about racism or take pride in their racial identities.",
        "spans": [
          "people take this view even further by trying to silence people of color when we speak about instances of racism or take pride in our racial identities."
        ]
      },
      {
        "point_number": 5,
        "point_content": "Race was constructed by Europeans to justify colonization and oppression of people of color, leading to white supremacy and systemic racism.",
        "spans": [
          "Europeans used race to justify their colonization and oppression of people of color. It was the justification for murders, rapes, conquest, slavery and many other forms of dehumanization. Because of this so-called “social construct,” white supremacy has continued to poison our society for centuries."
        ]
      },
      {
        "point_number": 6,
        "point_content": "Race is a social construct, but that does not make the impact of racism trivial.",
        "spans": [
          "Yes, race is a social construct. No, that does not make it—or the impact of racism— trivial."
        ]
      },
      {
        "point_number": 7,
        "point_content": "The fact that race is a social construct is a reason to talk about it, not to ignore it.",
        "spans": [
          "The fact that race is a social construct is a reason that we should be talking about it, not a reason to ignore it."
        ]
      }
    ],
    "clueweb22-en0037-35-00082": [
      {
        "point_number": 1,
        "point_content": "Race is not a social construct, but real, at least in the sense that we can reliably corral human beings into racial categories according to patterns in a tiny fraction of their genetic makeup.",
        "spans": [
          "No, race is not a social construct",
          "Race is not a social construct, but real, at least in the sense that we can reliably corral human beings into racial categories according to patterns in a tiny fraction of their genetic makeup."
        ]
      },
      {
        "point_number": 2,
        "point_content": "The American Anthropological Association states race’s primary importance is social rather than biological, but this can be construed as either attesting to or rejecting the existence of race as a taxonomic category.",
        "spans": [
          "The position of the American Anthropological Association is clear- race’s primary importance is social rather than biological."
        ]
      },
      {
        "point_number": 3,
        "point_content": "There is no single 'race' gene, but race is a genetic complex encompassing many traits, and genetic markers can be used to trace ancestry and roots.",
        "spans": [
          "There is no ‘race’ gene because race is not any one thing. Rather, it is a genetic complex which encompasses everything from skin color, to disease propensity/resistance, to facial proportions, to the distribution of sweat glands, hair color, and more.",
          "No, you cannot simply use one marker for determining race and ancestry, but the more genetic markers are used, the greater the likelihood (in fact, it is a near-certainty) of being able to trace one’s roots."
        ]
      },
      {
        "point_number": 4,
        "point_content": "Race-based thinking has been dangerous, but avoiding biology-first discussions of race is not the solution; liberal principles should hold despite innate differences.",
        "spans": [
          "Race-based thinking has been quite dangerous in the past, and any attempts to further use such is simply… [insert moral panic here]",
          "the solution cannot be to shy away from biology-first discussions of race…if only we engage in such for the purpose of discrediting them.",
          "Liberals ought not preach tolerance and equality due to a proposed lack of innate differences, but in spite of them"
        ]
      },
      {
        "point_number": 5,
        "point_content": "Genetic clustering allows classification into racial groups with high accuracy, supporting the existence of race as a taxonomic category.",
        "spans": [
          "Edwards argued that while Lewontin’s statements on variability are correct when examining the frequency of different alleles (variants of a particular gene) at an individual locus (the location of a particular gene) between individuals, it is nonetheless possible to classify individuals into different racial groups with an accuracy that approaches 100 percent when one takes into account the frequency of the alleles at several loci at the same time.",
          "This is undeniable"
        ]
      },
      {
        "point_number": 6,
        "point_content": "The term 'population' may be better than 'race' for describing genetic groups, but it has been hijacked by activists denying the basis of race.",
        "spans": [
          "‘Population’ is a better term for race than ‘race’",
          "‘Race’, obviously, is a very loaded word, with implications that often go well beyond what is scientifically reasonable."
        ]
      },
      {
        "point_number": 7,
        "point_content": "The conventional notion of race is a crude and biologically arbitrary way of categorizing humans, but it has an intrinsic genetic basis.",
        "spans": [
          "The conventional notion of race is a very crude and biologically arbitrary way of categorizing human beings"
        ]
      },
      {
        "point_number": 8,
        "point_content": "Only a fraction (about 6%) of human genetic variation can be ascribed to race, indicating a predictable and quantifiable basis for race.",
        "spans": [
          "There is a great deal of human genetic variation, but only a fraction of it (perhaps 6%) can be ascribed race"
        ]
      },
      {
        "point_number": 9,
        "point_content": "Race cues are often mistaken for ethnic cues, but ethnicity is based on culturally-transmitted markers, while race is based on genetically transmitted morphological traits.",
        "spans": [
          "Ethnic-group membership is assigned based on culturally-transmitted markers, like language or dialect.",
          "By contrast, racial groups are marked and assigned to perceived morphological traits, like skin color or hair form, which are genetically transmitted."
        ]
      },
      {
        "point_number": 10,
        "point_content": "The psychological machinery evolved to parse ethnicity, not race, and racial cues can trick our psychology into thinking different ethnic groups exist.",
        "spans": [
          "Finally, the psychological machinery that underpins how we think about ‘race’ actually evolved to parse ethnicity, not race.",
          "racial cues can automatically and unconsciously ‘trick’ our psychology into thinking that different ethnic groups exist."
        ]
      },
      {
        "point_number": 11,
        "point_content": "Scientists should communicate clearly that race is real in a genetic sense, but liberal principles of equality should remain unchanged regardless of racial differences.",
        "spans": [
          "Race is not a social construct, but real, at least in the sense that we can reliably corral human beings into racial categories according to patterns in a tiny fraction of their genetic makeup.",
          "This is not a political project, but a scientific one, since liberal principles should remain unchanged even with the discovery of racial hierarchies."
        ]
      }
    ]
  }
}