{
  "question": "how is reality socially constructed",
  "key_points": {
    "clueweb22-en0039-16-17273": [
      {
        "point_number": 1,
        "point_content": "Society is created by humans and human interaction, which they call habitualization.",
        "spans": [
          "society is created by humans and human interaction, which they call habitualization"
        ]
      },
      {
        "point_number": 2,
        "point_content": "Habitualization describes how any action that is repeated frequently becomes cast into a pattern, which can then be performed again in the future in the same manner and with the same economical effort.",
        "spans": [
          "any action that is repeated frequently becomes cast into a pattern, which can then be … performed again in the future in the same manner and with the same economical effort"
        ]
      },
      {
        "point_number": 3,
        "point_content": "Society is accepted as it is because others have created it before us; society is, in fact, habit.",
        "spans": [
          "Not only do we construct our own society but we also accept it as it is because others have created it before us. Society is, in fact, “habit.”"
        ]
      },
      {
        "point_number": 4,
        "point_content": "Institutions exist by consensus, both prior and current, through the process of institutionalization, the act of implanting a convention or norm into society.",
        "spans": [
          "it exists by consensus, both prior and current",
          "the process of institutionalization, the act of implanting a convention or norm into society"
        ]
      },
      {
        "point_number": 5,
        "point_content": "The Thomas theorem states that if men define situations as real, they are real in their consequences, meaning behavior can be determined by subjective construction of reality rather than objective reality.",
        "spans": [
          "If men define situations as real, they are real in their consequences"
        ]
      },
      {
        "point_number": 6,
        "point_content": "People’s moral codes and social norms are created by successive definitions of the situation, leading to self-fulfilling prophecies where even false ideas can become true if acted upon.",
        "spans": [
          "our moral codes and social norms are created by “successive definitions of the situation.”",
          "a self-fulfilling prophecy",
          "even a false idea can become true if it is acted upon"
        ]
      },
      {
        "point_number": 7,
        "point_content": "Reality is constructed by ideas, as illustrated by the example of a bank run where false beliefs lead to real consequences.",
        "spans": [
          "Here, reality is constructed by an idea."
        ]
      },
      {
        "point_number": 8,
        "point_content": "Symbolic interactionists analyze how people interpret symbols in daily interactions, influencing their construction of reality.",
        "spans": [
          "Symbolic interactionists offer another lens through which to analyze the social construction of reality.",
          "this approach is interested in how people interpret those symbols in daily interactions"
        ]
      },
      {
        "point_number": 9,
        "point_content": "Language and body language reflect values and influence the construction of reality, as different cultures interpret symbols differently.",
        "spans": [
          "language and body language reflect our values",
          "not every English word can be easily translated into another language",
          "While Americans might recognize a “thumbs up” as meaning “great,” in Germany it would mean “one” and in Japan it would mean “five.”"
        ]
      }
    ],
    "clueweb22-en0039-53-16665": [
      {
        "point_number": 1,
        "point_content": "Reality is socially constructed, meaning that people shape their experiences through social interaction.",
        "spans": [
          "Sociologists understand that reality is socially constructed, meaning that people shape their experiences through social interaction."
        ]
      },
      {
        "point_number": 2,
        "point_content": "Habitualization is the process by which repeated actions become patterns that shape society and reality.",
        "spans": [
          "In 1966 sociologists Peter Berger and Thomas Luckmann wrote a book called The Social Construction of Reality. In it, they argued that society is created by humans and human interaction, which they call habitualization. Habitualization describes how “any action that is repeated frequently becomes cast into a pattern, which can then be … performed again in the future in the same manner and with the same economical effort” (Berger and Luckmann 1966)."
        ]
      },
      {
        "point_number": 3,
        "point_content": "Society and institutions exist by consensus and are socially constructed through agreement and repeated conventions.",
        "spans": [
          "For example, your school exists as a school and not just as another building because you and others agree that it is a school. If your school is older than you are, it was created by the agreement of others who came before you. In a sense, it exists by consensus, both prior and ongoing. This is an example of the process of institutionalization, the act of implanting a convention or norm into society."
        ]
      },
      {
        "point_number": 4,
        "point_content": "The Thomas theorem states that if people define situations as real, they are real in their consequences, showing how subjective reality influences behavior.",
        "spans": [
          "Another way of looking at this concept is through William I. and Dorothy Thomas’s notable Thomas theorem which states, “If men define situations as real, they are real in their consequences” (Thomas and Thomas 1928). That is, people’s behavior can be determined by their subjective construction of reality rather than by objective reality."
        ]
      },
      {
        "point_number": 5,
        "point_content": "Self-fulfilling prophecy illustrates how an idea or belief, even if false, can become true if acted upon, constructing reality.",
        "spans": [
          "Sociologist Robert K. Merton used the phrase self-fulfilling prophecy to describe how even a false idea can become true if it is acted upon."
        ]
      },
      {
        "point_number": 6,
        "point_content": "Symbolic interactionism explains social construction of reality through the use of symbols and interpretation in daily interactions.",
        "spans": [
          "Symbolic interactionists offer another lens through which to analyze the social construction of reality. With a theoretical perspective focused on the symbols (like words, gestures, and artifacts) that people use to interact, this approach is interested in how people interpret those symbols in daily interactions."
        ]
      },
      {
        "point_number": 7,
        "point_content": "Individuals present themselves and perceive themselves in social contexts through roles and impression management, shaping social reality.",
        "spans": [
          "Sociologists use the term status to describe the responsibilities and benefits that a person experiences according to their rank and role in society.",
          "Role performance is how a person expresses his or her role.",
          "Sociologist Erving Goffman presented the idea that a person is like an actor on a stage.",
          "Calling his theory dramaturgy, Goffman believed that we use impression management to present ourselves to others as we hope to be perceived."
        ]
      }
    ],
    "clueweb22-en0002-56-12224": [
      {
        "point_number": 1,
        "point_content": "Society is created by humans and human interaction, which they call habitualization, where repeated actions become patterns.",
        "spans": [
          "In 1966 sociologists Peter Berger and Thomas Luckmann wrote a book called The Social Construction of Reality. In it, they argued that society is created by humans and human interaction, which they call habitualization. Habitualization describes how “any action that is repeated frequently becomes cast into a pattern, which can then be … performed again in the future in the same manner and with the same economical effort” (Berger and Luckmann 1966)."
        ]
      },
      {
        "point_number": 2,
        "point_content": "Society exists by consensus and institutionalization, where conventions or norms are implanted into society and accepted as real.",
        "spans": [
          "For example, your school exists as a school and not just as a building because you and others agree that it is a school. If your school is older than you are, it was created by the agreement of others before you. In a sense, it exists by consensus, both prior and current. This is an example of the process of institutionalization, the act of implanting a convention or norm into society. Bear in mind that the institution, while socially constructed, is still quite real."
        ]
      },
      {
        "point_number": 3,
        "point_content": "People’s behavior can be determined by their subjective construction of reality rather than by objective reality, as stated by the Thomas theorem.",
        "spans": [
          "Another way of looking at this concept is through W.I. Thomas’s notable Thomas theorem which states, “If men define situations as real, they are real in their consequences” (Thomas and Thomas 1928). That is, people’s behavior can be determined by their subjective construction of reality rather than by objective reality."
        ]
      },
      {
        "point_number": 4,
        "point_content": "A self-fulfilling prophecy is when an idea becomes true if it is acted upon, illustrating how reality can be constructed by an idea.",
        "spans": [
          "This concept is defined by sociologist Robert K. Merton as a self-fulfilling prophecy. Merton explains that with a self-fulfilling prophecy, even a false idea can become true if it is acted upon. One example he gives is of a “bank run.” Say for some reason, a number of people falsely fear that their bank is soon to be bankrupt. Because of this false notion, people run to their bank and demand all of their cash at once. As banks rarely, if ever, have that much money on hand, the bank does indeed run out of money, fulfilling the customers’ prophecy. Here, reality is constructed by an idea."
        ]
      },
      {
        "point_number": 5,
        "point_content": "Symbolic interactionism shows that reality is influenced by the symbols people use and interpret in daily interactions, such as language and gestures.",
        "spans": [
          "Symbolic interactionists offer another lens through which to analyze the social construction of reality. With a theoretical perspective focused on the symbols (like language, gestures, and artifacts) that people use to interact, this approach is interested in how people interpret those symbols in daily interactions."
        ]
      },
      {
        "point_number": 6,
        "point_content": "Our sense of self and social reality is shaped by how we imagine others perceive us, as explained by the looking-glass self and impression management.",
        "spans": [
          "Goffman’s dramaturgy ideas expand on the ideas of Charles Cooley and the looking-glass self. According to Cooley, we base our image on what we think other people see (Cooley 1902). We imagine how we must appear to others, then react to this speculation."
        ]
      }
    ],
    "clueweb22-en0001-09-05425": [
      {
        "point_number": 1,
        "point_content": "Everyday reality is socially constructed by human interaction.",
        "spans": [
          "The Social Construction of Reality by Peter Berger and Thomas Luckmann presents a striking thesis stating that everyday reality is socially constructed by human interaction."
        ]
      },
      {
        "point_number": 2,
        "point_content": "Subjective reality is socially constructed reality and is internalized through interaction and social definitions.",
        "spans": [
          "Subjective reality is socially constructed reality.  For example, a role or status in society, such as a persons job title, becomes real and internalized through interaction and social definitions."
        ]
      },
      {
        "point_number": 3,
        "point_content": "Subjective reality is the subjective interpretation of objective reality, giving social meaning to objective phenomena.",
        "spans": [
          "Subjective reality is also defined as the subjective interpretation of objective reality.  For example, society has determined that the sky is blue.  This gives social meaning to an objective phenomenon."
        ]
      },
      {
        "point_number": 4,
        "point_content": "Habitualization is the process where repeated human actions become patterns that can be reproduced with economy of effort.",
        "spans": [
          "All human activity is subject to habitualization. Any action that is repeated frequently becomes cast into a pattern, which can then be reproduced with an economy of effort and which, ipso facto, is apprehended by its performer as that pattern."
        ]
      },
      {
        "point_number": 5,
        "point_content": "Institutionalization is the reciprocal typification of habitualized actions by types of actors, forming institutions shared by society.",
        "spans": [
          "Institutionalization is defined as, “a reciprocal typification of habitualized actions by types of actors” (Berger and Luckmann 1966:72)."
        ]
      },
      {
        "point_number": 6,
        "point_content": "Institutions have a historical nature and are constructed over time through social interactions.",
        "spans": [
          "Institutions, also, always have a historical nature (Berger and Luckmann 1966:72).  Institutions cannot just appear out of thin air.  They have to be constructed first by a habitual process, which then is shared by members of society."
        ]
      },
      {
        "point_number": 7,
        "point_content": "Legitimization is the process of maintaining institutions by ascribing cognitive validity and normative dignity to their meanings and imperatives.",
        "spans": [
          "Legitimization is the process of keeping institutions institutionalized.  “Legitimation explains the institutional order by ascribing cognitive validity to its objectivated meanings.  Legitimation justifies the institutional order by giving a normative dignity to its practical imperatives” (Berger and Luckmann 1966:111)."
        ]
      },
      {
        "point_number": 8,
        "point_content": "Signs and language are crucial tools in constructing and understanding subjective reality.",
        "spans": [
          "Signs are of critical importance in constructing reality.  The authors state, “[a] crucially important case of objectivation is signification, that is, the human production of signs. A sign may be distinguished from other objectivations by its explicit intention to serve as an index of subjective meanings” (Berger and Luckmann (1966:50).",
          "Language is another type of sign.  Berger and Luckmann state, “The common objectivations of everyday life are maintained primarily by linguistic signification.  Everyday life is, above all, life with and by means of the language I share with my fellowmen. An understanding of language is thus essential for any understanding of the reality of everyday life” (Berger and Luckmann 1966:51-52)."
        ]
      },
      {
        "point_number": 9,
        "point_content": "The symbolic universe is a shared set of signs, including religion, laws, and value systems, that provides a shared understanding of societal norms.",
        "spans": [
          "The symbolic universe is a plethora of signs that everyone in society ‘knows.’  The symbolic universe puts everything “in its place” (Berger and Luckmann 1966).  For example, religion, laws, and all value systems are part of the symbolic universe.  Without the symbolic universe there would be no shared understanding of the norms of society."
        ]
      },
      {
        "point_number": 10,
        "point_content": "Reification is treating social phenomena as things, which can lead to social systems controlling society.",
        "spans": [
          "Reification is the apprehension of human phenomena as if they were things, that is, in non-human or supra-human terms.  Another way of saying this is that reification is the apprehension of the products of human activity as if they were something other than human products – such as facts of nature, results of cosmic law, or manifestations of divine will” (Berger and Luckmann 1966:106).",
          "Another aspect of reification is social control.  Once the social system is reified it can end up controlling society."
        ]
      }
    ],
    "null": [],
    "clueweb22-en0046-16-07788": [
      {
        "point_number": 1,
        "point_content": "Reality is socially constructed through social interaction and habitualization, where repeated actions become patterns accepted as reality.",
        "spans": [
          "Sociologists understand that reality is socially constructed, meaning that people shape their experiences through social interaction.",
          "In 1966 sociologists Peter Berger and Thomas Luckmann wrote a book called The Social Construction of Reality. In it, they argued that society is created by humans and human interaction, which they call habitualization. Habitualization describes how “any action that is repeated frequently becomes cast into a pattern, which can then be … performed again in the future in the same manner and with the same economical effort” (Berger and Luckmann 1966)."
        ]
      },
      {
        "point_number": 2,
        "point_content": "Institutions exist by social consensus and are implanted into society through institutionalization, making socially constructed realities real in their consequences.",
        "spans": [
          "If your school is older than you are, it was created by the agreement of others who came before you. In a sense, it exists by consensus, both prior and ongoing.",
          "This is an example of the process of institutionalization, the act of implanting a convention or norm into society. Bear in mind that the institution, while socially constructed, is still quite real."
        ]
      },
      {
        "point_number": 3,
        "point_content": "The Thomas theorem states that if people define situations as real, they are real in their consequences, showing how subjective reality influences behavior.",
        "spans": [
          "Another way of looking at this concept is through William I. and Dorothy Thomas’s notable Thomas theorem which states, “If men define situations as real, they are real in their consequences” (Thomas and Thomas 1928)."
        ]
      },
      {
        "point_number": 4,
        "point_content": "Social norms and moral codes are created by successive definitions of situations, illustrating how social constructions like racism are developed and maintained.",
        "spans": [
          "Like Berger and Luckmann in their description of habitualization, the Thomases state that our moral codes and social norms are created by “successive definitions of the situation.”",
          "Racism, or the belief that one race is superior to another, is a social construction. In the United States, racism has been defined over time through laws and repeatedly interpreted by the courts."
        ]
      },
      {
        "point_number": 5,
        "point_content": "A self-fulfilling prophecy is an example of how an idea, even if false, can construct reality by influencing actions that make the idea come true.",
        "spans": [
          "Sociologist Robert K. Merton used the phrase self-fulfilling prophecy to describe how even a false idea can become true if it is acted upon.",
          "Say for some reason, a number of people falsely fear that their bank is soon to be bankrupt. Because of this false notion, people run to their bank and demand all of their cash at once. As banks rarely, if ever, have that much money on hand, the bank does indeed run out of money, fulfilling the customers’ prophecy."
        ]
      },
      {
        "point_number": 6,
        "point_content": "Symbolic interactionism explains that reality is constructed through the interpretation of symbols in daily interactions, influenced by culture and language.",
        "spans": [
          "Symbolic interactionists offer another lens through which to analyze the social construction of reality.",
          "With a theoretical perspective focused on the symbols (like words, gestures, and artifacts) that people use to interact, this approach is interested in how people interpret those symbols in daily interactions.",
          "Thus, our construction of reality is influenced by our symbolic interactions and culturally specific knowledge."
        ]
      }
    ],
    "clueweb22-en0020-18-11618": [
      {
        "point_number": 1,
        "point_content": "Society is created by humans and human interaction, which they call habitualization.",
        "spans": [
          "In 1966 sociologists Peter Berger and Thomas Luckmann wrote a book called The Social Construction of Reality. In it, they argued that society is created by humans and human interaction, which they call habitualization."
        ]
      },
      {
        "point_number": 2,
        "point_content": "Habitualization describes how any action that is repeated frequently becomes cast into a pattern, which can then be performed again in the future in the same manner and with the same economical effort.",
        "spans": [
          "Habitualization describes how “any action that is repeated frequently becomes cast into a pattern, which can then be … performed again in the future in the same manner and with the same economical effort” (Berger and Luckmann 1966)."
        ]
      },
      {
        "point_number": 3,
        "point_content": "Society is accepted as it is because others have created it before us; society is habit.",
        "spans": [
          "Not only do we construct our own society but we also accept it as it is because others have created it before us. Society is, in fact, “habit.”"
        ]
      },
      {
        "point_number": 4,
        "point_content": "An institution exists by consensus, both prior and current, as an example of institutionalization, the act of implanting a convention or norm into society.",
        "spans": [
          "If your school is older than you are, it was created by the agreement of others before you. In a sense, it exists by consensus, both prior and current. This is an example of the process of institutionalization, the act of implanting a convention or norm into society."
        ]
      },
      {
        "point_number": 5,
        "point_content": "People’s behavior can be determined by their subjective construction of reality rather than by objective reality, as stated by the Thomas theorem.",
        "spans": [
          "Another way of looking at this concept is through W.I. Thomas’s notable Thomas theorem which states, “If men define situations as real, they are real in their consequences” (Thomas and Thomas 1928). That is, people’s behavior can be determined by their subjective construction of reality rather than by objective reality."
        ]
      },
      {
        "point_number": 6,
        "point_content": "Our moral codes and social norms are created by successive definitions of the situation, which can lead to self-fulfilling prophecies.",
        "spans": [
          "Like Berger and Luckmann in their description of habitualization, Thomas states that our moral codes and social norms are created by “successive definitions of the situation.” This concept is defined by sociologist Robert K. Merton as a self-fulfilling prophecy."
        ]
      },
      {
        "point_number": 7,
        "point_content": "Reality can be constructed by an idea, as illustrated by the example of a bank run where false beliefs lead to real consequences.",
        "spans": [
          "One example he gives is of a “bank run.” Say for some reason, a number of people falsely fear that their bank is soon to be bankrupt. Because of this false notion, people run to their bank and demand all of their cash at once. As banks rarely, if ever, have that much money on hand, the bank does indeed run out of money, fulfilling the customers’ prophecy. Here, reality is constructed by an idea."
        ]
      },
      {
        "point_number": 8,
        "point_content": "Symbolic interactionists analyze the social construction of reality through the symbols people use to interact and how they interpret those symbols in daily interactions.",
        "spans": [
          "Symbolic interactionists offer another lens through which to analyze the social construction of reality. With a theoretical perspective focused on the symbols (like language, gestures, and artifacts) that people use to interact, this approach is interested in how people interpret those symbols in daily interactions."
        ]
      },
      {
        "point_number": 9,
        "point_content": "Our construction of reality is influenced by our symbolic interactions, including language and body language which reflect our values.",
        "spans": [
          "Interactionists also recognize that language and body language reflect our values. One has only to learn a foreign tongue to know that not every English word can be easily translated into another language. The same is true for gestures. While Americans might recognize a “thumbs up” as meaning “great,” in Germany it would mean “one” and in Japan it would mean “five.” Thus, our construction of reality is influenced by our symbolic interactions."
        ]
      }
    ]
  }
}