{
  "question": "do people like things of memorial significance?",
  "key_points": {
    "clueweb22-en0033-42-07847": [
      {
        "point_number": 1,
        "point_content": "Memorial Day was established to honor the graves of soldiers who died in defense of their country.",
        "spans": [
          "Our observance of Memorial Day dates back to 1868, when General John A. Logan, commander-in-chief of the Grand Army of the Republic named May 30th as a special day to honor the graves of Union soldiers."
        ]
      },
      {
        "point_number": 2,
        "point_content": "Memorials serve as reminders of important events and sacrifices, helping people remember and teach future generations.",
        "spans": [
          "Second, it illustrates the importance of having memorials. We need to have times set aside and activities that will cause to think about the past."
        ]
      },
      {
        "point_number": 3,
        "point_content": "Memorials can stimulate curiosity and provide opportunities to teach children about history and significant events.",
        "spans": [
          "This pile of 12 stones was specifically set up to peak the curiosity of children in the coming generations so that they would ask what they where and the parents would then tell the children about it."
        ]
      },
      {
        "point_number": 4,
        "point_content": "People use memorials and traditions to remember and communicate the significance of past events.",
        "spans": [
          "Traditions that we develop can also be used as memorials – as long as the reason for them is also communicated."
        ]
      },
      {
        "point_number": 5,
        "point_content": "The Passover tradition was established as a memorial to remember God's deliverance of the Israelites from Egypt.",
        "spans": [
          "Every year the Jews were to hold this sacrifice and have this particular meal as a reminder of what God had done in delivering the nation out of slavery."
        ]
      },
      {
        "point_number": 6,
        "point_content": "Jesus instituted the Lord's Supper as a memorial to Himself and His sacrifice, which His followers are to observe in remembrance of Him.",
        "spans": [
          "In Matthew 26 Jesus gave His followers a new tradition that they were to repeat as a memorial to Him."
        ]
      },
      {
        "point_number": 7,
        "point_content": "Memorials and traditions are important to keep the memory and significance of events alive, but they must be understood and taught to avoid becoming meaningless rituals.",
        "spans": [
          "We must be careful ourselves as we partake of the bread and the cup of communion that it continues to have the meaning which Jesus gave to it, that it continues to be precious reminders to us of what Jesus has done on our behalf."
        ]
      }
    ],
    "clueweb22-en0003-50-15082": [
      {
        "point_number": 1,
        "point_content": "People want memorials as a location for their memories, something external, outside their own head.",
        "spans": [
          "people talk about having memorial services or a gravestone or a marker of some kind",
          "The reason people want that is so that they have a location for their memories, something external, outside your own head"
        ]
      },
      {
        "point_number": 2,
        "point_content": "Memorials serve as a place to think about a person lost or a cause cared about, and to gather with others who share the same purpose.",
        "spans": [
          "It’s a place where you can go and think about a person you lost or a cause you cared about or an important event",
          "If enough people care about the same thing, they can also gather there with a common purpose"
        ]
      },
      {
        "point_number": 3,
        "point_content": "People care a lot about memorials initially, but over time the urgency and passion associated with the memory fades.",
        "spans": [
          "A lot of money and a lot of thought goes into memorials and people care a lot about them",
          "And then, over time, sometimes, the immediate urgency and passion that people associate with that memory fades"
        ]
      },
      {
        "point_number": 4,
        "point_content": "The passion for a memorial depends on personal connection and whether the memorial remains relevant and visited over time.",
        "spans": [
          "For the generation that builds the memorial, there’s usually a personal connection",
          "It depends on whether there has been constant contact with the memorial, and whether people feel that it’s still relevant to their lives and make a point of visiting it over time"
        ]
      },
      {
        "point_number": 5,
        "point_content": "Memorials can become boring or meaningless if they become just a tourist attraction or a checklist item, especially for younger generations.",
        "spans": [
          "when you have a national memorial, and it becomes a tourist attraction, then all the schoolkids have to go there, and it just becomes an item on a checklist",
          "Boring, genericized, and meaningless"
        ]
      }
    ],
    "clueweb22-zh_chs0006-94-08370": [],
    "clueweb22-en0032-38-03979": [
      {
        "point_number": 1,
        "point_content": "People like things of memorial significance because they have sentimental value and remind them of important memories or people.",
        "spans": [
          "things of memorial significance"
        ]
      },
      {
        "point_number": 2,
        "point_content": "People often keep or cherish items that have personal or historical significance as a way to remember and honor the past.",
        "spans": [
          "memorial significance"
        ]
      }
    ],
    "clueweb22-en0008-84-17674": [
      {
        "point_number": 1,
        "point_content": "Memorials allow people to remember a deceased loved one or an important public figure.",
        "spans": [
          "Memorials are an important part of every culture. They allow people to remember a deceased loved one or an important public figure."
        ]
      },
      {
        "point_number": 2,
        "point_content": "Memorials have existed in every culture for thousands of years and help us remember important people.",
        "spans": [
          "Memorials have existed in every culture for thousands of years. For examples the Taj Mahal, Lincoln Memorial, the Vietnam Veterans’ Memorial, and the Great Pyramids were created in the loving memory of great leaders and unforgotten heroes. It is only due to memorials that even today we are able to remember the people who were important in our lives, from Parents to Presidents and show our respect to them."
        ]
      },
      {
        "point_number": 3,
        "point_content": "Memorials serve as a permanent place to visit and show tribute to the deceased who is still remembered.",
        "spans": [
          "The place where a memorial in the name of a deceased are enacted become a permanent place where you can visit once in a while and show your meaningful tribute to the deceased who is still remembered by you."
        ]
      },
      {
        "point_number": 4,
        "point_content": "Psychologists say memorials help survivors come out of emotional shock and provide a place to show respect to the deceased.",
        "spans": [
          "According to psychologists, memorials help survivors to come out of the emotional shock in a fruitful manner.",
          "Thus, by providing a permanent resting place for the deceased the survivors also get a place where they can go and show their respect to the deceased."
        ]
      },
      {
        "point_number": 5,
        "point_content": "A memorial serves as an everlasting tribute to a life well lived and is a representation of that person.",
        "spans": [
          "A memorial made in the honor of some person also serves as an everlasting tribute to a life well lived and life worth remembering. It is a representation of that person and how they lived; it is a final gift."
        ]
      },
      {
        "point_number": 6,
        "point_content": "Memorials serve as a permanent record for future generations and genealogy, allowing family and community to know about their past generation.",
        "spans": [
          "Memorials also serve as a permanent record for future generations and genealogy. Memorials allow family, friends and the community to know about their past generation."
        ]
      },
      {
        "point_number": 7,
        "point_content": "People can choose memorials according to their budget and preferences, indicating a general acceptance and liking for memorials of significance.",
        "spans": [
          "It is not necessary to spend a fortune on buying memorials. You can buy a modest or an extravagant one depending upon your budget and preferences."
        ]
      }
    ],
    "null": []
  }
}