{
  "question": "how do we end sexual violence in the military",
  "key_points": [
    {
      "point_number": 1,
      "point_content": "Prevention of sexual assault requires changing norms and creating a safe culture, not just punishing perpetrators; every member must feel safe to report harassment or assault and confident that leaders and peers will not tolerate or will intervene against harassment or assault.",
      "original_point_number": [
        1,
        2
      ]
    },
    {
      "point_number": 2,
      "point_content": "Commanders must be held accountable for creating a safe culture, protecting victims, and setting standards to prevent sexual violence; this includes administering surveys, refusing promotions for those failing safety culture standards, measuring safety culture frequently at the individual commander level, and shifting accountability from activities to results in creating a safe culture.",
      "original_point_number": [
        3,
        4,
        5,
        6
      ]
    },
    {
      "point_number": 3,
      "point_content": "Sexual assault within the military continues at alarming levels, with 26,000 anonymously reported incidents in 2012 alone; most victims never file official reports due to fear of retaliation or doubt their reports will be taken seriously; fear of retaliation remains a major barrier to reporting, with 64% of victims reporting retaliation experiences.",
      "original_point_number": [
        7,
        29,
        52,
        51
      ]
    },
    {
      "point_number": 4,
      "point_content": "The military has the opportunity and responsibility to be a standard bearer of discipline, honorable action, and integrity, cultivating attitudes, behaviors, and responses that lead national and international efforts against sexual violence; this requires building policies and structures that allow cultural change, fully exposing the systemic nature of the problem, providing victims safe reporting mechanisms and support, and holding offenders accountable.",
      "original_point_number": [
        8,
        9,
        39
      ]
    },
    {
      "point_number": 5,
      "point_content": "NAESV supports multiple reforms including removing prosecution and investigation of military sexual assault (MSA) from the chain of command, providing special counsel to victims, prohibiting commanders from overturning court-martial convictions without justification, protecting victims from retaliation with inspector general investigations, confirming commanders' authority to transfer accused or victims for safety, removing statute of limitations on MSA against children, prohibiting sexual relationships between trainers and trainees, ensuring victims access to veterans' benefits without PTSD diagnosis, strengthening standards for prevention roles, addressing degrading work environments, including substantiated complaints in personnel records, punitive separation for convicted offenders, sharing sex offender information with civilian databases, providing victims rights under the Crime Victims Rights Act, and recommending caution with long mandatory sentences and combining prosecution, reporting, investigation, and victim services due to conflicts of interest.",
      "original_point_number": [
        10,
        11,
        12,
        13,
        14,
        15,
        16,
        17,
        18,
        19,
        20,
        21,
        22,
        23
      ]
    },
    {
      "point_number": 6,
      "point_content": "The Department of Defense's interim final rule governing Sexual Assault Prevention and Response (SAPR) Program Procedures includes ensuring access to Sexual Assault Response Coordinators (SARCs) for National Guard & Reserves, allowing military dependents over age 18 and DoD contractor employees access to sexual assault services, strong recordkeeping, expediting transfer policy to protect victims, trauma-informed services, prohibiting enlistment of individuals convicted of sexual crimes, requiring collaboration with local services including rape crisis centers, requiring five years of storage for sexual assault forensic examination results, strong training requirements for responders, standards to assess organizational climate related to MSA, and requiring commanders to meet with SARCs within 30 days of taking command.",
      "original_point_number": [
        24,
        25,
        26
      ]
    },
    {
      "point_number": 7,
      "point_content": "The military needs to do more and better to prevent sexual violence, including making investments, changing culture, hiring a full-time workforce focused on prevention, improving data and reporting options, setting the tone from leaders at all levels, shifting from deterrence to prevention mindset, intervening early in low-level harassment, and leveraging military leadership to transform culture.",
      "original_point_number": [
        27,
        28,
        30,
        31,
        32,
        33,
        34
      ]
    },
    {
      "point_number": 8,
      "point_content": "Increasing the number of women in the military and promoting women to leadership positions would reduce sexual assaults and positively shift military culture, as women leaders tend to have more empathy and collaboration, creating a climate less conducive to sexual assault and more supportive of survivors.",
      "original_point_number": [
        36,
        37,
        38
      ]
    },
    {
      "point_number": 9,
      "point_content": "The FAIR Military Act aims to eliminate bias in the military justice system and increase accountability at all levels by limiting the “good soldier” defense, requiring commanders and service members to be assessed on sexual assault prevention actions, assessing commanders on handling reports and creating safe climates for victims, extending prevention measures to service academies, and requiring the Defense Department to inform Congress of policies.",
      "original_point_number": [
        40,
        41,
        42,
        43,
        44
      ]
    },
    {
      "point_number": 10,
      "point_content": "Recent laws have made unprecedented changes including limiting commander authority, mandating dishonorable discharge for convicted sexual assault offenders, ensuring every military sexual assault victim is given an attorney, and persistent congressional oversight is necessary to hold the Defense Department accountable and ensure efficient implementation and enforcement.",
      "original_point_number": [
        45,
        46
      ]
    },
    {
      "point_number": 11,
      "point_content": "President Obama directed the Department of Defense to demonstrate improvement within one year, with an Independent Review Panel to release a comprehensive report on military sexual assault.",
      "original_point_number": [
        47
      ]
    },
    {
      "point_number": 12,
      "point_content": "Ending military sexual assault requires legislation and a cultural shift that no longer accepts these crimes as normative, holds everyone accountable, and enforces standards of professionalism.",
      "original_point_number": [
        48
      ]
    },
    {
      "point_number": 13,
      "point_content": "Retaliation against members who report sexual assault has increased investigations dramatically, but substantiation rates remain low; Congress criminalized retaliation, expanded whistleblower protections, required case manager follow-ups, created specialized inspector general units, and incorporated retaliation into training programs; however, fear of retaliation remains a major barrier to reporting.",
      "original_point_number": [
        49,
        50,
        52
      ]
    },
    {
      "point_number": 14,
      "point_content": "Congress should update the burden-of-proof standard for military whistleblowers to make it easier to prove retaliation, as currently victims must show by a preponderance of evidence that unfavorable action would not have occurred without reporting, a high burden inconsistent with other contexts; shifting the burden to defendants increases success rates significantly.",
      "original_point_number": [
        53,
        54,
        55
      ]
    },
    {
      "point_number": 15,
      "point_content": "The military should provide immunity for minor collateral misconduct to encourage victims to report sexual assault without fear of punishment for minor offenses revealed during reporting, as many victims fear punishment for offenses like underage drinking, adultery, and fraternization, and some have been disciplined or discharged for behavior revealed when reporting.",
      "original_point_number": [
        56,
        57,
        58
      ]
    },
    {
      "point_number": 16,
      "point_content": "Sexual harassment must be addressed as many survivors report supervisors disregarded complaints, reducing confidence in reporting and increasing assault risk; nearly a quarter of women in military service experience sexual harassment, with many discouraged or treated worse after reporting; supervisors should be evaluated on addressing complaints effectively and creating a climate where victims are confident their concerns will be addressed; the Defense Department needs clear, consistent action showing harassing and retaliatory behavior are unacceptable and inconsistent with military culture.",
      "original_point_number": [
        59,
        60,
        61,
        62
      ]
    },
    {
      "point_number": 17,
      "point_content": "Maintaining good order and discipline is essential to the military mission; commanders must have authority to enforce discipline, including power to refer cases to court-martial; removing this power would undermine discipline and could decrease prosecutions of sexual assault; commanders have legal responsibility and authority to refer suspects based on probable cause, sometimes against military lawyers' advice.",
      "original_point_number": [
        63,
        64,
        65
      ]
    },
    {
      "point_number": 18,
      "point_content": "Sexual assault prevention training is mandatory and ongoing in the military, contributing to a climate of respect and awareness; the military justice system has made significant strides in training prosecutors and defense counsel with sexual assault-specific training comparable to civilian best practices; creating career litigation tracks for military prosecutors and defense counsel would improve the system by providing experienced litigators for sexual assault cases.",
      "original_point_number": [
        66,
        67,
        68
      ]
    },
    {
      "point_number": 19,
      "point_content": "Proposals to remove commanders' authority to refer sexual assault cases to court-martial are risky and could harm victims and the military justice system; victims have multiple reporting options outside the chain of command, and failure of commanders to investigate allegations is likely career-ending; the military justice system is unique and structured to support the military mission, differing fundamentally from the civilian justice system; Congress should make prudent improvements including career litigation tracks rather than radical restructuring.",
      "original_point_number": [
        69,
        70,
        71,
        72
      ]
    },
    {
      "point_number": 20,
      "point_content": "Sexual Assault Awareness and Prevention Month is a call to action to reduce and eventually eliminate sexual assault in the Armed Forces; victims may not report due to fear of retaliation, embarrassment, shame, or normalization of behavior, so ensuring victims seeking assistance are taken care of is important; restricted and unrestricted reporting options are available to military members and family members who are victims.",
      "original_point_number": [
        73,
        74,
        75
      ]
    },
    {
      "point_number": 21,
      "point_content": "Intervention is key to preventing sexual assaults; being a good bystander includes confronting inappropriate behavior early, contacting appropriate authorities, watching alcohol consumption and drinks, building a culture to eliminate sexual assault, learning appropriate intervention methods, creating distractions, directly offering help, referring to authorities, enlisting others for support, and participating in training such as GOT YOUR BACK.",
      "original_point_number": [
        76,
        77,
        78,
        92,
        93,
        94,
        95,
        96,
        97
      ]
    },
    {
      "point_number": 22,
      "point_content": "Vanessa Guillén was too afraid to report sexual harassment due to fear and military bureaucracy that does little to assist victims; bureaucratic harassment involves manipulation of rules to undermine women and prevent reporting of sexual abuse; military culture perpetuates harassment through a gendered culture that denigrates women and uses misogynistic slurs; women live under constant surveillance and harassment by men, making reporting difficult; women who report face retaliation and are portrayed as enemies, discouraging reporting; more policies and bureaucracy do not resolve the problem because military culture and misuse of bureaucracy enable harassment; to end sexual violence, the military must challenge its culture that denigrates women and supports harassment, including removing misogynistic decor and language and supporting victims.",
      "original_point_number": [
        98,
        99,
        100,
        101,
        102,
        103,
        104
      ]
    }
  ]
}