{
  "question": "do people like things of memorial significance?",
  "key_points": [
    {
      "point_number": 1,
      "point_content": "Memorials serve as reminders of important events and sacrifices, helping people remember and teach future generations, stimulate curiosity, and provide opportunities to teach children about history and significant events.",
      "original_point_number": [
        2,
        3
      ]
    },
    {
      "point_number": 2,
      "point_content": "People use memorials and traditions to remember and communicate the significance of past events, keeping the memory and significance of events alive, but they must be understood and taught to avoid becoming meaningless rituals.",
      "original_point_number": [
        4,
        7
      ]
    },
    {
      "point_number": 3,
      "point_content": "Memorial Day was established to honor the graves of soldiers who died in defense of their country.",
      "original_point_number": [
        1
      ]
    },
    {
      "point_number": 4,
      "point_content": "The Passover tradition was established as a memorial to remember God's deliverance of the Israelites from Egypt.",
      "original_point_number": [
        5
      ]
    },
    {
      "point_number": 5,
      "point_content": "Jesus instituted the Lord's Supper as a memorial to Himself and His sacrifice, which His followers are to observe in remembrance of Him.",
      "original_point_number": [
        6
      ]
    },
    {
      "point_number": 6,
      "point_content": "People want memorials as a location for their memories, something external, outside their own head, serving as a place to think about a person lost or a cause cared about, and to gather with others who share the same purpose.",
      "original_point_number": [
        8,
        9
      ]
    },
    {
      "point_number": 7,
      "point_content": "People care a lot about memorials initially, but over time the urgency and passion associated with the memory fades; the passion for a memorial depends on personal connection and whether the memorial remains relevant and visited over time.",
      "original_point_number": [
        10,
        11
      ]
    },
    {
      "point_number": 8,
      "point_content": "Memorials can become boring or meaningless if they become just a tourist attraction or a checklist item, especially for younger generations.",
      "original_point_number": [
        12
      ]
    },
    {
      "point_number": 9,
      "point_content": "People like things of memorial significance because they have sentimental value and remind them of important memories or people; they often keep or cherish items that have personal or historical significance as a way to remember and honor the past.",
      "original_point_number": [
        13,
        14
      ]
    },
    {
      "point_number": 10,
      "point_content": "Memorials allow people to remember a deceased loved one or an important public figure and have existed in every culture for thousands of years to help us remember important people.",
      "original_point_number": [
        15,
        16
      ]
    },
    {
      "point_number": 11,
      "point_content": "Memorials serve as a permanent place to visit and show tribute to the deceased who is still remembered, serving as an everlasting tribute to a life well lived and a representation of that person.",
      "original_point_number": [
        17,
        19
      ]
    },
    {
      "point_number": 12,
      "point_content": "Psychologists say memorials help survivors come out of emotional shock and provide a place to show respect to the deceased.",
      "original_point_number": [
        18
      ]
    },
    {
      "point_number": 13,
      "point_content": "Memorials serve as a permanent record for future generations and genealogy, allowing family and community to know about their past generation.",
      "original_point_number": [
        20
      ]
    },
    {
      "point_number": 14,
      "point_content": "People can choose memorials according to their budget and preferences, indicating a general acceptance and liking for memorials of significance.",
      "original_point_number": [
        21
      ]
    }
  ]
}