{
  "question": "how has technology changed jobs",
  "key_points": [
    {
      "point_number": 1,
      "point_content": "Technology has historically fueled economic growth, improved standards of living, increased labor productivity, and opened avenues to new and better kinds of work, with general purpose technologies playing a key role in these changes.",
      "original_point_number": [
        1,
        3,
        4
      ]
    },
    {
      "point_number": 2,
      "point_content": "Recent advances in artificial intelligence, machine learning, cognitive systems, robotics, and the Internet of Things are driving a seismic shift in the workplace, changing how business is done and impacting the evolution of work.",
      "original_point_number": [
        2,
        28,
        29,
        30,
        31
      ]
    },
    {
      "point_number": 3,
      "point_content": "Automation has decreased production costs, made goods and services more affordable, shifted labor from agriculture to industrial and service sectors, and can substitute for routine tasks while complementing labor when enhancing productivity without fully replacing workers.",
      "original_point_number": [
        5,
        6
      ]
    },
    {
      "point_number": 4,
      "point_content": "Technology has historically created more jobs than it has displaced, raising labor demand despite replacing some workers, but recent decades show stagnation in private employment despite productivity growth, along with job polarization favoring low-skill and high-skill jobs and decline in middle-skill jobs.",
      "original_point_number": [
        7,
        8,
        11,
        13
      ]
    },
    {
      "point_number": 5,
      "point_content": "The gig economy and alternative work arrangements have grown as technology changes the nature of jobs, offering flexibility but also instability, though the gig economy workforce remains a small proportion globally, less than 0.5%.",
      "original_point_number": [
        9,
        16,
        17
      ]
    },
    {
      "point_number": 6,
      "point_content": "To adapt to technological changes, workers should continuously update skills, focusing on tech literacy, manual and abstract skills, advanced cognitive and socio-behavioural skills, adaptability, and seek complementary roles with machines.",
      "original_point_number": [
        10,
        12,
        15,
        32,
        33
      ]
    },
    {
      "point_number": 7,
      "point_content": "Technology and innovation are changing the nature of work, leading to demand for advanced cognitive skills and greater adaptability among workers, while demand for less-advanced skills that can be replaced by technology is declining.",
      "original_point_number": [
        12,
        15
      ]
    },
    {
      "point_number": 8,
      "point_content": "The digital economy has expanded firm boundaries and changed the nature of firms, enabling companies to provide online services and profit from intangible assets, with digital talent platforms improving matching between workers and jobs, creating transparency and efficiency in labor markets, and potentially raising GDP.",
      "original_point_number": [
        14,
        37
      ]
    },
    {
      "point_number": 9,
      "point_content": "Technology shifts the demand for workers’ benefits from employers towards directly demanding welfare benefits from the state, challenging traditional social protection systems.",
      "original_point_number": [
        18
      ]
    },
    {
      "point_number": 10,
      "point_content": "Technology enables managers to better formulate plans, make faster decisions, define jobs clearly, monitor work activities efficiently, supervise employees remotely, and manage remote work challenges by focusing on output rather than hours worked.",
      "original_point_number": [
        19,
        20,
        22
      ]
    },
    {
      "point_number": 11,
      "point_content": "Telecommuting and technology allow employees to work from anywhere at their own pace and location, enabling businesses to hire workers globally, reduce labor costs, and maintain connectivity through devices like laptops, fundamentally changing the workplace by making some jobs mobile that were previously desk-bound.",
      "original_point_number": [
        21,
        23,
        24
      ]
    },
    {
      "point_number": 12,
      "point_content": "Technology evolves and replaces traditional ways of doing work, changing the nature of work, tools, practices, processes, and impacting required skills, with jobs created or enhanced by technology, such as telemarketers and contact center agents, being phased out as users prefer self-care through technology-based support.",
      "original_point_number": [
        25,
        26
      ]
    },
    {
      "point_number": 13,
      "point_content": "Millennium Trends (SMIC) - Social platforms, Mobile applications, Information (Big Data), and Cloud computing - are transforming business and work interaction, driven by enabling technologies like M2M communications, mobile device penetration, and broadband speed evolution.",
      "original_point_number": [
        27
      ]
    },
    {
      "point_number": 14,
      "point_content": "Many activities that workers carry out today have the potential to be automated, affecting almost all occupations to a greater or lesser degree, with automation, digital platforms, and other innovations changing the fundamental nature of work.",
      "original_point_number": [
        35,
        36
      ]
    },
    {
      "point_number": 15,
      "point_content": "Digitally-enabled independent work is on the rise, with platforms like Uber and Etsy enabling new forms of work and income generation, and digital talent platforms improving labor market efficiency.",
      "original_point_number": [
        38,
        37
      ]
    },
    {
      "point_number": 16,
      "point_content": "Technology creates new jobs and income possibilities, including jobs that did not exist before, such as IT development and data analysis.",
      "original_point_number": [
        39
      ]
    },
    {
      "point_number": 17,
      "point_content": "StepStone GMBh acquired conversational AI technology Mya on May 21, 2021, indicating the integration of AI technology in job-related processes.",
      "original_point_number": [
        34
      ]
    }
  ]
}