{
  "question": "what role should police organizations play in delinquency prevention and control?",
  "key_points": [
    {
      "point_number": 1,
      "point_content": "Police officers serve a vital role in the safety and well-being of the community and society at large and are typically the first ones on the scene when there's an issue, problem, or when a crime has been committed.",
      "original_point_number": [
        1
      ]
    },
    {
      "point_number": 2,
      "point_content": "Police officers have discretion in handling juvenile delinquency cases and can choose to arrest, release, or refer juveniles to social service agencies depending on the crime.",
      "original_point_number": [
        2
      ]
    },
    {
      "point_number": 3,
      "point_content": "Police officers play a significant role in the prevention of crime through community policing and linkages with community organizations, focusing on rehabilitative methods, and police presence in schools helps build relationships with students and allows officers to sense when something is wrong, aiding in delinquency prevention.",
      "original_point_number": [
        3,
        9
      ]
    },
    {
      "point_number": 4,
      "point_content": "Law enforcement programs like the Law Enforcement Cadet Program introduce youth to law enforcement and teach responsibility, discipline, and character building as a form of delinquency prevention.",
      "original_point_number": [
        4
      ]
    },
    {
      "point_number": 5,
      "point_content": "Police departments have a role in delinquency prevention and control by working with families, schools, and juvenile justice centers.",
      "original_point_number": [
        5
      ]
    },
    {
      "point_number": 6,
      "point_content": "Police departments are often the only government program open 24/7/365, making them realistic providers of social services to children and families despite feasibility concerns, but they are criminal justice agencies and not social workers; social services and juvenile courts are tasked with intervention but often fail.",
      "original_point_number": [
        6,
        7
      ]
    },
    {
      "point_number": 7,
      "point_content": "If all other human services except police are defunded, police will often end up providing social services due to limited jail capacity and high costs of courts and jails.",
      "original_point_number": [
        8
      ]
    },
    {
      "point_number": 8,
      "point_content": "Police should work with local communities and businesses to target persistently anti-social and criminal individuals and clamp down hard on even minor offences, be very visible on the streets to act as a physical deterrent against crime, and work closely with the courts after offences have taken place.",
      "original_point_number": [
        10,
        11,
        12
      ]
    },
    {
      "point_number": 9,
      "point_content": "Police should spend more time getting to know local communities, involving a less militaristic approach and befriending local youths to prevent crime in the long term, exemplified by Community Support Officers who practice community policing but do not have enough powers to engage in Zero Tolerance approaches.",
      "original_point_number": [
        13,
        14
      ]
    }
  ]
}