{
  "question": "how does the negative example of cain shed some light on the gospel plan?",
  "key_points": {
    "null": [],
    "clueweb22-en0015-66-15211": [
      {
        "point_number": 1,
        "point_content": "Cain set the pattern of the world by coveting his brother Abel's flocks and killing him for gain, illustrating the motive of personal gain leading to wickedness.",
        "spans": [
          "Cain set the pattern of the world. Cain coveted the flocks of his brother Abel, and Satan showed him how to obtain them (see JST, Gen. 5:14, 23; Moses 5:29, 38 ). Satan taught Cain that a man could get worldly wealth by committing some evil against its owner (see JST, Gen. 5:16; Moses 5:31 ). Cain killed Abel. The scriptures say that he did so “for the sake of getting gain” (Moses 5:50 ), the flocks of his brother (JST, Gen. 5:18; Moses 5:33 )."
        ]
      },
      {
        "point_number": 2,
        "point_content": "Cain's rationalization “Am I my brother’s keeper?” exemplifies the rejection of responsibility for others' well-being, contrasting with the Savior's teaching of the Golden Rule.",
        "spans": [
          "Then he added a rationalization: “Am I my brother’s keeper?” (Gen. 4:9; Moses 5:34 ).",
          "Are we our brothers’ keepers? In other words, are we responsible to look after the well-being of our neighbors as we seek to earn our daily bread? The Savior’s Golden Rule says we are. Satan says we are not."
        ]
      },
      {
        "point_number": 3,
        "point_content": "The negative example of Cain highlights the contrast between selfish gain and the gospel principle of loving and caring for others, as taught by the Savior.",
        "spans": [
          "The motive of Cain is at the headwaters of wickedness. Cain’s sin was murder, but his motive was personal gain. That motive has produced all manner of wickedness, including murder, thievery, and fraud. That motive is also at work in the legal but immoral practices of those who get gain by preying on the weaknesses or ignorance of their neighbors. Always such activities involve Cain’s ancient rationalization: “Am I my brother’s keeper?”",
          "In contrast, the Savior taught us to “love [our] enemies, bless them that curse [us], do good to them that hate [us], and pray for them who despitefully use [us] and persecute [us]” (3 Ne. 12:44 ). When we have that duty toward our enemies, we cannot allow ourselves to do less for our partners, our customers, our employees, and others with whom we deal in the marketplace."
        ]
      },
      {
        "point_number": 4,
        "point_content": "The gospel plan calls for living the Golden Rule in all our dealings, being our brother’s keeper, which is the opposite of Cain’s example.",
        "spans": [
          "The Savior gave us the Golden Rule: “All things whatsoever ye would that men should do to you, do ye even so to them” (Matt. 7:12 ).",
          "We are our brother’s keeper, even in the marketplace.",
          "May God bless us to live the Golden Rule in our earning activities. As we seek to be our brother’s keeper, we will be attempting to follow in the footsteps of the Master."
        ]
      }
    ]
  }
}