{
  "question": "why people leave their jobs",
  "key_points": {
    "clueweb22-en0031-37-02018": [
      {
        "point_number": 1,
        "point_content": "Employees quit their job for many reasons, including following spouses or partners, staying home with children, changing careers, finding promotions, and going back to school.",
        "spans": [
          "Employees quit their job for many reasons. They follow spouses or partners across the country, stay home with children, change careers, find upwardly mobile career promotions, and go back to school."
        ]
      },
      {
        "point_number": 2,
        "point_content": "The majority of reasons why employees quit are under the control of the employer, including workplace culture, environment, job perception, and opportunities.",
        "spans": [
          "But, the majority of reasons why employees quit their job are under the control of the employer. In fact, any element of your current workplace, your culture, and environment, the employee’s perception of his or her job, and opportunities are all factors that the employer affects."
        ]
      },
      {
        "point_number": 3,
        "point_content": "A bad relationship with the boss is the number one reason why employees quit their job.",
        "spans": [
          "According to many sources, a bad boss is also the number one reason why employees quit their job."
        ]
      },
      {
        "point_number": 4,
        "point_content": "Employees leave when they are bored and unchallenged by their work.",
        "spans": [
          "No one wants to be bored and unchallenged by their work."
        ]
      },
      {
        "point_number": 5,
        "point_content": "Relationships with coworkers are critical to employee retention; having a best friend at work is a factor in job happiness.",
        "spans": [
          "Research from the Gallup organization indicates that one of the 12 factors that illuminate whether an employee is happy on their job is having a best friend at work."
        ]
      },
      {
        "point_number": 6,
        "point_content": "Employees want opportunities to use and develop their skills and abilities; lack of growth opportunities leads to quitting.",
        "spans": [
          "Employees want to develop and grow their skills. If they’re not able to do this in your jobs, they’ll find one where they can."
        ]
      },
      {
        "point_number": 7,
        "point_content": "Employees need to feel their work contributes to the organization’s business goals and that they matter in the larger picture.",
        "spans": [
          "Employees need to feel connected and that they are part of an effort that is larger than just their job."
        ]
      },
      {
        "point_number": 8,
        "point_content": "Employees value autonomy and independence on the job, which comes from a culture of accountability and empowerment.",
        "spans": [
          "Organizations talk about empowerment, autonomy, and independence, but they are not something that you can do to people or give them. They are traits and characteristics that an employee needs to pursue and embrace."
        ]
      },
      {
        "point_number": 9,
        "point_content": "Employees want meaningful work that makes a difference and contributes to something bigger than themselves.",
        "spans": [
          "Every employee wants to do something that makes a difference, that isn’t busywork or transactional work, and that contributes to something bigger than themselves."
        ]
      },
      {
        "point_number": 10,
        "point_content": "Financial instability and lack of trust in management cause employees to leave.",
        "spans": [
          "Financial instability: a lack of sales, layoffs or reduced work hours, salary freezes, hiring freezes, successful competitors highlighted in the news, bad press, employee turnover, mergers, and acquiring companies, all lead to an employee’s feeling of instability and a lack of trust ."
        ]
      },
      {
        "point_number": 11,
        "point_content": "Overall corporate culture affects employee retention, including appreciation, respect, compensation, and communication.",
        "spans": [
          "While it’s not the top item on employee lists, the overall culture of your company makes a difference for employees."
        ]
      }
    ],
    "clueweb22-en0000-16-04876": [
      {
        "point_number": 1,
        "point_content": "People leave their jobs because they don’t like their boss, don’t see opportunities for promotion or growth, or are offered a better gig (and often higher pay).",
        "spans": [
          "people leave their jobs because they don’t like their boss, don’t see opportunities for promotion or growth, or are offered a better gig (and often higher pay)"
        ]
      },
      {
        "point_number": 2,
        "point_content": "People’s sense of how they’re doing compared with peers or where they thought they would be in life affects when they decide to quit.",
        "spans": [
          "what really affects people is their sense of how they’re doing compared with other people in their peer group, or with where they thought they would be at a certain point in life"
        ]
      },
      {
        "point_number": 3,
        "point_content": "Work anniversaries, birthdays, and social gatherings can prompt employees to assess their careers and consider quitting.",
        "spans": [
          "Work anniversaries (whether of joining the company or of moving into one’s current role) are natural times for reflection, and job-hunting activity jumps by 6% and 9%, respectively, at those points.",
          "birthdays—particularly midlife milestones such as turning 40 or 50—can prompt employees to assess their careers and take action if they’re unhappy with the results.",
          "Large social gatherings of peers, such as class reunions, can also be catalysts—they’re natural occasions for people to measure their progress relative to others’."
        ]
      },
      {
        "point_number": 4,
        "point_content": "Personal life events influence when employees decide to look for a new job, not just work events.",
        "spans": [
          "it’s not just what happens at work—it’s what happens in someone’s personal life that determines when he or she decides to look for a new job"
        ]
      }
    ],
    "clueweb22-en0009-35-14546": [
      {
        "point_number": 1,
        "point_content": "In August 4.3 million Americans quit their jobs.",
        "spans": [
          "In August 4.3 million Americans quit their jobs."
        ]
      },
      {
        "point_number": 2,
        "point_content": "Job security and better pay are top concerns for people leaving their jobs.",
        "spans": [
          "job security and better pay are top concerns for others."
        ]
      },
      {
        "point_number": 3,
        "point_content": "The quits rate rose to a series high of 2.9% in August.",
        "spans": [
          "The quits rate, which is measured against total employment, rose to a series high of 2.9% in August"
        ]
      },
      {
        "point_number": 4,
        "point_content": "People have reconsidered the value of their work and decided they need to make a change.",
        "spans": [
          "\"We were all able to take a step back in the last year and spend more time doing other things and really question the value of what we're doing at work,\" said Anthony Klotz, a management professor at Texas A&M University. \"A number of people have made the decision, 'I need to make a change.'\""
        ]
      },
      {
        "point_number": 5,
        "point_content": "More than half of U.S. workers plan to look for a new job in the coming year, prioritizing adjustable working hours and remote work.",
        "spans": [
          "More than half of U.S. workers surveyed said they plan to look for a new job in the coming year, according to Bankrate's August job seeker survey. Some 56% of respondents said adjustable working hours and remote work are a priority."
        ]
      },
      {
        "point_number": 6,
        "point_content": "Working women have faced additional burdens such as child care duties, virtual schooling, and their careers.",
        "spans": [
          "Working women have faced an additional burden, juggling child care duties, virtual schooling and their careers."
        ]
      }
    ],
    "clueweb22-en0037-76-03620": [
      {
        "point_number": 1,
        "point_content": "People leave their jobs not primarily because of their managers, but because they don't like the work, their strengths aren't being used, and they aren't growing in their careers.",
        "spans": [
          "People don’t quit a job, the saying goes — they quit a boss.",
          "When we wanted to keep people and they left anyway, it wasn’t because of their manager…at least not in the way we expected.",
          "The decision to exit was because of the work.",
          "They left when their job wasn’t enjoyable, their strengths weren’t being used, and they weren’t growing in their careers."
        ]
      },
      {
        "point_number": 2,
        "point_content": "Managers are responsible for the nature of the job and can help retain employees by designing jobs that fit their strengths and interests.",
        "spans": [
          "At Facebook, people don’t quit a boss — they quit a job.",
          "And who’s responsible for what that job is like? Managers.",
          "If you want to keep your people — especially your stars — it’s time to pay more attention to how you design their work."
        ]
      },
      {
        "point_number": 3,
        "point_content": "Employees who find their work enjoyable, use their strengths, and see career development opportunities are more likely to stay.",
        "spans": [
          "They found their work enjoyable 31% more often, used their strengths 33% more often, and expressed 37% more confidence that they were gaining the skills and experiences they need to develop their careers."
        ]
      },
      {
        "point_number": 4,
        "point_content": "Managers can help employees by enabling them to do work they enjoy, helping them play to their strengths, and supporting career development that fits personal priorities.",
        "spans": [
          "This highlights three key ways that managers can customize experiences for their people: enable them to do work they enjoy, help them play to their strengths, and carve a path for career development that accommodates personal priorities."
        ]
      },
      {
        "point_number": 5,
        "point_content": "People often leave because they cannot pursue their passions or enjoy their work, and managers can help by crafting jobs that align with employees' interests.",
        "spans": [
          "Managers can play a major role in designing motivating, meaningful jobs.",
          "The best go out of their way to help people do work they enjoy — even if it means rotating them out of roles where they’re excelling."
        ]
      },
      {
        "point_number": 6,
        "point_content": "Managers often do not know what work employees enjoy, but early conversations about favorite projects and passions can help build engaging roles.",
        "spans": [
          "Too often, managers don’t know enough about what work people enjoy.",
          "In the first week on the job, managers sit down with their new hires and ask them about their favorite projects they’ve done, the moments when they’ve felt most energized at work, the times when they’ve found themselves totally immersed in a state of flow, and the passions they have outside their jobs."
        ]
      },
      {
        "point_number": 7,
        "point_content": "Employees may have underutilized strengths that are not captured by narrow job descriptions, and managers can create opportunities to use these strengths.",
        "spans": [
          "Sadly, the narrow job descriptions that companies create stifle their ability to use the full range of their employees’ skills.",
          "Smart managers create opportunities for people to use their strengths."
        ]
      },
      {
        "point_number": 8,
        "point_content": "Managers can help employees balance work and personal life by creating career opportunities that mesh with personal priorities, which helps retain employees.",
        "spans": [
          "At Facebook, our best managers work with people to minimize these trade-offs by creating career opportunities that mesh with personal priorities.",
          "Managers who give this kind of support find that their people not only deliver but also stay longer — they’re proud of where they work."
        ]
      }
    ],
    "clueweb22-en0022-24-11476": [
      {
        "point_number": 1,
        "point_content": "Employees leave their jobs because they need more of a challenge.",
        "spans": [
          "Needing more of a challenge",
          "After working at the same job for a while, you start to get to know all of your tasks and responsibilities quite well. When there's little more to learn in your role, you may start to feel like you are ready for more of a challenge."
        ]
      },
      {
        "point_number": 2,
        "point_content": "Employees leave their jobs looking for a higher salary.",
        "spans": [
          "Looking for a higher salary",
          "When you feel like you're underpaid for the work you do, it may be time to move onto a new job."
        ]
      },
      {
        "point_number": 3,
        "point_content": "Employees leave their jobs because they feel uninspired.",
        "spans": [
          "Feeling uninspired",
          "What started as an exciting opportunity may eventually leave you feeling uninspired over time."
        ]
      },
      {
        "point_number": 4,
        "point_content": "Employees leave their jobs wanting to feel valued.",
        "spans": [
          "Wanting to feel valued",
          "Feeling replaceable at your job may make you want to search for a position where your efforts are valued more."
        ]
      },
      {
        "point_number": 5,
        "point_content": "Employees leave their jobs seeking a better management relationship.",
        "spans": [
          "Seeking a better management relationship",
          "If you feel like you need a more supportive manager or supervisor, it may be time to look for a company that values employee-manager relationships more."
        ]
      },
      {
        "point_number": 6,
        "point_content": "Employees leave their jobs searching for job growth and career advancement.",
        "spans": [
          "Searching for job growth and career advancement",
          "If your current employer is limited in the number of promotions or learning opportunities they can offer, you may want to find an employer who has these resources."
        ]
      },
      {
        "point_number": 7,
        "point_content": "Employees leave their jobs needing more feedback or structure.",
        "spans": [
          "Needing more feedback or structure",
          "Consistently feeling unsure about how your manager views your progress and effort is a common reason to look for a new job."
        ]
      },
      {
        "point_number": 8,
        "point_content": "Employees leave their jobs wanting a different work environment.",
        "spans": [
          "Wanting a different work environment",
          "Every company has a different kind of work environment."
        ]
      },
      {
        "point_number": 9,
        "point_content": "Employees leave their jobs looking to live somewhere else.",
        "spans": [
          "Looking to live somewhere else",
          "If your job doesn't offer remote work and you want to move, you may need to look for a new job."
        ]
      },
      {
        "point_number": 10,
        "point_content": "Employees leave their jobs feeling conflicted with workplace policies.",
        "spans": [
          "Feeling conflicted with workplace policies",
          "Many employees enjoy a workplace that offers flexible scheduling and telecommuting opportunities."
        ]
      },
      {
        "point_number": 11,
        "point_content": "Employees leave their jobs thinking that their job has changed.",
        "spans": [
          "Thinking that their job has changed",
          "As your company evolves, you may realize that your job looks quite different from when you first started."
        ]
      },
      {
        "point_number": 12,
        "point_content": "Employees leave their jobs wanting a clearer company vision.",
        "spans": [
          "Wanting a clearer company vision",
          "If your employer's goals and mission statement are unclear to you, you may feel interested in finding a company that has clearer values."
        ]
      },
      {
        "point_number": 13,
        "point_content": "Employees leave their jobs needing a better work-life balance.",
        "spans": [
          "Needing a better work-life balance",
          "Having time for your friends, family and hobbies is an important part of maintaining a healthy work-life balance."
        ]
      },
      {
        "point_number": 14,
        "point_content": "Employees leave their jobs seeking a more financially secure company.",
        "spans": [
          "Seeking a more financially secure company",
          "As your company experiences financial hardships, you may feel less secure in your role."
        ]
      },
      {
        "point_number": 15,
        "point_content": "Employees leave their jobs wanting more independence.",
        "spans": [
          "Wanting more independence",
          "Some managers use micromanaging as a way to keep track of everything you do."
        ]
      },
      {
        "point_number": 16,
        "point_content": "Employees leave their jobs looking for more recognition.",
        "spans": [
          "Looking for more recognition",
          "Working for a company that rarely gives you recognition can make it challenging to feel motivated each day."
        ]
      }
    ],
    "clueweb22-en0038-05-00348": [
      {
        "point_number": 1,
        "point_content": "A record-breaking 4.3 million Americans quit their jobs in August across an array of industries, according to a report released Tuesday by the Bureau of Labor Statistics (BLS).",
        "spans": [
          "A record-breaking 4.3 million Americans quit their jobs in August across an array of industries, according to a report released Tuesday by the Bureau of Labor Statistics (BLS)."
        ]
      },
      {
        "point_number": 2,
        "point_content": "Americans are simply burned out—and emboldened by the current labor market.",
        "spans": [
          "Americans, they say, are simply burned out—and emboldened by the current labor market."
        ]
      },
      {
        "point_number": 3,
        "point_content": "Workers are burned out. They’re fed up. They’re fried. In the wake of so much hardship, and illness and death during the past year, they’re not going to take it anymore.",
        "spans": [
          "Workers are burned out. They’re fed up. They’re fried. In the wake of so much hardship, and illness and death during the past year, they’re not going to take it anymore."
        ]
      },
      {
        "point_number": 4,
        "point_content": "Wages aren’t keeping up with surging prices. Low-wage jobs often lack opportunities for career growth. A crumbling childcare industry is driving up daycare costs, making work unaffordable. Those who have remained in jobs face increasing responsibility and grueling work conditions punctuated by fears of the next variant of COVID-19. And then there’s just plain old vanilla pandemic fatigue.",
        "spans": [
          "Wages aren’t keeping up with surging prices. Low-wage jobs often lack opportunities for career growth. A crumbling childcare industry is driving up daycare costs, making work unaffordable. Those who have remained in jobs face increasing responsibility and grueling work conditions punctuated by fears of the next variant of COVID-19. And then there’s just plain old vanilla pandemic fatigue."
        ]
      },
      {
        "point_number": 5,
        "point_content": "Anthony Klotz, an associate professor of management at Texas A&M who coined the term the “Great Resignation” to describe this budding labor market says the trends may have a silver lining. They may force companies not only to raise wages and increase benefits, but also to offer more flexibility to attract and retain an in-person workforce.",
        "spans": [
          "Anthony Klotz, an associate professor of management at Texas A&M who coined the term the “Great Resignation” to describe this budding labor market says the trends may have a silver lining. They may force companies not only to raise wages and increase benefits, but also to offer more flexibility to attract and retain an in-person workforce."
        ]
      },
      {
        "point_number": 6,
        "point_content": "In August, some 892,000 workers quit accommodation and food services jobs and 721,000 quit retail positions, according to BLS data. The healthcare sector also took a hit: 534,000 U.S. workers resigned or quit from health care and social assistance positions.",
        "spans": [
          "In August, some 892,000 workers quit accommodation and food services jobs and 721,000 quit retail positions, according to BLS data. The healthcare sector also took a hit: 534,000 U.S. workers resigned or quit from health care and social assistance positions."
        ]
      },
      {
        "point_number": 7,
        "point_content": "When a current employer is unable or unwilling to make a job more attractive, numbers on job openings suggest that burned out workers in many sectors can easily find new ones.",
        "spans": [
          "When a current employer is unable or unwilling to make a job more attractive, numbers on job openings suggest that burned out workers in many sectors can easily find new ones."
        ]
      },
      {
        "point_number": 8,
        "point_content": "Workers have more bargaining power than they have had in the immediate past or the recent past. If you look at the ratio of unemployed workers, job openings, or just even just the quit rate itself, that does suggest that there’s more power for workers in the form of exiting.",
        "spans": [
          "Workers have more bargaining power than they have had in the immediate past or the recent past. If you look at the ratio of unemployed workers, job openings, or just even just the quit rate itself, that does suggest that there’s more power for workers in the form of exiting."
        ]
      },
      {
        "point_number": 9,
        "point_content": "Frustrated by limited senior staff and insufficient training at her medical lab assistant job, she felt overwhelmed and overworked at the hospital she started working at in May 2019. Things got even worse when the pandemic hit.",
        "spans": [
          "Frustrated by limited senior staff and insufficient training at her medical lab assistant job, she felt overwhelmed and overworked at the hospital she started working at in May 2019. Things got even worse when the pandemic hit."
        ]
      },
      {
        "point_number": 10,
        "point_content": "People are quitting and they’re not taking jobs. That’s tantamount to a strike. American workers have, in effect, called a general strike.",
        "spans": [
          "People are quitting and they’re not taking jobs. That’s tantamount to a strike. American workers have, in effect, called a general strike."
        ]
      }
    ],
    "clueweb22-en0040-56-16844": [
      {
        "point_number": 1,
        "point_content": "The top 5 reasons people leave their jobs according to Australian public research.",
        "spans": [
          "The top 5 reasons people leave their jobs",
          "We asked the Australian public what the number one driver was in their decision to quit their last job and the results are in. Here are the top five reasons people handed in their resignation."
        ]
      }
    ],
    "null": [],
    "clueweb22-en0019-48-00669": [
      {
        "point_number": 1,
        "point_content": "People are leaving their jobs in search of more money, more flexibility and more happiness.",
        "spans": [
          "people are leaving their jobs in search of more money, more flexibility and more happiness"
        ]
      },
      {
        "point_number": 2,
        "point_content": "Many are rethinking what work means to them, how they are valued, and how they spend their time.",
        "spans": [
          "Many are rethinking what work means to them, how they are valued, and how they spend their time"
        ]
      },
      {
        "point_number": 3,
        "point_content": "Some people, particularly those who work in low wage jobs at restaurants, are leaving for better pay.",
        "spans": [
          "Some people, particularly those who work in low wage jobs at restaurants, are leaving for better pay"
        ]
      },
      {
        "point_number": 4,
        "point_content": "Some workers are leaving positions because they fear returning to an unsafe workplace.",
        "spans": [
          "some workers are leaving positions because they fear returning to an unsafe workplace"
        ]
      },
      {
        "point_number": 5,
        "point_content": "Work had gotten too stressful, marked by scant staffing and constant battles with unmasked customers.",
        "spans": [
          "Work had gotten too stressful, marked by scant staffing and constant battles with unmasked customers"
        ]
      },
      {
        "point_number": 6,
        "point_content": "He was spending time doing fun things like setting up a playroom in his garage for his two young children and cooking dinner for the family.",
        "spans": [
          "He was spending time doing fun things like setting up a playroom in his garage for his two young children and cooking dinner for the family"
        ]
      },
      {
        "point_number": 7,
        "point_content": "He got a glimpse of what life could be like if he didn't have to put in 50 to 60 hours a week at the restaurant and miss Thanksgiving dinner and Christmas morning with his family.",
        "spans": [
          "He got a glimpse of what life could be like if he didn't have to put in 50 to 60 hours a week at the restaurant and miss Thanksgiving dinner and Christmas morning with his family"
        ]
      },
      {
        "point_number": 8,
        "point_content": "The great migration to remote work in the pandemic has also had a profound impact on how people think about when and where they want to work.",
        "spans": [
          "The great migration to remote work in the pandemic has also had a profound impact on how people think about when and where they want to work"
        ]
      },
      {
        "point_number": 9,
        "point_content": "Workers now crave the flexibility given to them in the pandemic — which had previously been unattainable.",
        "spans": [
          "Workers now crave the flexibility given to them in the pandemic — which had previously been unattainable"
        ]
      },
      {
        "point_number": 10,
        "point_content": "The pandemic just allowed for time. You just have more time to think about what you really want.",
        "spans": [
          "The pandemic just allowed for time. You just have more time to think about what you really want"
        ]
      },
      {
        "point_number": 11,
        "point_content": "He now believes work has to accommodate life.",
        "spans": [
          "He now believes work has to accommodate life"
        ]
      }
    ],
    "clueweb22-en0042-44-17203": [
      {
        "point_number": 1,
        "point_content": "79 percent of employees who quit their jobs claim that a lack of appreciation was a major reason for leaving",
        "spans": [
          "79 percent of employees who quit their jobs claim that a lack of appreciation was a major reason for leaving"
        ]
      },
      {
        "point_number": 2,
        "point_content": "There is a tremendous lack of recognition in the world today, or what I call the global recognition deficit",
        "spans": [
          "there is a tremendous lack of recognition in the world today, or what I call the global recognition deficit"
        ]
      },
      {
        "point_number": 3,
        "point_content": "65 percent of Americans claimed they weren’t even recognized one time last year",
        "spans": [
          "65 percent of Americans claimed they weren’t even recognized one time last year"
        ]
      }
    ],
    "clueweb22-en0017-83-07150": [
      {
        "point_number": 1,
        "point_content": "A record 4.3 million Americans quit their jobs in August and another 4.4 million in September—almost 3 percent of the entire U.S. labor force per month.",
        "spans": [
          "a record 4.3 million Americans quit their jobs in August and another 4.4 million in September—almost 3 percent of the entire U.S. labor force per month"
        ]
      },
      {
        "point_number": 2,
        "point_content": "Some industries are seeing more turnover than others during what economists are calling the “Great Resignation.”",
        "spans": [
          "Some industries are seeing more turnover than others during what economists are calling the “Great Resignation.”"
        ]
      },
      {
        "point_number": 3,
        "point_content": "Leisure and hospitality saw over 6 percent of workers quit in August, and more than 3 percent of workers in professional and business services quit, as did over 600,000 individuals employed in education and health services.",
        "spans": [
          "Leisure and hospitality, for instance, saw over 6 percent of workers (more than 970,000 employees) quit in August",
          "More than 3 percent of workers in “professional and business services” quit, as did over 600,000 individuals employed in education and health services"
        ]
      },
      {
        "point_number": 4,
        "point_content": "Whether a worker chooses to leave a job comes down to a simple question: Do the expected benefits exceed the costs?",
        "spans": [
          "Whether a worker chooses to leave a job comes down to a simple question: Do the expected benefits exceed the costs?"
        ]
      },
      {
        "point_number": 5,
        "point_content": "The costs and benefits of quitting have changed due to the current labor market and structural changes brought about by the pandemic.",
        "spans": [
          "The easiest way to explain the dramatic exodus of workers from their jobs is that the costs and benefits of quitting have changed",
          "Some of those shifts are the result of the current labor market",
          "Others may be due to structural changes brought about by the pandemic"
        ]
      },
      {
        "point_number": 6,
        "point_content": "Many businesses and industries are in desperate need of workers and are offering higher wages, more paid time off, education and other benefits to attract workers.",
        "spans": [
          "many businesses and industries are in desperate need of workers",
          "To attract workers, many establishments are offering higher wages, more paid time off, education and other benefits"
        ]
      }
    ]
  }
}